trial_id,trial_number,deep_raw_audit,trial_validity,environment_match,environment_hash,robot_asset_hash,continuous_physics_run,physical_ledgers_valid,completed_states,P01_P13_complete,physical_traversal_complete,final_obstacle_geometry_success,final_body_position,final_wheel_positions,four_leg_active_lift_evidence,rear_leg_order,body_collision,body_collision_evidence,wheel_only_climb,wheel_only_climb_evidence,fall,physics_explosion,final_pose_stable,stable_decay_span_s,recovery_count,video_path,video_decode,video_timestamps_monotonic,video_duration_from_frames,video_continuous,recording_runtime_access,root_write_count,teleport_count,external_force_count,external_impulse_count,gravity_override_count,gravity_override_absent,gravity_evidence_source,forbidden_control_count,original_result,task_result,classification,reference_max_error_percent,reference_max_phase,reference_max_channel,reference_max_metric,reference_within_30_percent,reference_warning,duration_s,selected,selection_reason
trial_001_20260901_clean_v010,1,False,INFRASTRUCTURE_FAILURE,False,602f6e0893d999e5cb078aadf75541234440a3af918dc58e0154e80ff16ea3cb,e8a2a2b1485a32a50e851a07b9dd8ac4945b78ec49b7fada2b61c3eeb1e18892,False,False,[],False,False,False,,{},False,NOT_RR_FIRST,False,"{""body_collision"":false,""confirmed_collision_row_count"":0,""exact_pair_active_row_count"":0,""ledger_row_count"":0,""maximum_normal_force_n"":0.0,""maximum_penetration_m"":0.0,""noise_filter"":""single-frame exact-pair activity is ignored only when it has neither positive penetration nor a second consecutive nonzero-force sample"",""penetrating_row_count"":0,""persistent_row_count"":0,""reported_collision_row_count"":0}",False,"{""detector_positive_count"":0,""event_logger_per_leg"":{""FL"":{""complete"":false,""event_evidence_passed"":true,""events"":[],""lift_precedes_crossing_and_top"":false,""ticks"":{}},""FR"":{""complete"":false,""event_evidence_passed"":true,""events"":[],""lift_precedes_crossing_and_top"":false,""ticks"":{}},""RL"":{""complete"":false,""event_evidence_passed"":true,""events"":[],""lift_precedes_crossing_and_top"":false,""ticks"":{}},""RR"":{""complete"":false,""event_evidence_passed"":true,""events"":[],""lift_precedes_crossing_and_top"":false,""ticks"":{}}},""per_leg"":{""FL"":{""complete"":false,""event_evidence_passed"":true,""events"":[],""lift_precedes_crossing_and_top"":false,""ticks"":{}},""FR"":{""complete"":false,""event_evidence_passed"":true,""events"":[],""lift_precedes_crossing_and_top"":false,""ticks"":{}},""RL"":{""complete"":false,""event_evidence_passed"":true,""events"":[],""lift_precedes_crossing_and_top"":false,""ticks"":{}},""RR"":{""complete"":false,""event_evidence_passed"":true,""events"":[],""lift_precedes_crossing_and_top"":false,""ticks"":{}}},""reason"":""each front-face crossing has prior active measured-lift evidence in the event ledger or terminal live-observation latch history"",""terminal_observation_latches"":{""all_four_active_lift_crossing_top_latches"":false,""all_leg_front_face_crossings_latched"":false,""all_wheels_final_top_geometry"":false,""passed"":false,""per_leg"":{""FL"":{""complete"":false,""lift_precedes_crossing_and_top"":false,""passed"":{""ACTIVE_LIFT"":false,""FRONT_FACE_CROSSED"":false,""TOP_LOADED"":false},""ticks"":{""ACTIVE_LIFT"":null,""FRONT_FACE_CROSSED"":null,""TOP_LOADED"":null}},""FR"":{""complete"":false,""lift_precedes_crossing_and_top"":false,""passed"":{""ACTIVE_LIFT"":false,""FRONT_FACE_CROSSED"":false,""TOP_LOADED"":false},""ticks"":{""ACTIVE_LIFT"":null,""FRONT_FACE_CROSSED"":null,""TOP_LOADED"":null}},""RL"":{""complete"":false,""lift_precedes_crossing_and_top"":false,""passed"":{""ACTIVE_LIFT"":false,""FRONT_FACE_CROSSED"":false,""TOP_LOADED"":false},""ticks"":{""ACTIVE_LIFT"":null,""FRONT_FACE_CROSSED"":null,""TOP_LOADED"":null}},""RR"":{""complete"":false,""lift_precedes_crossing_and_top"":false,""passed"":{""ACTIVE_LIFT"":false,""FRONT_FACE_CROSSED"":false,""TOP_LOADED"":false},""ticks"":{""ACTIVE_LIFT"":null,""FRONT_FACE_CROSSED"":null,""TOP_LOADED"":null}}},""rear_leg_order"":""NOT_PROVEN"",""source"":""terminal raw observation live latched guard history"",""terminal_physics_tick"":null}}",False,False,False,0.0,0,C:\robotics_sim\wlr_robot\fsm_50mm_recording_shaped_clean_v1\runs\trial_001_20260901_clean_v010\actual_viewport_video.mp4,False,False,,False,False,0,0,0,0,,True,hash-bound frozen config/runtime source proof,0,INFRASTRUCTURE_ERROR,INFRASTRUCTURE_FAILURE,INFRASTRUCTURE_FAILURE,,,,,,NOT_EVALUATED_INCOMPLETE_TRIAL,0.0,False,
trial_002_20260901_clean_v010,2,False,INFRASTRUCTURE_FAILURE,False,602f6e0893d999e5cb078aadf75541234440a3af918dc58e0154e80ff16ea3cb,e8a2a2b1485a32a50e851a07b9dd8ac4945b78ec49b7fada2b61c3eeb1e18892,False,False,[],False,False,False,,{},False,NOT_RR_FIRST,False,"{""body_collision"":false,""confirmed_collision_row_count"":0,""exact_pair_active_row_count"":0,""ledger_row_count"":0,""maximum_normal_force_n"":0.0,""maximum_penetration_m"":0.0,""noise_filter"":""single-frame exact-pair activity is ignored only when it has neither positive penetration nor a second consecutive nonzero-force sample"",""penetrating_row_count"":0,""persistent_row_count"":0,""reported_collision_row_count"":0}",False,"{""detector_positive_count"":0,""event_logger_per_leg"":{""FL"":{""complete"":false,""event_evidence_passed"":true,""events"":[],""lift_precedes_crossing_and_top"":false,""ticks"":{}},""FR"":{""complete"":false,""event_evidence_passed"":true,""events"":[],""lift_precedes_crossing_and_top"":false,""ticks"":{}},""RL"":{""complete"":false,""event_evidence_passed"":true,""events"":[],""lift_precedes_crossing_and_top"":false,""ticks"":{}},""RR"":{""complete"":false,""event_evidence_passed"":true,""events"":[],""lift_precedes_crossing_and_top"":false,""ticks"":{}}},""per_leg"":{""FL"":{""complete"":false,""event_evidence_passed"":true,""events"":[],""lift_precedes_crossing_and_top"":false,""ticks"":{}},""FR"":{""complete"":false,""event_evidence_passed"":true,""events"":[],""lift_precedes_crossing_and_top"":false,""ticks"":{}},""RL"":{""complete"":false,""event_evidence_passed"":true,""events"":[],""lift_precedes_crossing_and_top"":false,""ticks"":{}},""RR"":{""complete"":false,""event_evidence_passed"":true,""events"":[],""lift_precedes_crossing_and_top"":false,""ticks"":{}}},""reason"":""each front-face crossing has prior active measured-lift evidence in the event ledger or terminal live-observation latch history"",""terminal_observation_latches"":{""all_four_active_lift_crossing_top_latches"":false,""all_leg_front_face_crossings_latched"":false,""all_wheels_final_top_geometry"":false,""passed"":false,""per_leg"":{""FL"":{""complete"":false,""lift_precedes_crossing_and_top"":false,""passed"":{""ACTIVE_LIFT"":false,""FRONT_FACE_CROSSED"":false,""TOP_LOADED"":false},""ticks"":{""ACTIVE_LIFT"":null,""FRONT_FACE_CROSSED"":null,""TOP_LOADED"":null}},""FR"":{""complete"":false,""lift_precedes_crossing_and_top"":false,""passed"":{""ACTIVE_LIFT"":false,""FRONT_FACE_CROSSED"":false,""TOP_LOADED"":false},""ticks"":{""ACTIVE_LIFT"":null,""FRONT_FACE_CROSSED"":null,""TOP_LOADED"":null}},""RL"":{""complete"":false,""lift_precedes_crossing_and_top"":false,""passed"":{""ACTIVE_LIFT"":false,""FRONT_FACE_CROSSED"":false,""TOP_LOADED"":false},""ticks"":{""ACTIVE_LIFT"":null,""FRONT_FACE_CROSSED"":null,""TOP_LOADED"":null}},""RR"":{""complete"":false,""lift_precedes_crossing_and_top"":false,""passed"":{""ACTIVE_LIFT"":false,""FRONT_FACE_CROSSED"":false,""TOP_LOADED"":false},""ticks"":{""ACTIVE_LIFT"":null,""FRONT_FACE_CROSSED"":null,""TOP_LOADED"":null}}},""rear_leg_order"":""NOT_PROVEN"",""source"":""terminal raw observation live latched guard history"",""terminal_physics_tick"":null}}",False,False,False,0.0,0,C:\robotics_sim\wlr_robot\fsm_50mm_recording_shaped_clean_v1\runs\trial_002_20260901_clean_v010\actual_viewport_video.mp4,False,False,,False,False,0,0,0,0,,True,hash-bound frozen config/runtime source proof,0,INFRASTRUCTURE_ERROR,INFRASTRUCTURE_FAILURE,INFRASTRUCTURE_FAILURE,,,,,,NOT_EVALUATED_INCOMPLETE_TRIAL,0.0,False,
trial_003_20260901_clean_v010,3,False,INVALID_TRIAL_ENVIRONMENT_MISMATCH,False,602f6e0893d999e5cb078aadf75541234440a3af918dc58e0154e80ff16ea3cb,e8a2a2b1485a32a50e851a07b9dd8ac4945b78ec49b7fada2b61c3eeb1e18892,True,True,[],False,False,False,"[0.21271145343780518,0.017301104962825775,0.07525879889726639]","{""front_left_ankle"":[0.47173765301704407,0.0935664102435112,0.05300934612751007],""front_right_ankle"":[0.4733882546424866,-0.29376426339149475,0.1458549052476883],""rear_left_ankle"":[-0.16237948834896088,0.089296855032444,0.05199052393436432],""rear_right_ankle"":[-0.07759662717580795,-0.3191547691822052,0.048248033970594406]}",False,NOT_RR_FIRST,False,"{""body_collision"":false,""confirmed_collision_row_count"":0,""exact_pair_active_row_count"":0,""ledger_row_count"":3265,""maximum_normal_force_n"":0.0,""maximum_penetration_m"":0.0,""noise_filter"":""single-frame exact-pair activity is ignored only when it has neither positive penetration nor a second consecutive nonzero-force sample"",""penetrating_row_count"":0,""persistent_row_count"":0,""reported_collision_row_count"":0}",False,"{""detector_positive_count"":0,""event_logger_per_leg"":{""FL"":{""complete"":false,""event_evidence_passed"":true,""events"":[],""lift_precedes_crossing_and_top"":false,""ticks"":{}},""FR"":{""complete"":false,""event_evidence_passed"":true,""events"":[],""lift_precedes_crossing_and_top"":false,""ticks"":{}},""RL"":{""complete"":false,""event_evidence_passed"":true,""events"":[],""lift_precedes_crossing_and_top"":false,""ticks"":{}},""RR"":{""complete"":false,""event_evidence_passed"":true,""events"":[],""lift_precedes_crossing_and_top"":false,""ticks"":{}}},""per_leg"":{""FL"":{""complete"":false,""event_evidence_passed"":true,""events"":[],""lift_precedes_crossing_and_top"":false,""ticks"":{}},""FR"":{""complete"":false,""event_evidence_passed"":true,""events"":[],""lift_precedes_crossing_and_top"":false,""ticks"":{}},""RL"":{""complete"":false,""event_evidence_passed"":true,""events"":[],""lift_precedes_crossing_and_top"":false,""ticks"":{}},""RR"":{""complete"":false,""event_evidence_passed"":true,""events"":[],""lift_precedes_crossing_and_top"":false,""ticks"":{}}},""reason"":""each front-face crossing has prior active measured-lift evidence in the event ledger or terminal live-observation latch history"",""terminal_observation_latches"":{""all_four_active_lift_crossing_top_latches"":false,""all_leg_front_face_crossings_latched"":false,""all_wheels_final_top_geometry"":false,""passed"":false,""per_leg"":{""FL"":{""complete"":false,""lift_precedes_crossing_and_top"":false,""passed"":{""ACTIVE_LIFT"":false,""FRONT_FACE_CROSSED"":false,""TOP_LOADED"":false},""ticks"":{""ACTIVE_LIFT"":null,""FRONT_FACE_CROSSED"":null,""TOP_LOADED"":null}},""FR"":{""complete"":false,""lift_precedes_crossing_and_top"":false,""passed"":{""ACTIVE_LIFT"":false,""FRONT_FACE_CROSSED"":false,""TOP_LOADED"":false},""ticks"":{""ACTIVE_LIFT"":null,""FRONT_FACE_CROSSED"":null,""TOP_LOADED"":null}},""RL"":{""complete"":false,""lift_precedes_crossing_and_top"":false,""passed"":{""ACTIVE_LIFT"":false,""FRONT_FACE_CROSSED"":false,""TOP_LOADED"":false},""ticks"":{""ACTIVE_LIFT"":null,""FRONT_FACE_CROSSED"":null,""TOP_LOADED"":null}},""RR"":{""complete"":false,""lift_precedes_crossing_and_top"":false,""passed"":{""ACTIVE_LIFT"":false,""FRONT_FACE_CROSSED"":false,""TOP_LOADED"":false},""ticks"":{""ACTIVE_LIFT"":null,""FRONT_FACE_CROSSED"":null,""TOP_LOADED"":null}}},""rear_leg_order"":""NOT_PROVEN"",""source"":""terminal raw observation live latched guard history"",""terminal_physics_tick"":3264}}",False,False,False,0.0,1,C:\robotics_sim\wlr_robot\fsm_50mm_recording_shaped_clean_v1\runs\trial_003_20260901_clean_v010\actual_viewport_video.mp4,True,True,27.2,True,False,0,0,0,0,,True,hash-bound frozen config/runtime source proof,0,INCOMPLETE_CONTROLLER_BLOCKED,INVALID_TRIAL,INVALID_TRIAL,,,,,,NOT_EVALUATED_INCOMPLETE_TRIAL,27.2,False,
trial_004_20260901_clean_v010,4,False,INVALID_TRIAL_ENVIRONMENT_MISMATCH,False,602f6e0893d999e5cb078aadf75541234440a3af918dc58e0154e80ff16ea3cb,e8a2a2b1485a32a50e851a07b9dd8ac4945b78ec49b7fada2b61c3eeb1e18892,True,True,"[""P01"",""P02""]",False,False,False,"[0.12419191002845764,0.00537177175283432,0.09008585661649704]","{""front_left_ankle"":[0.3800705671310425,0.08344130218029022,0.05152883380651474],""front_right_ankle"":[0.4994359612464905,-0.3072899878025055,0.1375986486673355],""rear_left_ankle"":[-0.2166009396314621,0.07418182492256165,0.05089106783270836],""rear_right_ankle"":[-0.17257370054721832,-0.3240976929664612,0.04852030798792839]}",False,NOT_RR_FIRST,False,"{""body_collision"":false,""confirmed_collision_row_count"":0,""exact_pair_active_row_count"":0,""ledger_row_count"":2033,""maximum_normal_force_n"":0.0,""maximum_penetration_m"":0.0,""noise_filter"":""single-frame exact-pair activity is ignored only when it has neither positive penetration nor a second consecutive nonzero-force sample"",""penetrating_row_count"":0,""persistent_row_count"":0,""reported_collision_row_count"":0}",True,"{""detector_positive_count"":0,""event_logger_per_leg"":{""FL"":{""complete"":false,""event_evidence_passed"":true,""events"":[],""lift_precedes_crossing_and_top"":false,""ticks"":{}},""FR"":{""complete"":false,""event_evidence_passed"":true,""events"":[""ACTIVE_LIFT"",""FRONT_FACE_CROSSED""],""lift_precedes_crossing_and_top"":false,""ticks"":{""ACTIVE_LIFT"":1622,""FRONT_FACE_CROSSED"":1660}},""RL"":{""complete"":false,""event_evidence_passed"":true,""events"":[],""lift_precedes_crossing_and_top"":false,""ticks"":{}},""RR"":{""complete"":false,""event_evidence_passed"":true,""events"":[],""lift_precedes_crossing_and_top"":false,""ticks"":{}}},""per_leg"":{""FL"":{""complete"":false,""event_evidence_passed"":true,""events"":[],""lift_precedes_crossing_and_top"":false,""ticks"":{}},""FR"":{""complete"":false,""event_evidence_passed"":true,""events"":[""ACTIVE_LIFT"",""FRONT_FACE_CROSSED""],""lift_precedes_crossing_and_top"":false,""ticks"":{""ACTIVE_LIFT"":1622,""FRONT_FACE_CROSSED"":1660}},""RL"":{""complete"":false,""event_evidence_passed"":true,""events"":[],""lift_precedes_crossing_and_top"":false,""ticks"":{}},""RR"":{""complete"":false,""event_evidence_passed"":true,""events"":[],""lift_precedes_crossing_and_top"":false,""ticks"":{}}},""reason"":""wheel crossing lacked prior/same-tick active-lift evidence"",""terminal_observation_latches"":{""all_four_active_lift_crossing_top_latches"":false,""all_leg_front_face_crossings_latched"":false,""all_wheels_final_top_geometry"":false,""passed"":false,""per_leg"":{""FL"":{""complete"":false,""lift_precedes_crossing_and_top"":false,""passed"":{""ACTIVE_LIFT"":false,""FRONT_FACE_CROSSED"":false,""TOP_LOADED"":false},""ticks"":{""ACTIVE_LIFT"":null,""FRONT_FACE_CROSSED"":null,""TOP_LOADED"":null}},""FR"":{""complete"":false,""lift_precedes_crossing_and_top"":false,""passed"":{""ACTIVE_LIFT"":true,""FRONT_FACE_CROSSED"":true,""TOP_LOADED"":false},""ticks"":{""ACTIVE_LIFT"":1622,""FRONT_FACE_CROSSED"":1660,""TOP_LOADED"":null}},""RL"":{""complete"":false,""lift_precedes_crossing_and_top"":false,""passed"":{""ACTIVE_LIFT"":false,""FRONT_FACE_CROSSED"":false,""TOP_LOADED"":false},""ticks"":{""ACTIVE_LIFT"":null,""FRONT_FACE_CROSSED"":null,""TOP_LOADED"":null}},""RR"":{""complete"":false,""lift_precedes_crossing_and_top"":false,""passed"":{""ACTIVE_LIFT"":false,""FRONT_FACE_CROSSED"":false,""TOP_LOADED"":false},""ticks"":{""ACTIVE_LIFT"":null,""FRONT_FACE_CROSSED"":null,""TOP_LOADED"":null}}},""rear_leg_order"":""NOT_PROVEN"",""source"":""terminal raw observation live latched guard history"",""terminal_physics_tick"":2032}}",False,False,False,0.0,1,C:\robotics_sim\wlr_robot\fsm_50mm_recording_shaped_clean_v1\runs\trial_004_20260901_clean_v010\actual_viewport_video.mp4,True,True,16.933333333333334,True,False,0,0,0,0,,True,hash-bound frozen config/runtime source proof,0,INCOMPLETE_CONTROLLER_BLOCKED,INVALID_TRIAL,INVALID_TRIAL,,,,,,NOT_EVALUATED_INCOMPLETE_TRIAL,16.933333333333334,False,
trial_005_20260901_clean_v010,5,False,INVALID_TRIAL_ENVIRONMENT_MISMATCH,False,602f6e0893d999e5cb078aadf75541234440a3af918dc58e0154e80ff16ea3cb,e8a2a2b1485a32a50e851a07b9dd8ac4945b78ec49b7fada2b61c3eeb1e18892,True,True,"[""P01"",""P02"",""P03"",""P04""]",False,False,False,"[0.21506766974925995,0.00043483078479766846,0.09508369117975235]","{""front_left_ankle"":[0.47144457697868347,0.07904142141342163,0.04982113465666771],""front_right_ankle"":[0.5883322358131409,-0.3177374005317688,0.09980856627225876],""rear_left_ankle"":[-0.10238707810640335,0.07360957562923431,0.05084715783596039],""rear_right_ankle"":[-0.09066042304039001,-0.32291191816329956,0.04974693804979324]}",False,NOT_RR_FIRST,False,"{""body_collision"":false,""confirmed_collision_row_count"":0,""exact_pair_active_row_count"":0,""ledger_row_count"":2465,""maximum_normal_force_n"":0.0,""maximum_penetration_m"":0.0,""noise_filter"":""single-frame exact-pair activity is ignored only when it has neither positive penetration nor a second consecutive nonzero-force sample"",""penetrating_row_count"":0,""persistent_row_count"":0,""reported_collision_row_count"":0}",False,"{""detector_positive_count"":0,""event_logger_per_leg"":{""FL"":{""complete"":false,""event_evidence_passed"":true,""events"":[],""lift_precedes_crossing_and_top"":false,""ticks"":{}},""FR"":{""complete"":true,""event_evidence_passed"":true,""events"":[""ACTIVE_LIFT"",""FRONT_FACE_CROSSED"",""TOP_LOADED""],""lift_precedes_crossing_and_top"":true,""ticks"":{""ACTIVE_LIFT"":1622,""FRONT_FACE_CROSSED"":1660,""TOP_LOADED"":1738}},""RL"":{""complete"":false,""event_evidence_passed"":true,""events"":[],""lift_precedes_crossing_and_top"":false,""ticks"":{}},""RR"":{""complete"":false,""event_evidence_passed"":true,""events"":[],""lift_precedes_crossing_and_top"":false,""ticks"":{}}},""per_leg"":{""FL"":{""complete"":false,""event_evidence_passed"":true,""events"":[],""lift_precedes_crossing_and_top"":false,""ticks"":{}},""FR"":{""complete"":true,""event_evidence_passed"":true,""events"":[""ACTIVE_LIFT"",""FRONT_FACE_CROSSED"",""TOP_LOADED""],""lift_precedes_crossing_and_top"":true,""ticks"":{""ACTIVE_LIFT"":1622,""FRONT_FACE_CROSSED"":1660,""TOP_LOADED"":1738}},""RL"":{""complete"":false,""event_evidence_passed"":true,""events"":[],""lift_precedes_crossing_and_top"":false,""ticks"":{}},""RR"":{""complete"":false,""event_evidence_passed"":true,""events"":[],""lift_precedes_crossing_and_top"":false,""ticks"":{}}},""reason"":""each front-face crossing has prior active measured-lift evidence in the event ledger or terminal live-observation latch history"",""terminal_observation_latches"":{""all_four_active_lift_crossing_top_latches"":false,""all_leg_front_face_crossings_latched"":false,""all_wheels_final_top_geometry"":false,""passed"":false,""per_leg"":{""FL"":{""complete"":false,""lift_precedes_crossing_and_top"":false,""passed"":{""ACTIVE_LIFT"":false,""FRONT_FACE_CROSSED"":false,""TOP_LOADED"":false},""ticks"":{""ACTIVE_LIFT"":null,""FRONT_FACE_CROSSED"":null,""TOP_LOADED"":null}},""FR"":{""complete"":true,""lift_precedes_crossing_and_top"":true,""passed"":{""ACTIVE_LIFT"":true,""FRONT_FACE_CROSSED"":true,""TOP_LOADED"":true},""ticks"":{""ACTIVE_LIFT"":1622,""FRONT_FACE_CROSSED"":1660,""TOP_LOADED"":1738}},""RL"":{""complete"":false,""lift_precedes_crossing_and_top"":false,""passed"":{""ACTIVE_LIFT"":false,""FRONT_FACE_CROSSED"":false,""TOP_LOADED"":false},""ticks"":{""ACTIVE_LIFT"":null,""FRONT_FACE_CROSSED"":null,""TOP_LOADED"":null}},""RR"":{""complete"":false,""lift_precedes_crossing_and_top"":false,""passed"":{""ACTIVE_LIFT"":false,""FRONT_FACE_CROSSED"":false,""TOP_LOADED"":false},""ticks"":{""ACTIVE_LIFT"":null,""FRONT_FACE_CROSSED"":null,""TOP_LOADED"":null}}},""rear_leg_order"":""NOT_PROVEN"",""source"":""terminal raw observation live latched guard history"",""terminal_physics_tick"":2464}}",False,False,False,0.0,0,C:\robotics_sim\wlr_robot\fsm_50mm_recording_shaped_clean_v1\runs\trial_005_20260901_clean_v010\actual_viewport_video.mp4,True,True,20.533333333333335,True,False,0,0,0,0,,True,hash-bound frozen config/runtime source proof,0,INCOMPLETE_CONTROLLER_BLOCKED,INVALID_TRIAL,INVALID_TRIAL,,,,,,NOT_EVALUATED_INCOMPLETE_TRIAL,20.533333333333335,False,
trial_006_20260901_clean_v010,6,False,VALID,True,602f6e0893d999e5cb078aadf75541234440a3af918dc58e0154e80ff16ea3cb,e8a2a2b1485a32a50e851a07b9dd8ac4945b78ec49b7fada2b61c3eeb1e18892,True,True,"[""P01"",""P02"",""P03"",""P04""]",False,False,False,"[0.23796400427818298,0.0030287131667137146,0.08483129739761353]","{""front_left_ankle"":[0.4333346486091614,0.08041723072528839,0.050620660185813904],""front_right_ankle"":[0.6155456304550171,-0.31631654500961304,0.099849633872509],""rear_left_ankle"":[-0.08504723757505417,0.07709726691246033,0.050276633352041245],""rear_right_ankle"":[-0.06495817005634308,-0.31988587975502014,0.04971585050225258]}",False,NOT_RR_FIRST,False,"{""body_collision"":false,""confirmed_collision_row_count"":0,""exact_pair_active_row_count"":0,""ledger_row_count"":2465,""maximum_normal_force_n"":0.0,""maximum_penetration_m"":0.0,""noise_filter"":""single-frame exact-pair activity is ignored only when it has neither positive penetration nor a second consecutive nonzero-force sample"",""penetrating_row_count"":0,""persistent_row_count"":0,""reported_collision_row_count"":0}",False,"{""detector_positive_count"":0,""event_logger_per_leg"":{""FL"":{""complete"":false,""event_evidence_passed"":true,""events"":[],""lift_precedes_crossing_and_top"":false,""ticks"":{}},""FR"":{""complete"":true,""event_evidence_passed"":true,""events"":[""ACTIVE_LIFT"",""FRONT_FACE_CROSSED"",""TOP_LOADED""],""lift_precedes_crossing_and_top"":true,""ticks"":{""ACTIVE_LIFT"":1622,""FRONT_FACE_CROSSED"":1659,""TOP_LOADED"":1696}},""RL"":{""complete"":false,""event_evidence_passed"":true,""events"":[],""lift_precedes_crossing_and_top"":false,""ticks"":{}},""RR"":{""complete"":false,""event_evidence_passed"":true,""events"":[],""lift_precedes_crossing_and_top"":false,""ticks"":{}}},""per_leg"":{""FL"":{""complete"":false,""event_evidence_passed"":true,""events"":[],""lift_precedes_crossing_and_top"":false,""ticks"":{}},""FR"":{""complete"":true,""event_evidence_passed"":true,""events"":[""ACTIVE_LIFT"",""FRONT_FACE_CROSSED"",""TOP_LOADED""],""lift_precedes_crossing_and_top"":true,""ticks"":{""ACTIVE_LIFT"":1622,""FRONT_FACE_CROSSED"":1659,""TOP_LOADED"":1696}},""RL"":{""complete"":false,""event_evidence_passed"":true,""events"":[],""lift_precedes_crossing_and_top"":false,""ticks"":{}},""RR"":{""complete"":false,""event_evidence_passed"":true,""events"":[],""lift_precedes_crossing_and_top"":false,""ticks"":{}}},""reason"":""each front-face crossing has prior active measured-lift evidence in the event ledger or terminal live-observation latch history"",""terminal_observation_latches"":{""all_four_active_lift_crossing_top_latches"":false,""all_leg_front_face_crossings_latched"":false,""all_wheels_final_top_geometry"":false,""passed"":false,""per_leg"":{""FL"":{""complete"":false,""lift_precedes_crossing_and_top"":false,""passed"":{""ACTIVE_LIFT"":false,""FRONT_FACE_CROSSED"":false,""TOP_LOADED"":false},""ticks"":{""ACTIVE_LIFT"":null,""FRONT_FACE_CROSSED"":null,""TOP_LOADED"":null}},""FR"":{""complete"":true,""lift_precedes_crossing_and_top"":true,""passed"":{""ACTIVE_LIFT"":true,""FRONT_FACE_CROSSED"":true,""TOP_LOADED"":true},""ticks"":{""ACTIVE_LIFT"":1622,""FRONT_FACE_CROSSED"":1659,""TOP_LOADED"":1696}},""RL"":{""complete"":false,""lift_precedes_crossing_and_top"":false,""passed"":{""ACTIVE_LIFT"":false,""FRONT_FACE_CROSSED"":false,""TOP_LOADED"":false},""ticks"":{""ACTIVE_LIFT"":null,""FRONT_FACE_CROSSED"":null,""TOP_LOADED"":null}},""RR"":{""complete"":false,""lift_precedes_crossing_and_top"":false,""passed"":{""ACTIVE_LIFT"":false,""FRONT_FACE_CROSSED"":false,""TOP_LOADED"":false},""ticks"":{""ACTIVE_LIFT"":null,""FRONT_FACE_CROSSED"":null,""TOP_LOADED"":null}}},""rear_leg_order"":""NOT_PROVEN"",""source"":""terminal raw observation live latched guard history"",""terminal_physics_tick"":2464}}",False,False,False,0.0,0,C:\robotics_sim\wlr_robot\fsm_50mm_recording_shaped_clean_v1\runs\trial_006_20260901_clean_v010\actual_viewport_video.mp4,True,True,20.533333333333335,True,False,0,0,0,0,,True,hash-bound frozen config/runtime source proof,0,INCOMPLETE_CONTROLLER_BLOCKED,INCOMPLETE_CONTROLLER_BLOCKED,INCOMPLETE_CONTROLLER_BLOCKED,,,,,,NOT_EVALUATED_INCOMPLETE_TRIAL,20.533333333333335,False,
trial_007_20260901_clean_v010,7,False,VALID,True,602f6e0893d999e5cb078aadf75541234440a3af918dc58e0154e80ff16ea3cb,e8a2a2b1485a32a50e851a07b9dd8ac4945b78ec49b7fada2b61c3eeb1e18892,True,True,"[""P01"",""P02"",""P03"",""P04"",""P05"",""P06"",""P07"",""P08"",""P09"",""P10"",""P11"",""P12""]",False,True,True,"[0.7924301028251648,-0.021987900137901306,0.13652828335762024]","{""front_left_ankle"":[0.9357110261917114,0.05364268273115158,0.09933695197105408],""front_right_ankle"":[1.1323583126068115,-0.35217562317848206,0.09950726479291916],""rear_left_ankle"":[0.5723869800567627,0.06194845587015152,0.09991759061813354],""rear_right_ankle"":[0.560202956199646,-0.33432477712631226,0.10016486048698425]}",True,RR_FIRST,False,"{""body_collision"":false,""confirmed_collision_row_count"":0,""exact_pair_active_row_count"":0,""ledger_row_count"":8505,""maximum_normal_force_n"":0.0,""maximum_penetration_m"":0.0,""noise_filter"":""single-frame exact-pair activity is ignored only when it has neither positive penetration nor a second consecutive nonzero-force sample"",""penetrating_row_count"":0,""persistent_row_count"":0,""reported_collision_row_count"":0}",False,"{""detector_positive_count"":0,""event_logger_per_leg"":{""FL"":{""complete"":true,""event_evidence_passed"":true,""events"":[""ACTIVE_LIFT"",""FRONT_FACE_CROSSED"",""TOP_LOADED""],""lift_precedes_crossing_and_top"":true,""ticks"":{""ACTIVE_LIFT"":2417,""FRONT_FACE_CROSSED"":3143,""TOP_LOADED"":3580}},""FR"":{""complete"":true,""event_evidence_passed"":true,""events"":[""ACTIVE_LIFT"",""FRONT_FACE_CROSSED"",""TOP_LOADED""],""lift_precedes_crossing_and_top"":true,""ticks"":{""ACTIVE_LIFT"":1622,""FRONT_FACE_CROSSED"":1662,""TOP_LOADED"":1695}},""RL"":{""complete"":true,""event_evidence_passed"":true,""events"":[""ACTIVE_LIFT"",""FRONT_FACE_CROSSED"",""TOP_LOADED""],""lift_precedes_crossing_and_top"":true,""ticks"":{""ACTIVE_LIFT"":7941,""FRONT_FACE_CROSSED"":8381,""TOP_LOADED"":8421}},""RR"":{""complete"":true,""event_evidence_passed"":true,""events"":[""ACTIVE_LIFT"",""FRONT_FACE_CROSSED"",""TOP_LOADED""],""lift_precedes_crossing_and_top"":true,""ticks"":{""ACTIVE_LIFT"":6916,""FRONT_FACE_CROSSED"":7102,""TOP_LOADED"":7578}}},""per_leg"":{""FL"":{""complete"":true,""event_evidence_passed"":true,""events"":[""ACTIVE_LIFT"",""FRONT_FACE_CROSSED"",""TOP_LOADED""],""lift_precedes_crossing_and_top"":true,""ticks"":{""ACTIVE_LIFT"":2417,""FRONT_FACE_CROSSED"":3143,""TOP_LOADED"":3580}},""FR"":{""complete"":true,""event_evidence_passed"":true,""events"":[""ACTIVE_LIFT"",""FRONT_FACE_CROSSED"",""TOP_LOADED""],""lift_precedes_crossing_and_top"":true,""ticks"":{""ACTIVE_LIFT"":1622,""FRONT_FACE_CROSSED"":1662,""TOP_LOADED"":1695}},""RL"":{""complete"":true,""event_evidence_passed"":true,""events"":[""ACTIVE_LIFT"",""FRONT_FACE_CROSSED"",""TOP_LOADED""],""lift_precedes_crossing_and_top"":true,""ticks"":{""ACTIVE_LIFT"":7941,""FRONT_FACE_CROSSED"":8381,""TOP_LOADED"":8421}},""RR"":{""complete"":true,""event_evidence_passed"":true,""events"":[""ACTIVE_LIFT"",""FRONT_FACE_CROSSED"",""TOP_LOADED""],""lift_precedes_crossing_and_top"":true,""ticks"":{""ACTIVE_LIFT"":6916,""FRONT_FACE_CROSSED"":7102,""TOP_LOADED"":7578}}},""reason"":""each front-face crossing has prior active measured-lift evidence in the event ledger or terminal live-observation latch history"",""terminal_observation_latches"":{""all_four_active_lift_crossing_top_latches"":true,""all_leg_front_face_crossings_latched"":true,""all_wheels_final_top_geometry"":true,""passed"":true,""per_leg"":{""FL"":{""complete"":true,""lift_precedes_crossing_and_top"":true,""passed"":{""ACTIVE_LIFT"":true,""FRONT_FACE_CROSSED"":true,""TOP_LOADED"":true},""ticks"":{""ACTIVE_LIFT"":2417,""FRONT_FACE_CROSSED"":3143,""TOP_LOADED"":3580}},""FR"":{""complete"":true,""lift_precedes_crossing_and_top"":true,""passed"":{""ACTIVE_LIFT"":true,""FRONT_FACE_CROSSED"":true,""TOP_LOADED"":true},""ticks"":{""ACTIVE_LIFT"":1622,""FRONT_FACE_CROSSED"":1662,""TOP_LOADED"":1695}},""RL"":{""complete"":true,""lift_precedes_crossing_and_top"":true,""passed"":{""ACTIVE_LIFT"":true,""FRONT_FACE_CROSSED"":true,""TOP_LOADED"":true},""ticks"":{""ACTIVE_LIFT"":7941,""FRONT_FACE_CROSSED"":8381,""TOP_LOADED"":8421}},""RR"":{""complete"":true,""lift_precedes_crossing_and_top"":true,""passed"":{""ACTIVE_LIFT"":true,""FRONT_FACE_CROSSED"":true,""TOP_LOADED"":true},""ticks"":{""ACTIVE_LIFT"":6916,""FRONT_FACE_CROSSED"":7102,""TOP_LOADED"":7578}}},""rear_leg_order"":""RR_FIRST"",""source"":""terminal raw observation live latched guard history"",""terminal_physics_tick"":8504}}",False,False,False,0.0,0,C:\robotics_sim\wlr_robot\fsm_50mm_recording_shaped_clean_v1\runs\trial_007_20260901_clean_v010\actual_viewport_video.mp4,True,True,70.86666666666666,True,False,0,0,0,0,,True,hash-bound frozen config/runtime source proof,0,INCOMPLETE_CONTROLLER_BLOCKED,SUCCESS,TASK_SUCCESS,,,,,,NOT_EVALUATED_INCOMPLETE_TRIAL,70.86666666666666,False,
trial_008_20260901_clean_v010,8,False,VALID,True,602f6e0893d999e5cb078aadf75541234440a3af918dc58e0154e80ff16ea3cb,e8a2a2b1485a32a50e851a07b9dd8ac4945b78ec49b7fada2b61c3eeb1e18892,True,True,"[""P01"",""P02"",""P03"",""P04"",""P05"",""P06"",""P07"",""P08"",""P09"",""P10"",""P11"",""P12""]",False,True,True,"[0.7999458909034729,-0.02689971774816513,0.13936012983322144]","{""front_left_ankle"":[0.9465170502662659,0.045656949281692505,0.09934574365615845],""front_right_ankle"":[1.126754879951477,-0.36422815918922424,0.10002095252275467],""rear_left_ankle"":[0.5813214778900146,0.06241152063012123,0.09971626102924347],""rear_right_ankle"":[0.5589134693145752,-0.3334835469722748,0.10004069656133652]}",True,RR_FIRST,False,"{""body_collision"":false,""confirmed_collision_row_count"":0,""exact_pair_active_row_count"":0,""ledger_row_count"":8521,""maximum_normal_force_n"":0.0,""maximum_penetration_m"":0.0,""noise_filter"":""single-frame exact-pair activity is ignored only when it has neither positive penetration nor a second consecutive nonzero-force sample"",""penetrating_row_count"":0,""persistent_row_count"":0,""reported_collision_row_count"":0}",False,"{""detector_positive_count"":0,""event_logger_per_leg"":{""FL"":{""complete"":true,""event_evidence_passed"":true,""events"":[""ACTIVE_LIFT"",""FRONT_FACE_CROSSED"",""TOP_LOADED""],""lift_precedes_crossing_and_top"":true,""ticks"":{""ACTIVE_LIFT"":2418,""FRONT_FACE_CROSSED"":3109,""TOP_LOADED"":3581}},""FR"":{""complete"":true,""event_evidence_passed"":true,""events"":[""ACTIVE_LIFT"",""FRONT_FACE_CROSSED"",""TOP_LOADED""],""lift_precedes_crossing_and_top"":true,""ticks"":{""ACTIVE_LIFT"":1624,""FRONT_FACE_CROSSED"":1665,""TOP_LOADED"":1695}},""RL"":{""complete"":true,""event_evidence_passed"":true,""events"":[""ACTIVE_LIFT"",""FRONT_FACE_CROSSED"",""TOP_LOADED""],""lift_precedes_crossing_and_top"":true,""ticks"":{""ACTIVE_LIFT"":7726,""FRONT_FACE_CROSSED"":8399,""TOP_LOADED"":8446}},""RR"":{""complete"":true,""event_evidence_passed"":true,""events"":[""ACTIVE_LIFT"",""FRONT_FACE_CROSSED"",""TOP_LOADED""],""lift_precedes_crossing_and_top"":true,""ticks"":{""ACTIVE_LIFT"":6918,""FRONT_FACE_CROSSED"":7110,""TOP_LOADED"":7579}}},""per_leg"":{""FL"":{""complete"":true,""event_evidence_passed"":true,""events"":[""ACTIVE_LIFT"",""FRONT_FACE_CROSSED"",""TOP_LOADED""],""lift_precedes_crossing_and_top"":true,""ticks"":{""ACTIVE_LIFT"":2418,""FRONT_FACE_CROSSED"":3109,""TOP_LOADED"":3581}},""FR"":{""complete"":true,""event_evidence_passed"":true,""events"":[""ACTIVE_LIFT"",""FRONT_FACE_CROSSED"",""TOP_LOADED""],""lift_precedes_crossing_and_top"":true,""ticks"":{""ACTIVE_LIFT"":1624,""FRONT_FACE_CROSSED"":1665,""TOP_LOADED"":1695}},""RL"":{""complete"":true,""event_evidence_passed"":true,""events"":[""ACTIVE_LIFT"",""FRONT_FACE_CROSSED"",""TOP_LOADED""],""lift_precedes_crossing_and_top"":true,""ticks"":{""ACTIVE_LIFT"":7726,""FRONT_FACE_CROSSED"":8399,""TOP_LOADED"":8446}},""RR"":{""complete"":true,""event_evidence_passed"":true,""events"":[""ACTIVE_LIFT"",""FRONT_FACE_CROSSED"",""TOP_LOADED""],""lift_precedes_crossing_and_top"":true,""ticks"":{""ACTIVE_LIFT"":6918,""FRONT_FACE_CROSSED"":7110,""TOP_LOADED"":7579}}},""reason"":""each front-face crossing has prior active measured-lift evidence in the event ledger or terminal live-observation latch history"",""terminal_observation_latches"":{""all_four_active_lift_crossing_top_latches"":true,""all_leg_front_face_crossings_latched"":true,""all_wheels_final_top_geometry"":true,""passed"":true,""per_leg"":{""FL"":{""complete"":true,""lift_precedes_crossing_and_top"":true,""passed"":{""ACTIVE_LIFT"":true,""FRONT_FACE_CROSSED"":true,""TOP_LOADED"":true},""ticks"":{""ACTIVE_LIFT"":2418,""FRONT_FACE_CROSSED"":3109,""TOP_LOADED"":3581}},""FR"":{""complete"":true,""lift_precedes_crossing_and_top"":true,""passed"":{""ACTIVE_LIFT"":true,""FRONT_FACE_CROSSED"":true,""TOP_LOADED"":true},""ticks"":{""ACTIVE_LIFT"":1624,""FRONT_FACE_CROSSED"":1665,""TOP_LOADED"":1695}},""RL"":{""complete"":true,""lift_precedes_crossing_and_top"":true,""passed"":{""ACTIVE_LIFT"":true,""FRONT_FACE_CROSSED"":true,""TOP_LOADED"":true},""ticks"":{""ACTIVE_LIFT"":7726,""FRONT_FACE_CROSSED"":8399,""TOP_LOADED"":8446}},""RR"":{""complete"":true,""lift_precedes_crossing_and_top"":true,""passed"":{""ACTIVE_LIFT"":true,""FRONT_FACE_CROSSED"":true,""TOP_LOADED"":true},""ticks"":{""ACTIVE_LIFT"":6918,""FRONT_FACE_CROSSED"":7110,""TOP_LOADED"":7579}}},""rear_leg_order"":""RR_FIRST"",""source"":""terminal raw observation live latched guard history"",""terminal_physics_tick"":8520}}",False,False,False,0.0,0,C:\robotics_sim\wlr_robot\fsm_50mm_recording_shaped_clean_v1\runs\trial_008_20260901_clean_v010\actual_viewport_video.mp4,True,True,71.0,True,False,0,0,0,0,,True,hash-bound frozen config/runtime source proof,0,INCOMPLETE_CONTROLLER_BLOCKED,SUCCESS,TASK_SUCCESS,,,,,,NOT_EVALUATED_INCOMPLETE_TRIAL,71.0,False,
trial_009_20260901_clean_v010,9,False,VALID,True,602f6e0893d999e5cb078aadf75541234440a3af918dc58e0154e80ff16ea3cb,e8a2a2b1485a32a50e851a07b9dd8ac4945b78ec49b7fada2b61c3eeb1e18892,True,True,"[""P01"",""P02"",""P03"",""P04"",""P05"",""P06"",""P07"",""P08"",""P09"",""P10"",""P11"",""P12""]",False,True,True,"[1.3638737201690674,-0.06340383738279343,0.15342319011688232]","{""front_left_ankle"":[1.6117819547653198,0.00046304427087306976,0.09909608960151672],""front_right_ankle"":[1.6092655658721924,-0.39885467290878296,0.1053709164261818],""rear_left_ankle"":[1.0887019634246826,0.03200170770287514,0.09985590726137161],""rear_right_ankle"":[1.0522615909576416,-0.36282575130462646,0.10034056752920151]}",True,RR_FIRST,False,"{""body_collision"":false,""confirmed_collision_row_count"":0,""exact_pair_active_row_count"":0,""ledger_row_count"":12977,""maximum_normal_force_n"":0.0,""maximum_penetration_m"":0.0,""noise_filter"":""single-frame exact-pair activity is ignored only when it has neither positive penetration nor a second consecutive nonzero-force sample"",""penetrating_row_count"":0,""persistent_row_count"":0,""reported_collision_row_count"":0}",False,"{""detector_positive_count"":0,""event_logger_per_leg"":{""FL"":{""complete"":true,""event_evidence_passed"":true,""events"":[""ACTIVE_LIFT"",""FRONT_FACE_CROSSED"",""TOP_LOADED""],""lift_precedes_crossing_and_top"":true,""ticks"":{""ACTIVE_LIFT"":2418,""FRONT_FACE_CROSSED"":3109,""TOP_LOADED"":3581}},""FR"":{""complete"":true,""event_evidence_passed"":true,""events"":[""ACTIVE_LIFT"",""FRONT_FACE_CROSSED"",""TOP_LOADED""],""lift_precedes_crossing_and_top"":true,""ticks"":{""ACTIVE_LIFT"":1624,""FRONT_FACE_CROSSED"":1665,""TOP_LOADED"":1695}},""RL"":{""complete"":true,""event_evidence_passed"":true,""events"":[""ACTIVE_LIFT"",""FRONT_FACE_CROSSED"",""TOP_LOADED""],""lift_precedes_crossing_and_top"":true,""ticks"":{""ACTIVE_LIFT"":7726,""FRONT_FACE_CROSSED"":8392,""TOP_LOADED"":8420}},""RR"":{""complete"":true,""event_evidence_passed"":true,""events"":[""ACTIVE_LIFT"",""FRONT_FACE_CROSSED"",""TOP_LOADED""],""lift_precedes_crossing_and_top"":true,""ticks"":{""ACTIVE_LIFT"":6918,""FRONT_FACE_CROSSED"":7110,""TOP_LOADED"":7579}}},""per_leg"":{""FL"":{""complete"":true,""event_evidence_passed"":true,""events"":[""ACTIVE_LIFT"",""FRONT_FACE_CROSSED"",""TOP_LOADED""],""lift_precedes_crossing_and_top"":true,""ticks"":{""ACTIVE_LIFT"":2418,""FRONT_FACE_CROSSED"":3109,""TOP_LOADED"":3581}},""FR"":{""complete"":true,""event_evidence_passed"":true,""events"":[""ACTIVE_LIFT"",""FRONT_FACE_CROSSED"",""TOP_LOADED""],""lift_precedes_crossing_and_top"":true,""ticks"":{""ACTIVE_LIFT"":1624,""FRONT_FACE_CROSSED"":1665,""TOP_LOADED"":1695}},""RL"":{""complete"":true,""event_evidence_passed"":true,""events"":[""ACTIVE_LIFT"",""FRONT_FACE_CROSSED"",""TOP_LOADED""],""lift_precedes_crossing_and_top"":true,""ticks"":{""ACTIVE_LIFT"":7726,""FRONT_FACE_CROSSED"":8392,""TOP_LOADED"":8420}},""RR"":{""complete"":true,""event_evidence_passed"":true,""events"":[""ACTIVE_LIFT"",""FRONT_FACE_CROSSED"",""TOP_LOADED""],""lift_precedes_crossing_and_top"":true,""ticks"":{""ACTIVE_LIFT"":6918,""FRONT_FACE_CROSSED"":7110,""TOP_LOADED"":7579}}},""reason"":""each front-face crossing has prior active measured-lift evidence in the event ledger or terminal live-observation latch history"",""terminal_observation_latches"":{""all_four_active_lift_crossing_top_latches"":true,""all_leg_front_face_crossings_latched"":true,""all_wheels_final_top_geometry"":true,""passed"":true,""per_leg"":{""FL"":{""complete"":true,""lift_precedes_crossing_and_top"":true,""passed"":{""ACTIVE_LIFT"":true,""FRONT_FACE_CROSSED"":true,""TOP_LOADED"":true},""ticks"":{""ACTIVE_LIFT"":2418,""FRONT_FACE_CROSSED"":3109,""TOP_LOADED"":3581}},""FR"":{""complete"":true,""lift_precedes_crossing_and_top"":true,""passed"":{""ACTIVE_LIFT"":true,""FRONT_FACE_CROSSED"":true,""TOP_LOADED"":true},""ticks"":{""ACTIVE_LIFT"":1624,""FRONT_FACE_CROSSED"":1665,""TOP_LOADED"":1695}},""RL"":{""complete"":true,""lift_precedes_crossing_and_top"":true,""passed"":{""ACTIVE_LIFT"":true,""FRONT_FACE_CROSSED"":true,""TOP_LOADED"":true},""ticks"":{""ACTIVE_LIFT"":7726,""FRONT_FACE_CROSSED"":8392,""TOP_LOADED"":8420}},""RR"":{""complete"":true,""lift_precedes_crossing_and_top"":true,""passed"":{""ACTIVE_LIFT"":true,""FRONT_FACE_CROSSED"":true,""TOP_LOADED"":true},""ticks"":{""ACTIVE_LIFT"":6918,""FRONT_FACE_CROSSED"":7110,""TOP_LOADED"":7579}}},""rear_leg_order"":""RR_FIRST"",""source"":""terminal raw observation live latched guard history"",""terminal_physics_tick"":12976}}",False,False,False,0.0,1,C:\robotics_sim\wlr_robot\fsm_50mm_recording_shaped_clean_v1\runs\trial_009_20260901_clean_v010\actual_viewport_video.mp4,True,True,108.13333333333334,True,False,0,0,0,0,,True,hash-bound frozen config/runtime source proof,0,INCOMPLETE_CONTROLLER_BLOCKED,SUCCESS,TASK_SUCCESS,,,,,,NOT_EVALUATED_INCOMPLETE_TRIAL,108.13333333333334,False,
trial_010_20260901_clean_v010,10,True,VALID,True,602f6e0893d999e5cb078aadf75541234440a3af918dc58e0154e80ff16ea3cb,e8a2a2b1485a32a50e851a07b9dd8ac4945b78ec49b7fada2b61c3eeb1e18892,True,True,"[""P01"",""P02"",""P03"",""P04"",""P05"",""P06"",""P07"",""P08"",""P09"",""P10"",""P11"",""P12"",""P13""]",True,True,True,"[1.1055212020874023,-0.047694310545921326,0.15386700630187988]","{""front_left_ankle"":[1.3494473695755005,0.02199213020503521,0.0991370901465416],""front_right_ankle"":[1.3579654693603516,-0.3774389624595642,0.10260101407766342],""rear_left_ankle"":[0.8261218667030334,0.042234182357788086,0.10208214819431305],""rear_right_ankle"":[0.7962192296981812,-0.35318511724472046,0.09985336661338806]}",True,RR_FIRST,False,"{""body_collision"":false,""confirmed_collision_row_count"":0,""exact_pair_active_row_count"":0,""ledger_row_count"":10665,""maximum_normal_force_n"":0.0,""maximum_penetration_m"":0.0,""noise_filter"":""single-frame exact-pair activity is ignored only when it has neither positive penetration nor a second consecutive nonzero-force sample"",""penetrating_row_count"":0,""persistent_row_count"":0,""reported_collision_row_count"":0}",False,"{""detector_positive_count"":0,""event_logger_per_leg"":{""FL"":{""complete"":true,""event_evidence_passed"":true,""events"":[""ACTIVE_LIFT"",""FRONT_FACE_CROSSED"",""TOP_LOADED""],""lift_precedes_crossing_and_top"":true,""ticks"":{""ACTIVE_LIFT"":2418,""FRONT_FACE_CROSSED"":3109,""TOP_LOADED"":3581}},""FR"":{""complete"":true,""event_evidence_passed"":true,""events"":[""ACTIVE_LIFT"",""FRONT_FACE_CROSSED"",""TOP_LOADED""],""lift_precedes_crossing_and_top"":true,""ticks"":{""ACTIVE_LIFT"":1624,""FRONT_FACE_CROSSED"":1665,""TOP_LOADED"":1695}},""RL"":{""complete"":true,""event_evidence_passed"":true,""events"":[""ACTIVE_LIFT"",""FRONT_FACE_CROSSED"",""TOP_LOADED""],""lift_precedes_crossing_and_top"":true,""ticks"":{""ACTIVE_LIFT"":7726,""FRONT_FACE_CROSSED"":8392,""TOP_LOADED"":8420}},""RR"":{""complete"":true,""event_evidence_passed"":true,""events"":[""ACTIVE_LIFT"",""FRONT_FACE_CROSSED"",""TOP_LOADED""],""lift_precedes_crossing_and_top"":true,""ticks"":{""ACTIVE_LIFT"":6918,""FRONT_FACE_CROSSED"":7110,""TOP_LOADED"":7579}}},""per_leg"":{""FL"":{""complete"":true,""event_evidence_passed"":true,""events"":[""ACTIVE_LIFT"",""FRONT_FACE_CROSSED"",""TOP_LOADED""],""lift_precedes_crossing_and_top"":true,""ticks"":{""ACTIVE_LIFT"":2418,""FRONT_FACE_CROSSED"":3109,""TOP_LOADED"":3581}},""FR"":{""complete"":true,""event_evidence_passed"":true,""events"":[""ACTIVE_LIFT"",""FRONT_FACE_CROSSED"",""TOP_LOADED""],""lift_precedes_crossing_and_top"":true,""ticks"":{""ACTIVE_LIFT"":1624,""FRONT_FACE_CROSSED"":1665,""TOP_LOADED"":1695}},""RL"":{""complete"":true,""event_evidence_passed"":true,""events"":[""ACTIVE_LIFT"",""FRONT_FACE_CROSSED"",""TOP_LOADED""],""lift_precedes_crossing_and_top"":true,""ticks"":{""ACTIVE_LIFT"":7726,""FRONT_FACE_CROSSED"":8392,""TOP_LOADED"":8420}},""RR"":{""complete"":true,""event_evidence_passed"":true,""events"":[""ACTIVE_LIFT"",""FRONT_FACE_CROSSED"",""TOP_LOADED""],""lift_precedes_crossing_and_top"":true,""ticks"":{""ACTIVE_LIFT"":6918,""FRONT_FACE_CROSSED"":7110,""TOP_LOADED"":7579}}},""reason"":""each front-face crossing has prior active measured-lift evidence in the event ledger or terminal live-observation latch history"",""terminal_observation_latches"":{""all_four_active_lift_crossing_top_latches"":true,""all_leg_front_face_crossings_latched"":true,""all_wheels_final_top_geometry"":true,""passed"":true,""per_leg"":{""FL"":{""complete"":true,""lift_precedes_crossing_and_top"":true,""passed"":{""ACTIVE_LIFT"":true,""FRONT_FACE_CROSSED"":true,""TOP_LOADED"":true},""ticks"":{""ACTIVE_LIFT"":2418,""FRONT_FACE_CROSSED"":3109,""TOP_LOADED"":3581}},""FR"":{""complete"":true,""lift_precedes_crossing_and_top"":true,""passed"":{""ACTIVE_LIFT"":true,""FRONT_FACE_CROSSED"":true,""TOP_LOADED"":true},""ticks"":{""ACTIVE_LIFT"":1624,""FRONT_FACE_CROSSED"":1665,""TOP_LOADED"":1695}},""RL"":{""complete"":true,""lift_precedes_crossing_and_top"":true,""passed"":{""ACTIVE_LIFT"":true,""FRONT_FACE_CROSSED"":true,""TOP_LOADED"":true},""ticks"":{""ACTIVE_LIFT"":7726,""FRONT_FACE_CROSSED"":8392,""TOP_LOADED"":8420}},""RR"":{""complete"":true,""lift_precedes_crossing_and_top"":true,""passed"":{""ACTIVE_LIFT"":true,""FRONT_FACE_CROSSED"":true,""TOP_LOADED"":true},""ticks"":{""ACTIVE_LIFT"":6918,""FRONT_FACE_CROSSED"":7110,""TOP_LOADED"":7579}}},""rear_leg_order"":""RR_FIRST"",""source"":""terminal raw observation live latched guard history"",""terminal_physics_tick"":10664}}",False,False,True,0.6583333333333314,0,C:\robotics_sim\wlr_robot\fsm_50mm_recording_shaped_clean_v1\runs\trial_010_20260901_clean_v010\actual_viewport_video.mp4,True,True,88.86666666666666,True,False,0,0,0,0,,True,hash-bound frozen config/runtime source proof,0,INCOMPLETE_CONTROLLER_BLOCKED,SUCCESS,TASK_SUCCESS_WITH_REFERENCE_DIVERGENCE_WARNING,52.75013911083131,P09,rear_left_ankle,measured_peak_velocity_error_percent,False,REFERENCE_DIVERGENCE_WARNING,88.86666666666666,False,
trial_011_20260901_clean_v010,11,True,VALID,True,602f6e0893d999e5cb078aadf75541234440a3af918dc58e0154e80ff16ea3cb,e8a2a2b1485a32a50e851a07b9dd8ac4945b78ec49b7fada2b61c3eeb1e18892,True,True,"[""P01"",""P02"",""P03"",""P04"",""P05"",""P06"",""P07"",""P08"",""P09"",""P10"",""P11"",""P12"",""P13""]",True,True,True,"[1.1058499813079834,-0.049432337284088135,0.15521615743637085]","{""front_left_ankle"":[1.349839210510254,0.018599703907966614,0.09868716448545456],""front_right_ankle"":[1.3558119535446167,-0.38104796409606934,0.10207923501729965],""rear_left_ankle"":[0.829066812992096,0.04314257949590683,0.1045243963599205],""rear_right_ankle"":[0.7960637807846069,-0.3520035147666931,0.09985474497079849]}",True,RR_FIRST,False,"{""body_collision"":false,""confirmed_collision_row_count"":0,""exact_pair_active_row_count"":0,""ledger_row_count"":10689,""maximum_normal_force_n"":0.0,""maximum_penetration_m"":0.0,""noise_filter"":""single-frame exact-pair activity is ignored only when it has neither positive penetration nor a second consecutive nonzero-force sample"",""penetrating_row_count"":0,""persistent_row_count"":0,""reported_collision_row_count"":0}",False,"{""detector_positive_count"":0,""event_logger_per_leg"":{""FL"":{""complete"":true,""event_evidence_passed"":true,""events"":[""ACTIVE_LIFT"",""FRONT_FACE_CROSSED"",""TOP_LOADED""],""lift_precedes_crossing_and_top"":true,""ticks"":{""ACTIVE_LIFT"":2418,""FRONT_FACE_CROSSED"":3109,""TOP_LOADED"":3581}},""FR"":{""complete"":true,""event_evidence_passed"":true,""events"":[""ACTIVE_LIFT"",""FRONT_FACE_CROSSED"",""TOP_LOADED""],""lift_precedes_crossing_and_top"":true,""ticks"":{""ACTIVE_LIFT"":1624,""FRONT_FACE_CROSSED"":1665,""TOP_LOADED"":1695}},""RL"":{""complete"":true,""event_evidence_passed"":true,""events"":[""ACTIVE_LIFT"",""FRONT_FACE_CROSSED"",""TOP_LOADED""],""lift_precedes_crossing_and_top"":true,""ticks"":{""ACTIVE_LIFT"":7726,""FRONT_FACE_CROSSED"":8392,""TOP_LOADED"":8418}},""RR"":{""complete"":true,""event_evidence_passed"":true,""events"":[""ACTIVE_LIFT"",""FRONT_FACE_CROSSED"",""TOP_LOADED""],""lift_precedes_crossing_and_top"":true,""ticks"":{""ACTIVE_LIFT"":6918,""FRONT_FACE_CROSSED"":7110,""TOP_LOADED"":7579}}},""per_leg"":{""FL"":{""complete"":true,""event_evidence_passed"":true,""events"":[""ACTIVE_LIFT"",""FRONT_FACE_CROSSED"",""TOP_LOADED""],""lift_precedes_crossing_and_top"":true,""ticks"":{""ACTIVE_LIFT"":2418,""FRONT_FACE_CROSSED"":3109,""TOP_LOADED"":3581}},""FR"":{""complete"":true,""event_evidence_passed"":true,""events"":[""ACTIVE_LIFT"",""FRONT_FACE_CROSSED"",""TOP_LOADED""],""lift_precedes_crossing_and_top"":true,""ticks"":{""ACTIVE_LIFT"":1624,""FRONT_FACE_CROSSED"":1665,""TOP_LOADED"":1695}},""RL"":{""complete"":true,""event_evidence_passed"":true,""events"":[""ACTIVE_LIFT"",""FRONT_FACE_CROSSED"",""TOP_LOADED""],""lift_precedes_crossing_and_top"":true,""ticks"":{""ACTIVE_LIFT"":7726,""FRONT_FACE_CROSSED"":8392,""TOP_LOADED"":8418}},""RR"":{""complete"":true,""event_evidence_passed"":true,""events"":[""ACTIVE_LIFT"",""FRONT_FACE_CROSSED"",""TOP_LOADED""],""lift_precedes_crossing_and_top"":true,""ticks"":{""ACTIVE_LIFT"":6918,""FRONT_FACE_CROSSED"":7110,""TOP_LOADED"":7579}}},""reason"":""each front-face crossing has prior active measured-lift evidence in the event ledger or terminal live-observation latch history"",""terminal_observation_latches"":{""all_four_active_lift_crossing_top_latches"":true,""all_leg_front_face_crossings_latched"":true,""all_wheels_final_top_geometry"":true,""passed"":true,""per_leg"":{""FL"":{""complete"":true,""lift_precedes_crossing_and_top"":true,""passed"":{""ACTIVE_LIFT"":true,""FRONT_FACE_CROSSED"":true,""TOP_LOADED"":true},""ticks"":{""ACTIVE_LIFT"":2418,""FRONT_FACE_CROSSED"":3109,""TOP_LOADED"":3581}},""FR"":{""complete"":true,""lift_precedes_crossing_and_top"":true,""passed"":{""ACTIVE_LIFT"":true,""FRONT_FACE_CROSSED"":true,""TOP_LOADED"":true},""ticks"":{""ACTIVE_LIFT"":1624,""FRONT_FACE_CROSSED"":1665,""TOP_LOADED"":1695}},""RL"":{""complete"":true,""lift_precedes_crossing_and_top"":true,""passed"":{""ACTIVE_LIFT"":true,""FRONT_FACE_CROSSED"":true,""TOP_LOADED"":true},""ticks"":{""ACTIVE_LIFT"":7726,""FRONT_FACE_CROSSED"":8392,""TOP_LOADED"":8418}},""RR"":{""complete"":true,""lift_precedes_crossing_and_top"":true,""passed"":{""ACTIVE_LIFT"":true,""FRONT_FACE_CROSSED"":true,""TOP_LOADED"":true},""ticks"":{""ACTIVE_LIFT"":6918,""FRONT_FACE_CROSSED"":7110,""TOP_LOADED"":7579}}},""rear_leg_order"":""RR_FIRST"",""source"":""terminal raw observation live latched guard history"",""terminal_physics_tick"":10688}}",False,False,False,0.42499999999999716,0,C:\robotics_sim\wlr_robot\fsm_50mm_recording_shaped_clean_v1\runs\trial_011_20260901_clean_v010\actual_viewport_video.mp4,True,True,89.06666666666666,True,False,0,0,0,0,,True,hash-bound frozen config/runtime source proof,0,INCOMPLETE_CONTROLLER_BLOCKED,SUCCESS,TASK_SUCCESS_WITH_REFERENCE_DIVERGENCE_WARNING,52.75013911083131,P09,rear_left_ankle,measured_peak_velocity_error_percent,False,REFERENCE_DIVERGENCE_WARNING,89.06666666666666,False,
trial_012_20260901_clean_v010,12,False,VALID,True,602f6e0893d999e5cb078aadf75541234440a3af918dc58e0154e80ff16ea3cb,e8a2a2b1485a32a50e851a07b9dd8ac4945b78ec49b7fada2b61c3eeb1e18892,True,True,"[""P01"",""P02"",""P03"",""P04"",""P05"",""P06"",""P07"",""P08"",""P09"",""P10"",""P11"",""P12""]",False,True,True,"[0.786566972732544,-0.027635358273983,0.13394054770469666]","{""front_left_ankle"":[0.9263520836830139,0.04429935663938522,0.0999016985297203],""front_right_ankle"":[1.1187363862991333,-0.3672715723514557,0.09957161545753479],""rear_left_ankle"":[0.5621243715286255,0.0627836287021637,0.09987179189920425],""rear_right_ankle"":[0.5439969301223755,-0.3333257734775543,0.09980536252260208]}",True,RR_FIRST,False,"{""body_collision"":false,""confirmed_collision_row_count"":0,""exact_pair_active_row_count"":0,""ledger_row_count"":8505,""maximum_normal_force_n"":0.0,""maximum_penetration_m"":0.0,""noise_filter"":""single-frame exact-pair activity is ignored only when it has neither positive penetration nor a second consecutive nonzero-force sample"",""penetrating_row_count"":0,""persistent_row_count"":0,""reported_collision_row_count"":0}",False,"{""detector_positive_count"":0,""event_logger_per_leg"":{""FL"":{""complete"":true,""event_evidence_passed"":true,""events"":[""ACTIVE_LIFT"",""FRONT_FACE_CROSSED"",""TOP_LOADED""],""lift_precedes_crossing_and_top"":true,""ticks"":{""ACTIVE_LIFT"":2418,""FRONT_FACE_CROSSED"":3109,""TOP_LOADED"":3581}},""FR"":{""complete"":true,""event_evidence_passed"":true,""events"":[""ACTIVE_LIFT"",""FRONT_FACE_CROSSED"",""TOP_LOADED""],""lift_precedes_crossing_and_top"":true,""ticks"":{""ACTIVE_LIFT"":1624,""FRONT_FACE_CROSSED"":1665,""TOP_LOADED"":1695}},""RL"":{""complete"":true,""event_evidence_passed"":true,""events"":[""ACTIVE_LIFT"",""FRONT_FACE_CROSSED"",""TOP_LOADED""],""lift_precedes_crossing_and_top"":true,""ticks"":{""ACTIVE_LIFT"":7941,""FRONT_FACE_CROSSED"":8383,""TOP_LOADED"":8417}},""RR"":{""complete"":true,""event_evidence_passed"":true,""events"":[""ACTIVE_LIFT"",""FRONT_FACE_CROSSED"",""TOP_LOADED""],""lift_precedes_crossing_and_top"":true,""ticks"":{""ACTIVE_LIFT"":6918,""FRONT_FACE_CROSSED"":7110,""TOP_LOADED"":7579}}},""per_leg"":{""FL"":{""complete"":true,""event_evidence_passed"":true,""events"":[""ACTIVE_LIFT"",""FRONT_FACE_CROSSED"",""TOP_LOADED""],""lift_precedes_crossing_and_top"":true,""ticks"":{""ACTIVE_LIFT"":2418,""FRONT_FACE_CROSSED"":3109,""TOP_LOADED"":3581}},""FR"":{""complete"":true,""event_evidence_passed"":true,""events"":[""ACTIVE_LIFT"",""FRONT_FACE_CROSSED"",""TOP_LOADED""],""lift_precedes_crossing_and_top"":true,""ticks"":{""ACTIVE_LIFT"":1624,""FRONT_FACE_CROSSED"":1665,""TOP_LOADED"":1695}},""RL"":{""complete"":true,""event_evidence_passed"":true,""events"":[""ACTIVE_LIFT"",""FRONT_FACE_CROSSED"",""TOP_LOADED""],""lift_precedes_crossing_and_top"":true,""ticks"":{""ACTIVE_LIFT"":7941,""FRONT_FACE_CROSSED"":8383,""TOP_LOADED"":8417}},""RR"":{""complete"":true,""event_evidence_passed"":true,""events"":[""ACTIVE_LIFT"",""FRONT_FACE_CROSSED"",""TOP_LOADED""],""lift_precedes_crossing_and_top"":true,""ticks"":{""ACTIVE_LIFT"":6918,""FRONT_FACE_CROSSED"":7110,""TOP_LOADED"":7579}}},""reason"":""each front-face crossing has prior active measured-lift evidence in the event ledger or terminal live-observation latch history"",""terminal_observation_latches"":{""all_four_active_lift_crossing_top_latches"":true,""all_leg_front_face_crossings_latched"":true,""all_wheels_final_top_geometry"":true,""passed"":true,""per_leg"":{""FL"":{""complete"":true,""lift_precedes_crossing_and_top"":true,""passed"":{""ACTIVE_LIFT"":true,""FRONT_FACE_CROSSED"":true,""TOP_LOADED"":true},""ticks"":{""ACTIVE_LIFT"":2418,""FRONT_FACE_CROSSED"":3109,""TOP_LOADED"":3581}},""FR"":{""complete"":true,""lift_precedes_crossing_and_top"":true,""passed"":{""ACTIVE_LIFT"":true,""FRONT_FACE_CROSSED"":true,""TOP_LOADED"":true},""ticks"":{""ACTIVE_LIFT"":1624,""FRONT_FACE_CROSSED"":1665,""TOP_LOADED"":1695}},""RL"":{""complete"":true,""lift_precedes_crossing_and_top"":true,""passed"":{""ACTIVE_LIFT"":true,""FRONT_FACE_CROSSED"":true,""TOP_LOADED"":true},""ticks"":{""ACTIVE_LIFT"":7941,""FRONT_FACE_CROSSED"":8383,""TOP_LOADED"":8417}},""RR"":{""complete"":true,""lift_precedes_crossing_and_top"":true,""passed"":{""ACTIVE_LIFT"":true,""FRONT_FACE_CROSSED"":true,""TOP_LOADED"":true},""ticks"":{""ACTIVE_LIFT"":6918,""FRONT_FACE_CROSSED"":7110,""TOP_LOADED"":7579}}},""rear_leg_order"":""RR_FIRST"",""source"":""terminal raw observation live latched guard history"",""terminal_physics_tick"":8504}}",False,False,False,0.0,0,C:\robotics_sim\wlr_robot\fsm_50mm_recording_shaped_clean_v1\runs\trial_012_20260901_clean_v010\actual_viewport_video.mp4,True,True,70.86666666666666,True,False,0,0,0,0,,True,hash-bound frozen config/runtime source proof,0,INCOMPLETE_CONTROLLER_BLOCKED,SUCCESS,TASK_SUCCESS,,,,,,NOT_EVALUATED_INCOMPLETE_TRIAL,70.86666666666666,False,
trial_013_20260901_clean_v010,13,False,VALID,True,602f6e0893d999e5cb078aadf75541234440a3af918dc58e0154e80ff16ea3cb,e8a2a2b1485a32a50e851a07b9dd8ac4945b78ec49b7fada2b61c3eeb1e18892,True,True,"[""P01"",""P02"",""P03"",""P04"",""P05"",""P06"",""P07"",""P08"",""P09"",""P10"",""P11"",""P12""]",False,True,True,"[0.7853540778160095,-0.02740432322025299,0.1345621943473816]","{""front_left_ankle"":[0.9251149892807007,0.044163674116134644,0.0999399945139885],""front_right_ankle"":[1.1162315607070923,-0.36785322427749634,0.09956856817007065],""rear_left_ankle"":[0.5631518959999084,0.06340724974870682,0.09989817440509796],""rear_right_ankle"":[0.5447883605957031,-0.33269545435905457,0.09998734295368195]}",True,RR_FIRST,False,"{""body_collision"":false,""confirmed_collision_row_count"":0,""exact_pair_active_row_count"":0,""ledger_row_count"":8505,""maximum_normal_force_n"":0.0,""maximum_penetration_m"":0.0,""noise_filter"":""single-frame exact-pair activity is ignored only when it has neither positive penetration nor a second consecutive nonzero-force sample"",""penetrating_row_count"":0,""persistent_row_count"":0,""reported_collision_row_count"":0}",False,"{""detector_positive_count"":0,""event_logger_per_leg"":{""FL"":{""complete"":true,""event_evidence_passed"":true,""events"":[""ACTIVE_LIFT"",""FRONT_FACE_CROSSED"",""TOP_LOADED""],""lift_precedes_crossing_and_top"":true,""ticks"":{""ACTIVE_LIFT"":2418,""FRONT_FACE_CROSSED"":3109,""TOP_LOADED"":3581}},""FR"":{""complete"":true,""event_evidence_passed"":true,""events"":[""ACTIVE_LIFT"",""FRONT_FACE_CROSSED"",""TOP_LOADED""],""lift_precedes_crossing_and_top"":true,""ticks"":{""ACTIVE_LIFT"":1624,""FRONT_FACE_CROSSED"":1665,""TOP_LOADED"":1695}},""RL"":{""complete"":true,""event_evidence_passed"":true,""events"":[""ACTIVE_LIFT"",""FRONT_FACE_CROSSED"",""TOP_LOADED""],""lift_precedes_crossing_and_top"":true,""ticks"":{""ACTIVE_LIFT"":7698,""FRONT_FACE_CROSSED"":8384,""TOP_LOADED"":8419}},""RR"":{""complete"":true,""event_evidence_passed"":true,""events"":[""ACTIVE_LIFT"",""FRONT_FACE_CROSSED"",""TOP_LOADED""],""lift_precedes_crossing_and_top"":true,""ticks"":{""ACTIVE_LIFT"":6918,""FRONT_FACE_CROSSED"":7110,""TOP_LOADED"":7579}}},""per_leg"":{""FL"":{""complete"":true,""event_evidence_passed"":true,""events"":[""ACTIVE_LIFT"",""FRONT_FACE_CROSSED"",""TOP_LOADED""],""lift_precedes_crossing_and_top"":true,""ticks"":{""ACTIVE_LIFT"":2418,""FRONT_FACE_CROSSED"":3109,""TOP_LOADED"":3581}},""FR"":{""complete"":true,""event_evidence_passed"":true,""events"":[""ACTIVE_LIFT"",""FRONT_FACE_CROSSED"",""TOP_LOADED""],""lift_precedes_crossing_and_top"":true,""ticks"":{""ACTIVE_LIFT"":1624,""FRONT_FACE_CROSSED"":1665,""TOP_LOADED"":1695}},""RL"":{""complete"":true,""event_evidence_passed"":true,""events"":[""ACTIVE_LIFT"",""FRONT_FACE_CROSSED"",""TOP_LOADED""],""lift_precedes_crossing_and_top"":true,""ticks"":{""ACTIVE_LIFT"":7698,""FRONT_FACE_CROSSED"":8384,""TOP_LOADED"":8419}},""RR"":{""complete"":true,""event_evidence_passed"":true,""events"":[""ACTIVE_LIFT"",""FRONT_FACE_CROSSED"",""TOP_LOADED""],""lift_precedes_crossing_and_top"":true,""ticks"":{""ACTIVE_LIFT"":6918,""FRONT_FACE_CROSSED"":7110,""TOP_LOADED"":7579}}},""reason"":""each front-face crossing has prior active measured-lift evidence in the event ledger or terminal live-observation latch history"",""terminal_observation_latches"":{""all_four_active_lift_crossing_top_latches"":true,""all_leg_front_face_crossings_latched"":true,""all_wheels_final_top_geometry"":true,""passed"":true,""per_leg"":{""FL"":{""complete"":true,""lift_precedes_crossing_and_top"":true,""passed"":{""ACTIVE_LIFT"":true,""FRONT_FACE_CROSSED"":true,""TOP_LOADED"":true},""ticks"":{""ACTIVE_LIFT"":2418,""FRONT_FACE_CROSSED"":3109,""TOP_LOADED"":3581}},""FR"":{""complete"":true,""lift_precedes_crossing_and_top"":true,""passed"":{""ACTIVE_LIFT"":true,""FRONT_FACE_CROSSED"":true,""TOP_LOADED"":true},""ticks"":{""ACTIVE_LIFT"":1624,""FRONT_FACE_CROSSED"":1665,""TOP_LOADED"":1695}},""RL"":{""complete"":true,""lift_precedes_crossing_and_top"":true,""passed"":{""ACTIVE_LIFT"":true,""FRONT_FACE_CROSSED"":true,""TOP_LOADED"":true},""ticks"":{""ACTIVE_LIFT"":7698,""FRONT_FACE_CROSSED"":8384,""TOP_LOADED"":8419}},""RR"":{""complete"":true,""lift_precedes_crossing_and_top"":true,""passed"":{""ACTIVE_LIFT"":true,""FRONT_FACE_CROSSED"":true,""TOP_LOADED"":true},""ticks"":{""ACTIVE_LIFT"":6918,""FRONT_FACE_CROSSED"":7110,""TOP_LOADED"":7579}}},""rear_leg_order"":""RR_FIRST"",""source"":""terminal raw observation live latched guard history"",""terminal_physics_tick"":8504}}",False,False,False,0.0,0,C:\robotics_sim\wlr_robot\fsm_50mm_recording_shaped_clean_v1\runs\trial_013_20260901_clean_v010\actual_viewport_video.mp4,True,True,70.86666666666666,True,False,0,0,0,0,,True,hash-bound frozen config/runtime source proof,0,INCOMPLETE_CONTROLLER_BLOCKED,SUCCESS,TASK_SUCCESS,,,,,,NOT_EVALUATED_INCOMPLETE_TRIAL,70.86666666666666,False,
trial_014_20260901_clean_v010,14,False,VALID,True,602f6e0893d999e5cb078aadf75541234440a3af918dc58e0154e80ff16ea3cb,e8a2a2b1485a32a50e851a07b9dd8ac4945b78ec49b7fada2b61c3eeb1e18892,True,True,"[""P01"",""P02"",""P03"",""P04"",""P05"",""P06"",""P07"",""P08"",""P09""]",False,False,False,"[0.8081169128417969,-0.02324943244457245,0.10670211166143417]","{""front_left_ankle"":[0.9440208077430725,0.043716732412576675,0.09989406913518906],""front_right_ankle"":[1.114840030670166,-0.37132003903388977,0.13592574000358582],""rear_left_ankle"":[0.4324711561203003,0.08510032296180725,0.0503799133002758],""rear_right_ankle"":[0.5942559838294983,-0.32651686668395996,0.09863050282001495]}",False,RR_FIRST,False,"{""body_collision"":false,""confirmed_collision_row_count"":0,""exact_pair_active_row_count"":0,""ledger_row_count"":7849,""maximum_normal_force_n"":0.0,""maximum_penetration_m"":0.0,""noise_filter"":""single-frame exact-pair activity is ignored only when it has neither positive penetration nor a second consecutive nonzero-force sample"",""penetrating_row_count"":0,""persistent_row_count"":0,""reported_collision_row_count"":0}",False,"{""detector_positive_count"":0,""event_logger_per_leg"":{""FL"":{""complete"":true,""event_evidence_passed"":true,""events"":[""ACTIVE_LIFT"",""FRONT_FACE_CROSSED"",""TOP_LOADED""],""lift_precedes_crossing_and_top"":true,""ticks"":{""ACTIVE_LIFT"":2418,""FRONT_FACE_CROSSED"":3109,""TOP_LOADED"":3581}},""FR"":{""complete"":true,""event_evidence_passed"":true,""events"":[""ACTIVE_LIFT"",""FRONT_FACE_CROSSED"",""TOP_LOADED""],""lift_precedes_crossing_and_top"":true,""ticks"":{""ACTIVE_LIFT"":1624,""FRONT_FACE_CROSSED"":1665,""TOP_LOADED"":1695}},""RL"":{""complete"":false,""event_evidence_passed"":true,""events"":[""ACTIVE_LIFT""],""lift_precedes_crossing_and_top"":false,""ticks"":{""ACTIVE_LIFT"":7726}},""RR"":{""complete"":true,""event_evidence_passed"":true,""events"":[""ACTIVE_LIFT"",""FRONT_FACE_CROSSED"",""TOP_LOADED""],""lift_precedes_crossing_and_top"":true,""ticks"":{""ACTIVE_LIFT"":6918,""FRONT_FACE_CROSSED"":7110,""TOP_LOADED"":7579}}},""per_leg"":{""FL"":{""complete"":true,""event_evidence_passed"":true,""events"":[""ACTIVE_LIFT"",""FRONT_FACE_CROSSED"",""TOP_LOADED""],""lift_precedes_crossing_and_top"":true,""ticks"":{""ACTIVE_LIFT"":2418,""FRONT_FACE_CROSSED"":3109,""TOP_LOADED"":3581}},""FR"":{""complete"":true,""event_evidence_passed"":true,""events"":[""ACTIVE_LIFT"",""FRONT_FACE_CROSSED"",""TOP_LOADED""],""lift_precedes_crossing_and_top"":true,""ticks"":{""ACTIVE_LIFT"":1624,""FRONT_FACE_CROSSED"":1665,""TOP_LOADED"":1695}},""RL"":{""complete"":false,""event_evidence_passed"":true,""events"":[""ACTIVE_LIFT""],""lift_precedes_crossing_and_top"":false,""ticks"":{""ACTIVE_LIFT"":7726}},""RR"":{""complete"":true,""event_evidence_passed"":true,""events"":[""ACTIVE_LIFT"",""FRONT_FACE_CROSSED"",""TOP_LOADED""],""lift_precedes_crossing_and_top"":true,""ticks"":{""ACTIVE_LIFT"":6918,""FRONT_FACE_CROSSED"":7110,""TOP_LOADED"":7579}}},""reason"":""each front-face crossing has prior active measured-lift evidence in the event ledger or terminal live-observation latch history"",""terminal_observation_latches"":{""all_four_active_lift_crossing_top_latches"":false,""all_leg_front_face_crossings_latched"":false,""all_wheels_final_top_geometry"":false,""passed"":false,""per_leg"":{""FL"":{""complete"":true,""lift_precedes_crossing_and_top"":true,""passed"":{""ACTIVE_LIFT"":true,""FRONT_FACE_CROSSED"":true,""TOP_LOADED"":true},""ticks"":{""ACTIVE_LIFT"":2418,""FRONT_FACE_CROSSED"":3109,""TOP_LOADED"":3581}},""FR"":{""complete"":true,""lift_precedes_crossing_and_top"":true,""passed"":{""ACTIVE_LIFT"":true,""FRONT_FACE_CROSSED"":true,""TOP_LOADED"":true},""ticks"":{""ACTIVE_LIFT"":1624,""FRONT_FACE_CROSSED"":1665,""TOP_LOADED"":1695}},""RL"":{""complete"":false,""lift_precedes_crossing_and_top"":false,""passed"":{""ACTIVE_LIFT"":true,""FRONT_FACE_CROSSED"":false,""TOP_LOADED"":false},""ticks"":{""ACTIVE_LIFT"":7726,""FRONT_FACE_CROSSED"":null,""TOP_LOADED"":null}},""RR"":{""complete"":true,""lift_precedes_crossing_and_top"":true,""passed"":{""ACTIVE_LIFT"":true,""FRONT_FACE_CROSSED"":true,""TOP_LOADED"":true},""ticks"":{""ACTIVE_LIFT"":6918,""FRONT_FACE_CROSSED"":7110,""TOP_LOADED"":7579}}},""rear_leg_order"":""NOT_PROVEN"",""source"":""terminal raw observation live latched guard history"",""terminal_physics_tick"":7848}}",False,False,False,0.0,0,C:\robotics_sim\wlr_robot\fsm_50mm_recording_shaped_clean_v1\runs\trial_014_20260901_clean_v010\actual_viewport_video.mp4,True,True,65.4,True,False,0,0,0,0,,True,hash-bound frozen config/runtime source proof,0,INCOMPLETE_CONTROLLER_BLOCKED,INCOMPLETE_CONTROLLER_BLOCKED,INCOMPLETE_CONTROLLER_BLOCKED,,,,,,NOT_EVALUATED_INCOMPLETE_TRIAL,65.4,False,
trial_015_20260901_clean_v010,15,False,VALID,True,602f6e0893d999e5cb078aadf75541234440a3af918dc58e0154e80ff16ea3cb,e8a2a2b1485a32a50e851a07b9dd8ac4945b78ec49b7fada2b61c3eeb1e18892,True,True,"[""P01"",""P02"",""P03"",""P04"",""P05"",""P06"",""P07"",""P08"",""P09""]",False,False,False,"[0.8088284134864807,-0.023033350706100464,0.1070062667131424]","{""front_left_ankle"":[0.944680392742157,0.04391588270664215,0.0998443141579628],""front_right_ankle"":[1.11558997631073,-0.37095344066619873,0.13756997883319855],""rear_left_ankle"":[0.4331458806991577,0.08504433929920197,0.05043146014213562],""rear_right_ankle"":[0.594193160533905,-0.32636013627052307,0.09861649572849274]}",False,RR_FIRST,False,"{""body_collision"":false,""confirmed_collision_row_count"":0,""exact_pair_active_row_count"":0,""ledger_row_count"":7857,""maximum_normal_force_n"":0.0,""maximum_penetration_m"":0.0,""noise_filter"":""single-frame exact-pair activity is ignored only when it has neither positive penetration nor a second consecutive nonzero-force sample"",""penetrating_row_count"":0,""persistent_row_count"":0,""reported_collision_row_count"":0}",False,"{""detector_positive_count"":0,""event_logger_per_leg"":{""FL"":{""complete"":true,""event_evidence_passed"":true,""events"":[""ACTIVE_LIFT"",""FRONT_FACE_CROSSED"",""TOP_LOADED""],""lift_precedes_crossing_and_top"":true,""ticks"":{""ACTIVE_LIFT"":2418,""FRONT_FACE_CROSSED"":3109,""TOP_LOADED"":3581}},""FR"":{""complete"":true,""event_evidence_passed"":true,""events"":[""ACTIVE_LIFT"",""FRONT_FACE_CROSSED"",""TOP_LOADED""],""lift_precedes_crossing_and_top"":true,""ticks"":{""ACTIVE_LIFT"":1624,""FRONT_FACE_CROSSED"":1665,""TOP_LOADED"":1695}},""RL"":{""complete"":false,""event_evidence_passed"":true,""events"":[""ACTIVE_LIFT""],""lift_precedes_crossing_and_top"":false,""ticks"":{""ACTIVE_LIFT"":7726}},""RR"":{""complete"":true,""event_evidence_passed"":true,""events"":[""ACTIVE_LIFT"",""FRONT_FACE_CROSSED"",""TOP_LOADED""],""lift_precedes_crossing_and_top"":true,""ticks"":{""ACTIVE_LIFT"":6918,""FRONT_FACE_CROSSED"":7110,""TOP_LOADED"":7579}}},""per_leg"":{""FL"":{""complete"":true,""event_evidence_passed"":true,""events"":[""ACTIVE_LIFT"",""FRONT_FACE_CROSSED"",""TOP_LOADED""],""lift_precedes_crossing_and_top"":true,""ticks"":{""ACTIVE_LIFT"":2418,""FRONT_FACE_CROSSED"":3109,""TOP_LOADED"":3581}},""FR"":{""complete"":true,""event_evidence_passed"":true,""events"":[""ACTIVE_LIFT"",""FRONT_FACE_CROSSED"",""TOP_LOADED""],""lift_precedes_crossing_and_top"":true,""ticks"":{""ACTIVE_LIFT"":1624,""FRONT_FACE_CROSSED"":1665,""TOP_LOADED"":1695}},""RL"":{""complete"":false,""event_evidence_passed"":true,""events"":[""ACTIVE_LIFT""],""lift_precedes_crossing_and_top"":false,""ticks"":{""ACTIVE_LIFT"":7726}},""RR"":{""complete"":true,""event_evidence_passed"":true,""events"":[""ACTIVE_LIFT"",""FRONT_FACE_CROSSED"",""TOP_LOADED""],""lift_precedes_crossing_and_top"":true,""ticks"":{""ACTIVE_LIFT"":6918,""FRONT_FACE_CROSSED"":7110,""TOP_LOADED"":7579}}},""reason"":""each front-face crossing has prior active measured-lift evidence in the event ledger or terminal live-observation latch history"",""terminal_observation_latches"":{""all_four_active_lift_crossing_top_latches"":false,""all_leg_front_face_crossings_latched"":false,""all_wheels_final_top_geometry"":false,""passed"":false,""per_leg"":{""FL"":{""complete"":true,""lift_precedes_crossing_and_top"":true,""passed"":{""ACTIVE_LIFT"":true,""FRONT_FACE_CROSSED"":true,""TOP_LOADED"":true},""ticks"":{""ACTIVE_LIFT"":2418,""FRONT_FACE_CROSSED"":3109,""TOP_LOADED"":3581}},""FR"":{""complete"":true,""lift_precedes_crossing_and_top"":true,""passed"":{""ACTIVE_LIFT"":true,""FRONT_FACE_CROSSED"":true,""TOP_LOADED"":true},""ticks"":{""ACTIVE_LIFT"":1624,""FRONT_FACE_CROSSED"":1665,""TOP_LOADED"":1695}},""RL"":{""complete"":false,""lift_precedes_crossing_and_top"":false,""passed"":{""ACTIVE_LIFT"":true,""FRONT_FACE_CROSSED"":false,""TOP_LOADED"":false},""ticks"":{""ACTIVE_LIFT"":7726,""FRONT_FACE_CROSSED"":null,""TOP_LOADED"":null}},""RR"":{""complete"":true,""lift_precedes_crossing_and_top"":true,""passed"":{""ACTIVE_LIFT"":true,""FRONT_FACE_CROSSED"":true,""TOP_LOADED"":true},""ticks"":{""ACTIVE_LIFT"":6918,""FRONT_FACE_CROSSED"":7110,""TOP_LOADED"":7579}}},""rear_leg_order"":""NOT_PROVEN"",""source"":""terminal raw observation live latched guard history"",""terminal_physics_tick"":7856}}",False,False,False,0.0,0,C:\robotics_sim\wlr_robot\fsm_50mm_recording_shaped_clean_v1\runs\trial_015_20260901_clean_v010\actual_viewport_video.mp4,True,True,65.46666666666667,True,False,0,0,0,0,,True,hash-bound frozen config/runtime source proof,0,INCOMPLETE_CONTROLLER_BLOCKED,INCOMPLETE_CONTROLLER_BLOCKED,INCOMPLETE_CONTROLLER_BLOCKED,,,,,,NOT_EVALUATED_INCOMPLETE_TRIAL,65.46666666666667,False,
trial_016_20260901_clean_v010,16,False,VALID,True,602f6e0893d999e5cb078aadf75541234440a3af918dc58e0154e80ff16ea3cb,e8a2a2b1485a32a50e851a07b9dd8ac4945b78ec49b7fada2b61c3eeb1e18892,True,True,"[""P01"",""P02"",""P03"",""P04"",""P05"",""P06"",""P07"",""P08"",""P09""]",False,False,False,"[0.8087784051895142,-0.02307307720184326,0.10696286708116531]","{""front_left_ankle"":[0.944651186466217,0.04382450506091118,0.09984235465526581],""front_right_ankle"":[1.115396499633789,-0.3711393475532532,0.137323796749115],""rear_left_ankle"":[0.43318480253219604,0.08518947660923004,0.050419338047504425],""rear_right_ankle"":[0.5941200256347656,-0.3263043165206909,0.09860888868570328]}",False,RR_FIRST,False,"{""body_collision"":false,""confirmed_collision_row_count"":0,""exact_pair_active_row_count"":0,""ledger_row_count"":7857,""maximum_normal_force_n"":0.0,""maximum_penetration_m"":0.0,""noise_filter"":""single-frame exact-pair activity is ignored only when it has neither positive penetration nor a second consecutive nonzero-force sample"",""penetrating_row_count"":0,""persistent_row_count"":0,""reported_collision_row_count"":0}",False,"{""detector_positive_count"":0,""event_logger_per_leg"":{""FL"":{""complete"":true,""event_evidence_passed"":true,""events"":[""ACTIVE_LIFT"",""FRONT_FACE_CROSSED"",""TOP_LOADED""],""lift_precedes_crossing_and_top"":true,""ticks"":{""ACTIVE_LIFT"":2418,""FRONT_FACE_CROSSED"":3109,""TOP_LOADED"":3581}},""FR"":{""complete"":true,""event_evidence_passed"":true,""events"":[""ACTIVE_LIFT"",""FRONT_FACE_CROSSED"",""TOP_LOADED""],""lift_precedes_crossing_and_top"":true,""ticks"":{""ACTIVE_LIFT"":1624,""FRONT_FACE_CROSSED"":1665,""TOP_LOADED"":1695}},""RL"":{""complete"":false,""event_evidence_passed"":true,""events"":[""ACTIVE_LIFT""],""lift_precedes_crossing_and_top"":false,""ticks"":{""ACTIVE_LIFT"":7726}},""RR"":{""complete"":true,""event_evidence_passed"":true,""events"":[""ACTIVE_LIFT"",""FRONT_FACE_CROSSED"",""TOP_LOADED""],""lift_precedes_crossing_and_top"":true,""ticks"":{""ACTIVE_LIFT"":6918,""FRONT_FACE_CROSSED"":7110,""TOP_LOADED"":7579}}},""per_leg"":{""FL"":{""complete"":true,""event_evidence_passed"":true,""events"":[""ACTIVE_LIFT"",""FRONT_FACE_CROSSED"",""TOP_LOADED""],""lift_precedes_crossing_and_top"":true,""ticks"":{""ACTIVE_LIFT"":2418,""FRONT_FACE_CROSSED"":3109,""TOP_LOADED"":3581}},""FR"":{""complete"":true,""event_evidence_passed"":true,""events"":[""ACTIVE_LIFT"",""FRONT_FACE_CROSSED"",""TOP_LOADED""],""lift_precedes_crossing_and_top"":true,""ticks"":{""ACTIVE_LIFT"":1624,""FRONT_FACE_CROSSED"":1665,""TOP_LOADED"":1695}},""RL"":{""complete"":false,""event_evidence_passed"":true,""events"":[""ACTIVE_LIFT""],""lift_precedes_crossing_and_top"":false,""ticks"":{""ACTIVE_LIFT"":7726}},""RR"":{""complete"":true,""event_evidence_passed"":true,""events"":[""ACTIVE_LIFT"",""FRONT_FACE_CROSSED"",""TOP_LOADED""],""lift_precedes_crossing_and_top"":true,""ticks"":{""ACTIVE_LIFT"":6918,""FRONT_FACE_CROSSED"":7110,""TOP_LOADED"":7579}}},""reason"":""each front-face crossing has prior active measured-lift evidence in the event ledger or terminal live-observation latch history"",""terminal_observation_latches"":{""all_four_active_lift_crossing_top_latches"":false,""all_leg_front_face_crossings_latched"":false,""all_wheels_final_top_geometry"":false,""passed"":false,""per_leg"":{""FL"":{""complete"":true,""lift_precedes_crossing_and_top"":true,""passed"":{""ACTIVE_LIFT"":true,""FRONT_FACE_CROSSED"":true,""TOP_LOADED"":true},""ticks"":{""ACTIVE_LIFT"":2418,""FRONT_FACE_CROSSED"":3109,""TOP_LOADED"":3581}},""FR"":{""complete"":true,""lift_precedes_crossing_and_top"":true,""passed"":{""ACTIVE_LIFT"":true,""FRONT_FACE_CROSSED"":true,""TOP_LOADED"":true},""ticks"":{""ACTIVE_LIFT"":1624,""FRONT_FACE_CROSSED"":1665,""TOP_LOADED"":1695}},""RL"":{""complete"":false,""lift_precedes_crossing_and_top"":false,""passed"":{""ACTIVE_LIFT"":true,""FRONT_FACE_CROSSED"":false,""TOP_LOADED"":false},""ticks"":{""ACTIVE_LIFT"":7726,""FRONT_FACE_CROSSED"":null,""TOP_LOADED"":null}},""RR"":{""complete"":true,""lift_precedes_crossing_and_top"":true,""passed"":{""ACTIVE_LIFT"":true,""FRONT_FACE_CROSSED"":true,""TOP_LOADED"":true},""ticks"":{""ACTIVE_LIFT"":6918,""FRONT_FACE_CROSSED"":7110,""TOP_LOADED"":7579}}},""rear_leg_order"":""NOT_PROVEN"",""source"":""terminal raw observation live latched guard history"",""terminal_physics_tick"":7856}}",False,False,False,0.0,0,C:\robotics_sim\wlr_robot\fsm_50mm_recording_shaped_clean_v1\runs\trial_016_20260901_clean_v010\actual_viewport_video.mp4,True,True,65.46666666666667,True,False,0,0,0,0,,True,hash-bound frozen config/runtime source proof,0,INCOMPLETE_CONTROLLER_BLOCKED,INCOMPLETE_CONTROLLER_BLOCKED,INCOMPLETE_CONTROLLER_BLOCKED,,,,,,NOT_EVALUATED_INCOMPLETE_TRIAL,65.46666666666667,False,
trial_017_20260902_clean_v010,17,False,VALID,True,602f6e0893d999e5cb078aadf75541234440a3af918dc58e0154e80ff16ea3cb,e8a2a2b1485a32a50e851a07b9dd8ac4945b78ec49b7fada2b61c3eeb1e18892,True,True,"[""P01"",""P02"",""P03"",""P04"",""P05"",""P06"",""P07"",""P08"",""P09""]",False,False,False,"[0.8033483624458313,-0.023730292916297913,0.10588869452476501]","{""front_left_ankle"":[0.9395310282707214,0.043367885053157806,0.10030966252088547],""front_right_ankle"":[1.110175609588623,-0.37203121185302734,0.13086947798728943],""rear_left_ankle"":[0.42778027057647705,0.08524321019649506,0.05011898651719093],""rear_right_ankle"":[0.5920014381408691,-0.3270070552825928,0.09834667295217514]}",False,RR_FIRST,False,"{""body_collision"":false,""confirmed_collision_row_count"":0,""exact_pair_active_row_count"":0,""ledger_row_count"":7849,""maximum_normal_force_n"":0.0,""maximum_penetration_m"":0.0,""noise_filter"":""single-frame exact-pair activity is ignored only when it has neither positive penetration nor a second consecutive nonzero-force sample"",""penetrating_row_count"":0,""persistent_row_count"":0,""reported_collision_row_count"":0}",False,"{""detector_positive_count"":0,""event_logger_per_leg"":{""FL"":{""complete"":true,""event_evidence_passed"":true,""events"":[""ACTIVE_LIFT"",""FRONT_FACE_CROSSED"",""TOP_LOADED""],""lift_precedes_crossing_and_top"":true,""ticks"":{""ACTIVE_LIFT"":2418,""FRONT_FACE_CROSSED"":3109,""TOP_LOADED"":3581}},""FR"":{""complete"":true,""event_evidence_passed"":true,""events"":[""ACTIVE_LIFT"",""FRONT_FACE_CROSSED"",""TOP_LOADED""],""lift_precedes_crossing_and_top"":true,""ticks"":{""ACTIVE_LIFT"":1624,""FRONT_FACE_CROSSED"":1665,""TOP_LOADED"":1695}},""RL"":{""complete"":false,""event_evidence_passed"":true,""events"":[""ACTIVE_LIFT""],""lift_precedes_crossing_and_top"":false,""ticks"":{""ACTIVE_LIFT"":7726}},""RR"":{""complete"":true,""event_evidence_passed"":true,""events"":[""ACTIVE_LIFT"",""FRONT_FACE_CROSSED"",""TOP_LOADED""],""lift_precedes_crossing_and_top"":true,""ticks"":{""ACTIVE_LIFT"":6918,""FRONT_FACE_CROSSED"":7110,""TOP_LOADED"":7579}}},""per_leg"":{""FL"":{""complete"":true,""event_evidence_passed"":true,""events"":[""ACTIVE_LIFT"",""FRONT_FACE_CROSSED"",""TOP_LOADED""],""lift_precedes_crossing_and_top"":true,""ticks"":{""ACTIVE_LIFT"":2418,""FRONT_FACE_CROSSED"":3109,""TOP_LOADED"":3581}},""FR"":{""complete"":true,""event_evidence_passed"":true,""events"":[""ACTIVE_LIFT"",""FRONT_FACE_CROSSED"",""TOP_LOADED""],""lift_precedes_crossing_and_top"":true,""ticks"":{""ACTIVE_LIFT"":1624,""FRONT_FACE_CROSSED"":1665,""TOP_LOADED"":1695}},""RL"":{""complete"":false,""event_evidence_passed"":true,""events"":[""ACTIVE_LIFT""],""lift_precedes_crossing_and_top"":false,""ticks"":{""ACTIVE_LIFT"":7726}},""RR"":{""complete"":true,""event_evidence_passed"":true,""events"":[""ACTIVE_LIFT"",""FRONT_FACE_CROSSED"",""TOP_LOADED""],""lift_precedes_crossing_and_top"":true,""ticks"":{""ACTIVE_LIFT"":6918,""FRONT_FACE_CROSSED"":7110,""TOP_LOADED"":7579}}},""reason"":""each front-face crossing has prior active measured-lift evidence in the event ledger or terminal live-observation latch history"",""terminal_observation_latches"":{""all_four_active_lift_crossing_top_latches"":false,""all_leg_front_face_crossings_latched"":false,""all_wheels_final_top_geometry"":false,""passed"":false,""per_leg"":{""FL"":{""complete"":true,""lift_precedes_crossing_and_top"":true,""passed"":{""ACTIVE_LIFT"":true,""FRONT_FACE_CROSSED"":true,""TOP_LOADED"":true},""ticks"":{""ACTIVE_LIFT"":2418,""FRONT_FACE_CROSSED"":3109,""TOP_LOADED"":3581}},""FR"":{""complete"":true,""lift_precedes_crossing_and_top"":true,""passed"":{""ACTIVE_LIFT"":true,""FRONT_FACE_CROSSED"":true,""TOP_LOADED"":true},""ticks"":{""ACTIVE_LIFT"":1624,""FRONT_FACE_CROSSED"":1665,""TOP_LOADED"":1695}},""RL"":{""complete"":false,""lift_precedes_crossing_and_top"":false,""passed"":{""ACTIVE_LIFT"":true,""FRONT_FACE_CROSSED"":false,""TOP_LOADED"":false},""ticks"":{""ACTIVE_LIFT"":7726,""FRONT_FACE_CROSSED"":null,""TOP_LOADED"":null}},""RR"":{""complete"":true,""lift_precedes_crossing_and_top"":true,""passed"":{""ACTIVE_LIFT"":true,""FRONT_FACE_CROSSED"":true,""TOP_LOADED"":true},""ticks"":{""ACTIVE_LIFT"":6918,""FRONT_FACE_CROSSED"":7110,""TOP_LOADED"":7579}}},""rear_leg_order"":""NOT_PROVEN"",""source"":""terminal raw observation live latched guard history"",""terminal_physics_tick"":7848}}",False,False,False,0.0,0,C:\robotics_sim\wlr_robot\fsm_50mm_recording_shaped_clean_v1\runs\trial_017_20260902_clean_v010\actual_viewport_video.mp4,True,True,65.4,True,False,0,0,0,0,,True,hash-bound frozen config/runtime source proof,0,INCOMPLETE_CONTROLLER_BLOCKED,INCOMPLETE_CONTROLLER_BLOCKED,INCOMPLETE_CONTROLLER_BLOCKED,,,,,,NOT_EVALUATED_INCOMPLETE_TRIAL,65.4,False,
trial_018_20260902_clean_v010,18,False,VALID,True,602f6e0893d999e5cb078aadf75541234440a3af918dc58e0154e80ff16ea3cb,e8a2a2b1485a32a50e851a07b9dd8ac4945b78ec49b7fada2b61c3eeb1e18892,True,True,"[""P01"",""P02"",""P03"",""P04"",""P05"",""P06"",""P07"",""P08"",""P09""]",False,False,False,"[0.8115736246109009,-0.022083550691604614,0.10816413164138794]","{""front_left_ankle"":[0.9478629231452942,0.04505126550793648,0.10030236840248108],""front_right_ankle"":[1.1190558671951294,-0.3690352737903595,0.1417008489370346],""rear_left_ankle"":[0.4355839788913727,0.08468945324420929,0.05056207999587059],""rear_right_ankle"":[0.5962515473365784,-0.32602033019065857,0.09877891838550568]}",False,RR_FIRST,False,"{""body_collision"":false,""confirmed_collision_row_count"":0,""exact_pair_active_row_count"":0,""ledger_row_count"":7849,""maximum_normal_force_n"":0.0,""maximum_penetration_m"":0.0,""noise_filter"":""single-frame exact-pair activity is ignored only when it has neither positive penetration nor a second consecutive nonzero-force sample"",""penetrating_row_count"":0,""persistent_row_count"":0,""reported_collision_row_count"":0}",False,"{""detector_positive_count"":0,""event_logger_per_leg"":{""FL"":{""complete"":true,""event_evidence_passed"":true,""events"":[""ACTIVE_LIFT"",""FRONT_FACE_CROSSED"",""TOP_LOADED""],""lift_precedes_crossing_and_top"":true,""ticks"":{""ACTIVE_LIFT"":2418,""FRONT_FACE_CROSSED"":3109,""TOP_LOADED"":3581}},""FR"":{""complete"":true,""event_evidence_passed"":true,""events"":[""ACTIVE_LIFT"",""FRONT_FACE_CROSSED"",""TOP_LOADED""],""lift_precedes_crossing_and_top"":true,""ticks"":{""ACTIVE_LIFT"":1624,""FRONT_FACE_CROSSED"":1665,""TOP_LOADED"":1695}},""RL"":{""complete"":false,""event_evidence_passed"":true,""events"":[""ACTIVE_LIFT""],""lift_precedes_crossing_and_top"":false,""ticks"":{""ACTIVE_LIFT"":7726}},""RR"":{""complete"":true,""event_evidence_passed"":true,""events"":[""ACTIVE_LIFT"",""FRONT_FACE_CROSSED"",""TOP_LOADED""],""lift_precedes_crossing_and_top"":true,""ticks"":{""ACTIVE_LIFT"":6918,""FRONT_FACE_CROSSED"":7110,""TOP_LOADED"":7579}}},""per_leg"":{""FL"":{""complete"":true,""event_evidence_passed"":true,""events"":[""ACTIVE_LIFT"",""FRONT_FACE_CROSSED"",""TOP_LOADED""],""lift_precedes_crossing_and_top"":true,""ticks"":{""ACTIVE_LIFT"":2418,""FRONT_FACE_CROSSED"":3109,""TOP_LOADED"":3581}},""FR"":{""complete"":true,""event_evidence_passed"":true,""events"":[""ACTIVE_LIFT"",""FRONT_FACE_CROSSED"",""TOP_LOADED""],""lift_precedes_crossing_and_top"":true,""ticks"":{""ACTIVE_LIFT"":1624,""FRONT_FACE_CROSSED"":1665,""TOP_LOADED"":1695}},""RL"":{""complete"":false,""event_evidence_passed"":true,""events"":[""ACTIVE_LIFT""],""lift_precedes_crossing_and_top"":false,""ticks"":{""ACTIVE_LIFT"":7726}},""RR"":{""complete"":true,""event_evidence_passed"":true,""events"":[""ACTIVE_LIFT"",""FRONT_FACE_CROSSED"",""TOP_LOADED""],""lift_precedes_crossing_and_top"":true,""ticks"":{""ACTIVE_LIFT"":6918,""FRONT_FACE_CROSSED"":7110,""TOP_LOADED"":7579}}},""reason"":""each front-face crossing has prior active measured-lift evidence in the event ledger or terminal live-observation latch history"",""terminal_observation_latches"":{""all_four_active_lift_crossing_top_latches"":false,""all_leg_front_face_crossings_latched"":false,""all_wheels_final_top_geometry"":false,""passed"":false,""per_leg"":{""FL"":{""complete"":true,""lift_precedes_crossing_and_top"":true,""passed"":{""ACTIVE_LIFT"":true,""FRONT_FACE_CROSSED"":true,""TOP_LOADED"":true},""ticks"":{""ACTIVE_LIFT"":2418,""FRONT_FACE_CROSSED"":3109,""TOP_LOADED"":3581}},""FR"":{""complete"":true,""lift_precedes_crossing_and_top"":true,""passed"":{""ACTIVE_LIFT"":true,""FRONT_FACE_CROSSED"":true,""TOP_LOADED"":true},""ticks"":{""ACTIVE_LIFT"":1624,""FRONT_FACE_CROSSED"":1665,""TOP_LOADED"":1695}},""RL"":{""complete"":false,""lift_precedes_crossing_and_top"":false,""passed"":{""ACTIVE_LIFT"":true,""FRONT_FACE_CROSSED"":false,""TOP_LOADED"":false},""ticks"":{""ACTIVE_LIFT"":7726,""FRONT_FACE_CROSSED"":null,""TOP_LOADED"":null}},""RR"":{""complete"":true,""lift_precedes_crossing_and_top"":true,""passed"":{""ACTIVE_LIFT"":true,""FRONT_FACE_CROSSED"":true,""TOP_LOADED"":true},""ticks"":{""ACTIVE_LIFT"":6918,""FRONT_FACE_CROSSED"":7110,""TOP_LOADED"":7579}}},""rear_leg_order"":""NOT_PROVEN"",""source"":""terminal raw observation live latched guard history"",""terminal_physics_tick"":7848}}",False,False,False,0.0,0,C:\robotics_sim\wlr_robot\fsm_50mm_recording_shaped_clean_v1\runs\trial_018_20260902_clean_v010\actual_viewport_video.mp4,True,True,65.4,True,False,0,0,0,0,,True,hash-bound frozen config/runtime source proof,0,INCOMPLETE_CONTROLLER_BLOCKED,INCOMPLETE_CONTROLLER_BLOCKED,INCOMPLETE_CONTROLLER_BLOCKED,,,,,,NOT_EVALUATED_INCOMPLETE_TRIAL,65.4,False,
trial_019_20260902_clean_v010,19,True,VALID,True,602f6e0893d999e5cb078aadf75541234440a3af918dc58e0154e80ff16ea3cb,e8a2a2b1485a32a50e851a07b9dd8ac4945b78ec49b7fada2b61c3eeb1e18892,True,True,"[""P01"",""P02"",""P03"",""P04"",""P05"",""P06"",""P07"",""P08"",""P09"",""P10"",""P11"",""P12"",""P13""]",True,True,True,"[1.3515050411224365,-0.0621037632226944,0.15504437685012817]","{""front_left_ankle"":[1.5983397960662842,0.004598998464643955,0.09844901412725449],""front_right_ankle"":[1.6005830764770508,-0.3950324058532715,0.10024794936180115],""rear_left_ankle"":[1.0767581462860107,0.03234156593680382,0.10494476556777954],""rear_right_ankle"":[1.0403419733047485,-0.3626066744327545,0.1007336676120758]}",True,RR_FIRST,False,"{""body_collision"":false,""confirmed_collision_row_count"":0,""exact_pair_active_row_count"":0,""ledger_row_count"":12945,""maximum_normal_force_n"":0.0,""maximum_penetration_m"":0.0,""noise_filter"":""single-frame exact-pair activity is ignored only when it has neither positive penetration nor a second consecutive nonzero-force sample"",""penetrating_row_count"":0,""persistent_row_count"":0,""reported_collision_row_count"":0}",False,"{""detector_positive_count"":0,""event_logger_per_leg"":{""FL"":{""complete"":true,""event_evidence_passed"":true,""events"":[""ACTIVE_LIFT"",""FRONT_FACE_CROSSED"",""TOP_LOADED""],""lift_precedes_crossing_and_top"":true,""ticks"":{""ACTIVE_LIFT"":2418,""FRONT_FACE_CROSSED"":3109,""TOP_LOADED"":3581}},""FR"":{""complete"":true,""event_evidence_passed"":true,""events"":[""ACTIVE_LIFT"",""FRONT_FACE_CROSSED"",""TOP_LOADED""],""lift_precedes_crossing_and_top"":true,""ticks"":{""ACTIVE_LIFT"":1624,""FRONT_FACE_CROSSED"":1665,""TOP_LOADED"":1695}},""RL"":{""complete"":true,""event_evidence_passed"":true,""events"":[""ACTIVE_LIFT"",""FRONT_FACE_CROSSED"",""TOP_LOADED""],""lift_precedes_crossing_and_top"":true,""ticks"":{""ACTIVE_LIFT"":7726,""FRONT_FACE_CROSSED"":8390,""TOP_LOADED"":8419}},""RR"":{""complete"":true,""event_evidence_passed"":true,""events"":[""ACTIVE_LIFT"",""FRONT_FACE_CROSSED"",""TOP_LOADED""],""lift_precedes_crossing_and_top"":true,""ticks"":{""ACTIVE_LIFT"":6918,""FRONT_FACE_CROSSED"":7110,""TOP_LOADED"":7579}}},""per_leg"":{""FL"":{""complete"":true,""event_evidence_passed"":true,""events"":[""ACTIVE_LIFT"",""FRONT_FACE_CROSSED"",""TOP_LOADED""],""lift_precedes_crossing_and_top"":true,""ticks"":{""ACTIVE_LIFT"":2418,""FRONT_FACE_CROSSED"":3109,""TOP_LOADED"":3581}},""FR"":{""complete"":true,""event_evidence_passed"":true,""events"":[""ACTIVE_LIFT"",""FRONT_FACE_CROSSED"",""TOP_LOADED""],""lift_precedes_crossing_and_top"":true,""ticks"":{""ACTIVE_LIFT"":1624,""FRONT_FACE_CROSSED"":1665,""TOP_LOADED"":1695}},""RL"":{""complete"":true,""event_evidence_passed"":true,""events"":[""ACTIVE_LIFT"",""FRONT_FACE_CROSSED"",""TOP_LOADED""],""lift_precedes_crossing_and_top"":true,""ticks"":{""ACTIVE_LIFT"":7726,""FRONT_FACE_CROSSED"":8390,""TOP_LOADED"":8419}},""RR"":{""complete"":true,""event_evidence_passed"":true,""events"":[""ACTIVE_LIFT"",""FRONT_FACE_CROSSED"",""TOP_LOADED""],""lift_precedes_crossing_and_top"":true,""ticks"":{""ACTIVE_LIFT"":6918,""FRONT_FACE_CROSSED"":7110,""TOP_LOADED"":7579}}},""reason"":""each front-face crossing has prior active measured-lift evidence in the event ledger or terminal live-observation latch history"",""terminal_observation_latches"":{""all_four_active_lift_crossing_top_latches"":true,""all_leg_front_face_crossings_latched"":true,""all_wheels_final_top_geometry"":true,""passed"":true,""per_leg"":{""FL"":{""complete"":true,""lift_precedes_crossing_and_top"":true,""passed"":{""ACTIVE_LIFT"":true,""FRONT_FACE_CROSSED"":true,""TOP_LOADED"":true},""ticks"":{""ACTIVE_LIFT"":2418,""FRONT_FACE_CROSSED"":3109,""TOP_LOADED"":3581}},""FR"":{""complete"":true,""lift_precedes_crossing_and_top"":true,""passed"":{""ACTIVE_LIFT"":true,""FRONT_FACE_CROSSED"":true,""TOP_LOADED"":true},""ticks"":{""ACTIVE_LIFT"":1624,""FRONT_FACE_CROSSED"":1665,""TOP_LOADED"":1695}},""RL"":{""complete"":true,""lift_precedes_crossing_and_top"":true,""passed"":{""ACTIVE_LIFT"":true,""FRONT_FACE_CROSSED"":true,""TOP_LOADED"":true},""ticks"":{""ACTIVE_LIFT"":7726,""FRONT_FACE_CROSSED"":8390,""TOP_LOADED"":8419}},""RR"":{""complete"":true,""lift_precedes_crossing_and_top"":true,""passed"":{""ACTIVE_LIFT"":true,""FRONT_FACE_CROSSED"":true,""TOP_LOADED"":true},""ticks"":{""ACTIVE_LIFT"":6918,""FRONT_FACE_CROSSED"":7110,""TOP_LOADED"":7579}}},""rear_leg_order"":""RR_FIRST"",""source"":""terminal raw observation live latched guard history"",""terminal_physics_tick"":12944}}",False,False,True,0.7916666666666572,1,C:\robotics_sim\wlr_robot\fsm_50mm_recording_shaped_clean_v1\runs\trial_019_20260902_clean_v010\actual_viewport_video.mp4,True,True,107.86666666666666,True,False,0,0,0,0,,True,hash-bound frozen config/runtime source proof,0,INCOMPLETE_CONTROLLER_BLOCKED,SUCCESS,TASK_SUCCESS_WITH_REFERENCE_DIVERGENCE_WARNING,52.75013911083131,P09,rear_left_ankle,measured_peak_velocity_error_percent,False,REFERENCE_DIVERGENCE_WARNING,107.86666666666666,False,
trial_020_20260902_clean_v010,20,False,VALID,True,602f6e0893d999e5cb078aadf75541234440a3af918dc58e0154e80ff16ea3cb,e8a2a2b1485a32a50e851a07b9dd8ac4945b78ec49b7fada2b61c3eeb1e18892,True,True,"[""P01"",""P02"",""P03"",""P04"",""P05"",""P06"",""P07"",""P08"",""P09""]",False,False,False,"[0.8093589544296265,-0.023024573922157288,0.10745542496442795]","{""front_left_ankle"":[0.9457287192344666,0.043896183371543884,0.0999688133597374],""front_right_ankle"":[1.1161836385726929,-0.37077391147613525,0.1387939304113388],""rear_left_ankle"":[0.4337349236011505,0.08480878174304962,0.05048447847366333],""rear_right_ankle"":[0.5945348143577576,-0.32645851373672485,0.09865192323923111]}",False,RR_FIRST,False,"{""body_collision"":false,""confirmed_collision_row_count"":0,""exact_pair_active_row_count"":0,""ledger_row_count"":7857,""maximum_normal_force_n"":0.0,""maximum_penetration_m"":0.0,""noise_filter"":""single-frame exact-pair activity is ignored only when it has neither positive penetration nor a second consecutive nonzero-force sample"",""penetrating_row_count"":0,""persistent_row_count"":0,""reported_collision_row_count"":0}",False,"{""detector_positive_count"":0,""event_logger_per_leg"":{""FL"":{""complete"":true,""event_evidence_passed"":true,""events"":[""ACTIVE_LIFT"",""FRONT_FACE_CROSSED"",""TOP_LOADED""],""lift_precedes_crossing_and_top"":true,""ticks"":{""ACTIVE_LIFT"":2418,""FRONT_FACE_CROSSED"":3109,""TOP_LOADED"":3581}},""FR"":{""complete"":true,""event_evidence_passed"":true,""events"":[""ACTIVE_LIFT"",""FRONT_FACE_CROSSED"",""TOP_LOADED""],""lift_precedes_crossing_and_top"":true,""ticks"":{""ACTIVE_LIFT"":1624,""FRONT_FACE_CROSSED"":1665,""TOP_LOADED"":1695}},""RL"":{""complete"":false,""event_evidence_passed"":true,""events"":[""ACTIVE_LIFT""],""lift_precedes_crossing_and_top"":false,""ticks"":{""ACTIVE_LIFT"":7726}},""RR"":{""complete"":true,""event_evidence_passed"":true,""events"":[""ACTIVE_LIFT"",""FRONT_FACE_CROSSED"",""TOP_LOADED""],""lift_precedes_crossing_and_top"":true,""ticks"":{""ACTIVE_LIFT"":6918,""FRONT_FACE_CROSSED"":7110,""TOP_LOADED"":7579}}},""per_leg"":{""FL"":{""complete"":true,""event_evidence_passed"":true,""events"":[""ACTIVE_LIFT"",""FRONT_FACE_CROSSED"",""TOP_LOADED""],""lift_precedes_crossing_and_top"":true,""ticks"":{""ACTIVE_LIFT"":2418,""FRONT_FACE_CROSSED"":3109,""TOP_LOADED"":3581}},""FR"":{""complete"":true,""event_evidence_passed"":true,""events"":[""ACTIVE_LIFT"",""FRONT_FACE_CROSSED"",""TOP_LOADED""],""lift_precedes_crossing_and_top"":true,""ticks"":{""ACTIVE_LIFT"":1624,""FRONT_FACE_CROSSED"":1665,""TOP_LOADED"":1695}},""RL"":{""complete"":false,""event_evidence_passed"":true,""events"":[""ACTIVE_LIFT""],""lift_precedes_crossing_and_top"":false,""ticks"":{""ACTIVE_LIFT"":7726}},""RR"":{""complete"":true,""event_evidence_passed"":true,""events"":[""ACTIVE_LIFT"",""FRONT_FACE_CROSSED"",""TOP_LOADED""],""lift_precedes_crossing_and_top"":true,""ticks"":{""ACTIVE_LIFT"":6918,""FRONT_FACE_CROSSED"":7110,""TOP_LOADED"":7579}}},""reason"":""each front-face crossing has prior active measured-lift evidence in the event ledger or terminal live-observation latch history"",""terminal_observation_latches"":{""all_four_active_lift_crossing_top_latches"":false,""all_leg_front_face_crossings_latched"":false,""all_wheels_final_top_geometry"":false,""passed"":false,""per_leg"":{""FL"":{""complete"":true,""lift_precedes_crossing_and_top"":true,""passed"":{""ACTIVE_LIFT"":true,""FRONT_FACE_CROSSED"":true,""TOP_LOADED"":true},""ticks"":{""ACTIVE_LIFT"":2418,""FRONT_FACE_CROSSED"":3109,""TOP_LOADED"":3581}},""FR"":{""complete"":true,""lift_precedes_crossing_and_top"":true,""passed"":{""ACTIVE_LIFT"":true,""FRONT_FACE_CROSSED"":true,""TOP_LOADED"":true},""ticks"":{""ACTIVE_LIFT"":1624,""FRONT_FACE_CROSSED"":1665,""TOP_LOADED"":1695}},""RL"":{""complete"":false,""lift_precedes_crossing_and_top"":false,""passed"":{""ACTIVE_LIFT"":true,""FRONT_FACE_CROSSED"":false,""TOP_LOADED"":false},""ticks"":{""ACTIVE_LIFT"":7726,""FRONT_FACE_CROSSED"":null,""TOP_LOADED"":null}},""RR"":{""complete"":true,""lift_precedes_crossing_and_top"":true,""passed"":{""ACTIVE_LIFT"":true,""FRONT_FACE_CROSSED"":true,""TOP_LOADED"":true},""ticks"":{""ACTIVE_LIFT"":6918,""FRONT_FACE_CROSSED"":7110,""TOP_LOADED"":7579}}},""rear_leg_order"":""NOT_PROVEN"",""source"":""terminal raw observation live latched guard history"",""terminal_physics_tick"":7856}}",False,False,False,0.0,0,C:\robotics_sim\wlr_robot\fsm_50mm_recording_shaped_clean_v1\runs\trial_020_20260902_clean_v010\actual_viewport_video.mp4,True,True,65.46666666666667,True,False,0,0,0,0,,True,hash-bound frozen config/runtime source proof,0,INCOMPLETE_CONTROLLER_BLOCKED,INCOMPLETE_CONTROLLER_BLOCKED,INCOMPLETE_CONTROLLER_BLOCKED,,,,,,NOT_EVALUATED_INCOMPLETE_TRIAL,65.46666666666667,False,
trial_021_20260902_clean_v010,21,True,VALID,True,602f6e0893d999e5cb078aadf75541234440a3af918dc58e0154e80ff16ea3cb,e8a2a2b1485a32a50e851a07b9dd8ac4945b78ec49b7fada2b61c3eeb1e18892,True,True,"[""P01"",""P02"",""P03"",""P04"",""P05"",""P06"",""P07"",""P08"",""P09"",""P10"",""P11"",""P12"",""P13""]",True,True,True,"[1.3563169240951538,-0.06954637914896011,0.15339666604995728]","{""front_left_ankle"":[1.6035723686218262,-0.007789336144924164,0.09884132444858551],""front_right_ankle"":[1.6001529693603516,-0.4073850214481354,0.10649879276752472],""rear_left_ankle"":[1.0841996669769287,0.02854345366358757,0.0993884950876236],""rear_right_ankle"":[1.040658950805664,-0.36569932103157043,0.10043901950120926]}",True,RR_FIRST,False,"{""body_collision"":false,""confirmed_collision_row_count"":0,""exact_pair_active_row_count"":0,""ledger_row_count"":12977,""maximum_normal_force_n"":0.0,""maximum_penetration_m"":0.0,""noise_filter"":""single-frame exact-pair activity is ignored only when it has neither positive penetration nor a second consecutive nonzero-force sample"",""penetrating_row_count"":0,""persistent_row_count"":0,""reported_collision_row_count"":0}",False,"{""detector_positive_count"":0,""event_logger_per_leg"":{""FL"":{""complete"":true,""event_evidence_passed"":true,""events"":[""ACTIVE_LIFT"",""FRONT_FACE_CROSSED"",""TOP_LOADED""],""lift_precedes_crossing_and_top"":true,""ticks"":{""ACTIVE_LIFT"":2418,""FRONT_FACE_CROSSED"":3109,""TOP_LOADED"":3581}},""FR"":{""complete"":true,""event_evidence_passed"":true,""events"":[""ACTIVE_LIFT"",""FRONT_FACE_CROSSED"",""TOP_LOADED""],""lift_precedes_crossing_and_top"":true,""ticks"":{""ACTIVE_LIFT"":1624,""FRONT_FACE_CROSSED"":1665,""TOP_LOADED"":1695}},""RL"":{""complete"":true,""event_evidence_passed"":true,""events"":[""ACTIVE_LIFT"",""FRONT_FACE_CROSSED"",""TOP_LOADED""],""lift_precedes_crossing_and_top"":true,""ticks"":{""ACTIVE_LIFT"":7726,""FRONT_FACE_CROSSED"":8389,""TOP_LOADED"":8419}},""RR"":{""complete"":true,""event_evidence_passed"":true,""events"":[""ACTIVE_LIFT"",""FRONT_FACE_CROSSED"",""TOP_LOADED""],""lift_precedes_crossing_and_top"":true,""ticks"":{""ACTIVE_LIFT"":6918,""FRONT_FACE_CROSSED"":7110,""TOP_LOADED"":7579}}},""per_leg"":{""FL"":{""complete"":true,""event_evidence_passed"":true,""events"":[""ACTIVE_LIFT"",""FRONT_FACE_CROSSED"",""TOP_LOADED""],""lift_precedes_crossing_and_top"":true,""ticks"":{""ACTIVE_LIFT"":2418,""FRONT_FACE_CROSSED"":3109,""TOP_LOADED"":3581}},""FR"":{""complete"":true,""event_evidence_passed"":true,""events"":[""ACTIVE_LIFT"",""FRONT_FACE_CROSSED"",""TOP_LOADED""],""lift_precedes_crossing_and_top"":true,""ticks"":{""ACTIVE_LIFT"":1624,""FRONT_FACE_CROSSED"":1665,""TOP_LOADED"":1695}},""RL"":{""complete"":true,""event_evidence_passed"":true,""events"":[""ACTIVE_LIFT"",""FRONT_FACE_CROSSED"",""TOP_LOADED""],""lift_precedes_crossing_and_top"":true,""ticks"":{""ACTIVE_LIFT"":7726,""FRONT_FACE_CROSSED"":8389,""TOP_LOADED"":8419}},""RR"":{""complete"":true,""event_evidence_passed"":true,""events"":[""ACTIVE_LIFT"",""FRONT_FACE_CROSSED"",""TOP_LOADED""],""lift_precedes_crossing_and_top"":true,""ticks"":{""ACTIVE_LIFT"":6918,""FRONT_FACE_CROSSED"":7110,""TOP_LOADED"":7579}}},""reason"":""each front-face crossing has prior active measured-lift evidence in the event ledger or terminal live-observation latch history"",""terminal_observation_latches"":{""all_four_active_lift_crossing_top_latches"":true,""all_leg_front_face_crossings_latched"":true,""all_wheels_final_top_geometry"":true,""passed"":true,""per_leg"":{""FL"":{""complete"":true,""lift_precedes_crossing_and_top"":true,""passed"":{""ACTIVE_LIFT"":true,""FRONT_FACE_CROSSED"":true,""TOP_LOADED"":true},""ticks"":{""ACTIVE_LIFT"":2418,""FRONT_FACE_CROSSED"":3109,""TOP_LOADED"":3581}},""FR"":{""complete"":true,""lift_precedes_crossing_and_top"":true,""passed"":{""ACTIVE_LIFT"":true,""FRONT_FACE_CROSSED"":true,""TOP_LOADED"":true},""ticks"":{""ACTIVE_LIFT"":1624,""FRONT_FACE_CROSSED"":1665,""TOP_LOADED"":1695}},""RL"":{""complete"":true,""lift_precedes_crossing_and_top"":true,""passed"":{""ACTIVE_LIFT"":true,""FRONT_FACE_CROSSED"":true,""TOP_LOADED"":true},""ticks"":{""ACTIVE_LIFT"":7726,""FRONT_FACE_CROSSED"":8389,""TOP_LOADED"":8419}},""RR"":{""complete"":true,""lift_precedes_crossing_and_top"":true,""passed"":{""ACTIVE_LIFT"":true,""FRONT_FACE_CROSSED"":true,""TOP_LOADED"":true},""ticks"":{""ACTIVE_LIFT"":6918,""FRONT_FACE_CROSSED"":7110,""TOP_LOADED"":7579}}},""rear_leg_order"":""RR_FIRST"",""source"":""terminal raw observation live latched guard history"",""terminal_physics_tick"":12976}}",False,False,True,1.058333333333323,1,C:\robotics_sim\wlr_robot\fsm_50mm_recording_shaped_clean_v1\runs\trial_021_20260902_clean_v010\actual_viewport_video.mp4,True,True,108.13333333333334,True,False,0,0,0,0,,True,hash-bound frozen config/runtime source proof,0,INCOMPLETE_CONTROLLER_BLOCKED,SUCCESS,TASK_SUCCESS_WITH_REFERENCE_DIVERGENCE_WARNING,52.75013911083131,P09,rear_left_ankle,measured_peak_velocity_error_percent,False,REFERENCE_DIVERGENCE_WARNING,108.13333333333334,False,
trial_022_20260902_clean_v010,22,False,VALID,True,602f6e0893d999e5cb078aadf75541234440a3af918dc58e0154e80ff16ea3cb,e8a2a2b1485a32a50e851a07b9dd8ac4945b78ec49b7fada2b61c3eeb1e18892,True,True,"[""P01"",""P02"",""P03"",""P04"",""P05"",""P06"",""P07"",""P08"",""P09"",""P10"",""P11"",""P12""]",False,True,True,"[1.3521530628204346,-0.06919805705547333,0.1528620719909668]","{""front_left_ankle"":[1.6021300554275513,-0.010605846531689167,0.09891929477453232],""front_right_ankle"":[1.5906273126602173,-0.4096999168395996,0.10629552602767944],""rear_left_ankle"":[1.0789680480957031,0.031655117869377136,0.09967584162950516],""rear_right_ankle"":[1.0358184576034546,-0.36244016885757446,0.09980296343564987]}",True,RR_FIRST,False,"{""body_collision"":false,""confirmed_collision_row_count"":0,""exact_pair_active_row_count"":0,""ledger_row_count"":12977,""maximum_normal_force_n"":0.0,""maximum_penetration_m"":0.0,""noise_filter"":""single-frame exact-pair activity is ignored only when it has neither positive penetration nor a second consecutive nonzero-force sample"",""penetrating_row_count"":0,""persistent_row_count"":0,""reported_collision_row_count"":0}",False,"{""detector_positive_count"":0,""event_logger_per_leg"":{""FL"":{""complete"":true,""event_evidence_passed"":true,""events"":[""ACTIVE_LIFT"",""FRONT_FACE_CROSSED"",""TOP_LOADED""],""lift_precedes_crossing_and_top"":true,""ticks"":{""ACTIVE_LIFT"":2418,""FRONT_FACE_CROSSED"":3109,""TOP_LOADED"":3581}},""FR"":{""complete"":true,""event_evidence_passed"":true,""events"":[""ACTIVE_LIFT"",""FRONT_FACE_CROSSED"",""TOP_LOADED""],""lift_precedes_crossing_and_top"":true,""ticks"":{""ACTIVE_LIFT"":1624,""FRONT_FACE_CROSSED"":1665,""TOP_LOADED"":1695}},""RL"":{""complete"":true,""event_evidence_passed"":true,""events"":[""ACTIVE_LIFT"",""FRONT_FACE_CROSSED"",""TOP_LOADED""],""lift_precedes_crossing_and_top"":true,""ticks"":{""ACTIVE_LIFT"":7726,""FRONT_FACE_CROSSED"":8386,""TOP_LOADED"":8420}},""RR"":{""complete"":true,""event_evidence_passed"":true,""events"":[""ACTIVE_LIFT"",""FRONT_FACE_CROSSED"",""TOP_LOADED""],""lift_precedes_crossing_and_top"":true,""ticks"":{""ACTIVE_LIFT"":6918,""FRONT_FACE_CROSSED"":7110,""TOP_LOADED"":7579}}},""per_leg"":{""FL"":{""complete"":true,""event_evidence_passed"":true,""events"":[""ACTIVE_LIFT"",""FRONT_FACE_CROSSED"",""TOP_LOADED""],""lift_precedes_crossing_and_top"":true,""ticks"":{""ACTIVE_LIFT"":2418,""FRONT_FACE_CROSSED"":3109,""TOP_LOADED"":3581}},""FR"":{""complete"":true,""event_evidence_passed"":true,""events"":[""ACTIVE_LIFT"",""FRONT_FACE_CROSSED"",""TOP_LOADED""],""lift_precedes_crossing_and_top"":true,""ticks"":{""ACTIVE_LIFT"":1624,""FRONT_FACE_CROSSED"":1665,""TOP_LOADED"":1695}},""RL"":{""complete"":true,""event_evidence_passed"":true,""events"":[""ACTIVE_LIFT"",""FRONT_FACE_CROSSED"",""TOP_LOADED""],""lift_precedes_crossing_and_top"":true,""ticks"":{""ACTIVE_LIFT"":7726,""FRONT_FACE_CROSSED"":8386,""TOP_LOADED"":8420}},""RR"":{""complete"":true,""event_evidence_passed"":true,""events"":[""ACTIVE_LIFT"",""FRONT_FACE_CROSSED"",""TOP_LOADED""],""lift_precedes_crossing_and_top"":true,""ticks"":{""ACTIVE_LIFT"":6918,""FRONT_FACE_CROSSED"":7110,""TOP_LOADED"":7579}}},""reason"":""each front-face crossing has prior active measured-lift evidence in the event ledger or terminal live-observation latch history"",""terminal_observation_latches"":{""all_four_active_lift_crossing_top_latches"":true,""all_leg_front_face_crossings_latched"":true,""all_wheels_final_top_geometry"":true,""passed"":true,""per_leg"":{""FL"":{""complete"":true,""lift_precedes_crossing_and_top"":true,""passed"":{""ACTIVE_LIFT"":true,""FRONT_FACE_CROSSED"":true,""TOP_LOADED"":true},""ticks"":{""ACTIVE_LIFT"":2418,""FRONT_FACE_CROSSED"":3109,""TOP_LOADED"":3581}},""FR"":{""complete"":true,""lift_precedes_crossing_and_top"":true,""passed"":{""ACTIVE_LIFT"":true,""FRONT_FACE_CROSSED"":true,""TOP_LOADED"":true},""ticks"":{""ACTIVE_LIFT"":1624,""FRONT_FACE_CROSSED"":1665,""TOP_LOADED"":1695}},""RL"":{""complete"":true,""lift_precedes_crossing_and_top"":true,""passed"":{""ACTIVE_LIFT"":true,""FRONT_FACE_CROSSED"":true,""TOP_LOADED"":true},""ticks"":{""ACTIVE_LIFT"":7726,""FRONT_FACE_CROSSED"":8386,""TOP_LOADED"":8420}},""RR"":{""complete"":true,""lift_precedes_crossing_and_top"":true,""passed"":{""ACTIVE_LIFT"":true,""FRONT_FACE_CROSSED"":true,""TOP_LOADED"":true},""ticks"":{""ACTIVE_LIFT"":6918,""FRONT_FACE_CROSSED"":7110,""TOP_LOADED"":7579}}},""rear_leg_order"":""RR_FIRST"",""source"":""terminal raw observation live latched guard history"",""terminal_physics_tick"":12976}}",False,False,False,0.0,1,C:\robotics_sim\wlr_robot\fsm_50mm_recording_shaped_clean_v1\runs\trial_022_20260902_clean_v010\actual_viewport_video.mp4,True,True,108.13333333333334,True,False,0,0,0,0,,True,hash-bound frozen config/runtime source proof,0,INCOMPLETE_CONTROLLER_BLOCKED,SUCCESS,TASK_SUCCESS,,,,,,NOT_EVALUATED_INCOMPLETE_TRIAL,108.13333333333334,False,
trial_023_20260902_clean_v010,23,False,VALID,True,602f6e0893d999e5cb078aadf75541234440a3af918dc58e0154e80ff16ea3cb,e8a2a2b1485a32a50e851a07b9dd8ac4945b78ec49b7fada2b61c3eeb1e18892,True,True,"[""P01"",""P02"",""P03"",""P04"",""P05"",""P06"",""P07"",""P08"",""P09"",""P10"",""P11"",""P12""]",False,True,True,"[1.356820821762085,-0.07075390219688416,0.15614432096481323]","{""front_left_ankle"":[1.6019760370254517,-0.009921746328473091,0.09904208779335022],""front_right_ankle"":[1.5953961610794067,-0.4096454679965973,0.10023714601993561],""rear_left_ankle"":[1.082999587059021,0.031086381524801254,0.10557675361633301],""rear_right_ankle"":[1.0355234146118164,-0.3627088963985443,0.10033319890499115]}",True,RR_FIRST,False,"{""body_collision"":false,""confirmed_collision_row_count"":0,""exact_pair_active_row_count"":0,""ledger_row_count"":12977,""maximum_normal_force_n"":0.0,""maximum_penetration_m"":0.0,""noise_filter"":""single-frame exact-pair activity is ignored only when it has neither positive penetration nor a second consecutive nonzero-force sample"",""penetrating_row_count"":0,""persistent_row_count"":0,""reported_collision_row_count"":0}",False,"{""detector_positive_count"":0,""event_logger_per_leg"":{""FL"":{""complete"":true,""event_evidence_passed"":true,""events"":[""ACTIVE_LIFT"",""FRONT_FACE_CROSSED"",""TOP_LOADED""],""lift_precedes_crossing_and_top"":true,""ticks"":{""ACTIVE_LIFT"":2418,""FRONT_FACE_CROSSED"":3109,""TOP_LOADED"":3581}},""FR"":{""complete"":true,""event_evidence_passed"":true,""events"":[""ACTIVE_LIFT"",""FRONT_FACE_CROSSED"",""TOP_LOADED""],""lift_precedes_crossing_and_top"":true,""ticks"":{""ACTIVE_LIFT"":1624,""FRONT_FACE_CROSSED"":1665,""TOP_LOADED"":1695}},""RL"":{""complete"":true,""event_evidence_passed"":true,""events"":[""ACTIVE_LIFT"",""FRONT_FACE_CROSSED"",""TOP_LOADED""],""lift_precedes_crossing_and_top"":true,""ticks"":{""ACTIVE_LIFT"":7726,""FRONT_FACE_CROSSED"":8386,""TOP_LOADED"":8420}},""RR"":{""complete"":true,""event_evidence_passed"":true,""events"":[""ACTIVE_LIFT"",""FRONT_FACE_CROSSED"",""TOP_LOADED""],""lift_precedes_crossing_and_top"":true,""ticks"":{""ACTIVE_LIFT"":6918,""FRONT_FACE_CROSSED"":7110,""TOP_LOADED"":7579}}},""per_leg"":{""FL"":{""complete"":true,""event_evidence_passed"":true,""events"":[""ACTIVE_LIFT"",""FRONT_FACE_CROSSED"",""TOP_LOADED""],""lift_precedes_crossing_and_top"":true,""ticks"":{""ACTIVE_LIFT"":2418,""FRONT_FACE_CROSSED"":3109,""TOP_LOADED"":3581}},""FR"":{""complete"":true,""event_evidence_passed"":true,""events"":[""ACTIVE_LIFT"",""FRONT_FACE_CROSSED"",""TOP_LOADED""],""lift_precedes_crossing_and_top"":true,""ticks"":{""ACTIVE_LIFT"":1624,""FRONT_FACE_CROSSED"":1665,""TOP_LOADED"":1695}},""RL"":{""complete"":true,""event_evidence_passed"":true,""events"":[""ACTIVE_LIFT"",""FRONT_FACE_CROSSED"",""TOP_LOADED""],""lift_precedes_crossing_and_top"":true,""ticks"":{""ACTIVE_LIFT"":7726,""FRONT_FACE_CROSSED"":8386,""TOP_LOADED"":8420}},""RR"":{""complete"":true,""event_evidence_passed"":true,""events"":[""ACTIVE_LIFT"",""FRONT_FACE_CROSSED"",""TOP_LOADED""],""lift_precedes_crossing_and_top"":true,""ticks"":{""ACTIVE_LIFT"":6918,""FRONT_FACE_CROSSED"":7110,""TOP_LOADED"":7579}}},""reason"":""each front-face crossing has prior active measured-lift evidence in the event ledger or terminal live-observation latch history"",""terminal_observation_latches"":{""all_four_active_lift_crossing_top_latches"":true,""all_leg_front_face_crossings_latched"":true,""all_wheels_final_top_geometry"":true,""passed"":true,""per_leg"":{""FL"":{""complete"":true,""lift_precedes_crossing_and_top"":true,""passed"":{""ACTIVE_LIFT"":true,""FRONT_FACE_CROSSED"":true,""TOP_LOADED"":true},""ticks"":{""ACTIVE_LIFT"":2418,""FRONT_FACE_CROSSED"":3109,""TOP_LOADED"":3581}},""FR"":{""complete"":true,""lift_precedes_crossing_and_top"":true,""passed"":{""ACTIVE_LIFT"":true,""FRONT_FACE_CROSSED"":true,""TOP_LOADED"":true},""ticks"":{""ACTIVE_LIFT"":1624,""FRONT_FACE_CROSSED"":1665,""TOP_LOADED"":1695}},""RL"":{""complete"":true,""lift_precedes_crossing_and_top"":true,""passed"":{""ACTIVE_LIFT"":true,""FRONT_FACE_CROSSED"":true,""TOP_LOADED"":true},""ticks"":{""ACTIVE_LIFT"":7726,""FRONT_FACE_CROSSED"":8386,""TOP_LOADED"":8420}},""RR"":{""complete"":true,""lift_precedes_crossing_and_top"":true,""passed"":{""ACTIVE_LIFT"":true,""FRONT_FACE_CROSSED"":true,""TOP_LOADED"":true},""ticks"":{""ACTIVE_LIFT"":6918,""FRONT_FACE_CROSSED"":7110,""TOP_LOADED"":7579}}},""rear_leg_order"":""RR_FIRST"",""source"":""terminal raw observation live latched guard history"",""terminal_physics_tick"":12976}}",False,False,False,0.0,1,C:\robotics_sim\wlr_robot\fsm_50mm_recording_shaped_clean_v1\runs\trial_023_20260902_clean_v010\actual_viewport_video.mp4,True,True,108.13333333333334,True,False,0,0,0,0,,True,hash-bound frozen config/runtime source proof,0,INCOMPLETE_CONTROLLER_BLOCKED,SUCCESS,TASK_SUCCESS,,,,,,NOT_EVALUATED_INCOMPLETE_TRIAL,108.13333333333334,False,
trial_024_20260902_clean_v010,24,True,VALID,True,602f6e0893d999e5cb078aadf75541234440a3af918dc58e0154e80ff16ea3cb,e8a2a2b1485a32a50e851a07b9dd8ac4945b78ec49b7fada2b61c3eeb1e18892,True,True,"[""P01"",""P02"",""P03"",""P04"",""P05"",""P06"",""P07"",""P08"",""P09"",""P10"",""P11"",""P12"",""P13""]",True,True,True,"[1.3587981462478638,-0.07162284106016159,0.15812712907791138]","{""front_left_ankle"":[1.5999196767807007,-0.010048046708106995,0.09875397384166718],""front_right_ankle"":[1.5972559452056885,-0.41026222705841064,0.10025939345359802],""rear_left_ankle"":[1.0850071907043457,0.030599255114793777,0.10815206170082092],""rear_right_ankle"":[1.0372833013534546,-0.3631336987018585,0.10064274072647095]}",True,RR_FIRST,False,"{""body_collision"":false,""confirmed_collision_row_count"":0,""exact_pair_active_row_count"":0,""ledger_row_count"":13017,""maximum_normal_force_n"":0.0,""maximum_penetration_m"":0.0,""noise_filter"":""single-frame exact-pair activity is ignored only when it has neither positive penetration nor a second consecutive nonzero-force sample"",""penetrating_row_count"":0,""persistent_row_count"":0,""reported_collision_row_count"":0}",False,"{""detector_positive_count"":0,""event_logger_per_leg"":{""FL"":{""complete"":true,""event_evidence_passed"":true,""events"":[""ACTIVE_LIFT"",""FRONT_FACE_CROSSED"",""TOP_LOADED""],""lift_precedes_crossing_and_top"":true,""ticks"":{""ACTIVE_LIFT"":2418,""FRONT_FACE_CROSSED"":3109,""TOP_LOADED"":3581}},""FR"":{""complete"":true,""event_evidence_passed"":true,""events"":[""ACTIVE_LIFT"",""FRONT_FACE_CROSSED"",""TOP_LOADED""],""lift_precedes_crossing_and_top"":true,""ticks"":{""ACTIVE_LIFT"":1624,""FRONT_FACE_CROSSED"":1665,""TOP_LOADED"":1695}},""RL"":{""complete"":true,""event_evidence_passed"":true,""events"":[""ACTIVE_LIFT"",""FRONT_FACE_CROSSED"",""TOP_LOADED""],""lift_precedes_crossing_and_top"":true,""ticks"":{""ACTIVE_LIFT"":7726,""FRONT_FACE_CROSSED"":8386,""TOP_LOADED"":8420}},""RR"":{""complete"":true,""event_evidence_passed"":true,""events"":[""ACTIVE_LIFT"",""FRONT_FACE_CROSSED"",""TOP_LOADED""],""lift_precedes_crossing_and_top"":true,""ticks"":{""ACTIVE_LIFT"":6918,""FRONT_FACE_CROSSED"":7110,""TOP_LOADED"":7579}}},""per_leg"":{""FL"":{""complete"":true,""event_evidence_passed"":true,""events"":[""ACTIVE_LIFT"",""FRONT_FACE_CROSSED"",""TOP_LOADED""],""lift_precedes_crossing_and_top"":true,""ticks"":{""ACTIVE_LIFT"":2418,""FRONT_FACE_CROSSED"":3109,""TOP_LOADED"":3581}},""FR"":{""complete"":true,""event_evidence_passed"":true,""events"":[""ACTIVE_LIFT"",""FRONT_FACE_CROSSED"",""TOP_LOADED""],""lift_precedes_crossing_and_top"":true,""ticks"":{""ACTIVE_LIFT"":1624,""FRONT_FACE_CROSSED"":1665,""TOP_LOADED"":1695}},""RL"":{""complete"":true,""event_evidence_passed"":true,""events"":[""ACTIVE_LIFT"",""FRONT_FACE_CROSSED"",""TOP_LOADED""],""lift_precedes_crossing_and_top"":true,""ticks"":{""ACTIVE_LIFT"":7726,""FRONT_FACE_CROSSED"":8386,""TOP_LOADED"":8420}},""RR"":{""complete"":true,""event_evidence_passed"":true,""events"":[""ACTIVE_LIFT"",""FRONT_FACE_CROSSED"",""TOP_LOADED""],""lift_precedes_crossing_and_top"":true,""ticks"":{""ACTIVE_LIFT"":6918,""FRONT_FACE_CROSSED"":7110,""TOP_LOADED"":7579}}},""reason"":""each front-face crossing has prior active measured-lift evidence in the event ledger or terminal live-observation latch history"",""terminal_observation_latches"":{""all_four_active_lift_crossing_top_latches"":true,""all_leg_front_face_crossings_latched"":true,""all_wheels_final_top_geometry"":true,""passed"":true,""per_leg"":{""FL"":{""complete"":true,""lift_precedes_crossing_and_top"":true,""passed"":{""ACTIVE_LIFT"":true,""FRONT_FACE_CROSSED"":true,""TOP_LOADED"":true},""ticks"":{""ACTIVE_LIFT"":2418,""FRONT_FACE_CROSSED"":3109,""TOP_LOADED"":3581}},""FR"":{""complete"":true,""lift_precedes_crossing_and_top"":true,""passed"":{""ACTIVE_LIFT"":true,""FRONT_FACE_CROSSED"":true,""TOP_LOADED"":true},""ticks"":{""ACTIVE_LIFT"":1624,""FRONT_FACE_CROSSED"":1665,""TOP_LOADED"":1695}},""RL"":{""complete"":true,""lift_precedes_crossing_and_top"":true,""passed"":{""ACTIVE_LIFT"":true,""FRONT_FACE_CROSSED"":true,""TOP_LOADED"":true},""ticks"":{""ACTIVE_LIFT"":7726,""FRONT_FACE_CROSSED"":8386,""TOP_LOADED"":8420}},""RR"":{""complete"":true,""lift_precedes_crossing_and_top"":true,""passed"":{""ACTIVE_LIFT"":true,""FRONT_FACE_CROSSED"":true,""TOP_LOADED"":true},""ticks"":{""ACTIVE_LIFT"":6918,""FRONT_FACE_CROSSED"":7110,""TOP_LOADED"":7579}}},""rear_leg_order"":""RR_FIRST"",""source"":""terminal raw observation live latched guard history"",""terminal_physics_tick"":13016}}",False,False,True,0.6000000000000085,1,C:\robotics_sim\wlr_robot\fsm_50mm_recording_shaped_clean_v1\runs\trial_024_20260902_clean_v010\actual_viewport_video.mp4,True,True,108.46666666666667,True,False,0,0,0,0,,True,hash-bound frozen config/runtime source proof,0,INCOMPLETE_CONTROLLER_BLOCKED,SUCCESS,TASK_SUCCESS_WITH_REFERENCE_DIVERGENCE_WARNING,107.2454973207474,P12,front_left_ankle,measured_peak_velocity_error_percent,False,REFERENCE_DIVERGENCE_WARNING,108.46666666666667,False,
trial_025_20260902_clean_v010,25,True,VALID,True,602f6e0893d999e5cb078aadf75541234440a3af918dc58e0154e80ff16ea3cb,e8a2a2b1485a32a50e851a07b9dd8ac4945b78ec49b7fada2b61c3eeb1e18892,True,True,"[""P01"",""P02"",""P03"",""P04"",""P05"",""P06"",""P07"",""P08"",""P09"",""P10"",""P11"",""P12"",""P13""]",True,True,True,"[1.348881483078003,-0.06494943797588348,0.1569845825433731]","{""front_left_ankle"":[1.5938079357147217,-0.0009145662188529968,0.09895285218954086],""front_right_ankle"":[1.593614101409912,-0.40073728561401367,0.10028763115406036],""rear_left_ankle"":[1.074712872505188,0.032911572605371475,0.10853046923875809],""rear_right_ankle"":[1.0329148769378662,-0.36138856410980225,0.10075821727514267]}",True,RR_FIRST,False,"{""body_collision"":false,""confirmed_collision_row_count"":0,""exact_pair_active_row_count"":0,""ledger_row_count"":12977,""maximum_normal_force_n"":0.0,""maximum_penetration_m"":0.0,""noise_filter"":""single-frame exact-pair activity is ignored only when it has neither positive penetration nor a second consecutive nonzero-force sample"",""penetrating_row_count"":0,""persistent_row_count"":0,""reported_collision_row_count"":0}",False,"{""detector_positive_count"":0,""event_logger_per_leg"":{""FL"":{""complete"":true,""event_evidence_passed"":true,""events"":[""ACTIVE_LIFT"",""FRONT_FACE_CROSSED"",""TOP_LOADED""],""lift_precedes_crossing_and_top"":true,""ticks"":{""ACTIVE_LIFT"":2418,""FRONT_FACE_CROSSED"":3109,""TOP_LOADED"":3581}},""FR"":{""complete"":true,""event_evidence_passed"":true,""events"":[""ACTIVE_LIFT"",""FRONT_FACE_CROSSED"",""TOP_LOADED""],""lift_precedes_crossing_and_top"":true,""ticks"":{""ACTIVE_LIFT"":1624,""FRONT_FACE_CROSSED"":1665,""TOP_LOADED"":1695}},""RL"":{""complete"":true,""event_evidence_passed"":true,""events"":[""ACTIVE_LIFT"",""FRONT_FACE_CROSSED"",""TOP_LOADED""],""lift_precedes_crossing_and_top"":true,""ticks"":{""ACTIVE_LIFT"":7726,""FRONT_FACE_CROSSED"":8389,""TOP_LOADED"":8419}},""RR"":{""complete"":true,""event_evidence_passed"":true,""events"":[""ACTIVE_LIFT"",""FRONT_FACE_CROSSED"",""TOP_LOADED""],""lift_precedes_crossing_and_top"":true,""ticks"":{""ACTIVE_LIFT"":6918,""FRONT_FACE_CROSSED"":7110,""TOP_LOADED"":7579}}},""per_leg"":{""FL"":{""complete"":true,""event_evidence_passed"":true,""events"":[""ACTIVE_LIFT"",""FRONT_FACE_CROSSED"",""TOP_LOADED""],""lift_precedes_crossing_and_top"":true,""ticks"":{""ACTIVE_LIFT"":2418,""FRONT_FACE_CROSSED"":3109,""TOP_LOADED"":3581}},""FR"":{""complete"":true,""event_evidence_passed"":true,""events"":[""ACTIVE_LIFT"",""FRONT_FACE_CROSSED"",""TOP_LOADED""],""lift_precedes_crossing_and_top"":true,""ticks"":{""ACTIVE_LIFT"":1624,""FRONT_FACE_CROSSED"":1665,""TOP_LOADED"":1695}},""RL"":{""complete"":true,""event_evidence_passed"":true,""events"":[""ACTIVE_LIFT"",""FRONT_FACE_CROSSED"",""TOP_LOADED""],""lift_precedes_crossing_and_top"":true,""ticks"":{""ACTIVE_LIFT"":7726,""FRONT_FACE_CROSSED"":8389,""TOP_LOADED"":8419}},""RR"":{""complete"":true,""event_evidence_passed"":true,""events"":[""ACTIVE_LIFT"",""FRONT_FACE_CROSSED"",""TOP_LOADED""],""lift_precedes_crossing_and_top"":true,""ticks"":{""ACTIVE_LIFT"":6918,""FRONT_FACE_CROSSED"":7110,""TOP_LOADED"":7579}}},""reason"":""each front-face crossing has prior active measured-lift evidence in the event ledger or terminal live-observation latch history"",""terminal_observation_latches"":{""all_four_active_lift_crossing_top_latches"":true,""all_leg_front_face_crossings_latched"":true,""all_wheels_final_top_geometry"":true,""passed"":true,""per_leg"":{""FL"":{""complete"":true,""lift_precedes_crossing_and_top"":true,""passed"":{""ACTIVE_LIFT"":true,""FRONT_FACE_CROSSED"":true,""TOP_LOADED"":true},""ticks"":{""ACTIVE_LIFT"":2418,""FRONT_FACE_CROSSED"":3109,""TOP_LOADED"":3581}},""FR"":{""complete"":true,""lift_precedes_crossing_and_top"":true,""passed"":{""ACTIVE_LIFT"":true,""FRONT_FACE_CROSSED"":true,""TOP_LOADED"":true},""ticks"":{""ACTIVE_LIFT"":1624,""FRONT_FACE_CROSSED"":1665,""TOP_LOADED"":1695}},""RL"":{""complete"":true,""lift_precedes_crossing_and_top"":true,""passed"":{""ACTIVE_LIFT"":true,""FRONT_FACE_CROSSED"":true,""TOP_LOADED"":true},""ticks"":{""ACTIVE_LIFT"":7726,""FRONT_FACE_CROSSED"":8389,""TOP_LOADED"":8419}},""RR"":{""complete"":true,""lift_precedes_crossing_and_top"":true,""passed"":{""ACTIVE_LIFT"":true,""FRONT_FACE_CROSSED"":true,""TOP_LOADED"":true},""ticks"":{""ACTIVE_LIFT"":6918,""FRONT_FACE_CROSSED"":7110,""TOP_LOADED"":7579}}},""rear_leg_order"":""RR_FIRST"",""source"":""terminal raw observation live latched guard history"",""terminal_physics_tick"":12976}}",False,False,True,0.5916666666666544,1,C:\robotics_sim\wlr_robot\fsm_50mm_recording_shaped_clean_v1\runs\trial_025_20260902_clean_v010\actual_viewport_video.mp4,True,True,108.13333333333334,True,False,0,0,0,0,,True,hash-bound frozen config/runtime source proof,0,SUCCESS,SUCCESS,TASK_SUCCESS_WITH_REFERENCE_DIVERGENCE_WARNING,52.75013911083131,P09,rear_left_ankle,measured_peak_velocity_error_percent,False,REFERENCE_DIVERGENCE_WARNING,108.13333333333334,False,
trial_026_20260902_clean_v010,26,False,VALID,True,602f6e0893d999e5cb078aadf75541234440a3af918dc58e0154e80ff16ea3cb,e8a2a2b1485a32a50e851a07b9dd8ac4945b78ec49b7fada2b61c3eeb1e18892,True,True,"[""P01"",""P02"",""P03"",""P04"",""P05"",""P06"",""P07"",""P08"",""P09""]",False,False,False,"[0.8093305826187134,-0.024010293185710907,0.10817206650972366]","{""front_left_ankle"":[0.9455028772354126,0.04289285093545914,0.10041416436433792],""front_right_ankle"":[1.1171318292617798,-0.37146514654159546,0.14387162029743195],""rear_left_ankle"":[0.43078264594078064,0.08363840728998184,0.0510057732462883],""rear_right_ankle"":[0.593439519405365,-0.32759857177734375,0.09886802732944489]}",False,RR_FIRST,False,"{""body_collision"":false,""confirmed_collision_row_count"":0,""exact_pair_active_row_count"":0,""ledger_row_count"":7849,""maximum_normal_force_n"":0.0,""maximum_penetration_m"":0.0,""noise_filter"":""single-frame exact-pair activity is ignored only when it has neither positive penetration nor a second consecutive nonzero-force sample"",""penetrating_row_count"":0,""persistent_row_count"":0,""reported_collision_row_count"":0}",False,"{""detector_positive_count"":0,""event_logger_per_leg"":{""FL"":{""complete"":true,""event_evidence_passed"":true,""events"":[""ACTIVE_LIFT"",""FRONT_FACE_CROSSED"",""TOP_LOADED""],""lift_precedes_crossing_and_top"":true,""ticks"":{""ACTIVE_LIFT"":2417,""FRONT_FACE_CROSSED"":3115,""TOP_LOADED"":3583}},""FR"":{""complete"":true,""event_evidence_passed"":true,""events"":[""ACTIVE_LIFT"",""FRONT_FACE_CROSSED"",""TOP_LOADED""],""lift_precedes_crossing_and_top"":true,""ticks"":{""ACTIVE_LIFT"":1624,""FRONT_FACE_CROSSED"":1665,""TOP_LOADED"":1695}},""RL"":{""complete"":false,""event_evidence_passed"":true,""events"":[""ACTIVE_LIFT""],""lift_precedes_crossing_and_top"":false,""ticks"":{""ACTIVE_LIFT"":7718}},""RR"":{""complete"":true,""event_evidence_passed"":true,""events"":[""ACTIVE_LIFT"",""FRONT_FACE_CROSSED"",""TOP_LOADED""],""lift_precedes_crossing_and_top"":true,""ticks"":{""ACTIVE_LIFT"":6918,""FRONT_FACE_CROSSED"":7109,""TOP_LOADED"":7579}}},""per_leg"":{""FL"":{""complete"":true,""event_evidence_passed"":true,""events"":[""ACTIVE_LIFT"",""FRONT_FACE_CROSSED"",""TOP_LOADED""],""lift_precedes_crossing_and_top"":true,""ticks"":{""ACTIVE_LIFT"":2417,""FRONT_FACE_CROSSED"":3115,""TOP_LOADED"":3583}},""FR"":{""complete"":true,""event_evidence_passed"":true,""events"":[""ACTIVE_LIFT"",""FRONT_FACE_CROSSED"",""TOP_LOADED""],""lift_precedes_crossing_and_top"":true,""ticks"":{""ACTIVE_LIFT"":1624,""FRONT_FACE_CROSSED"":1665,""TOP_LOADED"":1695}},""RL"":{""complete"":false,""event_evidence_passed"":true,""events"":[""ACTIVE_LIFT""],""lift_precedes_crossing_and_top"":false,""ticks"":{""ACTIVE_LIFT"":7718}},""RR"":{""complete"":true,""event_evidence_passed"":true,""events"":[""ACTIVE_LIFT"",""FRONT_FACE_CROSSED"",""TOP_LOADED""],""lift_precedes_crossing_and_top"":true,""ticks"":{""ACTIVE_LIFT"":6918,""FRONT_FACE_CROSSED"":7109,""TOP_LOADED"":7579}}},""reason"":""each front-face crossing has prior active measured-lift evidence in the event ledger or terminal live-observation latch history"",""terminal_observation_latches"":{""all_four_active_lift_crossing_top_latches"":false,""all_leg_front_face_crossings_latched"":false,""all_wheels_final_top_geometry"":false,""passed"":false,""per_leg"":{""FL"":{""complete"":true,""lift_precedes_crossing_and_top"":true,""passed"":{""ACTIVE_LIFT"":true,""FRONT_FACE_CROSSED"":true,""TOP_LOADED"":true},""ticks"":{""ACTIVE_LIFT"":2417,""FRONT_FACE_CROSSED"":3115,""TOP_LOADED"":3583}},""FR"":{""complete"":true,""lift_precedes_crossing_and_top"":true,""passed"":{""ACTIVE_LIFT"":true,""FRONT_FACE_CROSSED"":true,""TOP_LOADED"":true},""ticks"":{""ACTIVE_LIFT"":1624,""FRONT_FACE_CROSSED"":1665,""TOP_LOADED"":1695}},""RL"":{""complete"":false,""lift_precedes_crossing_and_top"":false,""passed"":{""ACTIVE_LIFT"":true,""FRONT_FACE_CROSSED"":false,""TOP_LOADED"":false},""ticks"":{""ACTIVE_LIFT"":7718,""FRONT_FACE_CROSSED"":null,""TOP_LOADED"":null}},""RR"":{""complete"":true,""lift_precedes_crossing_and_top"":true,""passed"":{""ACTIVE_LIFT"":true,""FRONT_FACE_CROSSED"":true,""TOP_LOADED"":true},""ticks"":{""ACTIVE_LIFT"":6918,""FRONT_FACE_CROSSED"":7109,""TOP_LOADED"":7579}}},""rear_leg_order"":""NOT_PROVEN"",""source"":""terminal raw observation live latched guard history"",""terminal_physics_tick"":7848}}",False,False,False,0.0,0,C:\robotics_sim\wlr_robot\fsm_50mm_recording_shaped_clean_v1\runs\trial_026_20260902_clean_v010\actual_viewport_video.mp4,True,True,65.4,True,False,0,0,0,0,,True,hash-bound frozen config/runtime source proof,0,INCOMPLETE_CONTROLLER_BLOCKED,INCOMPLETE_CONTROLLER_BLOCKED,INCOMPLETE_CONTROLLER_BLOCKED,,,,,,NOT_EVALUATED_INCOMPLETE_TRIAL,65.4,False,
trial_027_20260902_clean_v010,27,False,VALID,True,602f6e0893d999e5cb078aadf75541234440a3af918dc58e0154e80ff16ea3cb,e8a2a2b1485a32a50e851a07b9dd8ac4945b78ec49b7fada2b61c3eeb1e18892,True,True,"[""P01"",""P02"",""P03"",""P04"",""P05"",""P06"",""P07"",""P08"",""P09""]",False,False,False,"[0.8122020363807678,-0.02326173335313797,0.10896026343107224]","{""front_left_ankle"":[0.9484548568725586,0.043576788157224655,0.100184366106987],""front_right_ankle"":[1.1201481819152832,-0.37022531032562256,0.14788538217544556],""rear_left_ankle"":[0.4336669147014618,0.08364308625459671,0.051175713539123535],""rear_right_ankle"":[0.5942795276641846,-0.3271030783653259,0.09889272600412369]}",False,RR_FIRST,False,"{""body_collision"":false,""confirmed_collision_row_count"":0,""exact_pair_active_row_count"":0,""ledger_row_count"":7857,""maximum_normal_force_n"":0.0,""maximum_penetration_m"":0.0,""noise_filter"":""single-frame exact-pair activity is ignored only when it has neither positive penetration nor a second consecutive nonzero-force sample"",""penetrating_row_count"":0,""persistent_row_count"":0,""reported_collision_row_count"":0}",False,"{""detector_positive_count"":0,""event_logger_per_leg"":{""FL"":{""complete"":true,""event_evidence_passed"":true,""events"":[""ACTIVE_LIFT"",""FRONT_FACE_CROSSED"",""TOP_LOADED""],""lift_precedes_crossing_and_top"":true,""ticks"":{""ACTIVE_LIFT"":2417,""FRONT_FACE_CROSSED"":3115,""TOP_LOADED"":3583}},""FR"":{""complete"":true,""event_evidence_passed"":true,""events"":[""ACTIVE_LIFT"",""FRONT_FACE_CROSSED"",""TOP_LOADED""],""lift_precedes_crossing_and_top"":true,""ticks"":{""ACTIVE_LIFT"":1624,""FRONT_FACE_CROSSED"":1665,""TOP_LOADED"":1695}},""RL"":{""complete"":false,""event_evidence_passed"":true,""events"":[""ACTIVE_LIFT""],""lift_precedes_crossing_and_top"":false,""ticks"":{""ACTIVE_LIFT"":7718}},""RR"":{""complete"":true,""event_evidence_passed"":true,""events"":[""ACTIVE_LIFT"",""FRONT_FACE_CROSSED"",""TOP_LOADED""],""lift_precedes_crossing_and_top"":true,""ticks"":{""ACTIVE_LIFT"":6918,""FRONT_FACE_CROSSED"":7109,""TOP_LOADED"":7579}}},""per_leg"":{""FL"":{""complete"":true,""event_evidence_passed"":true,""events"":[""ACTIVE_LIFT"",""FRONT_FACE_CROSSED"",""TOP_LOADED""],""lift_precedes_crossing_and_top"":true,""ticks"":{""ACTIVE_LIFT"":2417,""FRONT_FACE_CROSSED"":3115,""TOP_LOADED"":3583}},""FR"":{""complete"":true,""event_evidence_passed"":true,""events"":[""ACTIVE_LIFT"",""FRONT_FACE_CROSSED"",""TOP_LOADED""],""lift_precedes_crossing_and_top"":true,""ticks"":{""ACTIVE_LIFT"":1624,""FRONT_FACE_CROSSED"":1665,""TOP_LOADED"":1695}},""RL"":{""complete"":false,""event_evidence_passed"":true,""events"":[""ACTIVE_LIFT""],""lift_precedes_crossing_and_top"":false,""ticks"":{""ACTIVE_LIFT"":7718}},""RR"":{""complete"":true,""event_evidence_passed"":true,""events"":[""ACTIVE_LIFT"",""FRONT_FACE_CROSSED"",""TOP_LOADED""],""lift_precedes_crossing_and_top"":true,""ticks"":{""ACTIVE_LIFT"":6918,""FRONT_FACE_CROSSED"":7109,""TOP_LOADED"":7579}}},""reason"":""each front-face crossing has prior active measured-lift evidence in the event ledger or terminal live-observation latch history"",""terminal_observation_latches"":{""all_four_active_lift_crossing_top_latches"":false,""all_leg_front_face_crossings_latched"":false,""all_wheels_final_top_geometry"":false,""passed"":false,""per_leg"":{""FL"":{""complete"":true,""lift_precedes_crossing_and_top"":true,""passed"":{""ACTIVE_LIFT"":true,""FRONT_FACE_CROSSED"":true,""TOP_LOADED"":true},""ticks"":{""ACTIVE_LIFT"":2417,""FRONT_FACE_CROSSED"":3115,""TOP_LOADED"":3583}},""FR"":{""complete"":true,""lift_precedes_crossing_and_top"":true,""passed"":{""ACTIVE_LIFT"":true,""FRONT_FACE_CROSSED"":true,""TOP_LOADED"":true},""ticks"":{""ACTIVE_LIFT"":1624,""FRONT_FACE_CROSSED"":1665,""TOP_LOADED"":1695}},""RL"":{""complete"":false,""lift_precedes_crossing_and_top"":false,""passed"":{""ACTIVE_LIFT"":true,""FRONT_FACE_CROSSED"":false,""TOP_LOADED"":false},""ticks"":{""ACTIVE_LIFT"":7718,""FRONT_FACE_CROSSED"":null,""TOP_LOADED"":null}},""RR"":{""complete"":true,""lift_precedes_crossing_and_top"":true,""passed"":{""ACTIVE_LIFT"":true,""FRONT_FACE_CROSSED"":true,""TOP_LOADED"":true},""ticks"":{""ACTIVE_LIFT"":6918,""FRONT_FACE_CROSSED"":7109,""TOP_LOADED"":7579}}},""rear_leg_order"":""NOT_PROVEN"",""source"":""terminal raw observation live latched guard history"",""terminal_physics_tick"":7856}}",False,False,False,0.0,0,C:\robotics_sim\wlr_robot\fsm_50mm_recording_shaped_clean_v1\runs\trial_027_20260902_clean_v010\actual_viewport_video.mp4,True,True,65.46666666666667,True,False,0,0,0,0,,True,hash-bound frozen config/runtime source proof,0,INCOMPLETE_CONTROLLER_BLOCKED,INCOMPLETE_CONTROLLER_BLOCKED,INCOMPLETE_CONTROLLER_BLOCKED,,,,,,NOT_EVALUATED_INCOMPLETE_TRIAL,65.46666666666667,False,
trial_028_20260902_clean_v010,28,False,VALID,True,602f6e0893d999e5cb078aadf75541234440a3af918dc58e0154e80ff16ea3cb,e8a2a2b1485a32a50e851a07b9dd8ac4945b78ec49b7fada2b61c3eeb1e18892,True,True,"[""P01"",""P02"",""P03"",""P04"",""P05"",""P06"",""P07"",""P08"",""P09""]",False,False,False,"[0.7979017496109009,-0.02522202581167221,0.11220845580101013]","{""front_left_ankle"":[0.943767249584198,0.04129669442772865,0.10003451257944107],""front_right_ankle"":[1.1063157320022583,-0.3726329505443573,0.14242036640644073],""rear_left_ankle"":[0.4202440679073334,0.0830698013305664,0.050305336713790894],""rear_right_ankle"":[0.5883167386054993,-0.32923033833503723,0.09848402440547943]}",False,RR_FIRST,False,"{""body_collision"":false,""confirmed_collision_row_count"":0,""exact_pair_active_row_count"":0,""ledger_row_count"":7849,""maximum_normal_force_n"":0.0,""maximum_penetration_m"":0.0,""noise_filter"":""single-frame exact-pair activity is ignored only when it has neither positive penetration nor a second consecutive nonzero-force sample"",""penetrating_row_count"":0,""persistent_row_count"":0,""reported_collision_row_count"":0}",False,"{""detector_positive_count"":0,""event_logger_per_leg"":{""FL"":{""complete"":true,""event_evidence_passed"":true,""events"":[""ACTIVE_LIFT"",""FRONT_FACE_CROSSED"",""TOP_LOADED""],""lift_precedes_crossing_and_top"":true,""ticks"":{""ACTIVE_LIFT"":2417,""FRONT_FACE_CROSSED"":3115,""TOP_LOADED"":3583}},""FR"":{""complete"":true,""event_evidence_passed"":true,""events"":[""ACTIVE_LIFT"",""FRONT_FACE_CROSSED"",""TOP_LOADED""],""lift_precedes_crossing_and_top"":true,""ticks"":{""ACTIVE_LIFT"":1624,""FRONT_FACE_CROSSED"":1665,""TOP_LOADED"":1695}},""RL"":{""complete"":false,""event_evidence_passed"":true,""events"":[""ACTIVE_LIFT""],""lift_precedes_crossing_and_top"":false,""ticks"":{""ACTIVE_LIFT"":7718}},""RR"":{""complete"":true,""event_evidence_passed"":true,""events"":[""ACTIVE_LIFT"",""FRONT_FACE_CROSSED"",""TOP_LOADED""],""lift_precedes_crossing_and_top"":true,""ticks"":{""ACTIVE_LIFT"":6918,""FRONT_FACE_CROSSED"":7109,""TOP_LOADED"":7579}}},""per_leg"":{""FL"":{""complete"":true,""event_evidence_passed"":true,""events"":[""ACTIVE_LIFT"",""FRONT_FACE_CROSSED"",""TOP_LOADED""],""lift_precedes_crossing_and_top"":true,""ticks"":{""ACTIVE_LIFT"":2417,""FRONT_FACE_CROSSED"":3115,""TOP_LOADED"":3583}},""FR"":{""complete"":true,""event_evidence_passed"":true,""events"":[""ACTIVE_LIFT"",""FRONT_FACE_CROSSED"",""TOP_LOADED""],""lift_precedes_crossing_and_top"":true,""ticks"":{""ACTIVE_LIFT"":1624,""FRONT_FACE_CROSSED"":1665,""TOP_LOADED"":1695}},""RL"":{""complete"":false,""event_evidence_passed"":true,""events"":[""ACTIVE_LIFT""],""lift_precedes_crossing_and_top"":false,""ticks"":{""ACTIVE_LIFT"":7718}},""RR"":{""complete"":true,""event_evidence_passed"":true,""events"":[""ACTIVE_LIFT"",""FRONT_FACE_CROSSED"",""TOP_LOADED""],""lift_precedes_crossing_and_top"":true,""ticks"":{""ACTIVE_LIFT"":6918,""FRONT_FACE_CROSSED"":7109,""TOP_LOADED"":7579}}},""reason"":""each front-face crossing has prior active measured-lift evidence in the event ledger or terminal live-observation latch history"",""terminal_observation_latches"":{""all_four_active_lift_crossing_top_latches"":false,""all_leg_front_face_crossings_latched"":false,""all_wheels_final_top_geometry"":false,""passed"":false,""per_leg"":{""FL"":{""complete"":true,""lift_precedes_crossing_and_top"":true,""passed"":{""ACTIVE_LIFT"":true,""FRONT_FACE_CROSSED"":true,""TOP_LOADED"":true},""ticks"":{""ACTIVE_LIFT"":2417,""FRONT_FACE_CROSSED"":3115,""TOP_LOADED"":3583}},""FR"":{""complete"":true,""lift_precedes_crossing_and_top"":true,""passed"":{""ACTIVE_LIFT"":true,""FRONT_FACE_CROSSED"":true,""TOP_LOADED"":true},""ticks"":{""ACTIVE_LIFT"":1624,""FRONT_FACE_CROSSED"":1665,""TOP_LOADED"":1695}},""RL"":{""complete"":false,""lift_precedes_crossing_and_top"":false,""passed"":{""ACTIVE_LIFT"":true,""FRONT_FACE_CROSSED"":false,""TOP_LOADED"":false},""ticks"":{""ACTIVE_LIFT"":7718,""FRONT_FACE_CROSSED"":null,""TOP_LOADED"":null}},""RR"":{""complete"":true,""lift_precedes_crossing_and_top"":true,""passed"":{""ACTIVE_LIFT"":true,""FRONT_FACE_CROSSED"":true,""TOP_LOADED"":true},""ticks"":{""ACTIVE_LIFT"":6918,""FRONT_FACE_CROSSED"":7109,""TOP_LOADED"":7579}}},""rear_leg_order"":""NOT_PROVEN"",""source"":""terminal raw observation live latched guard history"",""terminal_physics_tick"":7848}}",False,False,False,0.0,0,C:\robotics_sim\wlr_robot\fsm_50mm_recording_shaped_clean_v1\runs\trial_028_20260902_clean_v010\actual_viewport_video.mp4,True,True,65.4,True,False,0,0,0,0,,True,hash-bound frozen config/runtime source proof,0,INCOMPLETE_CONTROLLER_BLOCKED,INCOMPLETE_CONTROLLER_BLOCKED,INCOMPLETE_CONTROLLER_BLOCKED,,,,,,NOT_EVALUATED_INCOMPLETE_TRIAL,65.4,False,
trial_029_20260902_clean_v010,29,False,VALID,True,602f6e0893d999e5cb078aadf75541234440a3af918dc58e0154e80ff16ea3cb,e8a2a2b1485a32a50e851a07b9dd8ac4945b78ec49b7fada2b61c3eeb1e18892,True,True,"[""P01"",""P02"",""P03"",""P04"",""P05"",""P06"",""P07"",""P08"",""P09""]",False,False,False,"[0.8121577501296997,-0.023511260747909546,0.1089736819267273]","{""front_left_ankle"":[0.9485007524490356,0.043288636952638626,0.1001933217048645],""front_right_ankle"":[1.1200166940689087,-0.37054920196533203,0.14790208637714386],""rear_left_ankle"":[0.43362531065940857,0.08349306881427765,0.05117230489850044],""rear_right_ankle"":[0.594282329082489,-0.3273002505302429,0.09899432212114334]}",False,RR_FIRST,False,"{""body_collision"":false,""confirmed_collision_row_count"":0,""exact_pair_active_row_count"":0,""ledger_row_count"":7849,""maximum_normal_force_n"":0.0,""maximum_penetration_m"":0.0,""noise_filter"":""single-frame exact-pair activity is ignored only when it has neither positive penetration nor a second consecutive nonzero-force sample"",""penetrating_row_count"":0,""persistent_row_count"":0,""reported_collision_row_count"":0}",False,"{""detector_positive_count"":0,""event_logger_per_leg"":{""FL"":{""complete"":true,""event_evidence_passed"":true,""events"":[""ACTIVE_LIFT"",""FRONT_FACE_CROSSED"",""TOP_LOADED""],""lift_precedes_crossing_and_top"":true,""ticks"":{""ACTIVE_LIFT"":2417,""FRONT_FACE_CROSSED"":3115,""TOP_LOADED"":3583}},""FR"":{""complete"":true,""event_evidence_passed"":true,""events"":[""ACTIVE_LIFT"",""FRONT_FACE_CROSSED"",""TOP_LOADED""],""lift_precedes_crossing_and_top"":true,""ticks"":{""ACTIVE_LIFT"":1624,""FRONT_FACE_CROSSED"":1665,""TOP_LOADED"":1695}},""RL"":{""complete"":false,""event_evidence_passed"":true,""events"":[""ACTIVE_LIFT""],""lift_precedes_crossing_and_top"":false,""ticks"":{""ACTIVE_LIFT"":7718}},""RR"":{""complete"":true,""event_evidence_passed"":true,""events"":[""ACTIVE_LIFT"",""FRONT_FACE_CROSSED"",""TOP_LOADED""],""lift_precedes_crossing_and_top"":true,""ticks"":{""ACTIVE_LIFT"":6918,""FRONT_FACE_CROSSED"":7109,""TOP_LOADED"":7579}}},""per_leg"":{""FL"":{""complete"":true,""event_evidence_passed"":true,""events"":[""ACTIVE_LIFT"",""FRONT_FACE_CROSSED"",""TOP_LOADED""],""lift_precedes_crossing_and_top"":true,""ticks"":{""ACTIVE_LIFT"":2417,""FRONT_FACE_CROSSED"":3115,""TOP_LOADED"":3583}},""FR"":{""complete"":true,""event_evidence_passed"":true,""events"":[""ACTIVE_LIFT"",""FRONT_FACE_CROSSED"",""TOP_LOADED""],""lift_precedes_crossing_and_top"":true,""ticks"":{""ACTIVE_LIFT"":1624,""FRONT_FACE_CROSSED"":1665,""TOP_LOADED"":1695}},""RL"":{""complete"":false,""event_evidence_passed"":true,""events"":[""ACTIVE_LIFT""],""lift_precedes_crossing_and_top"":false,""ticks"":{""ACTIVE_LIFT"":7718}},""RR"":{""complete"":true,""event_evidence_passed"":true,""events"":[""ACTIVE_LIFT"",""FRONT_FACE_CROSSED"",""TOP_LOADED""],""lift_precedes_crossing_and_top"":true,""ticks"":{""ACTIVE_LIFT"":6918,""FRONT_FACE_CROSSED"":7109,""TOP_LOADED"":7579}}},""reason"":""each front-face crossing has prior active measured-lift evidence in the event ledger or terminal live-observation latch history"",""terminal_observation_latches"":{""all_four_active_lift_crossing_top_latches"":false,""all_leg_front_face_crossings_latched"":false,""all_wheels_final_top_geometry"":false,""passed"":false,""per_leg"":{""FL"":{""complete"":true,""lift_precedes_crossing_and_top"":true,""passed"":{""ACTIVE_LIFT"":true,""FRONT_FACE_CROSSED"":true,""TOP_LOADED"":true},""ticks"":{""ACTIVE_LIFT"":2417,""FRONT_FACE_CROSSED"":3115,""TOP_LOADED"":3583}},""FR"":{""complete"":true,""lift_precedes_crossing_and_top"":true,""passed"":{""ACTIVE_LIFT"":true,""FRONT_FACE_CROSSED"":true,""TOP_LOADED"":true},""ticks"":{""ACTIVE_LIFT"":1624,""FRONT_FACE_CROSSED"":1665,""TOP_LOADED"":1695}},""RL"":{""complete"":false,""lift_precedes_crossing_and_top"":false,""passed"":{""ACTIVE_LIFT"":true,""FRONT_FACE_CROSSED"":false,""TOP_LOADED"":false},""ticks"":{""ACTIVE_LIFT"":7718,""FRONT_FACE_CROSSED"":null,""TOP_LOADED"":null}},""RR"":{""complete"":true,""lift_precedes_crossing_and_top"":true,""passed"":{""ACTIVE_LIFT"":true,""FRONT_FACE_CROSSED"":true,""TOP_LOADED"":true},""ticks"":{""ACTIVE_LIFT"":6918,""FRONT_FACE_CROSSED"":7109,""TOP_LOADED"":7579}}},""rear_leg_order"":""NOT_PROVEN"",""source"":""terminal raw observation live latched guard history"",""terminal_physics_tick"":7848}}",False,False,False,0.0,0,C:\robotics_sim\wlr_robot\fsm_50mm_recording_shaped_clean_v1\runs\trial_029_20260902_clean_v010\actual_viewport_video.mp4,True,True,65.4,True,False,0,0,0,0,,True,hash-bound frozen config/runtime source proof,0,INCOMPLETE_CONTROLLER_BLOCKED,INCOMPLETE_CONTROLLER_BLOCKED,INCOMPLETE_CONTROLLER_BLOCKED,,,,,,NOT_EVALUATED_INCOMPLETE_TRIAL,65.4,False,
trial_030_20260902_clean_v010,30,False,VALID,True,602f6e0893d999e5cb078aadf75541234440a3af918dc58e0154e80ff16ea3cb,e8a2a2b1485a32a50e851a07b9dd8ac4945b78ec49b7fada2b61c3eeb1e18892,True,True,"[""P01"",""P02"",""P03"",""P04"",""P05"",""P06"",""P07"",""P08"",""P09""]",False,False,False,"[0.8122259974479675,-0.023555420339107513,0.1090812087059021]","{""front_left_ankle"":[0.94853675365448,0.04333484172821045,0.10022061318159103],""front_right_ankle"":[1.120341420173645,-0.3703300654888153,0.14830388128757477],""rear_left_ankle"":[0.43363410234451294,0.08311263471841812,0.05118542164564133],""rear_right_ankle"":[0.594376266002655,-0.3275233805179596,0.09900470823049545]}",False,RR_FIRST,False,"{""body_collision"":false,""confirmed_collision_row_count"":0,""exact_pair_active_row_count"":0,""ledger_row_count"":7849,""maximum_normal_force_n"":0.0,""maximum_penetration_m"":0.0,""noise_filter"":""single-frame exact-pair activity is ignored only when it has neither positive penetration nor a second consecutive nonzero-force sample"",""penetrating_row_count"":0,""persistent_row_count"":0,""reported_collision_row_count"":0}",False,"{""detector_positive_count"":0,""event_logger_per_leg"":{""FL"":{""complete"":true,""event_evidence_passed"":true,""events"":[""ACTIVE_LIFT"",""FRONT_FACE_CROSSED"",""TOP_LOADED""],""lift_precedes_crossing_and_top"":true,""ticks"":{""ACTIVE_LIFT"":2417,""FRONT_FACE_CROSSED"":3115,""TOP_LOADED"":3583}},""FR"":{""complete"":true,""event_evidence_passed"":true,""events"":[""ACTIVE_LIFT"",""FRONT_FACE_CROSSED"",""TOP_LOADED""],""lift_precedes_crossing_and_top"":true,""ticks"":{""ACTIVE_LIFT"":1624,""FRONT_FACE_CROSSED"":1665,""TOP_LOADED"":1695}},""RL"":{""complete"":false,""event_evidence_passed"":true,""events"":[""ACTIVE_LIFT""],""lift_precedes_crossing_and_top"":false,""ticks"":{""ACTIVE_LIFT"":7718}},""RR"":{""complete"":true,""event_evidence_passed"":true,""events"":[""ACTIVE_LIFT"",""FRONT_FACE_CROSSED"",""TOP_LOADED""],""lift_precedes_crossing_and_top"":true,""ticks"":{""ACTIVE_LIFT"":6918,""FRONT_FACE_CROSSED"":7109,""TOP_LOADED"":7579}}},""per_leg"":{""FL"":{""complete"":true,""event_evidence_passed"":true,""events"":[""ACTIVE_LIFT"",""FRONT_FACE_CROSSED"",""TOP_LOADED""],""lift_precedes_crossing_and_top"":true,""ticks"":{""ACTIVE_LIFT"":2417,""FRONT_FACE_CROSSED"":3115,""TOP_LOADED"":3583}},""FR"":{""complete"":true,""event_evidence_passed"":true,""events"":[""ACTIVE_LIFT"",""FRONT_FACE_CROSSED"",""TOP_LOADED""],""lift_precedes_crossing_and_top"":true,""ticks"":{""ACTIVE_LIFT"":1624,""FRONT_FACE_CROSSED"":1665,""TOP_LOADED"":1695}},""RL"":{""complete"":false,""event_evidence_passed"":true,""events"":[""ACTIVE_LIFT""],""lift_precedes_crossing_and_top"":false,""ticks"":{""ACTIVE_LIFT"":7718}},""RR"":{""complete"":true,""event_evidence_passed"":true,""events"":[""ACTIVE_LIFT"",""FRONT_FACE_CROSSED"",""TOP_LOADED""],""lift_precedes_crossing_and_top"":true,""ticks"":{""ACTIVE_LIFT"":6918,""FRONT_FACE_CROSSED"":7109,""TOP_LOADED"":7579}}},""reason"":""each front-face crossing has prior active measured-lift evidence in the event ledger or terminal live-observation latch history"",""terminal_observation_latches"":{""all_four_active_lift_crossing_top_latches"":false,""all_leg_front_face_crossings_latched"":false,""all_wheels_final_top_geometry"":false,""passed"":false,""per_leg"":{""FL"":{""complete"":true,""lift_precedes_crossing_and_top"":true,""passed"":{""ACTIVE_LIFT"":true,""FRONT_FACE_CROSSED"":true,""TOP_LOADED"":true},""ticks"":{""ACTIVE_LIFT"":2417,""FRONT_FACE_CROSSED"":3115,""TOP_LOADED"":3583}},""FR"":{""complete"":true,""lift_precedes_crossing_and_top"":true,""passed"":{""ACTIVE_LIFT"":true,""FRONT_FACE_CROSSED"":true,""TOP_LOADED"":true},""ticks"":{""ACTIVE_LIFT"":1624,""FRONT_FACE_CROSSED"":1665,""TOP_LOADED"":1695}},""RL"":{""complete"":false,""lift_precedes_crossing_and_top"":false,""passed"":{""ACTIVE_LIFT"":true,""FRONT_FACE_CROSSED"":false,""TOP_LOADED"":false},""ticks"":{""ACTIVE_LIFT"":7718,""FRONT_FACE_CROSSED"":null,""TOP_LOADED"":null}},""RR"":{""complete"":true,""lift_precedes_crossing_and_top"":true,""passed"":{""ACTIVE_LIFT"":true,""FRONT_FACE_CROSSED"":true,""TOP_LOADED"":true},""ticks"":{""ACTIVE_LIFT"":6918,""FRONT_FACE_CROSSED"":7109,""TOP_LOADED"":7579}}},""rear_leg_order"":""NOT_PROVEN"",""source"":""terminal raw observation live latched guard history"",""terminal_physics_tick"":7848}}",False,False,False,0.0,0,C:\robotics_sim\wlr_robot\fsm_50mm_recording_shaped_clean_v1\runs\trial_030_20260902_clean_v010\actual_viewport_video.mp4,True,True,65.4,True,False,0,0,0,0,,True,hash-bound frozen config/runtime source proof,0,INCOMPLETE_CONTROLLER_BLOCKED,INCOMPLETE_CONTROLLER_BLOCKED,INCOMPLETE_CONTROLLER_BLOCKED,,,,,,NOT_EVALUATED_INCOMPLETE_TRIAL,65.4,False,
trial_031_20260902_clean_v010,31,False,VALID,True,602f6e0893d999e5cb078aadf75541234440a3af918dc58e0154e80ff16ea3cb,e8a2a2b1485a32a50e851a07b9dd8ac4945b78ec49b7fada2b61c3eeb1e18892,True,True,"[""P01"",""P02"",""P03"",""P04"",""P05"",""P06"",""P07"",""P08"",""P09""]",False,False,False,"[0.8122747540473938,-0.023533999919891357,0.10911145806312561]","{""front_left_ankle"":[0.9486636519432068,0.04332061856985092,0.10024064779281616],""front_right_ankle"":[1.12031090259552,-0.37037622928619385,0.14833661913871765],""rear_left_ankle"":[0.43369919061660767,0.08321993052959442,0.05118251219391823],""rear_right_ankle"":[0.5943716168403625,-0.32745474576950073,0.09900365024805069]}",False,RR_FIRST,False,"{""body_collision"":false,""confirmed_collision_row_count"":0,""exact_pair_active_row_count"":0,""ledger_row_count"":7849,""maximum_normal_force_n"":0.0,""maximum_penetration_m"":0.0,""noise_filter"":""single-frame exact-pair activity is ignored only when it has neither positive penetration nor a second consecutive nonzero-force sample"",""penetrating_row_count"":0,""persistent_row_count"":0,""reported_collision_row_count"":0}",False,"{""detector_positive_count"":0,""event_logger_per_leg"":{""FL"":{""complete"":true,""event_evidence_passed"":true,""events"":[""ACTIVE_LIFT"",""FRONT_FACE_CROSSED"",""TOP_LOADED""],""lift_precedes_crossing_and_top"":true,""ticks"":{""ACTIVE_LIFT"":2417,""FRONT_FACE_CROSSED"":3115,""TOP_LOADED"":3583}},""FR"":{""complete"":true,""event_evidence_passed"":true,""events"":[""ACTIVE_LIFT"",""FRONT_FACE_CROSSED"",""TOP_LOADED""],""lift_precedes_crossing_and_top"":true,""ticks"":{""ACTIVE_LIFT"":1624,""FRONT_FACE_CROSSED"":1665,""TOP_LOADED"":1695}},""RL"":{""complete"":false,""event_evidence_passed"":true,""events"":[""ACTIVE_LIFT""],""lift_precedes_crossing_and_top"":false,""ticks"":{""ACTIVE_LIFT"":7718}},""RR"":{""complete"":true,""event_evidence_passed"":true,""events"":[""ACTIVE_LIFT"",""FRONT_FACE_CROSSED"",""TOP_LOADED""],""lift_precedes_crossing_and_top"":true,""ticks"":{""ACTIVE_LIFT"":6918,""FRONT_FACE_CROSSED"":7109,""TOP_LOADED"":7579}}},""per_leg"":{""FL"":{""complete"":true,""event_evidence_passed"":true,""events"":[""ACTIVE_LIFT"",""FRONT_FACE_CROSSED"",""TOP_LOADED""],""lift_precedes_crossing_and_top"":true,""ticks"":{""ACTIVE_LIFT"":2417,""FRONT_FACE_CROSSED"":3115,""TOP_LOADED"":3583}},""FR"":{""complete"":true,""event_evidence_passed"":true,""events"":[""ACTIVE_LIFT"",""FRONT_FACE_CROSSED"",""TOP_LOADED""],""lift_precedes_crossing_and_top"":true,""ticks"":{""ACTIVE_LIFT"":1624,""FRONT_FACE_CROSSED"":1665,""TOP_LOADED"":1695}},""RL"":{""complete"":false,""event_evidence_passed"":true,""events"":[""ACTIVE_LIFT""],""lift_precedes_crossing_and_top"":false,""ticks"":{""ACTIVE_LIFT"":7718}},""RR"":{""complete"":true,""event_evidence_passed"":true,""events"":[""ACTIVE_LIFT"",""FRONT_FACE_CROSSED"",""TOP_LOADED""],""lift_precedes_crossing_and_top"":true,""ticks"":{""ACTIVE_LIFT"":6918,""FRONT_FACE_CROSSED"":7109,""TOP_LOADED"":7579}}},""reason"":""each front-face crossing has prior active measured-lift evidence in the event ledger or terminal live-observation latch history"",""terminal_observation_latches"":{""all_four_active_lift_crossing_top_latches"":false,""all_leg_front_face_crossings_latched"":false,""all_wheels_final_top_geometry"":false,""passed"":false,""per_leg"":{""FL"":{""complete"":true,""lift_precedes_crossing_and_top"":true,""passed"":{""ACTIVE_LIFT"":true,""FRONT_FACE_CROSSED"":true,""TOP_LOADED"":true},""ticks"":{""ACTIVE_LIFT"":2417,""FRONT_FACE_CROSSED"":3115,""TOP_LOADED"":3583}},""FR"":{""complete"":true,""lift_precedes_crossing_and_top"":true,""passed"":{""ACTIVE_LIFT"":true,""FRONT_FACE_CROSSED"":true,""TOP_LOADED"":true},""ticks"":{""ACTIVE_LIFT"":1624,""FRONT_FACE_CROSSED"":1665,""TOP_LOADED"":1695}},""RL"":{""complete"":false,""lift_precedes_crossing_and_top"":false,""passed"":{""ACTIVE_LIFT"":true,""FRONT_FACE_CROSSED"":false,""TOP_LOADED"":false},""ticks"":{""ACTIVE_LIFT"":7718,""FRONT_FACE_CROSSED"":null,""TOP_LOADED"":null}},""RR"":{""complete"":true,""lift_precedes_crossing_and_top"":true,""passed"":{""ACTIVE_LIFT"":true,""FRONT_FACE_CROSSED"":true,""TOP_LOADED"":true},""ticks"":{""ACTIVE_LIFT"":6918,""FRONT_FACE_CROSSED"":7109,""TOP_LOADED"":7579}}},""rear_leg_order"":""NOT_PROVEN"",""source"":""terminal raw observation live latched guard history"",""terminal_physics_tick"":7848}}",False,False,False,0.0,0,C:\robotics_sim\wlr_robot\fsm_50mm_recording_shaped_clean_v1\runs\trial_031_20260902_clean_v010\actual_viewport_video.mp4,True,True,65.4,True,False,0,0,0,0,,True,hash-bound frozen config/runtime source proof,0,INCOMPLETE_CONTROLLER_BLOCKED,INCOMPLETE_CONTROLLER_BLOCKED,INCOMPLETE_CONTROLLER_BLOCKED,,,,,,NOT_EVALUATED_INCOMPLETE_TRIAL,65.4,False,
trial_032_20260902_clean_v010,32,False,VALID,True,602f6e0893d999e5cb078aadf75541234440a3af918dc58e0154e80ff16ea3cb,e8a2a2b1485a32a50e851a07b9dd8ac4945b78ec49b7fada2b61c3eeb1e18892,True,True,"[""P01"",""P02"",""P03"",""P04"",""P05"",""P06"",""P07"",""P08"",""P09""]",False,False,False,"[0.8121457695960999,-0.02354280650615692,0.10896473377943039]","{""front_left_ankle"":[0.948579728603363,0.04322616010904312,0.10019849240779877],""front_right_ankle"":[1.1199297904968262,-0.37065425515174866,0.14777956902980804],""rear_left_ankle"":[0.4336303472518921,0.08355800807476044,0.051163200289011],""rear_right_ankle"":[0.5942949056625366,-0.3272828459739685,0.09899158030748367]}",False,RR_FIRST,False,"{""body_collision"":false,""confirmed_collision_row_count"":0,""exact_pair_active_row_count"":0,""ledger_row_count"":7849,""maximum_normal_force_n"":0.0,""maximum_penetration_m"":0.0,""noise_filter"":""single-frame exact-pair activity is ignored only when it has neither positive penetration nor a second consecutive nonzero-force sample"",""penetrating_row_count"":0,""persistent_row_count"":0,""reported_collision_row_count"":0}",False,"{""detector_positive_count"":0,""event_logger_per_leg"":{""FL"":{""complete"":true,""event_evidence_passed"":true,""events"":[""ACTIVE_LIFT"",""FRONT_FACE_CROSSED"",""TOP_LOADED""],""lift_precedes_crossing_and_top"":true,""ticks"":{""ACTIVE_LIFT"":2417,""FRONT_FACE_CROSSED"":3115,""TOP_LOADED"":3583}},""FR"":{""complete"":true,""event_evidence_passed"":true,""events"":[""ACTIVE_LIFT"",""FRONT_FACE_CROSSED"",""TOP_LOADED""],""lift_precedes_crossing_and_top"":true,""ticks"":{""ACTIVE_LIFT"":1624,""FRONT_FACE_CROSSED"":1665,""TOP_LOADED"":1695}},""RL"":{""complete"":false,""event_evidence_passed"":true,""events"":[""ACTIVE_LIFT""],""lift_precedes_crossing_and_top"":false,""ticks"":{""ACTIVE_LIFT"":7718}},""RR"":{""complete"":true,""event_evidence_passed"":true,""events"":[""ACTIVE_LIFT"",""FRONT_FACE_CROSSED"",""TOP_LOADED""],""lift_precedes_crossing_and_top"":true,""ticks"":{""ACTIVE_LIFT"":6918,""FRONT_FACE_CROSSED"":7109,""TOP_LOADED"":7579}}},""per_leg"":{""FL"":{""complete"":true,""event_evidence_passed"":true,""events"":[""ACTIVE_LIFT"",""FRONT_FACE_CROSSED"",""TOP_LOADED""],""lift_precedes_crossing_and_top"":true,""ticks"":{""ACTIVE_LIFT"":2417,""FRONT_FACE_CROSSED"":3115,""TOP_LOADED"":3583}},""FR"":{""complete"":true,""event_evidence_passed"":true,""events"":[""ACTIVE_LIFT"",""FRONT_FACE_CROSSED"",""TOP_LOADED""],""lift_precedes_crossing_and_top"":true,""ticks"":{""ACTIVE_LIFT"":1624,""FRONT_FACE_CROSSED"":1665,""TOP_LOADED"":1695}},""RL"":{""complete"":false,""event_evidence_passed"":true,""events"":[""ACTIVE_LIFT""],""lift_precedes_crossing_and_top"":false,""ticks"":{""ACTIVE_LIFT"":7718}},""RR"":{""complete"":true,""event_evidence_passed"":true,""events"":[""ACTIVE_LIFT"",""FRONT_FACE_CROSSED"",""TOP_LOADED""],""lift_precedes_crossing_and_top"":true,""ticks"":{""ACTIVE_LIFT"":6918,""FRONT_FACE_CROSSED"":7109,""TOP_LOADED"":7579}}},""reason"":""each front-face crossing has prior active measured-lift evidence in the event ledger or terminal live-observation latch history"",""terminal_observation_latches"":{""all_four_active_lift_crossing_top_latches"":false,""all_leg_front_face_crossings_latched"":false,""all_wheels_final_top_geometry"":false,""passed"":false,""per_leg"":{""FL"":{""complete"":true,""lift_precedes_crossing_and_top"":true,""passed"":{""ACTIVE_LIFT"":true,""FRONT_FACE_CROSSED"":true,""TOP_LOADED"":true},""ticks"":{""ACTIVE_LIFT"":2417,""FRONT_FACE_CROSSED"":3115,""TOP_LOADED"":3583}},""FR"":{""complete"":true,""lift_precedes_crossing_and_top"":true,""passed"":{""ACTIVE_LIFT"":true,""FRONT_FACE_CROSSED"":true,""TOP_LOADED"":true},""ticks"":{""ACTIVE_LIFT"":1624,""FRONT_FACE_CROSSED"":1665,""TOP_LOADED"":1695}},""RL"":{""complete"":false,""lift_precedes_crossing_and_top"":false,""passed"":{""ACTIVE_LIFT"":true,""FRONT_FACE_CROSSED"":false,""TOP_LOADED"":false},""ticks"":{""ACTIVE_LIFT"":7718,""FRONT_FACE_CROSSED"":null,""TOP_LOADED"":null}},""RR"":{""complete"":true,""lift_precedes_crossing_and_top"":true,""passed"":{""ACTIVE_LIFT"":true,""FRONT_FACE_CROSSED"":true,""TOP_LOADED"":true},""ticks"":{""ACTIVE_LIFT"":6918,""FRONT_FACE_CROSSED"":7109,""TOP_LOADED"":7579}}},""rear_leg_order"":""NOT_PROVEN"",""source"":""terminal raw observation live latched guard history"",""terminal_physics_tick"":7848}}",False,False,False,0.0,0,C:\robotics_sim\wlr_robot\fsm_50mm_recording_shaped_clean_v1\runs\trial_032_20260902_clean_v010\actual_viewport_video.mp4,True,True,65.4,True,False,0,0,0,0,,True,hash-bound frozen config/runtime source proof,0,INCOMPLETE_CONTROLLER_BLOCKED,INCOMPLETE_CONTROLLER_BLOCKED,INCOMPLETE_CONTROLLER_BLOCKED,,,,,,NOT_EVALUATED_INCOMPLETE_TRIAL,65.4,False,
trial_033_20260902_clean_v010,33,False,VALID,True,602f6e0893d999e5cb078aadf75541234440a3af918dc58e0154e80ff16ea3cb,e8a2a2b1485a32a50e851a07b9dd8ac4945b78ec49b7fada2b61c3eeb1e18892,True,True,"[""P01"",""P02"",""P03"",""P04"",""P05"",""P06"",""P07"",""P08"",""P09""]",False,False,False,"[0.8122425079345703,-0.023424528539180756,0.1088605523109436]","{""front_left_ankle"":[0.9484593868255615,0.04342188313603401,0.10017425566911697],""front_right_ankle"":[1.1201828718185425,-0.3704451024532318,0.14744286239147186],""rear_left_ankle"":[0.4337083399295807,0.08356297016143799,0.05115431547164917],""rear_right_ankle"":[0.5946106314659119,-0.32723429799079895,0.09898506104946136]}",False,RR_FIRST,False,"{""body_collision"":false,""confirmed_collision_row_count"":0,""exact_pair_active_row_count"":0,""ledger_row_count"":7849,""maximum_normal_force_n"":0.0,""maximum_penetration_m"":0.0,""noise_filter"":""single-frame exact-pair activity is ignored only when it has neither positive penetration nor a second consecutive nonzero-force sample"",""penetrating_row_count"":0,""persistent_row_count"":0,""reported_collision_row_count"":0}",False,"{""detector_positive_count"":0,""event_logger_per_leg"":{""FL"":{""complete"":true,""event_evidence_passed"":true,""events"":[""ACTIVE_LIFT"",""FRONT_FACE_CROSSED"",""TOP_LOADED""],""lift_precedes_crossing_and_top"":true,""ticks"":{""ACTIVE_LIFT"":2417,""FRONT_FACE_CROSSED"":3115,""TOP_LOADED"":3583}},""FR"":{""complete"":true,""event_evidence_passed"":true,""events"":[""ACTIVE_LIFT"",""FRONT_FACE_CROSSED"",""TOP_LOADED""],""lift_precedes_crossing_and_top"":true,""ticks"":{""ACTIVE_LIFT"":1624,""FRONT_FACE_CROSSED"":1665,""TOP_LOADED"":1695}},""RL"":{""complete"":false,""event_evidence_passed"":true,""events"":[""ACTIVE_LIFT""],""lift_precedes_crossing_and_top"":false,""ticks"":{""ACTIVE_LIFT"":7718}},""RR"":{""complete"":true,""event_evidence_passed"":true,""events"":[""ACTIVE_LIFT"",""FRONT_FACE_CROSSED"",""TOP_LOADED""],""lift_precedes_crossing_and_top"":true,""ticks"":{""ACTIVE_LIFT"":6918,""FRONT_FACE_CROSSED"":7109,""TOP_LOADED"":7579}}},""per_leg"":{""FL"":{""complete"":true,""event_evidence_passed"":true,""events"":[""ACTIVE_LIFT"",""FRONT_FACE_CROSSED"",""TOP_LOADED""],""lift_precedes_crossing_and_top"":true,""ticks"":{""ACTIVE_LIFT"":2417,""FRONT_FACE_CROSSED"":3115,""TOP_LOADED"":3583}},""FR"":{""complete"":true,""event_evidence_passed"":true,""events"":[""ACTIVE_LIFT"",""FRONT_FACE_CROSSED"",""TOP_LOADED""],""lift_precedes_crossing_and_top"":true,""ticks"":{""ACTIVE_LIFT"":1624,""FRONT_FACE_CROSSED"":1665,""TOP_LOADED"":1695}},""RL"":{""complete"":false,""event_evidence_passed"":true,""events"":[""ACTIVE_LIFT""],""lift_precedes_crossing_and_top"":false,""ticks"":{""ACTIVE_LIFT"":7718}},""RR"":{""complete"":true,""event_evidence_passed"":true,""events"":[""ACTIVE_LIFT"",""FRONT_FACE_CROSSED"",""TOP_LOADED""],""lift_precedes_crossing_and_top"":true,""ticks"":{""ACTIVE_LIFT"":6918,""FRONT_FACE_CROSSED"":7109,""TOP_LOADED"":7579}}},""reason"":""each front-face crossing has prior active measured-lift evidence in the event ledger or terminal live-observation latch history"",""terminal_observation_latches"":{""all_four_active_lift_crossing_top_latches"":false,""all_leg_front_face_crossings_latched"":false,""all_wheels_final_top_geometry"":false,""passed"":false,""per_leg"":{""FL"":{""complete"":true,""lift_precedes_crossing_and_top"":true,""passed"":{""ACTIVE_LIFT"":true,""FRONT_FACE_CROSSED"":true,""TOP_LOADED"":true},""ticks"":{""ACTIVE_LIFT"":2417,""FRONT_FACE_CROSSED"":3115,""TOP_LOADED"":3583}},""FR"":{""complete"":true,""lift_precedes_crossing_and_top"":true,""passed"":{""ACTIVE_LIFT"":true,""FRONT_FACE_CROSSED"":true,""TOP_LOADED"":true},""ticks"":{""ACTIVE_LIFT"":1624,""FRONT_FACE_CROSSED"":1665,""TOP_LOADED"":1695}},""RL"":{""complete"":false,""lift_precedes_crossing_and_top"":false,""passed"":{""ACTIVE_LIFT"":true,""FRONT_FACE_CROSSED"":false,""TOP_LOADED"":false},""ticks"":{""ACTIVE_LIFT"":7718,""FRONT_FACE_CROSSED"":null,""TOP_LOADED"":null}},""RR"":{""complete"":true,""lift_precedes_crossing_and_top"":true,""passed"":{""ACTIVE_LIFT"":true,""FRONT_FACE_CROSSED"":true,""TOP_LOADED"":true},""ticks"":{""ACTIVE_LIFT"":6918,""FRONT_FACE_CROSSED"":7109,""TOP_LOADED"":7579}}},""rear_leg_order"":""NOT_PROVEN"",""source"":""terminal raw observation live latched guard history"",""terminal_physics_tick"":7848}}",False,False,False,0.0,0,C:\robotics_sim\wlr_robot\fsm_50mm_recording_shaped_clean_v1\runs\trial_033_20260902_clean_v010\actual_viewport_video.mp4,True,True,65.4,True,False,0,0,0,0,,True,hash-bound frozen config/runtime source proof,0,INCOMPLETE_CONTROLLER_BLOCKED,INCOMPLETE_CONTROLLER_BLOCKED,INCOMPLETE_CONTROLLER_BLOCKED,,,,,,NOT_EVALUATED_INCOMPLETE_TRIAL,65.4,False,
trial_034_20260902_clean_v010,34,False,VALID,True,602f6e0893d999e5cb078aadf75541234440a3af918dc58e0154e80ff16ea3cb,e8a2a2b1485a32a50e851a07b9dd8ac4945b78ec49b7fada2b61c3eeb1e18892,True,True,"[""P01"",""P02"",""P03"",""P04"",""P05"",""P06"",""P07"",""P08"",""P09""]",False,False,False,"[0.8120822310447693,-0.023554891347885132,0.10895302146673203]","{""front_left_ankle"":[0.9484887719154358,0.043255824595689774,0.1001938208937645],""front_right_ankle"":[1.1199694871902466,-0.37057846784591675,0.14774151146411896],""rear_left_ankle"":[0.43353381752967834,0.08343864977359772,0.051162295043468475],""rear_right_ankle"":[0.5943333506584167,-0.32735776901245117,0.09898494929075241]}",False,RR_FIRST,False,"{""body_collision"":false,""confirmed_collision_row_count"":0,""exact_pair_active_row_count"":0,""ledger_row_count"":7849,""maximum_normal_force_n"":0.0,""maximum_penetration_m"":0.0,""noise_filter"":""single-frame exact-pair activity is ignored only when it has neither positive penetration nor a second consecutive nonzero-force sample"",""penetrating_row_count"":0,""persistent_row_count"":0,""reported_collision_row_count"":0}",False,"{""detector_positive_count"":0,""event_logger_per_leg"":{""FL"":{""complete"":true,""event_evidence_passed"":true,""events"":[""ACTIVE_LIFT"",""FRONT_FACE_CROSSED"",""TOP_LOADED""],""lift_precedes_crossing_and_top"":true,""ticks"":{""ACTIVE_LIFT"":2417,""FRONT_FACE_CROSSED"":3115,""TOP_LOADED"":3583}},""FR"":{""complete"":true,""event_evidence_passed"":true,""events"":[""ACTIVE_LIFT"",""FRONT_FACE_CROSSED"",""TOP_LOADED""],""lift_precedes_crossing_and_top"":true,""ticks"":{""ACTIVE_LIFT"":1624,""FRONT_FACE_CROSSED"":1665,""TOP_LOADED"":1695}},""RL"":{""complete"":false,""event_evidence_passed"":true,""events"":[""ACTIVE_LIFT""],""lift_precedes_crossing_and_top"":false,""ticks"":{""ACTIVE_LIFT"":7718}},""RR"":{""complete"":true,""event_evidence_passed"":true,""events"":[""ACTIVE_LIFT"",""FRONT_FACE_CROSSED"",""TOP_LOADED""],""lift_precedes_crossing_and_top"":true,""ticks"":{""ACTIVE_LIFT"":6918,""FRONT_FACE_CROSSED"":7109,""TOP_LOADED"":7579}}},""per_leg"":{""FL"":{""complete"":true,""event_evidence_passed"":true,""events"":[""ACTIVE_LIFT"",""FRONT_FACE_CROSSED"",""TOP_LOADED""],""lift_precedes_crossing_and_top"":true,""ticks"":{""ACTIVE_LIFT"":2417,""FRONT_FACE_CROSSED"":3115,""TOP_LOADED"":3583}},""FR"":{""complete"":true,""event_evidence_passed"":true,""events"":[""ACTIVE_LIFT"",""FRONT_FACE_CROSSED"",""TOP_LOADED""],""lift_precedes_crossing_and_top"":true,""ticks"":{""ACTIVE_LIFT"":1624,""FRONT_FACE_CROSSED"":1665,""TOP_LOADED"":1695}},""RL"":{""complete"":false,""event_evidence_passed"":true,""events"":[""ACTIVE_LIFT""],""lift_precedes_crossing_and_top"":false,""ticks"":{""ACTIVE_LIFT"":7718}},""RR"":{""complete"":true,""event_evidence_passed"":true,""events"":[""ACTIVE_LIFT"",""FRONT_FACE_CROSSED"",""TOP_LOADED""],""lift_precedes_crossing_and_top"":true,""ticks"":{""ACTIVE_LIFT"":6918,""FRONT_FACE_CROSSED"":7109,""TOP_LOADED"":7579}}},""reason"":""each front-face crossing has prior active measured-lift evidence in the event ledger or terminal live-observation latch history"",""terminal_observation_latches"":{""all_four_active_lift_crossing_top_latches"":false,""all_leg_front_face_crossings_latched"":false,""all_wheels_final_top_geometry"":false,""passed"":false,""per_leg"":{""FL"":{""complete"":true,""lift_precedes_crossing_and_top"":true,""passed"":{""ACTIVE_LIFT"":true,""FRONT_FACE_CROSSED"":true,""TOP_LOADED"":true},""ticks"":{""ACTIVE_LIFT"":2417,""FRONT_FACE_CROSSED"":3115,""TOP_LOADED"":3583}},""FR"":{""complete"":true,""lift_precedes_crossing_and_top"":true,""passed"":{""ACTIVE_LIFT"":true,""FRONT_FACE_CROSSED"":true,""TOP_LOADED"":true},""ticks"":{""ACTIVE_LIFT"":1624,""FRONT_FACE_CROSSED"":1665,""TOP_LOADED"":1695}},""RL"":{""complete"":false,""lift_precedes_crossing_and_top"":false,""passed"":{""ACTIVE_LIFT"":true,""FRONT_FACE_CROSSED"":false,""TOP_LOADED"":false},""ticks"":{""ACTIVE_LIFT"":7718,""FRONT_FACE_CROSSED"":null,""TOP_LOADED"":null}},""RR"":{""complete"":true,""lift_precedes_crossing_and_top"":true,""passed"":{""ACTIVE_LIFT"":true,""FRONT_FACE_CROSSED"":true,""TOP_LOADED"":true},""ticks"":{""ACTIVE_LIFT"":6918,""FRONT_FACE_CROSSED"":7109,""TOP_LOADED"":7579}}},""rear_leg_order"":""NOT_PROVEN"",""source"":""terminal raw observation live latched guard history"",""terminal_physics_tick"":7848}}",False,False,False,0.0,0,C:\robotics_sim\wlr_robot\fsm_50mm_recording_shaped_clean_v1\runs\trial_034_20260902_clean_v010\actual_viewport_video.mp4,True,True,65.4,True,False,0,0,0,0,,True,hash-bound frozen config/runtime source proof,0,INCOMPLETE_CONTROLLER_BLOCKED,INCOMPLETE_CONTROLLER_BLOCKED,INCOMPLETE_CONTROLLER_BLOCKED,,,,,,NOT_EVALUATED_INCOMPLETE_TRIAL,65.4,False,
trial_035_20260902_clean_v010,35,False,VALID,True,602f6e0893d999e5cb078aadf75541234440a3af918dc58e0154e80ff16ea3cb,e8a2a2b1485a32a50e851a07b9dd8ac4945b78ec49b7fada2b61c3eeb1e18892,True,True,"[""P01"",""P02"",""P03"",""P04"",""P05"",""P06"",""P07"",""P08"",""P09""]",False,False,False,"[0.8122442364692688,-0.02350761741399765,0.10898511856794357]","{""front_left_ankle"":[0.9484942555427551,0.0434039905667305,0.10020063817501068],""front_right_ankle"":[1.120384931564331,-0.37029528617858887,0.14794623851776123],""rear_left_ankle"":[0.4336417615413666,0.08318403363227844,0.051171135157346725],""rear_right_ankle"":[0.5945773720741272,-0.32747289538383484,0.09899760037660599]}",False,RR_FIRST,False,"{""body_collision"":false,""confirmed_collision_row_count"":0,""exact_pair_active_row_count"":0,""ledger_row_count"":7849,""maximum_normal_force_n"":0.0,""maximum_penetration_m"":0.0,""noise_filter"":""single-frame exact-pair activity is ignored only when it has neither positive penetration nor a second consecutive nonzero-force sample"",""penetrating_row_count"":0,""persistent_row_count"":0,""reported_collision_row_count"":0}",False,"{""detector_positive_count"":0,""event_logger_per_leg"":{""FL"":{""complete"":true,""event_evidence_passed"":true,""events"":[""ACTIVE_LIFT"",""FRONT_FACE_CROSSED"",""TOP_LOADED""],""lift_precedes_crossing_and_top"":true,""ticks"":{""ACTIVE_LIFT"":2417,""FRONT_FACE_CROSSED"":3115,""TOP_LOADED"":3583}},""FR"":{""complete"":true,""event_evidence_passed"":true,""events"":[""ACTIVE_LIFT"",""FRONT_FACE_CROSSED"",""TOP_LOADED""],""lift_precedes_crossing_and_top"":true,""ticks"":{""ACTIVE_LIFT"":1624,""FRONT_FACE_CROSSED"":1665,""TOP_LOADED"":1695}},""RL"":{""complete"":false,""event_evidence_passed"":true,""events"":[""ACTIVE_LIFT""],""lift_precedes_crossing_and_top"":false,""ticks"":{""ACTIVE_LIFT"":7718}},""RR"":{""complete"":true,""event_evidence_passed"":true,""events"":[""ACTIVE_LIFT"",""FRONT_FACE_CROSSED"",""TOP_LOADED""],""lift_precedes_crossing_and_top"":true,""ticks"":{""ACTIVE_LIFT"":6918,""FRONT_FACE_CROSSED"":7109,""TOP_LOADED"":7579}}},""per_leg"":{""FL"":{""complete"":true,""event_evidence_passed"":true,""events"":[""ACTIVE_LIFT"",""FRONT_FACE_CROSSED"",""TOP_LOADED""],""lift_precedes_crossing_and_top"":true,""ticks"":{""ACTIVE_LIFT"":2417,""FRONT_FACE_CROSSED"":3115,""TOP_LOADED"":3583}},""FR"":{""complete"":true,""event_evidence_passed"":true,""events"":[""ACTIVE_LIFT"",""FRONT_FACE_CROSSED"",""TOP_LOADED""],""lift_precedes_crossing_and_top"":true,""ticks"":{""ACTIVE_LIFT"":1624,""FRONT_FACE_CROSSED"":1665,""TOP_LOADED"":1695}},""RL"":{""complete"":false,""event_evidence_passed"":true,""events"":[""ACTIVE_LIFT""],""lift_precedes_crossing_and_top"":false,""ticks"":{""ACTIVE_LIFT"":7718}},""RR"":{""complete"":true,""event_evidence_passed"":true,""events"":[""ACTIVE_LIFT"",""FRONT_FACE_CROSSED"",""TOP_LOADED""],""lift_precedes_crossing_and_top"":true,""ticks"":{""ACTIVE_LIFT"":6918,""FRONT_FACE_CROSSED"":7109,""TOP_LOADED"":7579}}},""reason"":""each front-face crossing has prior active measured-lift evidence in the event ledger or terminal live-observation latch history"",""terminal_observation_latches"":{""all_four_active_lift_crossing_top_latches"":false,""all_leg_front_face_crossings_latched"":false,""all_wheels_final_top_geometry"":false,""passed"":false,""per_leg"":{""FL"":{""complete"":true,""lift_precedes_crossing_and_top"":true,""passed"":{""ACTIVE_LIFT"":true,""FRONT_FACE_CROSSED"":true,""TOP_LOADED"":true},""ticks"":{""ACTIVE_LIFT"":2417,""FRONT_FACE_CROSSED"":3115,""TOP_LOADED"":3583}},""FR"":{""complete"":true,""lift_precedes_crossing_and_top"":true,""passed"":{""ACTIVE_LIFT"":true,""FRONT_FACE_CROSSED"":true,""TOP_LOADED"":true},""ticks"":{""ACTIVE_LIFT"":1624,""FRONT_FACE_CROSSED"":1665,""TOP_LOADED"":1695}},""RL"":{""complete"":false,""lift_precedes_crossing_and_top"":false,""passed"":{""ACTIVE_LIFT"":true,""FRONT_FACE_CROSSED"":false,""TOP_LOADED"":false},""ticks"":{""ACTIVE_LIFT"":7718,""FRONT_FACE_CROSSED"":null,""TOP_LOADED"":null}},""RR"":{""complete"":true,""lift_precedes_crossing_and_top"":true,""passed"":{""ACTIVE_LIFT"":true,""FRONT_FACE_CROSSED"":true,""TOP_LOADED"":true},""ticks"":{""ACTIVE_LIFT"":6918,""FRONT_FACE_CROSSED"":7109,""TOP_LOADED"":7579}}},""rear_leg_order"":""NOT_PROVEN"",""source"":""terminal raw observation live latched guard history"",""terminal_physics_tick"":7848}}",False,False,False,0.0,0,C:\robotics_sim\wlr_robot\fsm_50mm_recording_shaped_clean_v1\runs\trial_035_20260902_clean_v010\actual_viewport_video.mp4,True,True,65.4,True,False,0,0,0,0,,True,hash-bound frozen config/runtime source proof,0,INCOMPLETE_CONTROLLER_BLOCKED,INCOMPLETE_CONTROLLER_BLOCKED,INCOMPLETE_CONTROLLER_BLOCKED,,,,,,NOT_EVALUATED_INCOMPLETE_TRIAL,65.4,False,
trial_036_20260902_clean_v010,36,True,VALID,True,602f6e0893d999e5cb078aadf75541234440a3af918dc58e0154e80ff16ea3cb,e8a2a2b1485a32a50e851a07b9dd8ac4945b78ec49b7fada2b61c3eeb1e18892,True,True,"[""P01"",""P02"",""P03"",""P04"",""P05"",""P06"",""P07"",""P08"",""P09"",""P10"",""P11"",""P12"",""P13""]",True,True,True,"[1.0948444604873657,-0.04822815954685211,0.1561712622642517]","{""front_left_ankle"":[1.3390575647354126,0.019554808735847473,0.09920070320367813],""front_right_ankle"":[1.347069501876831,-0.3801827132701874,0.10749193280935287],""rear_left_ankle"":[0.8224011659622192,0.043483078479766846,0.10230480879545212],""rear_right_ankle"":[0.7878316044807434,-0.3515724241733551,0.09944560378789902]}",True,RR_FIRST,False,"{""body_collision"":false,""confirmed_collision_row_count"":0,""exact_pair_active_row_count"":0,""ledger_row_count"":10697,""maximum_normal_force_n"":0.0,""maximum_penetration_m"":0.0,""noise_filter"":""single-frame exact-pair activity is ignored only when it has neither positive penetration nor a second consecutive nonzero-force sample"",""penetrating_row_count"":0,""persistent_row_count"":0,""reported_collision_row_count"":0}",False,"{""detector_positive_count"":0,""event_logger_per_leg"":{""FL"":{""complete"":true,""event_evidence_passed"":true,""events"":[""ACTIVE_LIFT"",""FRONT_FACE_CROSSED"",""TOP_LOADED""],""lift_precedes_crossing_and_top"":true,""ticks"":{""ACTIVE_LIFT"":2417,""FRONT_FACE_CROSSED"":3115,""TOP_LOADED"":3583}},""FR"":{""complete"":true,""event_evidence_passed"":true,""events"":[""ACTIVE_LIFT"",""FRONT_FACE_CROSSED"",""TOP_LOADED""],""lift_precedes_crossing_and_top"":true,""ticks"":{""ACTIVE_LIFT"":1624,""FRONT_FACE_CROSSED"":1665,""TOP_LOADED"":1695}},""RL"":{""complete"":true,""event_evidence_passed"":true,""events"":[""ACTIVE_LIFT"",""FRONT_FACE_CROSSED"",""TOP_LOADED""],""lift_precedes_crossing_and_top"":true,""ticks"":{""ACTIVE_LIFT"":7718,""FRONT_FACE_CROSSED"":8378,""TOP_LOADED"":8412}},""RR"":{""complete"":true,""event_evidence_passed"":true,""events"":[""ACTIVE_LIFT"",""FRONT_FACE_CROSSED"",""TOP_LOADED""],""lift_precedes_crossing_and_top"":true,""ticks"":{""ACTIVE_LIFT"":6918,""FRONT_FACE_CROSSED"":7109,""TOP_LOADED"":7579}}},""per_leg"":{""FL"":{""complete"":true,""event_evidence_passed"":true,""events"":[""ACTIVE_LIFT"",""FRONT_FACE_CROSSED"",""TOP_LOADED""],""lift_precedes_crossing_and_top"":true,""ticks"":{""ACTIVE_LIFT"":2417,""FRONT_FACE_CROSSED"":3115,""TOP_LOADED"":3583}},""FR"":{""complete"":true,""event_evidence_passed"":true,""events"":[""ACTIVE_LIFT"",""FRONT_FACE_CROSSED"",""TOP_LOADED""],""lift_precedes_crossing_and_top"":true,""ticks"":{""ACTIVE_LIFT"":1624,""FRONT_FACE_CROSSED"":1665,""TOP_LOADED"":1695}},""RL"":{""complete"":true,""event_evidence_passed"":true,""events"":[""ACTIVE_LIFT"",""FRONT_FACE_CROSSED"",""TOP_LOADED""],""lift_precedes_crossing_and_top"":true,""ticks"":{""ACTIVE_LIFT"":7718,""FRONT_FACE_CROSSED"":8378,""TOP_LOADED"":8412}},""RR"":{""complete"":true,""event_evidence_passed"":true,""events"":[""ACTIVE_LIFT"",""FRONT_FACE_CROSSED"",""TOP_LOADED""],""lift_precedes_crossing_and_top"":true,""ticks"":{""ACTIVE_LIFT"":6918,""FRONT_FACE_CROSSED"":7109,""TOP_LOADED"":7579}}},""reason"":""each front-face crossing has prior active measured-lift evidence in the event ledger or terminal live-observation latch history"",""terminal_observation_latches"":{""all_four_active_lift_crossing_top_latches"":true,""all_leg_front_face_crossings_latched"":true,""all_wheels_final_top_geometry"":true,""passed"":true,""per_leg"":{""FL"":{""complete"":true,""lift_precedes_crossing_and_top"":true,""passed"":{""ACTIVE_LIFT"":true,""FRONT_FACE_CROSSED"":true,""TOP_LOADED"":true},""ticks"":{""ACTIVE_LIFT"":2417,""FRONT_FACE_CROSSED"":3115,""TOP_LOADED"":3583}},""FR"":{""complete"":true,""lift_precedes_crossing_and_top"":true,""passed"":{""ACTIVE_LIFT"":true,""FRONT_FACE_CROSSED"":true,""TOP_LOADED"":true},""ticks"":{""ACTIVE_LIFT"":1624,""FRONT_FACE_CROSSED"":1665,""TOP_LOADED"":1695}},""RL"":{""complete"":true,""lift_precedes_crossing_and_top"":true,""passed"":{""ACTIVE_LIFT"":true,""FRONT_FACE_CROSSED"":true,""TOP_LOADED"":true},""ticks"":{""ACTIVE_LIFT"":7718,""FRONT_FACE_CROSSED"":8378,""TOP_LOADED"":8412}},""RR"":{""complete"":true,""lift_precedes_crossing_and_top"":true,""passed"":{""ACTIVE_LIFT"":true,""FRONT_FACE_CROSSED"":true,""TOP_LOADED"":true},""ticks"":{""ACTIVE_LIFT"":6918,""FRONT_FACE_CROSSED"":7109,""TOP_LOADED"":7579}}},""rear_leg_order"":""RR_FIRST"",""source"":""terminal raw observation live latched guard history"",""terminal_physics_tick"":10696}}",False,False,True,0.5749999999999886,0,C:\robotics_sim\wlr_robot\fsm_50mm_recording_shaped_clean_v1\runs\trial_036_20260902_clean_v010\actual_viewport_video.mp4,True,True,89.13333333333334,True,False,0,0,0,0,,True,hash-bound frozen config/runtime source proof,0,INCOMPLETE_CONTROLLER_BLOCKED,SUCCESS,TASK_SUCCESS_WITH_REFERENCE_DIVERGENCE_WARNING,94.6014394766218,P10,rear_right_knee,measured_peak_velocity_error_percent,False,REFERENCE_DIVERGENCE_WARNING,89.13333333333334,False,
trial_037_20260902_clean_v010,37,False,VALID,True,602f6e0893d999e5cb078aadf75541234440a3af918dc58e0154e80ff16ea3cb,e8a2a2b1485a32a50e851a07b9dd8ac4945b78ec49b7fada2b61c3eeb1e18892,True,True,"[""P01"",""P02"",""P03"",""P04"",""P05"",""P06"",""P07"",""P08"",""P09""]",False,False,False,"[0.8101502060890198,-0.020744338631629944,0.11019773781299591]","{""front_left_ankle"":[0.9510281085968018,0.04655447229743004,0.10013851523399353],""front_right_ankle"":[1.1249030828475952,-0.36558836698532104,0.15411491692066193],""rear_left_ankle"":[0.43360430002212524,0.08330309391021729,0.05114936828613281],""rear_right_ankle"":[0.5958916544914246,-0.32623183727264404,0.09901639819145203]}",False,RR_FIRST,False,"{""body_collision"":false,""confirmed_collision_row_count"":0,""exact_pair_active_row_count"":0,""ledger_row_count"":7849,""maximum_normal_force_n"":0.0,""maximum_penetration_m"":0.0,""noise_filter"":""single-frame exact-pair activity is ignored only when it has neither positive penetration nor a second consecutive nonzero-force sample"",""penetrating_row_count"":0,""persistent_row_count"":0,""reported_collision_row_count"":0}",False,"{""detector_positive_count"":0,""event_logger_per_leg"":{""FL"":{""complete"":true,""event_evidence_passed"":true,""events"":[""ACTIVE_LIFT"",""FRONT_FACE_CROSSED"",""TOP_LOADED""],""lift_precedes_crossing_and_top"":true,""ticks"":{""ACTIVE_LIFT"":2417,""FRONT_FACE_CROSSED"":3115,""TOP_LOADED"":3583}},""FR"":{""complete"":true,""event_evidence_passed"":true,""events"":[""ACTIVE_LIFT"",""FRONT_FACE_CROSSED"",""TOP_LOADED""],""lift_precedes_crossing_and_top"":true,""ticks"":{""ACTIVE_LIFT"":1624,""FRONT_FACE_CROSSED"":1665,""TOP_LOADED"":1695}},""RL"":{""complete"":false,""event_evidence_passed"":true,""events"":[],""lift_precedes_crossing_and_top"":false,""ticks"":{}},""RR"":{""complete"":true,""event_evidence_passed"":true,""events"":[""ACTIVE_LIFT"",""FRONT_FACE_CROSSED"",""TOP_LOADED""],""lift_precedes_crossing_and_top"":true,""ticks"":{""ACTIVE_LIFT"":6923,""FRONT_FACE_CROSSED"":7111,""TOP_LOADED"":7579}}},""per_leg"":{""FL"":{""complete"":true,""event_evidence_passed"":true,""events"":[""ACTIVE_LIFT"",""FRONT_FACE_CROSSED"",""TOP_LOADED""],""lift_precedes_crossing_and_top"":true,""ticks"":{""ACTIVE_LIFT"":2417,""FRONT_FACE_CROSSED"":3115,""TOP_LOADED"":3583}},""FR"":{""complete"":true,""event_evidence_passed"":true,""events"":[""ACTIVE_LIFT"",""FRONT_FACE_CROSSED"",""TOP_LOADED""],""lift_precedes_crossing_and_top"":true,""ticks"":{""ACTIVE_LIFT"":1624,""FRONT_FACE_CROSSED"":1665,""TOP_LOADED"":1695}},""RL"":{""complete"":false,""event_evidence_passed"":true,""events"":[],""lift_precedes_crossing_and_top"":false,""ticks"":{}},""RR"":{""complete"":true,""event_evidence_passed"":true,""events"":[""ACTIVE_LIFT"",""FRONT_FACE_CROSSED"",""TOP_LOADED""],""lift_precedes_crossing_and_top"":true,""ticks"":{""ACTIVE_LIFT"":6923,""FRONT_FACE_CROSSED"":7111,""TOP_LOADED"":7579}}},""reason"":""each front-face crossing has prior active measured-lift evidence in the event ledger or terminal live-observation latch history"",""terminal_observation_latches"":{""all_four_active_lift_crossing_top_latches"":false,""all_leg_front_face_crossings_latched"":false,""all_wheels_final_top_geometry"":false,""passed"":false,""per_leg"":{""FL"":{""complete"":true,""lift_precedes_crossing_and_top"":true,""passed"":{""ACTIVE_LIFT"":true,""FRONT_FACE_CROSSED"":true,""TOP_LOADED"":true},""ticks"":{""ACTIVE_LIFT"":2417,""FRONT_FACE_CROSSED"":3115,""TOP_LOADED"":3583}},""FR"":{""complete"":true,""lift_precedes_crossing_and_top"":true,""passed"":{""ACTIVE_LIFT"":true,""FRONT_FACE_CROSSED"":true,""TOP_LOADED"":true},""ticks"":{""ACTIVE_LIFT"":1624,""FRONT_FACE_CROSSED"":1665,""TOP_LOADED"":1695}},""RL"":{""complete"":false,""lift_precedes_crossing_and_top"":false,""passed"":{""ACTIVE_LIFT"":false,""FRONT_FACE_CROSSED"":false,""TOP_LOADED"":false},""ticks"":{""ACTIVE_LIFT"":null,""FRONT_FACE_CROSSED"":null,""TOP_LOADED"":null}},""RR"":{""complete"":true,""lift_precedes_crossing_and_top"":true,""passed"":{""ACTIVE_LIFT"":true,""FRONT_FACE_CROSSED"":true,""TOP_LOADED"":true},""ticks"":{""ACTIVE_LIFT"":6923,""FRONT_FACE_CROSSED"":7111,""TOP_LOADED"":7579}}},""rear_leg_order"":""NOT_PROVEN"",""source"":""terminal raw observation live latched guard history"",""terminal_physics_tick"":7848}}",False,False,False,0.0,0,C:\robotics_sim\wlr_robot\fsm_50mm_recording_shaped_clean_v1\runs\trial_037_20260902_clean_v010\actual_viewport_video.mp4,True,True,65.4,True,False,0,0,0,0,,True,hash-bound frozen config/runtime source proof,0,INCOMPLETE_CONTROLLER_BLOCKED,INCOMPLETE_CONTROLLER_BLOCKED,INCOMPLETE_CONTROLLER_BLOCKED,,,,,,NOT_EVALUATED_INCOMPLETE_TRIAL,65.4,False,
trial_038_20260902_clean_v010,38,False,VALID,True,602f6e0893d999e5cb078aadf75541234440a3af918dc58e0154e80ff16ea3cb,e8a2a2b1485a32a50e851a07b9dd8ac4945b78ec49b7fada2b61c3eeb1e18892,True,True,"[""P01"",""P02"",""P03"",""P04"",""P05"",""P06"",""P07"",""P08"",""P09"",""P10"",""P11"",""P12""]",False,True,True,"[1.3510441780090332,-0.07261773198843002,0.1503368318080902]","{""front_left_ankle"":[1.6036815643310547,-0.013828843832015991,0.09866680949926376],""front_right_ankle"":[1.5906401872634888,-0.41267716884613037,0.09992630779743195],""rear_left_ankle"":[1.0788663625717163,0.027978774160146713,0.09975072741508484],""rear_right_ankle"":[1.03287672996521,-0.3659171462059021,0.10037160664796829]}",True,RR_FIRST,False,"{""body_collision"":false,""confirmed_collision_row_count"":0,""exact_pair_active_row_count"":0,""ledger_row_count"":13033,""maximum_normal_force_n"":0.0,""maximum_penetration_m"":0.0,""noise_filter"":""single-frame exact-pair activity is ignored only when it has neither positive penetration nor a second consecutive nonzero-force sample"",""penetrating_row_count"":0,""persistent_row_count"":0,""reported_collision_row_count"":0}",False,"{""detector_positive_count"":0,""event_logger_per_leg"":{""FL"":{""complete"":true,""event_evidence_passed"":true,""events"":[""ACTIVE_LIFT"",""FRONT_FACE_CROSSED"",""TOP_LOADED""],""lift_precedes_crossing_and_top"":true,""ticks"":{""ACTIVE_LIFT"":2417,""FRONT_FACE_CROSSED"":3115,""TOP_LOADED"":3583}},""FR"":{""complete"":true,""event_evidence_passed"":true,""events"":[""ACTIVE_LIFT"",""FRONT_FACE_CROSSED"",""TOP_LOADED""],""lift_precedes_crossing_and_top"":true,""ticks"":{""ACTIVE_LIFT"":1624,""FRONT_FACE_CROSSED"":1665,""TOP_LOADED"":1695}},""RL"":{""complete"":true,""event_evidence_passed"":true,""events"":[""ACTIVE_LIFT"",""FRONT_FACE_CROSSED"",""TOP_LOADED""],""lift_precedes_crossing_and_top"":true,""ticks"":{""ACTIVE_LIFT"":7718,""FRONT_FACE_CROSSED"":8378,""TOP_LOADED"":8411}},""RR"":{""complete"":true,""event_evidence_passed"":true,""events"":[""ACTIVE_LIFT"",""FRONT_FACE_CROSSED"",""TOP_LOADED""],""lift_precedes_crossing_and_top"":true,""ticks"":{""ACTIVE_LIFT"":6918,""FRONT_FACE_CROSSED"":7109,""TOP_LOADED"":7579}}},""per_leg"":{""FL"":{""complete"":true,""event_evidence_passed"":true,""events"":[""ACTIVE_LIFT"",""FRONT_FACE_CROSSED"",""TOP_LOADED""],""lift_precedes_crossing_and_top"":true,""ticks"":{""ACTIVE_LIFT"":2417,""FRONT_FACE_CROSSED"":3115,""TOP_LOADED"":3583}},""FR"":{""complete"":true,""event_evidence_passed"":true,""events"":[""ACTIVE_LIFT"",""FRONT_FACE_CROSSED"",""TOP_LOADED""],""lift_precedes_crossing_and_top"":true,""ticks"":{""ACTIVE_LIFT"":1624,""FRONT_FACE_CROSSED"":1665,""TOP_LOADED"":1695}},""RL"":{""complete"":true,""event_evidence_passed"":true,""events"":[""ACTIVE_LIFT"",""FRONT_FACE_CROSSED"",""TOP_LOADED""],""lift_precedes_crossing_and_top"":true,""ticks"":{""ACTIVE_LIFT"":7718,""FRONT_FACE_CROSSED"":8378,""TOP_LOADED"":8411}},""RR"":{""complete"":true,""event_evidence_passed"":true,""events"":[""ACTIVE_LIFT"",""FRONT_FACE_CROSSED"",""TOP_LOADED""],""lift_precedes_crossing_and_top"":true,""ticks"":{""ACTIVE_LIFT"":6918,""FRONT_FACE_CROSSED"":7109,""TOP_LOADED"":7579}}},""reason"":""each front-face crossing has prior active measured-lift evidence in the event ledger or terminal live-observation latch history"",""terminal_observation_latches"":{""all_four_active_lift_crossing_top_latches"":true,""all_leg_front_face_crossings_latched"":true,""all_wheels_final_top_geometry"":true,""passed"":true,""per_leg"":{""FL"":{""complete"":true,""lift_precedes_crossing_and_top"":true,""passed"":{""ACTIVE_LIFT"":true,""FRONT_FACE_CROSSED"":true,""TOP_LOADED"":true},""ticks"":{""ACTIVE_LIFT"":2417,""FRONT_FACE_CROSSED"":3115,""TOP_LOADED"":3583}},""FR"":{""complete"":true,""lift_precedes_crossing_and_top"":true,""passed"":{""ACTIVE_LIFT"":true,""FRONT_FACE_CROSSED"":true,""TOP_LOADED"":true},""ticks"":{""ACTIVE_LIFT"":1624,""FRONT_FACE_CROSSED"":1665,""TOP_LOADED"":1695}},""RL"":{""complete"":true,""lift_precedes_crossing_and_top"":true,""passed"":{""ACTIVE_LIFT"":true,""FRONT_FACE_CROSSED"":true,""TOP_LOADED"":true},""ticks"":{""ACTIVE_LIFT"":7718,""FRONT_FACE_CROSSED"":8378,""TOP_LOADED"":8411}},""RR"":{""complete"":true,""lift_precedes_crossing_and_top"":true,""passed"":{""ACTIVE_LIFT"":true,""FRONT_FACE_CROSSED"":true,""TOP_LOADED"":true},""ticks"":{""ACTIVE_LIFT"":6918,""FRONT_FACE_CROSSED"":7109,""TOP_LOADED"":7579}}},""rear_leg_order"":""RR_FIRST"",""source"":""terminal raw observation live latched guard history"",""terminal_physics_tick"":13032}}",False,False,False,0.0,1,C:\robotics_sim\wlr_robot\fsm_50mm_recording_shaped_clean_v1\runs\trial_038_20260902_clean_v010\actual_viewport_video.mp4,True,True,108.6,True,False,0,0,0,0,,True,hash-bound frozen config/runtime source proof,0,INCOMPLETE_CONTROLLER_BLOCKED,SUCCESS,TASK_SUCCESS,,,,,,NOT_EVALUATED_INCOMPLETE_TRIAL,108.6,False,
trial_039_20260902_clean_v010,39,True,VALID,True,602f6e0893d999e5cb078aadf75541234440a3af918dc58e0154e80ff16ea3cb,e8a2a2b1485a32a50e851a07b9dd8ac4945b78ec49b7fada2b61c3eeb1e18892,True,True,"[""P01"",""P02"",""P03"",""P04"",""P05"",""P06"",""P07"",""P08"",""P09"",""P10"",""P11"",""P12"",""P13""]",True,True,True,"[1.1027491092681885,-0.049219854176044464,0.15722882747650146]","{""front_left_ankle"":[1.3359087705612183,0.0202468428760767,0.09837712347507477],""front_right_ankle"":[1.357397198677063,-0.38039833307266235,0.10584407299757004],""rear_left_ankle"":[0.8296108245849609,0.04276008903980255,0.10455017536878586],""rear_right_ankle"":[0.7916385531425476,-0.35218697786331177,0.10020536929368973]}",True,RR_FIRST,False,"{""body_collision"":false,""confirmed_collision_row_count"":0,""exact_pair_active_row_count"":0,""ledger_row_count"":10777,""maximum_normal_force_n"":0.0,""maximum_penetration_m"":0.0,""noise_filter"":""single-frame exact-pair activity is ignored only when it has neither positive penetration nor a second consecutive nonzero-force sample"",""penetrating_row_count"":0,""persistent_row_count"":0,""reported_collision_row_count"":0}",False,"{""detector_positive_count"":0,""event_logger_per_leg"":{""FL"":{""complete"":true,""event_evidence_passed"":true,""events"":[""ACTIVE_LIFT"",""FRONT_FACE_CROSSED"",""TOP_LOADED""],""lift_precedes_crossing_and_top"":true,""ticks"":{""ACTIVE_LIFT"":2417,""FRONT_FACE_CROSSED"":3115,""TOP_LOADED"":3583}},""FR"":{""complete"":true,""event_evidence_passed"":true,""events"":[""ACTIVE_LIFT"",""FRONT_FACE_CROSSED"",""TOP_LOADED""],""lift_precedes_crossing_and_top"":true,""ticks"":{""ACTIVE_LIFT"":1624,""FRONT_FACE_CROSSED"":1665,""TOP_LOADED"":1695}},""RL"":{""complete"":true,""event_evidence_passed"":true,""events"":[""ACTIVE_LIFT"",""FRONT_FACE_CROSSED"",""TOP_LOADED""],""lift_precedes_crossing_and_top"":true,""ticks"":{""ACTIVE_LIFT"":7718,""FRONT_FACE_CROSSED"":8378,""TOP_LOADED"":8411}},""RR"":{""complete"":true,""event_evidence_passed"":true,""events"":[""ACTIVE_LIFT"",""FRONT_FACE_CROSSED"",""TOP_LOADED""],""lift_precedes_crossing_and_top"":true,""ticks"":{""ACTIVE_LIFT"":6918,""FRONT_FACE_CROSSED"":7109,""TOP_LOADED"":7579}}},""per_leg"":{""FL"":{""complete"":true,""event_evidence_passed"":true,""events"":[""ACTIVE_LIFT"",""FRONT_FACE_CROSSED"",""TOP_LOADED""],""lift_precedes_crossing_and_top"":true,""ticks"":{""ACTIVE_LIFT"":2417,""FRONT_FACE_CROSSED"":3115,""TOP_LOADED"":3583}},""FR"":{""complete"":true,""event_evidence_passed"":true,""events"":[""ACTIVE_LIFT"",""FRONT_FACE_CROSSED"",""TOP_LOADED""],""lift_precedes_crossing_and_top"":true,""ticks"":{""ACTIVE_LIFT"":1624,""FRONT_FACE_CROSSED"":1665,""TOP_LOADED"":1695}},""RL"":{""complete"":true,""event_evidence_passed"":true,""events"":[""ACTIVE_LIFT"",""FRONT_FACE_CROSSED"",""TOP_LOADED""],""lift_precedes_crossing_and_top"":true,""ticks"":{""ACTIVE_LIFT"":7718,""FRONT_FACE_CROSSED"":8378,""TOP_LOADED"":8411}},""RR"":{""complete"":true,""event_evidence_passed"":true,""events"":[""ACTIVE_LIFT"",""FRONT_FACE_CROSSED"",""TOP_LOADED""],""lift_precedes_crossing_and_top"":true,""ticks"":{""ACTIVE_LIFT"":6918,""FRONT_FACE_CROSSED"":7109,""TOP_LOADED"":7579}}},""reason"":""each front-face crossing has prior active measured-lift evidence in the event ledger or terminal live-observation latch history"",""terminal_observation_latches"":{""all_four_active_lift_crossing_top_latches"":true,""all_leg_front_face_crossings_latched"":true,""all_wheels_final_top_geometry"":true,""passed"":true,""per_leg"":{""FL"":{""complete"":true,""lift_precedes_crossing_and_top"":true,""passed"":{""ACTIVE_LIFT"":true,""FRONT_FACE_CROSSED"":true,""TOP_LOADED"":true},""ticks"":{""ACTIVE_LIFT"":2417,""FRONT_FACE_CROSSED"":3115,""TOP_LOADED"":3583}},""FR"":{""complete"":true,""lift_precedes_crossing_and_top"":true,""passed"":{""ACTIVE_LIFT"":true,""FRONT_FACE_CROSSED"":true,""TOP_LOADED"":true},""ticks"":{""ACTIVE_LIFT"":1624,""FRONT_FACE_CROSSED"":1665,""TOP_LOADED"":1695}},""RL"":{""complete"":true,""lift_precedes_crossing_and_top"":true,""passed"":{""ACTIVE_LIFT"":true,""FRONT_FACE_CROSSED"":true,""TOP_LOADED"":true},""ticks"":{""ACTIVE_LIFT"":7718,""FRONT_FACE_CROSSED"":8378,""TOP_LOADED"":8411}},""RR"":{""complete"":true,""lift_precedes_crossing_and_top"":true,""passed"":{""ACTIVE_LIFT"":true,""FRONT_FACE_CROSSED"":true,""TOP_LOADED"":true},""ticks"":{""ACTIVE_LIFT"":6918,""FRONT_FACE_CROSSED"":7109,""TOP_LOADED"":7579}}},""rear_leg_order"":""RR_FIRST"",""source"":""terminal raw observation live latched guard history"",""terminal_physics_tick"":10776}}",False,False,True,0.99166666666666,1,C:\robotics_sim\wlr_robot\fsm_50mm_recording_shaped_clean_v1\runs\trial_039_20260902_clean_v010\actual_viewport_video.mp4,True,True,89.8,True,False,0,0,0,0,,True,hash-bound frozen config/runtime source proof,0,INCOMPLETE_CONTROLLER_BLOCKED,SUCCESS,TASK_SUCCESS_WITH_REFERENCE_DIVERGENCE_WARNING,75.38560868983663,P10,rear_right_knee,measured_peak_velocity_error_percent,False,REFERENCE_DIVERGENCE_WARNING,89.8,False,
trial_040_20260902_clean_v010,40,False,VALID,True,602f6e0893d999e5cb078aadf75541234440a3af918dc58e0154e80ff16ea3cb,e8a2a2b1485a32a50e851a07b9dd8ac4945b78ec49b7fada2b61c3eeb1e18892,True,True,"[""P01"",""P02"",""P03"",""P04"",""P05"",""P06"",""P07"",""P08"",""P09""]",False,False,False,"[0.8123770356178284,-0.02355058491230011,0.10876744240522385]","{""front_left_ankle"":[0.9485412836074829,0.04334135353565216,0.10015188157558441],""front_right_ankle"":[1.1204031705856323,-0.3705157935619354,0.1471320390701294],""rear_left_ankle"":[0.43379682302474976,0.0833781436085701,0.0511457696557045],""rear_right_ankle"":[0.5949597954750061,-0.3274042308330536,0.09897782653570175]}",False,RR_FIRST,False,"{""body_collision"":false,""confirmed_collision_row_count"":0,""exact_pair_active_row_count"":0,""ledger_row_count"":7849,""maximum_normal_force_n"":0.0,""maximum_penetration_m"":0.0,""noise_filter"":""single-frame exact-pair activity is ignored only when it has neither positive penetration nor a second consecutive nonzero-force sample"",""penetrating_row_count"":0,""persistent_row_count"":0,""reported_collision_row_count"":0}",False,"{""detector_positive_count"":0,""event_logger_per_leg"":{""FL"":{""complete"":true,""event_evidence_passed"":true,""events"":[""ACTIVE_LIFT"",""FRONT_FACE_CROSSED"",""TOP_LOADED""],""lift_precedes_crossing_and_top"":true,""ticks"":{""ACTIVE_LIFT"":2417,""FRONT_FACE_CROSSED"":3115,""TOP_LOADED"":3583}},""FR"":{""complete"":true,""event_evidence_passed"":true,""events"":[""ACTIVE_LIFT"",""FRONT_FACE_CROSSED"",""TOP_LOADED""],""lift_precedes_crossing_and_top"":true,""ticks"":{""ACTIVE_LIFT"":1624,""FRONT_FACE_CROSSED"":1665,""TOP_LOADED"":1695}},""RL"":{""complete"":false,""event_evidence_passed"":true,""events"":[""ACTIVE_LIFT""],""lift_precedes_crossing_and_top"":false,""ticks"":{""ACTIVE_LIFT"":7718}},""RR"":{""complete"":true,""event_evidence_passed"":true,""events"":[""ACTIVE_LIFT"",""FRONT_FACE_CROSSED"",""TOP_LOADED""],""lift_precedes_crossing_and_top"":true,""ticks"":{""ACTIVE_LIFT"":6918,""FRONT_FACE_CROSSED"":7109,""TOP_LOADED"":7579}}},""per_leg"":{""FL"":{""complete"":true,""event_evidence_passed"":true,""events"":[""ACTIVE_LIFT"",""FRONT_FACE_CROSSED"",""TOP_LOADED""],""lift_precedes_crossing_and_top"":true,""ticks"":{""ACTIVE_LIFT"":2417,""FRONT_FACE_CROSSED"":3115,""TOP_LOADED"":3583}},""FR"":{""complete"":true,""event_evidence_passed"":true,""events"":[""ACTIVE_LIFT"",""FRONT_FACE_CROSSED"",""TOP_LOADED""],""lift_precedes_crossing_and_top"":true,""ticks"":{""ACTIVE_LIFT"":1624,""FRONT_FACE_CROSSED"":1665,""TOP_LOADED"":1695}},""RL"":{""complete"":false,""event_evidence_passed"":true,""events"":[""ACTIVE_LIFT""],""lift_precedes_crossing_and_top"":false,""ticks"":{""ACTIVE_LIFT"":7718}},""RR"":{""complete"":true,""event_evidence_passed"":true,""events"":[""ACTIVE_LIFT"",""FRONT_FACE_CROSSED"",""TOP_LOADED""],""lift_precedes_crossing_and_top"":true,""ticks"":{""ACTIVE_LIFT"":6918,""FRONT_FACE_CROSSED"":7109,""TOP_LOADED"":7579}}},""reason"":""each front-face crossing has prior active measured-lift evidence in the event ledger or terminal live-observation latch history"",""terminal_observation_latches"":{""all_four_active_lift_crossing_top_latches"":false,""all_leg_front_face_crossings_latched"":false,""all_wheels_final_top_geometry"":false,""passed"":false,""per_leg"":{""FL"":{""complete"":true,""lift_precedes_crossing_and_top"":true,""passed"":{""ACTIVE_LIFT"":true,""FRONT_FACE_CROSSED"":true,""TOP_LOADED"":true},""ticks"":{""ACTIVE_LIFT"":2417,""FRONT_FACE_CROSSED"":3115,""TOP_LOADED"":3583}},""FR"":{""complete"":true,""lift_precedes_crossing_and_top"":true,""passed"":{""ACTIVE_LIFT"":true,""FRONT_FACE_CROSSED"":true,""TOP_LOADED"":true},""ticks"":{""ACTIVE_LIFT"":1624,""FRONT_FACE_CROSSED"":1665,""TOP_LOADED"":1695}},""RL"":{""complete"":false,""lift_precedes_crossing_and_top"":false,""passed"":{""ACTIVE_LIFT"":true,""FRONT_FACE_CROSSED"":false,""TOP_LOADED"":false},""ticks"":{""ACTIVE_LIFT"":7718,""FRONT_FACE_CROSSED"":null,""TOP_LOADED"":null}},""RR"":{""complete"":true,""lift_precedes_crossing_and_top"":true,""passed"":{""ACTIVE_LIFT"":true,""FRONT_FACE_CROSSED"":true,""TOP_LOADED"":true},""ticks"":{""ACTIVE_LIFT"":6918,""FRONT_FACE_CROSSED"":7109,""TOP_LOADED"":7579}}},""rear_leg_order"":""NOT_PROVEN"",""source"":""terminal raw observation live latched guard history"",""terminal_physics_tick"":7848}}",False,False,False,0.0,0,C:\robotics_sim\wlr_robot\fsm_50mm_recording_shaped_clean_v1\runs\trial_040_20260902_clean_v010\actual_viewport_video.mp4,True,True,65.4,True,False,0,0,0,0,,True,hash-bound frozen config/runtime source proof,0,INCOMPLETE_CONTROLLER_BLOCKED,INCOMPLETE_CONTROLLER_BLOCKED,INCOMPLETE_CONTROLLER_BLOCKED,,,,,,NOT_EVALUATED_INCOMPLETE_TRIAL,65.4,False,
trial_041_20260902_clean_v010,41,False,VALID,True,602f6e0893d999e5cb078aadf75541234440a3af918dc58e0154e80ff16ea3cb,e8a2a2b1485a32a50e851a07b9dd8ac4945b78ec49b7fada2b61c3eeb1e18892,True,True,"[""P01"",""P02"",""P03"",""P04"",""P05"",""P06"",""P07"",""P08"",""P09""]",False,False,False,"[0.8068953156471252,-0.028247959911823273,0.11785881221294403]","{""front_left_ankle"":[0.9485341906547546,0.04105529189109802,0.09905441105365753],""front_right_ankle"":[1.1242079734802246,-0.371885746717453,0.11665438860654831],""rear_left_ankle"":[0.43034154176712036,0.07576349377632141,0.08176557719707489],""rear_right_ankle"":[0.5966892838478088,-0.3344641625881195,0.09963357448577881]}",False,RR_FIRST,False,"{""body_collision"":false,""confirmed_collision_row_count"":0,""exact_pair_active_row_count"":0,""ledger_row_count"":7849,""maximum_normal_force_n"":0.0,""maximum_penetration_m"":0.0,""noise_filter"":""single-frame exact-pair activity is ignored only when it has neither positive penetration nor a second consecutive nonzero-force sample"",""penetrating_row_count"":0,""persistent_row_count"":0,""reported_collision_row_count"":0}",False,"{""detector_positive_count"":0,""event_logger_per_leg"":{""FL"":{""complete"":true,""event_evidence_passed"":true,""events"":[""ACTIVE_LIFT"",""FRONT_FACE_CROSSED"",""TOP_LOADED""],""lift_precedes_crossing_and_top"":true,""ticks"":{""ACTIVE_LIFT"":2417,""FRONT_FACE_CROSSED"":3115,""TOP_LOADED"":3583}},""FR"":{""complete"":true,""event_evidence_passed"":true,""events"":[""ACTIVE_LIFT"",""FRONT_FACE_CROSSED"",""TOP_LOADED""],""lift_precedes_crossing_and_top"":true,""ticks"":{""ACTIVE_LIFT"":1624,""FRONT_FACE_CROSSED"":1665,""TOP_LOADED"":1695}},""RL"":{""complete"":false,""event_evidence_passed"":true,""events"":[""ACTIVE_LIFT""],""lift_precedes_crossing_and_top"":false,""ticks"":{""ACTIVE_LIFT"":7717}},""RR"":{""complete"":true,""event_evidence_passed"":true,""events"":[""ACTIVE_LIFT"",""FRONT_FACE_CROSSED"",""TOP_LOADED""],""lift_precedes_crossing_and_top"":true,""ticks"":{""ACTIVE_LIFT"":6918,""FRONT_FACE_CROSSED"":7109,""TOP_LOADED"":7579}}},""per_leg"":{""FL"":{""complete"":true,""event_evidence_passed"":true,""events"":[""ACTIVE_LIFT"",""FRONT_FACE_CROSSED"",""TOP_LOADED""],""lift_precedes_crossing_and_top"":true,""ticks"":{""ACTIVE_LIFT"":2417,""FRONT_FACE_CROSSED"":3115,""TOP_LOADED"":3583}},""FR"":{""complete"":true,""event_evidence_passed"":true,""events"":[""ACTIVE_LIFT"",""FRONT_FACE_CROSSED"",""TOP_LOADED""],""lift_precedes_crossing_and_top"":true,""ticks"":{""ACTIVE_LIFT"":1624,""FRONT_FACE_CROSSED"":1665,""TOP_LOADED"":1695}},""RL"":{""complete"":false,""event_evidence_passed"":true,""events"":[""ACTIVE_LIFT""],""lift_precedes_crossing_and_top"":false,""ticks"":{""ACTIVE_LIFT"":7717}},""RR"":{""complete"":true,""event_evidence_passed"":true,""events"":[""ACTIVE_LIFT"",""FRONT_FACE_CROSSED"",""TOP_LOADED""],""lift_precedes_crossing_and_top"":true,""ticks"":{""ACTIVE_LIFT"":6918,""FRONT_FACE_CROSSED"":7109,""TOP_LOADED"":7579}}},""reason"":""each front-face crossing has prior active measured-lift evidence in the event ledger or terminal live-observation latch history"",""terminal_observation_latches"":{""all_four_active_lift_crossing_top_latches"":false,""all_leg_front_face_crossings_latched"":false,""all_wheels_final_top_geometry"":false,""passed"":false,""per_leg"":{""FL"":{""complete"":true,""lift_precedes_crossing_and_top"":true,""passed"":{""ACTIVE_LIFT"":true,""FRONT_FACE_CROSSED"":true,""TOP_LOADED"":true},""ticks"":{""ACTIVE_LIFT"":2417,""FRONT_FACE_CROSSED"":3115,""TOP_LOADED"":3583}},""FR"":{""complete"":true,""lift_precedes_crossing_and_top"":true,""passed"":{""ACTIVE_LIFT"":true,""FRONT_FACE_CROSSED"":true,""TOP_LOADED"":true},""ticks"":{""ACTIVE_LIFT"":1624,""FRONT_FACE_CROSSED"":1665,""TOP_LOADED"":1695}},""RL"":{""complete"":false,""lift_precedes_crossing_and_top"":false,""passed"":{""ACTIVE_LIFT"":true,""FRONT_FACE_CROSSED"":false,""TOP_LOADED"":false},""ticks"":{""ACTIVE_LIFT"":7717,""FRONT_FACE_CROSSED"":null,""TOP_LOADED"":null}},""RR"":{""complete"":true,""lift_precedes_crossing_and_top"":true,""passed"":{""ACTIVE_LIFT"":true,""FRONT_FACE_CROSSED"":true,""TOP_LOADED"":true},""ticks"":{""ACTIVE_LIFT"":6918,""FRONT_FACE_CROSSED"":7109,""TOP_LOADED"":7579}}},""rear_leg_order"":""NOT_PROVEN"",""source"":""terminal raw observation live latched guard history"",""terminal_physics_tick"":7848}}",False,False,False,0.0,0,C:\robotics_sim\wlr_robot\fsm_50mm_recording_shaped_clean_v1\runs\trial_041_20260902_clean_v010\actual_viewport_video.mp4,True,True,65.4,True,False,0,0,0,0,,True,hash-bound frozen config/runtime source proof,0,INCOMPLETE_CONTROLLER_BLOCKED,INCOMPLETE_CONTROLLER_BLOCKED,INCOMPLETE_CONTROLLER_BLOCKED,,,,,,NOT_EVALUATED_INCOMPLETE_TRIAL,65.4,False,
trial_042_20260902_clean_v010,42,False,VALID,True,602f6e0893d999e5cb078aadf75541234440a3af918dc58e0154e80ff16ea3cb,e8a2a2b1485a32a50e851a07b9dd8ac4945b78ec49b7fada2b61c3eeb1e18892,True,True,"[""P01"",""P02"",""P03"",""P04"",""P05"",""P06"",""P07"",""P08"",""P09"",""P10"",""P11"",""P12""]",False,True,True,"[0.7895519137382507,-0.03140784054994583,0.13191066682338715]","{""front_left_ankle"":[0.9256606698036194,0.04034353047609329,0.1003803163766861],""front_right_ankle"":[1.1233431100845337,-0.37183472514152527,0.09955690056085587],""rear_left_ankle"":[0.5756495594978333,0.05845083296298981,0.0995054766535759],""rear_right_ankle"":[0.5431086421012878,-0.3366854786872864,0.0997106283903122]}",True,RR_FIRST,False,"{""body_collision"":false,""confirmed_collision_row_count"":0,""exact_pair_active_row_count"":0,""ledger_row_count"":8513,""maximum_normal_force_n"":0.0,""maximum_penetration_m"":0.0,""noise_filter"":""single-frame exact-pair activity is ignored only when it has neither positive penetration nor a second consecutive nonzero-force sample"",""penetrating_row_count"":0,""persistent_row_count"":0,""reported_collision_row_count"":0}",False,"{""detector_positive_count"":0,""event_logger_per_leg"":{""FL"":{""complete"":true,""event_evidence_passed"":true,""events"":[""ACTIVE_LIFT"",""FRONT_FACE_CROSSED"",""TOP_LOADED""],""lift_precedes_crossing_and_top"":true,""ticks"":{""ACTIVE_LIFT"":2417,""FRONT_FACE_CROSSED"":3115,""TOP_LOADED"":3583}},""FR"":{""complete"":true,""event_evidence_passed"":true,""events"":[""ACTIVE_LIFT"",""FRONT_FACE_CROSSED"",""TOP_LOADED""],""lift_precedes_crossing_and_top"":true,""ticks"":{""ACTIVE_LIFT"":1624,""FRONT_FACE_CROSSED"":1665,""TOP_LOADED"":1695}},""RL"":{""complete"":true,""event_evidence_passed"":true,""events"":[""ACTIVE_LIFT"",""FRONT_FACE_CROSSED"",""TOP_LOADED""],""lift_precedes_crossing_and_top"":true,""ticks"":{""ACTIVE_LIFT"":7718,""FRONT_FACE_CROSSED"":8384,""TOP_LOADED"":8429}},""RR"":{""complete"":true,""event_evidence_passed"":true,""events"":[""ACTIVE_LIFT"",""FRONT_FACE_CROSSED"",""TOP_LOADED""],""lift_precedes_crossing_and_top"":true,""ticks"":{""ACTIVE_LIFT"":6918,""FRONT_FACE_CROSSED"":7109,""TOP_LOADED"":7579}}},""per_leg"":{""FL"":{""complete"":true,""event_evidence_passed"":true,""events"":[""ACTIVE_LIFT"",""FRONT_FACE_CROSSED"",""TOP_LOADED""],""lift_precedes_crossing_and_top"":true,""ticks"":{""ACTIVE_LIFT"":2417,""FRONT_FACE_CROSSED"":3115,""TOP_LOADED"":3583}},""FR"":{""complete"":true,""event_evidence_passed"":true,""events"":[""ACTIVE_LIFT"",""FRONT_FACE_CROSSED"",""TOP_LOADED""],""lift_precedes_crossing_and_top"":true,""ticks"":{""ACTIVE_LIFT"":1624,""FRONT_FACE_CROSSED"":1665,""TOP_LOADED"":1695}},""RL"":{""complete"":true,""event_evidence_passed"":true,""events"":[""ACTIVE_LIFT"",""FRONT_FACE_CROSSED"",""TOP_LOADED""],""lift_precedes_crossing_and_top"":true,""ticks"":{""ACTIVE_LIFT"":7718,""FRONT_FACE_CROSSED"":8384,""TOP_LOADED"":8429}},""RR"":{""complete"":true,""event_evidence_passed"":true,""events"":[""ACTIVE_LIFT"",""FRONT_FACE_CROSSED"",""TOP_LOADED""],""lift_precedes_crossing_and_top"":true,""ticks"":{""ACTIVE_LIFT"":6918,""FRONT_FACE_CROSSED"":7109,""TOP_LOADED"":7579}}},""reason"":""each front-face crossing has prior active measured-lift evidence in the event ledger or terminal live-observation latch history"",""terminal_observation_latches"":{""all_four_active_lift_crossing_top_latches"":true,""all_leg_front_face_crossings_latched"":true,""all_wheels_final_top_geometry"":true,""passed"":true,""per_leg"":{""FL"":{""complete"":true,""lift_precedes_crossing_and_top"":true,""passed"":{""ACTIVE_LIFT"":true,""FRONT_FACE_CROSSED"":true,""TOP_LOADED"":true},""ticks"":{""ACTIVE_LIFT"":2417,""FRONT_FACE_CROSSED"":3115,""TOP_LOADED"":3583}},""FR"":{""complete"":true,""lift_precedes_crossing_and_top"":true,""passed"":{""ACTIVE_LIFT"":true,""FRONT_FACE_CROSSED"":true,""TOP_LOADED"":true},""ticks"":{""ACTIVE_LIFT"":1624,""FRONT_FACE_CROSSED"":1665,""TOP_LOADED"":1695}},""RL"":{""complete"":true,""lift_precedes_crossing_and_top"":true,""passed"":{""ACTIVE_LIFT"":true,""FRONT_FACE_CROSSED"":true,""TOP_LOADED"":true},""ticks"":{""ACTIVE_LIFT"":7718,""FRONT_FACE_CROSSED"":8384,""TOP_LOADED"":8429}},""RR"":{""complete"":true,""lift_precedes_crossing_and_top"":true,""passed"":{""ACTIVE_LIFT"":true,""FRONT_FACE_CROSSED"":true,""TOP_LOADED"":true},""ticks"":{""ACTIVE_LIFT"":6918,""FRONT_FACE_CROSSED"":7109,""TOP_LOADED"":7579}}},""rear_leg_order"":""RR_FIRST"",""source"":""terminal raw observation live latched guard history"",""terminal_physics_tick"":8512}}",False,False,False,0.0,0,C:\robotics_sim\wlr_robot\fsm_50mm_recording_shaped_clean_v1\runs\trial_042_20260902_clean_v010\actual_viewport_video.mp4,True,True,70.93333333333334,True,False,0,0,0,0,,True,hash-bound frozen config/runtime source proof,0,INCOMPLETE_CONTROLLER_BLOCKED,SUCCESS,TASK_SUCCESS,,,,,,NOT_EVALUATED_INCOMPLETE_TRIAL,70.93333333333334,False,
trial_043_20260902_clean_v010,43,True,VALID,True,602f6e0893d999e5cb078aadf75541234440a3af918dc58e0154e80ff16ea3cb,e8a2a2b1485a32a50e851a07b9dd8ac4945b78ec49b7fada2b61c3eeb1e18892,True,True,"[""P01"",""P02"",""P03"",""P04"",""P05"",""P06"",""P07"",""P08"",""P09"",""P10"",""P11"",""P12"",""P13""]",True,True,True,"[1.3706231117248535,-0.07787249237298965,0.15401214361190796]","{""front_left_ankle"":[1.6184026002883911,-0.021342085674405098,0.09880143404006958],""front_right_ankle"":[1.6070451736450195,-0.4209480285644531,0.104056715965271],""rear_left_ankle"":[1.0981698036193848,0.027093619108200073,0.10275188088417053],""rear_right_ankle"":[1.0466296672821045,-0.3661326766014099,0.10049235820770264]}",True,RR_FIRST,False,"{""body_collision"":false,""confirmed_collision_row_count"":0,""exact_pair_active_row_count"":0,""ledger_row_count"":12953,""maximum_normal_force_n"":0.0,""maximum_penetration_m"":0.0,""noise_filter"":""single-frame exact-pair activity is ignored only when it has neither positive penetration nor a second consecutive nonzero-force sample"",""penetrating_row_count"":0,""persistent_row_count"":0,""reported_collision_row_count"":0}",False,"{""detector_positive_count"":0,""event_logger_per_leg"":{""FL"":{""complete"":true,""event_evidence_passed"":true,""events"":[""ACTIVE_LIFT"",""FRONT_FACE_CROSSED"",""TOP_LOADED""],""lift_precedes_crossing_and_top"":true,""ticks"":{""ACTIVE_LIFT"":2417,""FRONT_FACE_CROSSED"":3115,""TOP_LOADED"":3583}},""FR"":{""complete"":true,""event_evidence_passed"":true,""events"":[""ACTIVE_LIFT"",""FRONT_FACE_CROSSED"",""TOP_LOADED""],""lift_precedes_crossing_and_top"":true,""ticks"":{""ACTIVE_LIFT"":1624,""FRONT_FACE_CROSSED"":1665,""TOP_LOADED"":1695}},""RL"":{""complete"":true,""event_evidence_passed"":true,""events"":[""ACTIVE_LIFT"",""FRONT_FACE_CROSSED"",""TOP_LOADED""],""lift_precedes_crossing_and_top"":true,""ticks"":{""ACTIVE_LIFT"":7718,""FRONT_FACE_CROSSED"":8381,""TOP_LOADED"":8410}},""RR"":{""complete"":true,""event_evidence_passed"":true,""events"":[""ACTIVE_LIFT"",""FRONT_FACE_CROSSED"",""TOP_LOADED""],""lift_precedes_crossing_and_top"":true,""ticks"":{""ACTIVE_LIFT"":6918,""FRONT_FACE_CROSSED"":7109,""TOP_LOADED"":7579}}},""per_leg"":{""FL"":{""complete"":true,""event_evidence_passed"":true,""events"":[""ACTIVE_LIFT"",""FRONT_FACE_CROSSED"",""TOP_LOADED""],""lift_precedes_crossing_and_top"":true,""ticks"":{""ACTIVE_LIFT"":2417,""FRONT_FACE_CROSSED"":3115,""TOP_LOADED"":3583}},""FR"":{""complete"":true,""event_evidence_passed"":true,""events"":[""ACTIVE_LIFT"",""FRONT_FACE_CROSSED"",""TOP_LOADED""],""lift_precedes_crossing_and_top"":true,""ticks"":{""ACTIVE_LIFT"":1624,""FRONT_FACE_CROSSED"":1665,""TOP_LOADED"":1695}},""RL"":{""complete"":true,""event_evidence_passed"":true,""events"":[""ACTIVE_LIFT"",""FRONT_FACE_CROSSED"",""TOP_LOADED""],""lift_precedes_crossing_and_top"":true,""ticks"":{""ACTIVE_LIFT"":7718,""FRONT_FACE_CROSSED"":8381,""TOP_LOADED"":8410}},""RR"":{""complete"":true,""event_evidence_passed"":true,""events"":[""ACTIVE_LIFT"",""FRONT_FACE_CROSSED"",""TOP_LOADED""],""lift_precedes_crossing_and_top"":true,""ticks"":{""ACTIVE_LIFT"":6918,""FRONT_FACE_CROSSED"":7109,""TOP_LOADED"":7579}}},""reason"":""each front-face crossing has prior active measured-lift evidence in the event ledger or terminal live-observation latch history"",""terminal_observation_latches"":{""all_four_active_lift_crossing_top_latches"":true,""all_leg_front_face_crossings_latched"":true,""all_wheels_final_top_geometry"":true,""passed"":true,""per_leg"":{""FL"":{""complete"":true,""lift_precedes_crossing_and_top"":true,""passed"":{""ACTIVE_LIFT"":true,""FRONT_FACE_CROSSED"":true,""TOP_LOADED"":true},""ticks"":{""ACTIVE_LIFT"":2417,""FRONT_FACE_CROSSED"":3115,""TOP_LOADED"":3583}},""FR"":{""complete"":true,""lift_precedes_crossing_and_top"":true,""passed"":{""ACTIVE_LIFT"":true,""FRONT_FACE_CROSSED"":true,""TOP_LOADED"":true},""ticks"":{""ACTIVE_LIFT"":1624,""FRONT_FACE_CROSSED"":1665,""TOP_LOADED"":1695}},""RL"":{""complete"":true,""lift_precedes_crossing_and_top"":true,""passed"":{""ACTIVE_LIFT"":true,""FRONT_FACE_CROSSED"":true,""TOP_LOADED"":true},""ticks"":{""ACTIVE_LIFT"":7718,""FRONT_FACE_CROSSED"":8381,""TOP_LOADED"":8410}},""RR"":{""complete"":true,""lift_precedes_crossing_and_top"":true,""passed"":{""ACTIVE_LIFT"":true,""FRONT_FACE_CROSSED"":true,""TOP_LOADED"":true},""ticks"":{""ACTIVE_LIFT"":6918,""FRONT_FACE_CROSSED"":7109,""TOP_LOADED"":7579}}},""rear_leg_order"":""RR_FIRST"",""source"":""terminal raw observation live latched guard history"",""terminal_physics_tick"":12952}}",False,False,True,0.9166666666666714,1,C:\robotics_sim\wlr_robot\fsm_50mm_recording_shaped_clean_v1\runs\trial_043_20260902_clean_v010\actual_viewport_video.mp4,True,True,107.93333333333334,True,False,0,0,0,0,,True,hash-bound frozen config/runtime source proof,0,INCOMPLETE_CONTROLLER_BLOCKED,SUCCESS,TASK_SUCCESS_WITH_REFERENCE_DIVERGENCE_WARNING,36.458636795326846,P09,rear_left_ankle,measured_peak_velocity_error_percent,False,REFERENCE_DIVERGENCE_WARNING,107.93333333333334,True,selected by Section 8's explicit Trial 043 acceptance after its raw Layer A and Layer B evidence passed; the ten-level physical-first priority is the documented fallback and Recording divergence never vetoes success
trial_044_20260903_clean_v010,44,True,VALID,True,602f6e0893d999e5cb078aadf75541234440a3af918dc58e0154e80ff16ea3cb,e8a2a2b1485a32a50e851a07b9dd8ac4945b78ec49b7fada2b61c3eeb1e18892,True,True,"[""P01"",""P02"",""P03"",""P04"",""P05"",""P06"",""P07"",""P08"",""P09""]",False,False,False,"[0.8149896264076233,-0.020996101200580597,0.11149032413959503]","{""front_left_ankle"":[0.9506866931915283,0.047507382929325104,0.10051421821117401],""front_right_ankle"":[1.1269316673278809,-0.3632137179374695,0.15400031208992004],""rear_left_ankle"":[0.43503695726394653,0.08007489889860153,0.05071728304028511],""rear_right_ankle"":[0.6006532311439514,-0.3281859755516052,0.09897590428590775]}",False,RR_FIRST,False,"{""body_collision"":false,""confirmed_collision_row_count"":0,""exact_pair_active_row_count"":0,""ledger_row_count"":7849,""maximum_normal_force_n"":0.0,""maximum_penetration_m"":0.0,""noise_filter"":""single-frame exact-pair activity is ignored only when it has neither positive penetration nor a second consecutive nonzero-force sample"",""penetrating_row_count"":0,""persistent_row_count"":0,""reported_collision_row_count"":0}",False,"{""detector_positive_count"":0,""event_logger_per_leg"":{""FL"":{""complete"":true,""event_evidence_passed"":true,""events"":[""ACTIVE_LIFT"",""FRONT_FACE_CROSSED"",""TOP_LOADED""],""lift_precedes_crossing_and_top"":true,""ticks"":{""ACTIVE_LIFT"":2417,""FRONT_FACE_CROSSED"":3115,""TOP_LOADED"":3583}},""FR"":{""complete"":true,""event_evidence_passed"":true,""events"":[""ACTIVE_LIFT"",""FRONT_FACE_CROSSED"",""TOP_LOADED""],""lift_precedes_crossing_and_top"":true,""ticks"":{""ACTIVE_LIFT"":1624,""FRONT_FACE_CROSSED"":1665,""TOP_LOADED"":1695}},""RL"":{""complete"":false,""event_evidence_passed"":true,""events"":[""ACTIVE_LIFT""],""lift_precedes_crossing_and_top"":false,""ticks"":{""ACTIVE_LIFT"":7729}},""RR"":{""complete"":true,""event_evidence_passed"":true,""events"":[""ACTIVE_LIFT"",""FRONT_FACE_CROSSED"",""TOP_LOADED""],""lift_precedes_crossing_and_top"":true,""ticks"":{""ACTIVE_LIFT"":6918,""FRONT_FACE_CROSSED"":7109,""TOP_LOADED"":7579}}},""per_leg"":{""FL"":{""complete"":true,""event_evidence_passed"":true,""events"":[""ACTIVE_LIFT"",""FRONT_FACE_CROSSED"",""TOP_LOADED""],""lift_precedes_crossing_and_top"":true,""ticks"":{""ACTIVE_LIFT"":2417,""FRONT_FACE_CROSSED"":3115,""TOP_LOADED"":3583}},""FR"":{""complete"":true,""event_evidence_passed"":true,""events"":[""ACTIVE_LIFT"",""FRONT_FACE_CROSSED"",""TOP_LOADED""],""lift_precedes_crossing_and_top"":true,""ticks"":{""ACTIVE_LIFT"":1624,""FRONT_FACE_CROSSED"":1665,""TOP_LOADED"":1695}},""RL"":{""complete"":false,""event_evidence_passed"":true,""events"":[""ACTIVE_LIFT""],""lift_precedes_crossing_and_top"":false,""ticks"":{""ACTIVE_LIFT"":7729}},""RR"":{""complete"":true,""event_evidence_passed"":true,""events"":[""ACTIVE_LIFT"",""FRONT_FACE_CROSSED"",""TOP_LOADED""],""lift_precedes_crossing_and_top"":true,""ticks"":{""ACTIVE_LIFT"":6918,""FRONT_FACE_CROSSED"":7109,""TOP_LOADED"":7579}}},""reason"":""each front-face crossing has prior active measured-lift evidence in the event ledger or terminal live-observation latch history"",""terminal_observation_latches"":{""all_four_active_lift_crossing_top_latches"":false,""all_leg_front_face_crossings_latched"":false,""all_wheels_final_top_geometry"":false,""passed"":false,""per_leg"":{""FL"":{""complete"":true,""lift_precedes_crossing_and_top"":true,""passed"":{""ACTIVE_LIFT"":true,""FRONT_FACE_CROSSED"":true,""TOP_LOADED"":true},""ticks"":{""ACTIVE_LIFT"":2417,""FRONT_FACE_CROSSED"":3115,""TOP_LOADED"":3583}},""FR"":{""complete"":true,""lift_precedes_crossing_and_top"":true,""passed"":{""ACTIVE_LIFT"":true,""FRONT_FACE_CROSSED"":true,""TOP_LOADED"":true},""ticks"":{""ACTIVE_LIFT"":1624,""FRONT_FACE_CROSSED"":1665,""TOP_LOADED"":1695}},""RL"":{""complete"":false,""lift_precedes_crossing_and_top"":false,""passed"":{""ACTIVE_LIFT"":true,""FRONT_FACE_CROSSED"":false,""TOP_LOADED"":false},""ticks"":{""ACTIVE_LIFT"":7729,""FRONT_FACE_CROSSED"":null,""TOP_LOADED"":null}},""RR"":{""complete"":true,""lift_precedes_crossing_and_top"":true,""passed"":{""ACTIVE_LIFT"":true,""FRONT_FACE_CROSSED"":true,""TOP_LOADED"":true},""ticks"":{""ACTIVE_LIFT"":6918,""FRONT_FACE_CROSSED"":7109,""TOP_LOADED"":7579}}},""rear_leg_order"":""NOT_PROVEN"",""source"":""terminal raw observation live latched guard history"",""terminal_physics_tick"":7848}}",False,False,False,0.0,0,C:\robotics_sim\wlr_robot\fsm_50mm_recording_shaped_clean_v1\runs\trial_044_20260903_clean_v010\actual_viewport_video.mp4,True,True,65.4,True,False,0,0,0,0,,True,hash-bound frozen config/runtime source proof,0,INCOMPLETE_CONTROLLER_BLOCKED,INCOMPLETE_CONTROLLER_BLOCKED,INCOMPLETE_CONTROLLER_BLOCKED,,,,,,NOT_EVALUATED_INCOMPLETE_TRIAL,65.4,False,
