trial_id,phase,channel,channel_kind,metric,error_percent,within_30_percent,warning,blocks_task_success,source
trial_010_20260901_clean_v010,P01,rear_left_hip,servo,command_endpoint_error_percent,0.0,True,,False,raw observation/full12 ledgers vs immutable v010 contract
trial_010_20260901_clean_v010,P01,rear_left_hip,servo,actual_endpoint_error_percent,0.0002270674591143427,True,,False,raw observation/full12 ledgers vs immutable v010 contract
trial_010_20260901_clean_v010,P01,rear_left_hip,servo,command_delta_error_percent,0.0,True,,False,raw observation/full12 ledgers vs immutable v010 contract
trial_010_20260901_clean_v010,P01,rear_left_hip,servo,actual_delta_error_percent,0.16958809922057566,True,,False,raw observation/full12 ledgers vs immutable v010 contract
trial_010_20260901_clean_v010,P01,rear_left_hip,servo,duration_error_percent,1.82098892079225e-12,True,,False,raw observation/full12 ledgers vs immutable v010 contract
trial_010_20260901_clean_v010,P01,rear_left_hip,servo,command_average_velocity_error_percent,1.545430450278218e-12,True,,False,raw observation/full12 ledgers vs immutable v010 contract
trial_010_20260901_clean_v010,P01,rear_left_hip,servo,measured_average_velocity_error_percent,0.6710921163525798,True,,False,raw observation/full12 ledgers vs immutable v010 contract
trial_010_20260901_clean_v010,P01,rear_left_hip,servo,command_peak_velocity_error_percent,3.600083194517841e-13,True,,False,raw observation/full12 ledgers vs immutable v010 contract
trial_010_20260901_clean_v010,P01,rear_left_hip,servo,measured_peak_velocity_error_percent,0.05156032481585553,True,,False,raw observation/full12 ledgers vs immutable v010 contract
trial_010_20260901_clean_v010,P01,rear_left_hip,servo,trajectory_rmse_percent,0.16545416503777835,True,,False,raw observation/full12 ledgers vs immutable v010 contract
trial_010_20260901_clean_v010,P01,front_left_ankle,wheel,duration_error_percent,1.82098892079225e-12,True,,False,raw observation/full12 ledgers vs immutable v010 contract
trial_010_20260901_clean_v010,P01,front_left_ankle,wheel,command_average_velocity_error_percent,1.3286431901227178e-12,True,,False,raw observation/full12 ledgers vs immutable v010 contract
trial_010_20260901_clean_v010,P01,front_left_ankle,wheel,measured_average_velocity_error_percent,0.11486139789004236,True,,False,raw observation/full12 ledgers vs immutable v010 contract
trial_010_20260901_clean_v010,P01,front_left_ankle,wheel,command_peak_velocity_error_percent,0.0,True,,False,raw observation/full12 ledgers vs immutable v010 contract
trial_010_20260901_clean_v010,P01,front_left_ankle,wheel,measured_peak_velocity_error_percent,3.345216791165559,True,,False,raw observation/full12 ledgers vs immutable v010 contract
trial_010_20260901_clean_v010,P01,front_left_ankle,wheel,command_wheel_integral_error_percent,3.15898510099535e-12,True,,False,raw observation/full12 ledgers vs immutable v010 contract
trial_010_20260901_clean_v010,P01,front_left_ankle,wheel,actual_wheel_integral_error_percent,0.2200239756719921,True,,False,raw observation/full12 ledgers vs immutable v010 contract
trial_010_20260901_clean_v010,P01,front_right_ankle,wheel,duration_error_percent,1.82098892079225e-12,True,,False,raw observation/full12 ledgers vs immutable v010 contract
trial_010_20260901_clean_v010,P01,front_right_ankle,wheel,command_average_velocity_error_percent,1.3286431901227178e-12,True,,False,raw observation/full12 ledgers vs immutable v010 contract
trial_010_20260901_clean_v010,P01,front_right_ankle,wheel,measured_average_velocity_error_percent,0.004696512362258236,True,,False,raw observation/full12 ledgers vs immutable v010 contract
trial_010_20260901_clean_v010,P01,front_right_ankle,wheel,command_peak_velocity_error_percent,0.0,True,,False,raw observation/full12 ledgers vs immutable v010 contract
trial_010_20260901_clean_v010,P01,front_right_ankle,wheel,measured_peak_velocity_error_percent,0.03177411165863816,True,,False,raw observation/full12 ledgers vs immutable v010 contract
trial_010_20260901_clean_v010,P01,front_right_ankle,wheel,command_wheel_integral_error_percent,3.15898510099535e-12,True,,False,raw observation/full12 ledgers vs immutable v010 contract
trial_010_20260901_clean_v010,P01,front_right_ankle,wheel,actual_wheel_integral_error_percent,0.005813707597070396,True,,False,raw observation/full12 ledgers vs immutable v010 contract
trial_010_20260901_clean_v010,P01,rear_left_ankle,wheel,duration_error_percent,1.82098892079225e-12,True,,False,raw observation/full12 ledgers vs immutable v010 contract
trial_010_20260901_clean_v010,P01,rear_left_ankle,wheel,command_average_velocity_error_percent,1.3286431901227178e-12,True,,False,raw observation/full12 ledgers vs immutable v010 contract
trial_010_20260901_clean_v010,P01,rear_left_ankle,wheel,measured_average_velocity_error_percent,0.15766120725747623,True,,False,raw observation/full12 ledgers vs immutable v010 contract
trial_010_20260901_clean_v010,P01,rear_left_ankle,wheel,command_peak_velocity_error_percent,0.0,True,,False,raw observation/full12 ledgers vs immutable v010 contract
trial_010_20260901_clean_v010,P01,rear_left_ankle,wheel,measured_peak_velocity_error_percent,0.2452119378512511,True,,False,raw observation/full12 ledgers vs immutable v010 contract
trial_010_20260901_clean_v010,P01,rear_left_ankle,wheel,command_wheel_integral_error_percent,3.15898510099535e-12,True,,False,raw observation/full12 ledgers vs immutable v010 contract
trial_010_20260901_clean_v010,P01,rear_left_ankle,wheel,actual_wheel_integral_error_percent,0.21285298785039672,True,,False,raw observation/full12 ledgers vs immutable v010 contract
trial_010_20260901_clean_v010,P01,rear_right_ankle,wheel,duration_error_percent,1.82098892079225e-12,True,,False,raw observation/full12 ledgers vs immutable v010 contract
trial_010_20260901_clean_v010,P01,rear_right_ankle,wheel,command_average_velocity_error_percent,1.3286431901227178e-12,True,,False,raw observation/full12 ledgers vs immutable v010 contract
trial_010_20260901_clean_v010,P01,rear_right_ankle,wheel,measured_average_velocity_error_percent,0.22346308392880876,True,,False,raw observation/full12 ledgers vs immutable v010 contract
trial_010_20260901_clean_v010,P01,rear_right_ankle,wheel,command_peak_velocity_error_percent,0.0,True,,False,raw observation/full12 ledgers vs immutable v010 contract
trial_010_20260901_clean_v010,P01,rear_right_ankle,wheel,measured_peak_velocity_error_percent,6.373333749487578,True,,False,raw observation/full12 ledgers vs immutable v010 contract
trial_010_20260901_clean_v010,P01,rear_right_ankle,wheel,command_wheel_integral_error_percent,3.15898510099535e-12,True,,False,raw observation/full12 ledgers vs immutable v010 contract
trial_010_20260901_clean_v010,P01,rear_right_ankle,wheel,actual_wheel_integral_error_percent,0.36678645398598075,True,,False,raw observation/full12 ledgers vs immutable v010 contract
trial_010_20260901_clean_v010,P02,front_right_knee,servo,command_endpoint_error_percent,0.0,True,,False,raw observation/full12 ledgers vs immutable v010 contract
trial_010_20260901_clean_v010,P02,front_right_knee,servo,actual_endpoint_error_percent,0.6811960451639621,True,,False,raw observation/full12 ledgers vs immutable v010 contract
trial_010_20260901_clean_v010,P02,front_right_knee,servo,command_delta_error_percent,0.0,True,,False,raw observation/full12 ledgers vs immutable v010 contract
trial_010_20260901_clean_v010,P02,front_right_knee,servo,actual_delta_error_percent,0.6865636935718967,True,,False,raw observation/full12 ledgers vs immutable v010 contract
trial_010_20260901_clean_v010,P02,front_right_knee,servo,duration_error_percent,4.9484226240438175e-12,True,,False,raw observation/full12 ledgers vs immutable v010 contract
trial_010_20260901_clean_v010,P02,front_right_knee,servo,command_average_velocity_error_percent,4.9557388774434566e-12,True,,False,raw observation/full12 ledgers vs immutable v010 contract
trial_010_20260901_clean_v010,P02,front_right_knee,servo,measured_average_velocity_error_percent,0.005050394485141519,True,,False,raw observation/full12 ledgers vs immutable v010 contract
trial_010_20260901_clean_v010,P02,front_right_knee,servo,command_peak_velocity_error_percent,5.6843418860808015e-12,True,,False,raw observation/full12 ledgers vs immutable v010 contract
trial_010_20260901_clean_v010,P02,front_right_knee,servo,measured_peak_velocity_error_percent,0.010260693785264386,True,,False,raw observation/full12 ledgers vs immutable v010 contract
trial_010_20260901_clean_v010,P02,front_right_knee,servo,trajectory_rmse_percent,1.0581377477323264,True,,False,raw observation/full12 ledgers vs immutable v010 contract
trial_010_20260901_clean_v010,P03,front_left_knee,servo,command_endpoint_error_percent,0.0,True,,False,raw observation/full12 ledgers vs immutable v010 contract
trial_010_20260901_clean_v010,P03,front_left_knee,servo,actual_endpoint_error_percent,1.4888022821412985,True,,False,raw observation/full12 ledgers vs immutable v010 contract
trial_010_20260901_clean_v010,P03,front_left_knee,servo,command_delta_error_percent,0.0,True,,False,raw observation/full12 ledgers vs immutable v010 contract
trial_010_20260901_clean_v010,P03,front_left_knee,servo,actual_delta_error_percent,1.441767806918161,True,,False,raw observation/full12 ledgers vs immutable v010 contract
trial_010_20260901_clean_v010,P03,front_left_knee,servo,duration_error_percent,5.625129991434446e-12,True,,False,raw observation/full12 ledgers vs immutable v010 contract
trial_010_20260901_clean_v010,P03,front_left_knee,servo,command_average_velocity_error_percent,5.622285751952963e-12,True,,False,raw observation/full12 ledgers vs immutable v010 contract
trial_010_20260901_clean_v010,P03,front_left_knee,servo,measured_average_velocity_error_percent,0.49659213265475577,True,,False,raw observation/full12 ledgers vs immutable v010 contract
trial_010_20260901_clean_v010,P03,front_left_knee,servo,command_peak_velocity_error_percent,5.6843418860808015e-12,True,,False,raw observation/full12 ledgers vs immutable v010 contract
trial_010_20260901_clean_v010,P03,front_left_knee,servo,measured_peak_velocity_error_percent,3.223465179533373,True,,False,raw observation/full12 ledgers vs immutable v010 contract
trial_010_20260901_clean_v010,P03,front_left_knee,servo,trajectory_rmse_percent,0.9908904213109763,True,,False,raw observation/full12 ledgers vs immutable v010 contract
trial_010_20260901_clean_v010,P03,rear_left_hip,servo,command_endpoint_error_percent,0.0,True,,False,raw observation/full12 ledgers vs immutable v010 contract
trial_010_20260901_clean_v010,P03,rear_left_hip,servo,actual_endpoint_error_percent,3.104278501469994,True,,False,raw observation/full12 ledgers vs immutable v010 contract
trial_010_20260901_clean_v010,P03,rear_left_hip,servo,command_delta_error_percent,0.0,True,,False,raw observation/full12 ledgers vs immutable v010 contract
trial_010_20260901_clean_v010,P03,rear_left_hip,servo,actual_delta_error_percent,3.0871520569839848,True,,False,raw observation/full12 ledgers vs immutable v010 contract
trial_010_20260901_clean_v010,P03,rear_left_hip,servo,duration_error_percent,5.625129991434446e-12,True,,False,raw observation/full12 ledgers vs immutable v010 contract
trial_010_20260901_clean_v010,P03,rear_left_hip,servo,command_average_velocity_error_percent,5.6207111933258465e-12,True,,False,raw observation/full12 ledgers vs immutable v010 contract
trial_010_20260901_clean_v010,P03,rear_left_hip,servo,measured_average_velocity_error_percent,6.944591922440888,True,,False,raw observation/full12 ledgers vs immutable v010 contract
trial_010_20260901_clean_v010,P03,rear_left_hip,servo,command_peak_velocity_error_percent,5.6843418860808015e-12,True,,False,raw observation/full12 ledgers vs immutable v010 contract
trial_010_20260901_clean_v010,P03,rear_left_hip,servo,measured_peak_velocity_error_percent,4.147375942813861,True,,False,raw observation/full12 ledgers vs immutable v010 contract
trial_010_20260901_clean_v010,P03,rear_left_hip,servo,trajectory_rmse_percent,1.414821924639151,True,,False,raw observation/full12 ledgers vs immutable v010 contract
trial_010_20260901_clean_v010,P03,front_left_ankle,wheel,duration_error_percent,5.625129991434446e-12,True,,False,raw observation/full12 ledgers vs immutable v010 contract
trial_010_20260901_clean_v010,P03,front_left_ankle,wheel,command_average_velocity_error_percent,7.026728003956686e-14,True,,False,raw observation/full12 ledgers vs immutable v010 contract
trial_010_20260901_clean_v010,P03,front_left_ankle,wheel,measured_average_velocity_error_percent,0.4693653201369699,True,,False,raw observation/full12 ledgers vs immutable v010 contract
trial_010_20260901_clean_v010,P03,front_left_ankle,wheel,command_peak_velocity_error_percent,0.0,True,,False,raw observation/full12 ledgers vs immutable v010 contract
trial_010_20260901_clean_v010,P03,front_left_ankle,wheel,measured_peak_velocity_error_percent,29.970202511669367,True,,False,raw observation/full12 ledgers vs immutable v010 contract
trial_010_20260901_clean_v010,P03,front_left_ankle,wheel,command_wheel_integral_error_percent,5.562826336466027e-12,True,,False,raw observation/full12 ledgers vs immutable v010 contract
trial_010_20260901_clean_v010,P03,front_left_ankle,wheel,actual_wheel_integral_error_percent,0.4964997768899391,True,,False,raw observation/full12 ledgers vs immutable v010 contract
trial_010_20260901_clean_v010,P03,rear_left_ankle,wheel,duration_error_percent,5.625129991434446e-12,True,,False,raw observation/full12 ledgers vs immutable v010 contract
trial_010_20260901_clean_v010,P03,rear_left_ankle,wheel,command_average_velocity_error_percent,2.3660490688732845e-13,True,,False,raw observation/full12 ledgers vs immutable v010 contract
trial_010_20260901_clean_v010,P03,rear_left_ankle,wheel,measured_average_velocity_error_percent,7.217470398676378,True,,False,raw observation/full12 ledgers vs immutable v010 contract
trial_010_20260901_clean_v010,P03,rear_left_ankle,wheel,command_peak_velocity_error_percent,0.0,True,,False,raw observation/full12 ledgers vs immutable v010 contract
trial_010_20260901_clean_v010,P03,rear_left_ankle,wheel,measured_peak_velocity_error_percent,3.4248094674479566,True,,False,raw observation/full12 ledgers vs immutable v010 contract
trial_010_20260901_clean_v010,P03,rear_left_ankle,wheel,command_wheel_integral_error_percent,5.399445311018828e-12,True,,False,raw observation/full12 ledgers vs immutable v010 contract
trial_010_20260901_clean_v010,P03,rear_left_ankle,wheel,actual_wheel_integral_error_percent,36.29302387410797,False,REFERENCE_DIVERGENCE_WARNING,False,raw observation/full12 ledgers vs immutable v010 contract
trial_010_20260901_clean_v010,P04,rear_left_hip,servo,command_endpoint_error_percent,0.0,True,,False,raw observation/full12 ledgers vs immutable v010 contract
trial_010_20260901_clean_v010,P04,rear_left_hip,servo,actual_endpoint_error_percent,1.7687290341723143,True,,False,raw observation/full12 ledgers vs immutable v010 contract
trial_010_20260901_clean_v010,P04,rear_left_hip,servo,command_delta_error_percent,0.0,True,,False,raw observation/full12 ledgers vs immutable v010 contract
trial_010_20260901_clean_v010,P04,rear_left_hip,servo,actual_delta_error_percent,4.262875706797492,True,,False,raw observation/full12 ledgers vs immutable v010 contract
trial_010_20260901_clean_v010,P04,rear_left_hip,servo,duration_error_percent,5.6991448597427944e-12,True,,False,raw observation/full12 ledgers vs immutable v010 contract
trial_010_20260901_clean_v010,P04,rear_left_hip,servo,command_average_velocity_error_percent,3.770317391627032e-12,True,,False,raw observation/full12 ledgers vs immutable v010 contract
trial_010_20260901_clean_v010,P04,rear_left_hip,servo,measured_average_velocity_error_percent,7.882140022618737,True,,False,raw observation/full12 ledgers vs immutable v010 contract
trial_010_20260901_clean_v010,P04,rear_left_hip,servo,command_peak_velocity_error_percent,5.6843418860808015e-12,True,,False,raw observation/full12 ledgers vs immutable v010 contract
trial_010_20260901_clean_v010,P04,rear_left_hip,servo,measured_peak_velocity_error_percent,10.888527968401869,True,,False,raw observation/full12 ledgers vs immutable v010 contract
trial_010_20260901_clean_v010,P04,rear_left_hip,servo,trajectory_rmse_percent,4.463016348784499,True,,False,raw observation/full12 ledgers vs immutable v010 contract
trial_010_20260901_clean_v010,P04,front_left_ankle,wheel,duration_error_percent,5.6991448597427944e-12,True,,False,raw observation/full12 ledgers vs immutable v010 contract
trial_010_20260901_clean_v010,P04,front_left_ankle,wheel,command_average_velocity_error_percent,2.422304781000341e-13,True,,False,raw observation/full12 ledgers vs immutable v010 contract
trial_010_20260901_clean_v010,P04,front_left_ankle,wheel,measured_average_velocity_error_percent,0.028944983377740187,True,,False,raw observation/full12 ledgers vs immutable v010 contract
trial_010_20260901_clean_v010,P04,front_left_ankle,wheel,command_peak_velocity_error_percent,0.0,True,,False,raw observation/full12 ledgers vs immutable v010 contract
trial_010_20260901_clean_v010,P04,front_left_ankle,wheel,measured_peak_velocity_error_percent,6.955844667684803,True,,False,raw observation/full12 ledgers vs immutable v010 contract
trial_010_20260901_clean_v010,P04,front_left_ankle,wheel,command_wheel_integral_error_percent,5.938011025647008e-12,True,,False,raw observation/full12 ledgers vs immutable v010 contract
trial_010_20260901_clean_v010,P04,front_left_ankle,wheel,actual_wheel_integral_error_percent,0.19813803243343817,True,,False,raw observation/full12 ledgers vs immutable v010 contract
trial_010_20260901_clean_v010,P04,front_right_ankle,wheel,duration_error_percent,5.6991448597427944e-12,True,,False,raw observation/full12 ledgers vs immutable v010 contract
trial_010_20260901_clean_v010,P04,front_right_ankle,wheel,command_average_velocity_error_percent,2.422304781000341e-13,True,,False,raw observation/full12 ledgers vs immutable v010 contract
trial_010_20260901_clean_v010,P04,front_right_ankle,wheel,measured_average_velocity_error_percent,0.2312568654999354,True,,False,raw observation/full12 ledgers vs immutable v010 contract
trial_010_20260901_clean_v010,P04,front_right_ankle,wheel,command_peak_velocity_error_percent,0.0,True,,False,raw observation/full12 ledgers vs immutable v010 contract
trial_010_20260901_clean_v010,P04,front_right_ankle,wheel,measured_peak_velocity_error_percent,22.1134370106261,True,,False,raw observation/full12 ledgers vs immutable v010 contract
trial_010_20260901_clean_v010,P04,front_right_ankle,wheel,command_wheel_integral_error_percent,5.938011025647008e-12,True,,False,raw observation/full12 ledgers vs immutable v010 contract
trial_010_20260901_clean_v010,P04,front_right_ankle,wheel,actual_wheel_integral_error_percent,0.2579181278383268,True,,False,raw observation/full12 ledgers vs immutable v010 contract
trial_010_20260901_clean_v010,P04,rear_left_ankle,wheel,duration_error_percent,5.6991448597427944e-12,True,,False,raw observation/full12 ledgers vs immutable v010 contract
trial_010_20260901_clean_v010,P04,rear_left_ankle,wheel,command_average_velocity_error_percent,2.422304781000341e-13,True,,False,raw observation/full12 ledgers vs immutable v010 contract
trial_010_20260901_clean_v010,P04,rear_left_ankle,wheel,measured_average_velocity_error_percent,0.06700960624525777,True,,False,raw observation/full12 ledgers vs immutable v010 contract
trial_010_20260901_clean_v010,P04,rear_left_ankle,wheel,command_peak_velocity_error_percent,0.0,True,,False,raw observation/full12 ledgers vs immutable v010 contract
trial_010_20260901_clean_v010,P04,rear_left_ankle,wheel,measured_peak_velocity_error_percent,0.010944949363137686,True,,False,raw observation/full12 ledgers vs immutable v010 contract
trial_010_20260901_clean_v010,P04,rear_left_ankle,wheel,command_wheel_integral_error_percent,5.938011025647008e-12,True,,False,raw observation/full12 ledgers vs immutable v010 contract
trial_010_20260901_clean_v010,P04,rear_left_ankle,wheel,actual_wheel_integral_error_percent,0.07249538422833922,True,,False,raw observation/full12 ledgers vs immutable v010 contract
trial_010_20260901_clean_v010,P04,rear_right_ankle,wheel,duration_error_percent,5.6991448597427944e-12,True,,False,raw observation/full12 ledgers vs immutable v010 contract
trial_010_20260901_clean_v010,P04,rear_right_ankle,wheel,command_average_velocity_error_percent,2.422304781000341e-13,True,,False,raw observation/full12 ledgers vs immutable v010 contract
trial_010_20260901_clean_v010,P04,rear_right_ankle,wheel,measured_average_velocity_error_percent,0.2541871415333448,True,,False,raw observation/full12 ledgers vs immutable v010 contract
trial_010_20260901_clean_v010,P04,rear_right_ankle,wheel,command_peak_velocity_error_percent,0.0,True,,False,raw observation/full12 ledgers vs immutable v010 contract
trial_010_20260901_clean_v010,P04,rear_right_ankle,wheel,measured_peak_velocity_error_percent,7.911536140851661,True,,False,raw observation/full12 ledgers vs immutable v010 contract
trial_010_20260901_clean_v010,P04,rear_right_ankle,wheel,command_wheel_integral_error_percent,5.938011025647008e-12,True,,False,raw observation/full12 ledgers vs immutable v010 contract
trial_010_20260901_clean_v010,P04,rear_right_ankle,wheel,actual_wheel_integral_error_percent,0.36623944678048526,True,,False,raw observation/full12 ledgers vs immutable v010 contract
trial_010_20260901_clean_v010,P05,front_left_hip,servo,command_endpoint_error_percent,0.0,True,,False,raw observation/full12 ledgers vs immutable v010 contract
trial_010_20260901_clean_v010,P05,front_left_hip,servo,actual_endpoint_error_percent,1.6191292954185685,True,,False,raw observation/full12 ledgers vs immutable v010 contract
trial_010_20260901_clean_v010,P05,front_left_hip,servo,command_delta_error_percent,0.0,True,,False,raw observation/full12 ledgers vs immutable v010 contract
trial_010_20260901_clean_v010,P05,front_left_hip,servo,actual_delta_error_percent,2.8826866752891647,True,,False,raw observation/full12 ledgers vs immutable v010 contract
trial_010_20260901_clean_v010,P05,front_left_hip,servo,duration_error_percent,5.657574865213446e-12,True,,False,raw observation/full12 ledgers vs immutable v010 contract
trial_010_20260901_clean_v010,P05,front_left_hip,servo,command_average_velocity_error_percent,5.638002142443955e-12,True,,False,raw observation/full12 ledgers vs immutable v010 contract
trial_010_20260901_clean_v010,P05,front_left_hip,servo,measured_average_velocity_error_percent,0.46116903781060653,True,,False,raw observation/full12 ledgers vs immutable v010 contract
trial_010_20260901_clean_v010,P05,front_left_hip,servo,command_peak_velocity_error_percent,5.760133111228545e-12,True,,False,raw observation/full12 ledgers vs immutable v010 contract
trial_010_20260901_clean_v010,P05,front_left_hip,servo,measured_peak_velocity_error_percent,0.3718832437868297,True,,False,raw observation/full12 ledgers vs immutable v010 contract
trial_010_20260901_clean_v010,P05,front_left_hip,servo,trajectory_rmse_percent,1.2170097161047138,True,,False,raw observation/full12 ledgers vs immutable v010 contract
trial_010_20260901_clean_v010,P05,front_left_knee,servo,command_endpoint_error_percent,0.0,True,,False,raw observation/full12 ledgers vs immutable v010 contract
trial_010_20260901_clean_v010,P05,front_left_knee,servo,actual_endpoint_error_percent,0.14822409208029053,True,,False,raw observation/full12 ledgers vs immutable v010 contract
trial_010_20260901_clean_v010,P05,front_left_knee,servo,command_delta_error_percent,0.0,True,,False,raw observation/full12 ledgers vs immutable v010 contract
trial_010_20260901_clean_v010,P05,front_left_knee,servo,actual_delta_error_percent,0.5611449757716109,True,,False,raw observation/full12 ledgers vs immutable v010 contract
trial_010_20260901_clean_v010,P05,front_left_knee,servo,duration_error_percent,5.657574865213446e-12,True,,False,raw observation/full12 ledgers vs immutable v010 contract
trial_010_20260901_clean_v010,P05,front_left_knee,servo,command_average_velocity_error_percent,5.662316976481448e-12,True,,False,raw observation/full12 ledgers vs immutable v010 contract
trial_010_20260901_clean_v010,P05,front_left_knee,servo,measured_average_velocity_error_percent,0.29612002515111924,True,,False,raw observation/full12 ledgers vs immutable v010 contract
trial_010_20260901_clean_v010,P05,front_left_knee,servo,command_peak_velocity_error_percent,5.6843418860808015e-12,True,,False,raw observation/full12 ledgers vs immutable v010 contract
trial_010_20260901_clean_v010,P05,front_left_knee,servo,measured_peak_velocity_error_percent,0.01806369866010365,True,,False,raw observation/full12 ledgers vs immutable v010 contract
trial_010_20260901_clean_v010,P05,front_left_knee,servo,trajectory_rmse_percent,2.3818519421968642,True,,False,raw observation/full12 ledgers vs immutable v010 contract
trial_010_20260901_clean_v010,P05,front_left_ankle,wheel,duration_error_percent,5.657574865213446e-12,True,,False,raw observation/full12 ledgers vs immutable v010 contract
trial_010_20260901_clean_v010,P05,front_left_ankle,wheel,command_average_velocity_error_percent,1.3837169892279397e-12,True,,False,raw observation/full12 ledgers vs immutable v010 contract
trial_010_20260901_clean_v010,P05,front_left_ankle,wheel,measured_average_velocity_error_percent,0.01761993817549124,True,,False,raw observation/full12 ledgers vs immutable v010 contract
trial_010_20260901_clean_v010,P05,front_left_ankle,wheel,command_peak_velocity_error_percent,0.0,True,,False,raw observation/full12 ledgers vs immutable v010 contract
trial_010_20260901_clean_v010,P05,front_left_ankle,wheel,measured_peak_velocity_error_percent,1.0397704303602713,True,,False,raw observation/full12 ledgers vs immutable v010 contract
trial_010_20260901_clean_v010,P05,front_left_ankle,wheel,command_wheel_integral_error_percent,7.0223862858408205e-12,True,,False,raw observation/full12 ledgers vs immutable v010 contract
trial_010_20260901_clean_v010,P05,front_left_ankle,wheel,actual_wheel_integral_error_percent,0.004670898779899508,True,,False,raw observation/full12 ledgers vs immutable v010 contract
trial_010_20260901_clean_v010,P05,front_right_ankle,wheel,duration_error_percent,5.657574865213446e-12,True,,False,raw observation/full12 ledgers vs immutable v010 contract
trial_010_20260901_clean_v010,P05,front_right_ankle,wheel,command_average_velocity_error_percent,1.3837169892279397e-12,True,,False,raw observation/full12 ledgers vs immutable v010 contract
trial_010_20260901_clean_v010,P05,front_right_ankle,wheel,measured_average_velocity_error_percent,0.759543789884981,True,,False,raw observation/full12 ledgers vs immutable v010 contract
trial_010_20260901_clean_v010,P05,front_right_ankle,wheel,command_peak_velocity_error_percent,0.0,True,,False,raw observation/full12 ledgers vs immutable v010 contract
trial_010_20260901_clean_v010,P05,front_right_ankle,wheel,measured_peak_velocity_error_percent,8.943189910149579,True,,False,raw observation/full12 ledgers vs immutable v010 contract
trial_010_20260901_clean_v010,P05,front_right_ankle,wheel,command_wheel_integral_error_percent,7.0223862858408205e-12,True,,False,raw observation/full12 ledgers vs immutable v010 contract
trial_010_20260901_clean_v010,P05,front_right_ankle,wheel,actual_wheel_integral_error_percent,2.169628375370852,True,,False,raw observation/full12 ledgers vs immutable v010 contract
trial_010_20260901_clean_v010,P05,rear_left_ankle,wheel,duration_error_percent,5.657574865213446e-12,True,,False,raw observation/full12 ledgers vs immutable v010 contract
trial_010_20260901_clean_v010,P05,rear_left_ankle,wheel,command_average_velocity_error_percent,1.3837169892279397e-12,True,,False,raw observation/full12 ledgers vs immutable v010 contract
trial_010_20260901_clean_v010,P05,rear_left_ankle,wheel,measured_average_velocity_error_percent,0.7745949067256829,True,,False,raw observation/full12 ledgers vs immutable v010 contract
trial_010_20260901_clean_v010,P05,rear_left_ankle,wheel,command_peak_velocity_error_percent,0.0,True,,False,raw observation/full12 ledgers vs immutable v010 contract
trial_010_20260901_clean_v010,P05,rear_left_ankle,wheel,measured_peak_velocity_error_percent,6.0995221241824735,True,,False,raw observation/full12 ledgers vs immutable v010 contract
trial_010_20260901_clean_v010,P05,rear_left_ankle,wheel,command_wheel_integral_error_percent,7.0223862858408205e-12,True,,False,raw observation/full12 ledgers vs immutable v010 contract
trial_010_20260901_clean_v010,P05,rear_left_ankle,wheel,actual_wheel_integral_error_percent,2.3856057882243666,True,,False,raw observation/full12 ledgers vs immutable v010 contract
trial_010_20260901_clean_v010,P05,rear_right_ankle,wheel,duration_error_percent,5.657574865213446e-12,True,,False,raw observation/full12 ledgers vs immutable v010 contract
trial_010_20260901_clean_v010,P05,rear_right_ankle,wheel,command_average_velocity_error_percent,1.3837169892279397e-12,True,,False,raw observation/full12 ledgers vs immutable v010 contract
trial_010_20260901_clean_v010,P05,rear_right_ankle,wheel,measured_average_velocity_error_percent,0.2602436750130663,True,,False,raw observation/full12 ledgers vs immutable v010 contract
trial_010_20260901_clean_v010,P05,rear_right_ankle,wheel,command_peak_velocity_error_percent,0.0,True,,False,raw observation/full12 ledgers vs immutable v010 contract
trial_010_20260901_clean_v010,P05,rear_right_ankle,wheel,measured_peak_velocity_error_percent,0.21451435937664246,True,,False,raw observation/full12 ledgers vs immutable v010 contract
trial_010_20260901_clean_v010,P05,rear_right_ankle,wheel,command_wheel_integral_error_percent,7.0223862858408205e-12,True,,False,raw observation/full12 ledgers vs immutable v010 contract
trial_010_20260901_clean_v010,P05,rear_right_ankle,wheel,actual_wheel_integral_error_percent,0.2148916748574892,True,,False,raw observation/full12 ledgers vs immutable v010 contract
trial_010_20260901_clean_v010,P06,front_left_ankle,wheel,duration_error_percent,5.690835096460134e-12,True,,False,raw observation/full12 ledgers vs immutable v010 contract
trial_010_20260901_clean_v010,P06,front_left_ankle,wheel,command_average_velocity_error_percent,4.773959005888173e-12,True,,False,raw observation/full12 ledgers vs immutable v010 contract
trial_010_20260901_clean_v010,P06,front_left_ankle,wheel,measured_average_velocity_error_percent,0.8129841478986377,True,,False,raw observation/full12 ledgers vs immutable v010 contract
trial_010_20260901_clean_v010,P06,front_left_ankle,wheel,command_peak_velocity_error_percent,0.0,True,,False,raw observation/full12 ledgers vs immutable v010 contract
trial_010_20260901_clean_v010,P06,front_left_ankle,wheel,measured_peak_velocity_error_percent,6.582590813291411,True,,False,raw observation/full12 ledgers vs immutable v010 contract
trial_010_20260901_clean_v010,P06,front_left_ankle,wheel,command_wheel_integral_error_percent,9.160064641816435e-13,True,,False,raw observation/full12 ledgers vs immutable v010 contract
trial_010_20260901_clean_v010,P06,front_left_ankle,wheel,actual_wheel_integral_error_percent,0.8217307310342378,True,,False,raw observation/full12 ledgers vs immutable v010 contract
trial_010_20260901_clean_v010,P06,front_right_ankle,wheel,duration_error_percent,5.690835096460134e-12,True,,False,raw observation/full12 ledgers vs immutable v010 contract
trial_010_20260901_clean_v010,P06,front_right_ankle,wheel,command_average_velocity_error_percent,4.773959005888173e-12,True,,False,raw observation/full12 ledgers vs immutable v010 contract
trial_010_20260901_clean_v010,P06,front_right_ankle,wheel,measured_average_velocity_error_percent,2.3824811711242466,True,,False,raw observation/full12 ledgers vs immutable v010 contract
trial_010_20260901_clean_v010,P06,front_right_ankle,wheel,command_peak_velocity_error_percent,0.0,True,,False,raw observation/full12 ledgers vs immutable v010 contract
trial_010_20260901_clean_v010,P06,front_right_ankle,wheel,measured_peak_velocity_error_percent,2.688487783992743,True,,False,raw observation/full12 ledgers vs immutable v010 contract
trial_010_20260901_clean_v010,P06,front_right_ankle,wheel,command_wheel_integral_error_percent,9.160064641816435e-13,True,,False,raw observation/full12 ledgers vs immutable v010 contract
trial_010_20260901_clean_v010,P06,front_right_ankle,wheel,actual_wheel_integral_error_percent,2.3854332891960746,True,,False,raw observation/full12 ledgers vs immutable v010 contract
trial_010_20260901_clean_v010,P06,rear_left_ankle,wheel,duration_error_percent,5.690835096460134e-12,True,,False,raw observation/full12 ledgers vs immutable v010 contract
trial_010_20260901_clean_v010,P06,rear_left_ankle,wheel,command_average_velocity_error_percent,4.773959005888173e-12,True,,False,raw observation/full12 ledgers vs immutable v010 contract
trial_010_20260901_clean_v010,P06,rear_left_ankle,wheel,measured_average_velocity_error_percent,1.2877530929239334,True,,False,raw observation/full12 ledgers vs immutable v010 contract
trial_010_20260901_clean_v010,P06,rear_left_ankle,wheel,command_peak_velocity_error_percent,0.0,True,,False,raw observation/full12 ledgers vs immutable v010 contract
trial_010_20260901_clean_v010,P06,rear_left_ankle,wheel,measured_peak_velocity_error_percent,4.10082766728304,True,,False,raw observation/full12 ledgers vs immutable v010 contract
trial_010_20260901_clean_v010,P06,rear_left_ankle,wheel,command_wheel_integral_error_percent,9.160064641816435e-13,True,,False,raw observation/full12 ledgers vs immutable v010 contract
trial_010_20260901_clean_v010,P06,rear_left_ankle,wheel,actual_wheel_integral_error_percent,1.2871132309518594,True,,False,raw observation/full12 ledgers vs immutable v010 contract
trial_010_20260901_clean_v010,P06,rear_right_ankle,wheel,duration_error_percent,5.690835096460134e-12,True,,False,raw observation/full12 ledgers vs immutable v010 contract
trial_010_20260901_clean_v010,P06,rear_right_ankle,wheel,command_average_velocity_error_percent,4.773959005888173e-12,True,,False,raw observation/full12 ledgers vs immutable v010 contract
trial_010_20260901_clean_v010,P06,rear_right_ankle,wheel,measured_average_velocity_error_percent,0.49904442571544766,True,,False,raw observation/full12 ledgers vs immutable v010 contract
trial_010_20260901_clean_v010,P06,rear_right_ankle,wheel,command_peak_velocity_error_percent,0.0,True,,False,raw observation/full12 ledgers vs immutable v010 contract
trial_010_20260901_clean_v010,P06,rear_right_ankle,wheel,measured_peak_velocity_error_percent,8.873699961934637,True,,False,raw observation/full12 ledgers vs immutable v010 contract
trial_010_20260901_clean_v010,P06,rear_right_ankle,wheel,command_wheel_integral_error_percent,9.160064641816435e-13,True,,False,raw observation/full12 ledgers vs immutable v010 contract
trial_010_20260901_clean_v010,P06,rear_right_ankle,wheel,actual_wheel_integral_error_percent,0.5010679600492728,True,,False,raw observation/full12 ledgers vs immutable v010 contract
trial_010_20260901_clean_v010,P07,front_left_hip,servo,command_endpoint_error_percent,0.0,True,,False,raw observation/full12 ledgers vs immutable v010 contract
trial_010_20260901_clean_v010,P07,front_left_hip,servo,actual_endpoint_error_percent,1.4864523399080787,True,,False,raw observation/full12 ledgers vs immutable v010 contract
trial_010_20260901_clean_v010,P07,front_left_hip,servo,command_delta_error_percent,0.0,True,,False,raw observation/full12 ledgers vs immutable v010 contract
trial_010_20260901_clean_v010,P07,front_left_hip,servo,actual_delta_error_percent,1.6318856558271657,True,,False,raw observation/full12 ledgers vs immutable v010 contract
trial_010_20260901_clean_v010,P07,front_left_hip,servo,duration_error_percent,5.5422333389290965e-12,True,,False,raw observation/full12 ledgers vs immutable v010 contract
trial_010_20260901_clean_v010,P07,front_left_hip,servo,command_average_velocity_error_percent,5.569118739741008e-12,True,,False,raw observation/full12 ledgers vs immutable v010 contract
trial_010_20260901_clean_v010,P07,front_left_hip,servo,measured_average_velocity_error_percent,0.5825655805580202,True,,False,raw observation/full12 ledgers vs immutable v010 contract
trial_010_20260901_clean_v010,P07,front_left_hip,servo,command_peak_velocity_error_percent,5.6843418860808015e-12,True,,False,raw observation/full12 ledgers vs immutable v010 contract
trial_010_20260901_clean_v010,P07,front_left_hip,servo,measured_peak_velocity_error_percent,0.12065027854265335,True,,False,raw observation/full12 ledgers vs immutable v010 contract
trial_010_20260901_clean_v010,P07,front_left_hip,servo,trajectory_rmse_percent,0.555629243215511,True,,False,raw observation/full12 ledgers vs immutable v010 contract
trial_010_20260901_clean_v010,P07,front_right_knee,servo,command_endpoint_error_percent,0.0,True,,False,raw observation/full12 ledgers vs immutable v010 contract
trial_010_20260901_clean_v010,P07,front_right_knee,servo,actual_endpoint_error_percent,0.1739621491646256,True,,False,raw observation/full12 ledgers vs immutable v010 contract
trial_010_20260901_clean_v010,P07,front_right_knee,servo,command_delta_error_percent,0.0,True,,False,raw observation/full12 ledgers vs immutable v010 contract
trial_010_20260901_clean_v010,P07,front_right_knee,servo,actual_delta_error_percent,7.961923825527771,True,,False,raw observation/full12 ledgers vs immutable v010 contract
trial_010_20260901_clean_v010,P07,front_right_knee,servo,duration_error_percent,5.5422333389290965e-12,True,,False,raw observation/full12 ledgers vs immutable v010 contract
trial_010_20260901_clean_v010,P07,front_right_knee,servo,command_average_velocity_error_percent,5.541113113894611e-12,True,,False,raw observation/full12 ledgers vs immutable v010 contract
trial_010_20260901_clean_v010,P07,front_right_knee,servo,measured_average_velocity_error_percent,2.4853567756639814,True,,False,raw observation/full12 ledgers vs immutable v010 contract
trial_010_20260901_clean_v010,P07,front_right_knee,servo,command_peak_velocity_error_percent,5.6843418860808015e-12,True,,False,raw observation/full12 ledgers vs immutable v010 contract
trial_010_20260901_clean_v010,P07,front_right_knee,servo,measured_peak_velocity_error_percent,7.255058959810693,True,,False,raw observation/full12 ledgers vs immutable v010 contract
trial_010_20260901_clean_v010,P07,front_right_knee,servo,trajectory_rmse_percent,6.407166606736771,True,,False,raw observation/full12 ledgers vs immutable v010 contract
trial_010_20260901_clean_v010,P07,front_right_ankle,wheel,duration_error_percent,5.5422333389290965e-12,True,,False,raw observation/full12 ledgers vs immutable v010 contract
trial_010_20260901_clean_v010,P07,front_right_ankle,wheel,command_average_velocity_error_percent,3.3776626410553707e-13,True,,False,raw observation/full12 ledgers vs immutable v010 contract
trial_010_20260901_clean_v010,P07,front_right_ankle,wheel,measured_average_velocity_error_percent,0.2800995895568256,True,,False,raw observation/full12 ledgers vs immutable v010 contract
trial_010_20260901_clean_v010,P07,front_right_ankle,wheel,command_peak_velocity_error_percent,0.0,True,,False,raw observation/full12 ledgers vs immutable v010 contract
trial_010_20260901_clean_v010,P07,front_right_ankle,wheel,measured_peak_velocity_error_percent,8.59273501105341,True,,False,raw observation/full12 ledgers vs immutable v010 contract
trial_010_20260901_clean_v010,P07,front_right_ankle,wheel,command_wheel_integral_error_percent,5.868321701590447e-12,True,,False,raw observation/full12 ledgers vs immutable v010 contract
trial_010_20260901_clean_v010,P07,front_right_ankle,wheel,actual_wheel_integral_error_percent,0.21134595992891356,True,,False,raw observation/full12 ledgers vs immutable v010 contract
trial_010_20260901_clean_v010,P08,rear_left_hip,servo,command_endpoint_error_percent,1.4620220900413587e-14,True,,False,raw observation/full12 ledgers vs immutable v010 contract
trial_010_20260901_clean_v010,P08,rear_left_hip,servo,actual_endpoint_error_percent,1.6806762602129213,True,,False,raw observation/full12 ledgers vs immutable v010 contract
trial_010_20260901_clean_v010,P08,rear_left_hip,servo,command_delta_error_percent,0.0,True,,False,raw observation/full12 ledgers vs immutable v010 contract
trial_010_20260901_clean_v010,P08,rear_left_hip,servo,actual_delta_error_percent,2.497038458788433,True,,False,raw observation/full12 ledgers vs immutable v010 contract
trial_010_20260901_clean_v010,P08,rear_left_hip,servo,duration_error_percent,5.329070518201054e-12,True,,False,raw observation/full12 ledgers vs immutable v010 contract
trial_010_20260901_clean_v010,P08,rear_left_hip,servo,command_average_velocity_error_percent,5.345152761190903e-12,True,,False,raw observation/full12 ledgers vs immutable v010 contract
trial_010_20260901_clean_v010,P08,rear_left_hip,servo,measured_average_velocity_error_percent,1.6352953628462266,True,,False,raw observation/full12 ledgers vs immutable v010 contract
trial_010_20260901_clean_v010,P08,rear_left_hip,servo,command_peak_velocity_error_percent,5.6843418860808015e-12,True,,False,raw observation/full12 ledgers vs immutable v010 contract
trial_010_20260901_clean_v010,P08,rear_left_hip,servo,measured_peak_velocity_error_percent,3.554677360027985,True,,False,raw observation/full12 ledgers vs immutable v010 contract
trial_010_20260901_clean_v010,P08,rear_left_hip,servo,trajectory_rmse_percent,0.5707047736659704,True,,False,raw observation/full12 ledgers vs immutable v010 contract
trial_010_20260901_clean_v010,P09,front_left_hip,servo,command_endpoint_error_percent,0.0,True,,False,raw observation/full12 ledgers vs immutable v010 contract
trial_010_20260901_clean_v010,P09,front_left_hip,servo,actual_endpoint_error_percent,0.3830797122888794,True,,False,raw observation/full12 ledgers vs immutable v010 contract
trial_010_20260901_clean_v010,P09,front_left_hip,servo,command_delta_error_percent,0.0,True,,False,raw observation/full12 ledgers vs immutable v010 contract
trial_010_20260901_clean_v010,P09,front_left_hip,servo,actual_delta_error_percent,0.3833069865344689,True,,False,raw observation/full12 ledgers vs immutable v010 contract
trial_010_20260901_clean_v010,P09,front_left_hip,servo,duration_error_percent,3.1777050127038847e-11,True,,False,raw observation/full12 ledgers vs immutable v010 contract
trial_010_20260901_clean_v010,P09,front_left_hip,servo,command_average_velocity_error_percent,3.178403249875698e-11,True,,False,raw observation/full12 ledgers vs immutable v010 contract
trial_010_20260901_clean_v010,P09,front_left_hip,servo,measured_average_velocity_error_percent,7.274153209357282,True,,False,raw observation/full12 ledgers vs immutable v010 contract
trial_010_20260901_clean_v010,P09,front_left_hip,servo,command_peak_velocity_error_percent,9.094947017729282e-11,True,,False,raw observation/full12 ledgers vs immutable v010 contract
trial_010_20260901_clean_v010,P09,front_left_hip,servo,measured_peak_velocity_error_percent,2.181878719245566,True,,False,raw observation/full12 ledgers vs immutable v010 contract
trial_010_20260901_clean_v010,P09,front_left_hip,servo,trajectory_rmse_percent,0.7022241370167938,True,,False,raw observation/full12 ledgers vs immutable v010 contract
trial_010_20260901_clean_v010,P09,front_left_knee,servo,command_endpoint_error_percent,0.0,True,,False,raw observation/full12 ledgers vs immutable v010 contract
trial_010_20260901_clean_v010,P09,front_left_knee,servo,actual_endpoint_error_percent,0.20676500437445278,True,,False,raw observation/full12 ledgers vs immutable v010 contract
trial_010_20260901_clean_v010,P09,front_left_knee,servo,command_delta_error_percent,0.0,True,,False,raw observation/full12 ledgers vs immutable v010 contract
trial_010_20260901_clean_v010,P09,front_left_knee,servo,actual_delta_error_percent,1.5062464394647732,True,,False,raw observation/full12 ledgers vs immutable v010 contract
trial_010_20260901_clean_v010,P09,front_left_knee,servo,duration_error_percent,3.1777050127038847e-11,True,,False,raw observation/full12 ledgers vs immutable v010 contract
trial_010_20260901_clean_v010,P09,front_left_knee,servo,command_average_velocity_error_percent,2.383426789265286e-11,True,,False,raw observation/full12 ledgers vs immutable v010 contract
trial_010_20260901_clean_v010,P09,front_left_knee,servo,measured_average_velocity_error_percent,0.5350059928419141,True,,False,raw observation/full12 ledgers vs immutable v010 contract
trial_010_20260901_clean_v010,P09,front_left_knee,servo,command_peak_velocity_error_percent,9.094947017729282e-11,True,,False,raw observation/full12 ledgers vs immutable v010 contract
trial_010_20260901_clean_v010,P09,front_left_knee,servo,measured_peak_velocity_error_percent,0.2944154430049581,True,,False,raw observation/full12 ledgers vs immutable v010 contract
trial_010_20260901_clean_v010,P09,front_left_knee,servo,trajectory_rmse_percent,3.4125410154705667,True,,False,raw observation/full12 ledgers vs immutable v010 contract
trial_010_20260901_clean_v010,P09,rear_left_hip,servo,command_endpoint_error_percent,0.0,True,,False,raw observation/full12 ledgers vs immutable v010 contract
trial_010_20260901_clean_v010,P09,rear_left_hip,servo,actual_endpoint_error_percent,1.7524622706528241,True,,False,raw observation/full12 ledgers vs immutable v010 contract
trial_010_20260901_clean_v010,P09,rear_left_hip,servo,command_delta_error_percent,2.24855296126614e-14,True,,False,raw observation/full12 ledgers vs immutable v010 contract
trial_010_20260901_clean_v010,P09,rear_left_hip,servo,actual_delta_error_percent,1.3744242688062311,True,,False,raw observation/full12 ledgers vs immutable v010 contract
trial_010_20260901_clean_v010,P09,rear_left_hip,servo,duration_error_percent,3.1777050127038847e-11,True,,False,raw observation/full12 ledgers vs immutable v010 contract
trial_010_20260901_clean_v010,P09,rear_left_hip,servo,command_average_velocity_error_percent,2.092992446023345e-11,True,,False,raw observation/full12 ledgers vs immutable v010 contract
trial_010_20260901_clean_v010,P09,rear_left_hip,servo,measured_average_velocity_error_percent,1.4389079688954942,True,,False,raw observation/full12 ledgers vs immutable v010 contract
trial_010_20260901_clean_v010,P09,rear_left_hip,servo,command_peak_velocity_error_percent,9.094947017729282e-11,True,,False,raw observation/full12 ledgers vs immutable v010 contract
trial_010_20260901_clean_v010,P09,rear_left_hip,servo,measured_peak_velocity_error_percent,2.3501196252534777,True,,False,raw observation/full12 ledgers vs immutable v010 contract
trial_010_20260901_clean_v010,P09,rear_left_hip,servo,trajectory_rmse_percent,0.34855267798517264,True,,False,raw observation/full12 ledgers vs immutable v010 contract
trial_010_20260901_clean_v010,P09,rear_left_knee,servo,command_endpoint_error_percent,0.0,True,,False,raw observation/full12 ledgers vs immutable v010 contract
trial_010_20260901_clean_v010,P09,rear_left_knee,servo,actual_endpoint_error_percent,3.118219004445349,True,,False,raw observation/full12 ledgers vs immutable v010 contract
trial_010_20260901_clean_v010,P09,rear_left_knee,servo,command_delta_error_percent,0.0,True,,False,raw observation/full12 ledgers vs immutable v010 contract
trial_010_20260901_clean_v010,P09,rear_left_knee,servo,actual_delta_error_percent,3.7341869841740625,True,,False,raw observation/full12 ledgers vs immutable v010 contract
trial_010_20260901_clean_v010,P09,rear_left_knee,servo,duration_error_percent,3.1777050127038847e-11,True,,False,raw observation/full12 ledgers vs immutable v010 contract
trial_010_20260901_clean_v010,P09,rear_left_knee,servo,command_average_velocity_error_percent,2.5686119897727622e-11,True,,False,raw observation/full12 ledgers vs immutable v010 contract
trial_010_20260901_clean_v010,P09,rear_left_knee,servo,measured_average_velocity_error_percent,1.4790622903236983,True,,False,raw observation/full12 ledgers vs immutable v010 contract
trial_010_20260901_clean_v010,P09,rear_left_knee,servo,command_peak_velocity_error_percent,9.094947017729282e-11,True,,False,raw observation/full12 ledgers vs immutable v010 contract
trial_010_20260901_clean_v010,P09,rear_left_knee,servo,measured_peak_velocity_error_percent,8.757531016216316,True,,False,raw observation/full12 ledgers vs immutable v010 contract
trial_010_20260901_clean_v010,P09,rear_left_knee,servo,trajectory_rmse_percent,0.6485285483680341,True,,False,raw observation/full12 ledgers vs immutable v010 contract
trial_010_20260901_clean_v010,P09,rear_right_hip,servo,command_endpoint_error_percent,0.0,True,,False,raw observation/full12 ledgers vs immutable v010 contract
trial_010_20260901_clean_v010,P09,rear_right_hip,servo,actual_endpoint_error_percent,2.046099477069704,True,,False,raw observation/full12 ledgers vs immutable v010 contract
trial_010_20260901_clean_v010,P09,rear_right_hip,servo,command_delta_error_percent,0.0,True,,False,raw observation/full12 ledgers vs immutable v010 contract
trial_010_20260901_clean_v010,P09,rear_right_hip,servo,actual_delta_error_percent,1.1464822847465848,True,,False,raw observation/full12 ledgers vs immutable v010 contract
trial_010_20260901_clean_v010,P09,rear_right_hip,servo,duration_error_percent,3.1777050127038847e-11,True,,False,raw observation/full12 ledgers vs immutable v010 contract
trial_010_20260901_clean_v010,P09,rear_right_hip,servo,command_average_velocity_error_percent,3.179573454653826e-11,True,,False,raw observation/full12 ledgers vs immutable v010 contract
trial_010_20260901_clean_v010,P09,rear_right_hip,servo,measured_average_velocity_error_percent,0.5235557474707022,True,,False,raw observation/full12 ledgers vs immutable v010 contract
trial_010_20260901_clean_v010,P09,rear_right_hip,servo,command_peak_velocity_error_percent,9.094947017729282e-11,True,,False,raw observation/full12 ledgers vs immutable v010 contract
trial_010_20260901_clean_v010,P09,rear_right_hip,servo,measured_peak_velocity_error_percent,1.5721695580316075,True,,False,raw observation/full12 ledgers vs immutable v010 contract
trial_010_20260901_clean_v010,P09,rear_right_hip,servo,trajectory_rmse_percent,1.316800787380324,True,,False,raw observation/full12 ledgers vs immutable v010 contract
trial_010_20260901_clean_v010,P09,rear_right_knee,servo,command_endpoint_error_percent,0.0,True,,False,raw observation/full12 ledgers vs immutable v010 contract
trial_010_20260901_clean_v010,P09,rear_right_knee,servo,actual_endpoint_error_percent,6.262009584413645,True,,False,raw observation/full12 ledgers vs immutable v010 contract
trial_010_20260901_clean_v010,P09,rear_right_knee,servo,command_delta_error_percent,0.0,True,,False,raw observation/full12 ledgers vs immutable v010 contract
trial_010_20260901_clean_v010,P09,rear_right_knee,servo,actual_delta_error_percent,6.394154136857454,True,,False,raw observation/full12 ledgers vs immutable v010 contract
trial_010_20260901_clean_v010,P09,rear_right_knee,servo,duration_error_percent,3.1777050127038847e-11,True,,False,raw observation/full12 ledgers vs immutable v010 contract
trial_010_20260901_clean_v010,P09,rear_right_knee,servo,command_average_velocity_error_percent,3.177141089899741e-11,True,,False,raw observation/full12 ledgers vs immutable v010 contract
trial_010_20260901_clean_v010,P09,rear_right_knee,servo,measured_average_velocity_error_percent,0.15574393252918087,True,,False,raw observation/full12 ledgers vs immutable v010 contract
trial_010_20260901_clean_v010,P09,rear_right_knee,servo,command_peak_velocity_error_percent,5.6843418860808015e-12,True,,False,raw observation/full12 ledgers vs immutable v010 contract
trial_010_20260901_clean_v010,P09,rear_right_knee,servo,measured_peak_velocity_error_percent,1.0456181217287466,True,,False,raw observation/full12 ledgers vs immutable v010 contract
trial_010_20260901_clean_v010,P09,rear_right_knee,servo,trajectory_rmse_percent,3.8664444737533805,True,,False,raw observation/full12 ledgers vs immutable v010 contract
trial_010_20260901_clean_v010,P09,front_left_ankle,wheel,duration_error_percent,3.1777050127038847e-11,True,,False,raw observation/full12 ledgers vs immutable v010 contract
trial_010_20260901_clean_v010,P09,front_left_ankle,wheel,command_average_velocity_error_percent,3.006420638576724e-11,True,,False,raw observation/full12 ledgers vs immutable v010 contract
trial_010_20260901_clean_v010,P09,front_left_ankle,wheel,measured_average_velocity_error_percent,0.994552885822867,True,,False,raw observation/full12 ledgers vs immutable v010 contract
trial_010_20260901_clean_v010,P09,front_left_ankle,wheel,command_peak_velocity_error_percent,0.0,True,,False,raw observation/full12 ledgers vs immutable v010 contract
trial_010_20260901_clean_v010,P09,front_left_ankle,wheel,measured_peak_velocity_error_percent,25.907079559319314,True,,False,raw observation/full12 ledgers vs immutable v010 contract
trial_010_20260901_clean_v010,P09,front_left_ankle,wheel,command_wheel_integral_error_percent,1.386675910225253e-10,True,,False,raw observation/full12 ledgers vs immutable v010 contract
trial_010_20260901_clean_v010,P09,front_left_ankle,wheel,actual_wheel_integral_error_percent,14.846083106835584,True,,False,raw observation/full12 ledgers vs immutable v010 contract
trial_010_20260901_clean_v010,P09,front_right_ankle,wheel,duration_error_percent,3.1777050127038847e-11,True,,False,raw observation/full12 ledgers vs immutable v010 contract
trial_010_20260901_clean_v010,P09,front_right_ankle,wheel,command_average_velocity_error_percent,3.780309398848657e-12,True,,False,raw observation/full12 ledgers vs immutable v010 contract
trial_010_20260901_clean_v010,P09,front_right_ankle,wheel,measured_average_velocity_error_percent,1.7349969255397888,True,,False,raw observation/full12 ledgers vs immutable v010 contract
trial_010_20260901_clean_v010,P09,front_right_ankle,wheel,command_peak_velocity_error_percent,0.0,True,,False,raw observation/full12 ledgers vs immutable v010 contract
trial_010_20260901_clean_v010,P09,front_right_ankle,wheel,measured_peak_velocity_error_percent,40.94440145211522,False,REFERENCE_DIVERGENCE_WARNING,False,raw observation/full12 ledgers vs immutable v010 contract
trial_010_20260901_clean_v010,P09,front_right_ankle,wheel,command_wheel_integral_error_percent,2.732019403733724e-11,True,,False,raw observation/full12 ledgers vs immutable v010 contract
trial_010_20260901_clean_v010,P09,front_right_ankle,wheel,actual_wheel_integral_error_percent,0.08912570729885501,True,,False,raw observation/full12 ledgers vs immutable v010 contract
trial_010_20260901_clean_v010,P09,rear_left_ankle,wheel,duration_error_percent,3.1777050127038847e-11,True,,False,raw observation/full12 ledgers vs immutable v010 contract
trial_010_20260901_clean_v010,P09,rear_left_ankle,wheel,command_average_velocity_error_percent,3.780309398848657e-12,True,,False,raw observation/full12 ledgers vs immutable v010 contract
trial_010_20260901_clean_v010,P09,rear_left_ankle,wheel,measured_average_velocity_error_percent,0.3467315176511254,True,,False,raw observation/full12 ledgers vs immutable v010 contract
trial_010_20260901_clean_v010,P09,rear_left_ankle,wheel,command_peak_velocity_error_percent,0.0,True,,False,raw observation/full12 ledgers vs immutable v010 contract
trial_010_20260901_clean_v010,P09,rear_left_ankle,wheel,measured_peak_velocity_error_percent,52.75013911083131,False,REFERENCE_DIVERGENCE_WARNING,False,raw observation/full12 ledgers vs immutable v010 contract
trial_010_20260901_clean_v010,P09,rear_left_ankle,wheel,command_wheel_integral_error_percent,2.732019403733724e-11,True,,False,raw observation/full12 ledgers vs immutable v010 contract
trial_010_20260901_clean_v010,P09,rear_left_ankle,wheel,actual_wheel_integral_error_percent,0.9252182733795528,True,,False,raw observation/full12 ledgers vs immutable v010 contract
trial_010_20260901_clean_v010,P09,rear_right_ankle,wheel,duration_error_percent,3.1777050127038847e-11,True,,False,raw observation/full12 ledgers vs immutable v010 contract
trial_010_20260901_clean_v010,P09,rear_right_ankle,wheel,command_average_velocity_error_percent,3.780309398848657e-12,True,,False,raw observation/full12 ledgers vs immutable v010 contract
trial_010_20260901_clean_v010,P09,rear_right_ankle,wheel,measured_average_velocity_error_percent,0.7204419788169601,True,,False,raw observation/full12 ledgers vs immutable v010 contract
trial_010_20260901_clean_v010,P09,rear_right_ankle,wheel,command_peak_velocity_error_percent,0.0,True,,False,raw observation/full12 ledgers vs immutable v010 contract
trial_010_20260901_clean_v010,P09,rear_right_ankle,wheel,measured_peak_velocity_error_percent,6.4840848048672735,True,,False,raw observation/full12 ledgers vs immutable v010 contract
trial_010_20260901_clean_v010,P09,rear_right_ankle,wheel,command_wheel_integral_error_percent,2.732019403733724e-11,True,,False,raw observation/full12 ledgers vs immutable v010 contract
trial_010_20260901_clean_v010,P09,rear_right_ankle,wheel,actual_wheel_integral_error_percent,1.6614602656148436,True,,False,raw observation/full12 ledgers vs immutable v010 contract
trial_010_20260901_clean_v010,P10,rear_right_knee,servo,command_endpoint_error_percent,0.0,True,,False,raw observation/full12 ledgers vs immutable v010 contract
trial_010_20260901_clean_v010,P10,rear_right_knee,servo,actual_endpoint_error_percent,25.12075919196458,True,,False,raw observation/full12 ledgers vs immutable v010 contract
trial_010_20260901_clean_v010,P10,rear_right_knee,servo,command_delta_error_percent,0.0,True,,False,raw observation/full12 ledgers vs immutable v010 contract
trial_010_20260901_clean_v010,P10,rear_right_knee,servo,actual_delta_error_percent,15.047937713488261,True,,False,raw observation/full12 ledgers vs immutable v010 contract
trial_010_20260901_clean_v010,P10,rear_right_knee,servo,duration_error_percent,8.526512829114417e-11,True,,False,raw observation/full12 ledgers vs immutable v010 contract
trial_010_20260901_clean_v010,P10,rear_right_knee,servo,command_average_velocity_error_percent,8.526512829127989e-11,True,,False,raw observation/full12 ledgers vs immutable v010 contract
trial_010_20260901_clean_v010,P10,rear_right_knee,servo,measured_average_velocity_error_percent,48.904938018377045,False,REFERENCE_DIVERGENCE_WARNING,False,raw observation/full12 ledgers vs immutable v010 contract
trial_010_20260901_clean_v010,P10,rear_right_knee,servo,command_peak_velocity_error_percent,9.094947017729282e-11,True,,False,raw observation/full12 ledgers vs immutable v010 contract
trial_010_20260901_clean_v010,P10,rear_right_knee,servo,measured_peak_velocity_error_percent,37.42203921210805,False,REFERENCE_DIVERGENCE_WARNING,False,raw observation/full12 ledgers vs immutable v010 contract
trial_010_20260901_clean_v010,P10,rear_right_knee,servo,trajectory_rmse_percent,8.29746909899541,True,,False,raw observation/full12 ledgers vs immutable v010 contract
trial_010_20260901_clean_v010,P11,front_right_hip,servo,command_endpoint_error_percent,0.0,True,,False,raw observation/full12 ledgers vs immutable v010 contract
trial_010_20260901_clean_v010,P11,front_right_hip,servo,actual_endpoint_error_percent,3.5328491807315165,True,,False,raw observation/full12 ledgers vs immutable v010 contract
trial_010_20260901_clean_v010,P11,front_right_hip,servo,command_delta_error_percent,0.0,True,,False,raw observation/full12 ledgers vs immutable v010 contract
trial_010_20260901_clean_v010,P11,front_right_hip,servo,actual_delta_error_percent,3.811094278849181,True,,False,raw observation/full12 ledgers vs immutable v010 contract
trial_010_20260901_clean_v010,P11,front_right_hip,servo,duration_error_percent,7.917476198463387e-11,True,,False,raw observation/full12 ledgers vs immutable v010 contract
trial_010_20260901_clean_v010,P11,front_right_hip,servo,command_average_velocity_error_percent,7.91643008080659e-11,True,,False,raw observation/full12 ledgers vs immutable v010 contract
trial_010_20260901_clean_v010,P11,front_right_hip,servo,measured_average_velocity_error_percent,1.2166059029746357,True,,False,raw observation/full12 ledgers vs immutable v010 contract
trial_010_20260901_clean_v010,P11,front_right_hip,servo,command_peak_velocity_error_percent,9.094947017729282e-11,True,,False,raw observation/full12 ledgers vs immutable v010 contract
trial_010_20260901_clean_v010,P11,front_right_hip,servo,measured_peak_velocity_error_percent,1.9325516877756317,True,,False,raw observation/full12 ledgers vs immutable v010 contract
trial_010_20260901_clean_v010,P11,front_right_hip,servo,trajectory_rmse_percent,3.2977792955060337,True,,False,raw observation/full12 ledgers vs immutable v010 contract
trial_010_20260901_clean_v010,P12,rear_left_hip,servo,command_endpoint_error_percent,0.0,True,,False,raw observation/full12 ledgers vs immutable v010 contract
trial_010_20260901_clean_v010,P12,rear_left_hip,servo,actual_endpoint_error_percent,2.9124587876993724,True,,False,raw observation/full12 ledgers vs immutable v010 contract
trial_010_20260901_clean_v010,P12,rear_left_hip,servo,command_delta_error_percent,0.0,True,,False,raw observation/full12 ledgers vs immutable v010 contract
trial_010_20260901_clean_v010,P12,rear_left_hip,servo,actual_delta_error_percent,1.283378315484626,True,,False,raw observation/full12 ledgers vs immutable v010 contract
trial_010_20260901_clean_v010,P12,rear_left_hip,servo,duration_error_percent,7.97837986152849e-11,True,,False,raw observation/full12 ledgers vs immutable v010 contract
trial_010_20260901_clean_v010,P12,rear_left_hip,servo,command_average_velocity_error_percent,7.97677569908224e-11,True,,False,raw observation/full12 ledgers vs immutable v010 contract
trial_010_20260901_clean_v010,P12,rear_left_hip,servo,measured_average_velocity_error_percent,0.028432820692782544,True,,False,raw observation/full12 ledgers vs immutable v010 contract
trial_010_20260901_clean_v010,P12,rear_left_hip,servo,command_peak_velocity_error_percent,9.123368727159686e-11,True,,False,raw observation/full12 ledgers vs immutable v010 contract
trial_010_20260901_clean_v010,P12,rear_left_hip,servo,measured_peak_velocity_error_percent,0.3332173826827927,True,,False,raw observation/full12 ledgers vs immutable v010 contract
trial_010_20260901_clean_v010,P12,rear_left_hip,servo,trajectory_rmse_percent,1.8534267708623284,True,,False,raw observation/full12 ledgers vs immutable v010 contract
trial_010_20260901_clean_v010,P12,rear_left_knee,servo,command_endpoint_error_percent,9.32470781837402e-15,True,,False,raw observation/full12 ledgers vs immutable v010 contract
trial_010_20260901_clean_v010,P12,rear_left_knee,servo,actual_endpoint_error_percent,0.04382704717425161,True,,False,raw observation/full12 ledgers vs immutable v010 contract
trial_010_20260901_clean_v010,P12,rear_left_knee,servo,command_delta_error_percent,0.0,True,,False,raw observation/full12 ledgers vs immutable v010 contract
trial_010_20260901_clean_v010,P12,rear_left_knee,servo,actual_delta_error_percent,2.9794683466039857,True,,False,raw observation/full12 ledgers vs immutable v010 contract
trial_010_20260901_clean_v010,P12,rear_left_knee,servo,duration_error_percent,7.97837986152849e-11,True,,False,raw observation/full12 ledgers vs immutable v010 contract
trial_010_20260901_clean_v010,P12,rear_left_knee,servo,command_average_velocity_error_percent,7.976579180992765e-11,True,,False,raw observation/full12 ledgers vs immutable v010 contract
trial_010_20260901_clean_v010,P12,rear_left_knee,servo,measured_average_velocity_error_percent,3.7851084307548817,True,,False,raw observation/full12 ledgers vs immutable v010 contract
trial_010_20260901_clean_v010,P12,rear_left_knee,servo,command_peak_velocity_error_percent,9.094947017729282e-11,True,,False,raw observation/full12 ledgers vs immutable v010 contract
trial_010_20260901_clean_v010,P12,rear_left_knee,servo,measured_peak_velocity_error_percent,0.04613476641410977,True,,False,raw observation/full12 ledgers vs immutable v010 contract
trial_010_20260901_clean_v010,P12,rear_left_knee,servo,trajectory_rmse_percent,3.209627361969222,True,,False,raw observation/full12 ledgers vs immutable v010 contract
trial_010_20260901_clean_v010,P12,front_left_ankle,wheel,duration_error_percent,7.97837986152849e-11,True,,False,raw observation/full12 ledgers vs immutable v010 contract
trial_010_20260901_clean_v010,P12,front_left_ankle,wheel,command_average_velocity_error_percent,1.9984014443252815e-13,True,,False,raw observation/full12 ledgers vs immutable v010 contract
trial_010_20260901_clean_v010,P12,front_left_ankle,wheel,measured_average_velocity_error_percent,3.355074687811191,True,,False,raw observation/full12 ledgers vs immutable v010 contract
trial_010_20260901_clean_v010,P12,front_left_ankle,wheel,command_peak_velocity_error_percent,0.0,True,,False,raw observation/full12 ledgers vs immutable v010 contract
trial_010_20260901_clean_v010,P12,front_left_ankle,wheel,measured_peak_velocity_error_percent,35.04090254018666,False,REFERENCE_DIVERGENCE_WARNING,False,raw observation/full12 ledgers vs immutable v010 contract
trial_010_20260901_clean_v010,P12,front_left_ankle,wheel,command_wheel_integral_error_percent,7.954916187042709e-11,True,,False,raw observation/full12 ledgers vs immutable v010 contract
trial_010_20260901_clean_v010,P12,front_left_ankle,wheel,actual_wheel_integral_error_percent,22.408619595123753,True,,False,raw observation/full12 ledgers vs immutable v010 contract
trial_010_20260901_clean_v010,P12,front_right_ankle,wheel,duration_error_percent,7.97837986152849e-11,True,,False,raw observation/full12 ledgers vs immutable v010 contract
trial_010_20260901_clean_v010,P12,front_right_ankle,wheel,command_average_velocity_error_percent,1.9984014443252815e-13,True,,False,raw observation/full12 ledgers vs immutable v010 contract
trial_010_20260901_clean_v010,P12,front_right_ankle,wheel,measured_average_velocity_error_percent,8.111794261165349,True,,False,raw observation/full12 ledgers vs immutable v010 contract
trial_010_20260901_clean_v010,P12,front_right_ankle,wheel,command_peak_velocity_error_percent,0.0,True,,False,raw observation/full12 ledgers vs immutable v010 contract
trial_010_20260901_clean_v010,P12,front_right_ankle,wheel,measured_peak_velocity_error_percent,29.814928609289307,True,,False,raw observation/full12 ledgers vs immutable v010 contract
trial_010_20260901_clean_v010,P12,front_right_ankle,wheel,command_wheel_integral_error_percent,7.954916187042709e-11,True,,False,raw observation/full12 ledgers vs immutable v010 contract
trial_010_20260901_clean_v010,P12,front_right_ankle,wheel,actual_wheel_integral_error_percent,1.60908474466133,True,,False,raw observation/full12 ledgers vs immutable v010 contract
trial_010_20260901_clean_v010,P12,rear_left_ankle,wheel,duration_error_percent,7.97837986152849e-11,True,,False,raw observation/full12 ledgers vs immutable v010 contract
trial_010_20260901_clean_v010,P12,rear_left_ankle,wheel,command_average_velocity_error_percent,1.9984014443252815e-13,True,,False,raw observation/full12 ledgers vs immutable v010 contract
trial_010_20260901_clean_v010,P12,rear_left_ankle,wheel,measured_average_velocity_error_percent,2.4664330040254234,True,,False,raw observation/full12 ledgers vs immutable v010 contract
trial_010_20260901_clean_v010,P12,rear_left_ankle,wheel,command_peak_velocity_error_percent,0.0,True,,False,raw observation/full12 ledgers vs immutable v010 contract
trial_010_20260901_clean_v010,P12,rear_left_ankle,wheel,measured_peak_velocity_error_percent,16.73681176245318,True,,False,raw observation/full12 ledgers vs immutable v010 contract
trial_010_20260901_clean_v010,P12,rear_left_ankle,wheel,command_wheel_integral_error_percent,7.954916187042709e-11,True,,False,raw observation/full12 ledgers vs immutable v010 contract
trial_010_20260901_clean_v010,P12,rear_left_ankle,wheel,actual_wheel_integral_error_percent,1.6882744283094808,True,,False,raw observation/full12 ledgers vs immutable v010 contract
trial_010_20260901_clean_v010,P12,rear_right_ankle,wheel,duration_error_percent,7.97837986152849e-11,True,,False,raw observation/full12 ledgers vs immutable v010 contract
trial_010_20260901_clean_v010,P12,rear_right_ankle,wheel,command_average_velocity_error_percent,1.9984014443252815e-13,True,,False,raw observation/full12 ledgers vs immutable v010 contract
trial_010_20260901_clean_v010,P12,rear_right_ankle,wheel,measured_average_velocity_error_percent,3.7823712357187076,True,,False,raw observation/full12 ledgers vs immutable v010 contract
trial_010_20260901_clean_v010,P12,rear_right_ankle,wheel,command_peak_velocity_error_percent,0.0,True,,False,raw observation/full12 ledgers vs immutable v010 contract
trial_010_20260901_clean_v010,P12,rear_right_ankle,wheel,measured_peak_velocity_error_percent,4.325813716573823,True,,False,raw observation/full12 ledgers vs immutable v010 contract
trial_010_20260901_clean_v010,P12,rear_right_ankle,wheel,command_wheel_integral_error_percent,7.954916187042709e-11,True,,False,raw observation/full12 ledgers vs immutable v010 contract
trial_010_20260901_clean_v010,P12,rear_right_ankle,wheel,actual_wheel_integral_error_percent,4.295851900826592,True,,False,raw observation/full12 ledgers vs immutable v010 contract
trial_010_20260901_clean_v010,P13,front_left_hip,servo,command_endpoint_error_percent,0.0,True,,False,raw observation/full12 ledgers vs immutable v010 contract
trial_010_20260901_clean_v010,P13,front_left_hip,servo,actual_endpoint_error_percent,14.36132987375719,True,,False,raw observation/full12 ledgers vs immutable v010 contract
trial_010_20260901_clean_v010,P13,front_left_hip,servo,command_delta_error_percent,0.0,True,,False,raw observation/full12 ledgers vs immutable v010 contract
trial_010_20260901_clean_v010,P13,front_left_hip,servo,actual_delta_error_percent,13.678328930937933,True,,False,raw observation/full12 ledgers vs immutable v010 contract
trial_010_20260901_clean_v010,P13,front_left_hip,servo,duration_error_percent,7.959675365755687e-11,True,,False,raw observation/full12 ledgers vs immutable v010 contract
trial_010_20260901_clean_v010,P13,front_left_hip,servo,command_average_velocity_error_percent,2.5486279753295094e-11,True,,False,raw observation/full12 ledgers vs immutable v010 contract
trial_010_20260901_clean_v010,P13,front_left_hip,servo,measured_average_velocity_error_percent,0.7649629004668368,True,,False,raw observation/full12 ledgers vs immutable v010 contract
trial_010_20260901_clean_v010,P13,front_left_hip,servo,command_peak_velocity_error_percent,9.094947017729282e-11,True,,False,raw observation/full12 ledgers vs immutable v010 contract
trial_010_20260901_clean_v010,P13,front_left_hip,servo,measured_peak_velocity_error_percent,3.76791050933226,True,,False,raw observation/full12 ledgers vs immutable v010 contract
trial_010_20260901_clean_v010,P13,front_left_hip,servo,trajectory_rmse_percent,0.5136886750114167,True,,False,raw observation/full12 ledgers vs immutable v010 contract
trial_010_20260901_clean_v010,P13,front_left_knee,servo,command_endpoint_error_percent,2.169816986238091e-15,True,,False,raw observation/full12 ledgers vs immutable v010 contract
trial_010_20260901_clean_v010,P13,front_left_knee,servo,actual_endpoint_error_percent,2.7573528952146757,True,,False,raw observation/full12 ledgers vs immutable v010 contract
trial_010_20260901_clean_v010,P13,front_left_knee,servo,command_delta_error_percent,0.0,True,,False,raw observation/full12 ledgers vs immutable v010 contract
trial_010_20260901_clean_v010,P13,front_left_knee,servo,actual_delta_error_percent,3.33267952987899,True,,False,raw observation/full12 ledgers vs immutable v010 contract
trial_010_20260901_clean_v010,P13,front_left_knee,servo,duration_error_percent,7.959675365755687e-11,True,,False,raw observation/full12 ledgers vs immutable v010 contract
trial_010_20260901_clean_v010,P13,front_left_knee,servo,command_average_velocity_error_percent,4.118705376754406e-11,True,,False,raw observation/full12 ledgers vs immutable v010 contract
trial_010_20260901_clean_v010,P13,front_left_knee,servo,measured_average_velocity_error_percent,2.1350984676692963,True,,False,raw observation/full12 ledgers vs immutable v010 contract
trial_010_20260901_clean_v010,P13,front_left_knee,servo,command_peak_velocity_error_percent,9.094947017729282e-11,True,,False,raw observation/full12 ledgers vs immutable v010 contract
trial_010_20260901_clean_v010,P13,front_left_knee,servo,measured_peak_velocity_error_percent,10.886900336380005,True,,False,raw observation/full12 ledgers vs immutable v010 contract
trial_010_20260901_clean_v010,P13,front_left_knee,servo,trajectory_rmse_percent,0.2757773722206907,True,,False,raw observation/full12 ledgers vs immutable v010 contract
trial_010_20260901_clean_v010,P13,front_right_knee,servo,command_endpoint_error_percent,4.7012701368491964e-15,True,,False,raw observation/full12 ledgers vs immutable v010 contract
trial_010_20260901_clean_v010,P13,front_right_knee,servo,actual_endpoint_error_percent,1.5677891352975228,True,,False,raw observation/full12 ledgers vs immutable v010 contract
trial_010_20260901_clean_v010,P13,front_right_knee,servo,command_delta_error_percent,0.0,True,,False,raw observation/full12 ledgers vs immutable v010 contract
trial_010_20260901_clean_v010,P13,front_right_knee,servo,actual_delta_error_percent,5.794063238978995,True,,False,raw observation/full12 ledgers vs immutable v010 contract
trial_010_20260901_clean_v010,P13,front_right_knee,servo,duration_error_percent,7.959675365755687e-11,True,,False,raw observation/full12 ledgers vs immutable v010 contract
trial_010_20260901_clean_v010,P13,front_right_knee,servo,command_average_velocity_error_percent,4.1180392429396306e-11,True,,False,raw observation/full12 ledgers vs immutable v010 contract
trial_010_20260901_clean_v010,P13,front_right_knee,servo,measured_average_velocity_error_percent,1.3434311536785084,True,,False,raw observation/full12 ledgers vs immutable v010 contract
trial_010_20260901_clean_v010,P13,front_right_knee,servo,command_peak_velocity_error_percent,9.094947017729282e-11,True,,False,raw observation/full12 ledgers vs immutable v010 contract
trial_010_20260901_clean_v010,P13,front_right_knee,servo,measured_peak_velocity_error_percent,0.06618834468459373,True,,False,raw observation/full12 ledgers vs immutable v010 contract
trial_010_20260901_clean_v010,P13,front_right_knee,servo,trajectory_rmse_percent,1.0484141750937126,True,,False,raw observation/full12 ledgers vs immutable v010 contract
trial_010_20260901_clean_v010,P13,rear_left_hip,servo,command_endpoint_error_percent,5.921189464667502e-15,True,,False,raw observation/full12 ledgers vs immutable v010 contract
trial_010_20260901_clean_v010,P13,rear_left_hip,servo,actual_endpoint_error_percent,15.290906711900334,True,,False,raw observation/full12 ledgers vs immutable v010 contract
trial_010_20260901_clean_v010,P13,rear_left_hip,servo,command_delta_error_percent,0.0,True,,False,raw observation/full12 ledgers vs immutable v010 contract
trial_010_20260901_clean_v010,P13,rear_left_hip,servo,actual_delta_error_percent,4.419996127337042,True,,False,raw observation/full12 ledgers vs immutable v010 contract
trial_010_20260901_clean_v010,P13,rear_left_hip,servo,duration_error_percent,7.959675365755687e-11,True,,False,raw observation/full12 ledgers vs immutable v010 contract
trial_010_20260901_clean_v010,P13,rear_left_hip,servo,command_average_velocity_error_percent,1.0061951272177794e-11,True,,False,raw observation/full12 ledgers vs immutable v010 contract
trial_010_20260901_clean_v010,P13,rear_left_hip,servo,measured_average_velocity_error_percent,4.9514592746710315,True,,False,raw observation/full12 ledgers vs immutable v010 contract
trial_010_20260901_clean_v010,P13,rear_left_hip,servo,command_peak_velocity_error_percent,9.094947017729282e-11,True,,False,raw observation/full12 ledgers vs immutable v010 contract
trial_010_20260901_clean_v010,P13,rear_left_hip,servo,measured_peak_velocity_error_percent,2.9153014286986445,True,,False,raw observation/full12 ledgers vs immutable v010 contract
trial_010_20260901_clean_v010,P13,rear_left_hip,servo,trajectory_rmse_percent,10.698680012641926,True,,False,raw observation/full12 ledgers vs immutable v010 contract
trial_010_20260901_clean_v010,P13,rear_left_knee,servo,command_endpoint_error_percent,3.00060276925718e-15,True,,False,raw observation/full12 ledgers vs immutable v010 contract
trial_010_20260901_clean_v010,P13,rear_left_knee,servo,actual_endpoint_error_percent,4.139743620373699,True,,False,raw observation/full12 ledgers vs immutable v010 contract
trial_010_20260901_clean_v010,P13,rear_left_knee,servo,command_delta_error_percent,2.400482215405744e-14,True,,False,raw observation/full12 ledgers vs immutable v010 contract
trial_010_20260901_clean_v010,P13,rear_left_knee,servo,actual_delta_error_percent,4.197650241056633,True,,False,raw observation/full12 ledgers vs immutable v010 contract
trial_010_20260901_clean_v010,P13,rear_left_knee,servo,duration_error_percent,7.959675365755687e-11,True,,False,raw observation/full12 ledgers vs immutable v010 contract
trial_010_20260901_clean_v010,P13,rear_left_knee,servo,command_average_velocity_error_percent,1.9860779687519425e-11,True,,False,raw observation/full12 ledgers vs immutable v010 contract
trial_010_20260901_clean_v010,P13,rear_left_knee,servo,measured_average_velocity_error_percent,1.1843063076952955,True,,False,raw observation/full12 ledgers vs immutable v010 contract
trial_010_20260901_clean_v010,P13,rear_left_knee,servo,command_peak_velocity_error_percent,9.094947017729282e-11,True,,False,raw observation/full12 ledgers vs immutable v010 contract
trial_010_20260901_clean_v010,P13,rear_left_knee,servo,measured_peak_velocity_error_percent,2.83938100789864,True,,False,raw observation/full12 ledgers vs immutable v010 contract
trial_010_20260901_clean_v010,P13,rear_left_knee,servo,trajectory_rmse_percent,1.2292247693939646,True,,False,raw observation/full12 ledgers vs immutable v010 contract
trial_010_20260901_clean_v010,P13,rear_right_hip,servo,command_endpoint_error_percent,0.0,True,,False,raw observation/full12 ledgers vs immutable v010 contract
trial_010_20260901_clean_v010,P13,rear_right_hip,servo,actual_endpoint_error_percent,13.323079052817938,True,,False,raw observation/full12 ledgers vs immutable v010 contract
trial_010_20260901_clean_v010,P13,rear_right_hip,servo,command_delta_error_percent,0.0,True,,False,raw observation/full12 ledgers vs immutable v010 contract
trial_010_20260901_clean_v010,P13,rear_right_hip,servo,actual_delta_error_percent,23.17350316861629,True,,False,raw observation/full12 ledgers vs immutable v010 contract
trial_010_20260901_clean_v010,P13,rear_right_hip,servo,duration_error_percent,7.959675365755687e-11,True,,False,raw observation/full12 ledgers vs immutable v010 contract
trial_010_20260901_clean_v010,P13,rear_right_hip,servo,command_average_velocity_error_percent,8.58646487245096e-12,True,,False,raw observation/full12 ledgers vs immutable v010 contract
trial_010_20260901_clean_v010,P13,rear_right_hip,servo,measured_average_velocity_error_percent,2.598270891236123,True,,False,raw observation/full12 ledgers vs immutable v010 contract
trial_010_20260901_clean_v010,P13,rear_right_hip,servo,command_peak_velocity_error_percent,9.094947017729282e-11,True,,False,raw observation/full12 ledgers vs immutable v010 contract
trial_010_20260901_clean_v010,P13,rear_right_hip,servo,measured_peak_velocity_error_percent,7.256959521916516,True,,False,raw observation/full12 ledgers vs immutable v010 contract
trial_010_20260901_clean_v010,P13,rear_right_hip,servo,trajectory_rmse_percent,2.6340683747397033,True,,False,raw observation/full12 ledgers vs immutable v010 contract
trial_010_20260901_clean_v010,P13,rear_right_knee,servo,command_endpoint_error_percent,0.0,True,,False,raw observation/full12 ledgers vs immutable v010 contract
trial_010_20260901_clean_v010,P13,rear_right_knee,servo,actual_endpoint_error_percent,4.018833369931665,True,,False,raw observation/full12 ledgers vs immutable v010 contract
trial_010_20260901_clean_v010,P13,rear_right_knee,servo,command_delta_error_percent,0.0,True,,False,raw observation/full12 ledgers vs immutable v010 contract
trial_010_20260901_clean_v010,P13,rear_right_knee,servo,actual_delta_error_percent,4.206703844448819,True,,False,raw observation/full12 ledgers vs immutable v010 contract
trial_010_20260901_clean_v010,P13,rear_right_knee,servo,duration_error_percent,7.959675365755687e-11,True,,False,raw observation/full12 ledgers vs immutable v010 contract
trial_010_20260901_clean_v010,P13,rear_right_knee,servo,command_average_velocity_error_percent,2.844391389089651e-11,True,,False,raw observation/full12 ledgers vs immutable v010 contract
trial_010_20260901_clean_v010,P13,rear_right_knee,servo,measured_average_velocity_error_percent,5.379313850686085,True,,False,raw observation/full12 ledgers vs immutable v010 contract
trial_010_20260901_clean_v010,P13,rear_right_knee,servo,command_peak_velocity_error_percent,9.094947017729282e-11,True,,False,raw observation/full12 ledgers vs immutable v010 contract
trial_010_20260901_clean_v010,P13,rear_right_knee,servo,measured_peak_velocity_error_percent,3.148827441473843,True,,False,raw observation/full12 ledgers vs immutable v010 contract
trial_010_20260901_clean_v010,P13,rear_right_knee,servo,trajectory_rmse_percent,0.5638162192024717,True,,False,raw observation/full12 ledgers vs immutable v010 contract
trial_010_20260901_clean_v010,P13,front_left_ankle,wheel,duration_error_percent,7.959675365755687e-11,True,,False,raw observation/full12 ledgers vs immutable v010 contract
trial_010_20260901_clean_v010,P13,front_left_ankle,wheel,command_average_velocity_error_percent,1.7789007219444e-12,True,,False,raw observation/full12 ledgers vs immutable v010 contract
trial_010_20260901_clean_v010,P13,front_left_ankle,wheel,measured_average_velocity_error_percent,0.11063134206288576,True,,False,raw observation/full12 ledgers vs immutable v010 contract
trial_010_20260901_clean_v010,P13,front_left_ankle,wheel,command_peak_velocity_error_percent,0.0,True,,False,raw observation/full12 ledgers vs immutable v010 contract
trial_010_20260901_clean_v010,P13,front_left_ankle,wheel,measured_peak_velocity_error_percent,27.056068568116146,True,,False,raw observation/full12 ledgers vs immutable v010 contract
trial_010_20260901_clean_v010,P13,front_left_ankle,wheel,command_wheel_integral_error_percent,7.782826937922564e-11,True,,False,raw observation/full12 ledgers vs immutable v010 contract
trial_010_20260901_clean_v010,P13,front_left_ankle,wheel,actual_wheel_integral_error_percent,0.11719845491991766,True,,False,raw observation/full12 ledgers vs immutable v010 contract
trial_010_20260901_clean_v010,P13,front_right_ankle,wheel,duration_error_percent,7.959675365755687e-11,True,,False,raw observation/full12 ledgers vs immutable v010 contract
trial_010_20260901_clean_v010,P13,front_right_ankle,wheel,command_average_velocity_error_percent,1.9452113168388853e-12,True,,False,raw observation/full12 ledgers vs immutable v010 contract
trial_010_20260901_clean_v010,P13,front_right_ankle,wheel,measured_average_velocity_error_percent,2.1363703034019514,True,,False,raw observation/full12 ledgers vs immutable v010 contract
trial_010_20260901_clean_v010,P13,front_right_ankle,wheel,command_peak_velocity_error_percent,0.0,True,,False,raw observation/full12 ledgers vs immutable v010 contract
trial_010_20260901_clean_v010,P13,front_right_ankle,wheel,measured_peak_velocity_error_percent,2.21447153322283,True,,False,raw observation/full12 ledgers vs immutable v010 contract
trial_010_20260901_clean_v010,P13,front_right_ankle,wheel,command_wheel_integral_error_percent,7.7643318131398e-11,True,,False,raw observation/full12 ledgers vs immutable v010 contract
trial_010_20260901_clean_v010,P13,front_right_ankle,wheel,actual_wheel_integral_error_percent,1.7118124874068117,True,,False,raw observation/full12 ledgers vs immutable v010 contract
trial_010_20260901_clean_v010,P13,rear_left_ankle,wheel,duration_error_percent,7.959675365755687e-11,True,,False,raw observation/full12 ledgers vs immutable v010 contract
trial_010_20260901_clean_v010,P13,rear_left_ankle,wheel,command_average_velocity_error_percent,1.124075348602131e-12,True,,False,raw observation/full12 ledgers vs immutable v010 contract
trial_010_20260901_clean_v010,P13,rear_left_ankle,wheel,measured_average_velocity_error_percent,1.4125460293182095,True,,False,raw observation/full12 ledgers vs immutable v010 contract
trial_010_20260901_clean_v010,P13,rear_left_ankle,wheel,command_peak_velocity_error_percent,0.0,True,,False,raw observation/full12 ledgers vs immutable v010 contract
trial_010_20260901_clean_v010,P13,rear_left_ankle,wheel,measured_peak_velocity_error_percent,28.978052115284985,True,,False,raw observation/full12 ledgers vs immutable v010 contract
trial_010_20260901_clean_v010,P13,rear_left_ankle,wheel,command_wheel_integral_error_percent,7.668520865509359e-11,True,,False,raw observation/full12 ledgers vs immutable v010 contract
trial_010_20260901_clean_v010,P13,rear_left_ankle,wheel,actual_wheel_integral_error_percent,2.8572093636518545,True,,False,raw observation/full12 ledgers vs immutable v010 contract
trial_010_20260901_clean_v010,P13,rear_right_ankle,wheel,duration_error_percent,7.959675365755687e-11,True,,False,raw observation/full12 ledgers vs immutable v010 contract
trial_010_20260901_clean_v010,P13,rear_right_ankle,wheel,command_average_velocity_error_percent,1.1506507392002316e-12,True,,False,raw observation/full12 ledgers vs immutable v010 contract
trial_010_20260901_clean_v010,P13,rear_right_ankle,wheel,measured_average_velocity_error_percent,0.1499222604944946,True,,False,raw observation/full12 ledgers vs immutable v010 contract
trial_010_20260901_clean_v010,P13,rear_right_ankle,wheel,command_peak_velocity_error_percent,0.0,True,,False,raw observation/full12 ledgers vs immutable v010 contract
trial_010_20260901_clean_v010,P13,rear_right_ankle,wheel,measured_peak_velocity_error_percent,8.392632756977136,True,,False,raw observation/full12 ledgers vs immutable v010 contract
trial_010_20260901_clean_v010,P13,rear_right_ankle,wheel,command_wheel_integral_error_percent,7.673247686388065e-11,True,,False,raw observation/full12 ledgers vs immutable v010 contract
trial_010_20260901_clean_v010,P13,rear_right_ankle,wheel,actual_wheel_integral_error_percent,0.5139170190431208,True,,False,raw observation/full12 ledgers vs immutable v010 contract
trial_011_20260901_clean_v010,P01,rear_left_hip,servo,command_endpoint_error_percent,0.0,True,,False,raw observation/full12 ledgers vs immutable v010 contract
trial_011_20260901_clean_v010,P01,rear_left_hip,servo,actual_endpoint_error_percent,0.0002270674591143427,True,,False,raw observation/full12 ledgers vs immutable v010 contract
trial_011_20260901_clean_v010,P01,rear_left_hip,servo,command_delta_error_percent,0.0,True,,False,raw observation/full12 ledgers vs immutable v010 contract
trial_011_20260901_clean_v010,P01,rear_left_hip,servo,actual_delta_error_percent,0.16958809922057566,True,,False,raw observation/full12 ledgers vs immutable v010 contract
trial_011_20260901_clean_v010,P01,rear_left_hip,servo,duration_error_percent,1.82098892079225e-12,True,,False,raw observation/full12 ledgers vs immutable v010 contract
trial_011_20260901_clean_v010,P01,rear_left_hip,servo,command_average_velocity_error_percent,1.545430450278218e-12,True,,False,raw observation/full12 ledgers vs immutable v010 contract
trial_011_20260901_clean_v010,P01,rear_left_hip,servo,measured_average_velocity_error_percent,0.6710921163525798,True,,False,raw observation/full12 ledgers vs immutable v010 contract
trial_011_20260901_clean_v010,P01,rear_left_hip,servo,command_peak_velocity_error_percent,3.600083194517841e-13,True,,False,raw observation/full12 ledgers vs immutable v010 contract
trial_011_20260901_clean_v010,P01,rear_left_hip,servo,measured_peak_velocity_error_percent,0.05156032481585553,True,,False,raw observation/full12 ledgers vs immutable v010 contract
trial_011_20260901_clean_v010,P01,rear_left_hip,servo,trajectory_rmse_percent,0.16545416503777835,True,,False,raw observation/full12 ledgers vs immutable v010 contract
trial_011_20260901_clean_v010,P01,front_left_ankle,wheel,duration_error_percent,1.82098892079225e-12,True,,False,raw observation/full12 ledgers vs immutable v010 contract
trial_011_20260901_clean_v010,P01,front_left_ankle,wheel,command_average_velocity_error_percent,1.3286431901227178e-12,True,,False,raw observation/full12 ledgers vs immutable v010 contract
trial_011_20260901_clean_v010,P01,front_left_ankle,wheel,measured_average_velocity_error_percent,0.11486139789004236,True,,False,raw observation/full12 ledgers vs immutable v010 contract
trial_011_20260901_clean_v010,P01,front_left_ankle,wheel,command_peak_velocity_error_percent,0.0,True,,False,raw observation/full12 ledgers vs immutable v010 contract
trial_011_20260901_clean_v010,P01,front_left_ankle,wheel,measured_peak_velocity_error_percent,3.345216791165559,True,,False,raw observation/full12 ledgers vs immutable v010 contract
trial_011_20260901_clean_v010,P01,front_left_ankle,wheel,command_wheel_integral_error_percent,3.15898510099535e-12,True,,False,raw observation/full12 ledgers vs immutable v010 contract
trial_011_20260901_clean_v010,P01,front_left_ankle,wheel,actual_wheel_integral_error_percent,0.2200239756719921,True,,False,raw observation/full12 ledgers vs immutable v010 contract
trial_011_20260901_clean_v010,P01,front_right_ankle,wheel,duration_error_percent,1.82098892079225e-12,True,,False,raw observation/full12 ledgers vs immutable v010 contract
trial_011_20260901_clean_v010,P01,front_right_ankle,wheel,command_average_velocity_error_percent,1.3286431901227178e-12,True,,False,raw observation/full12 ledgers vs immutable v010 contract
trial_011_20260901_clean_v010,P01,front_right_ankle,wheel,measured_average_velocity_error_percent,0.004696512362258236,True,,False,raw observation/full12 ledgers vs immutable v010 contract
trial_011_20260901_clean_v010,P01,front_right_ankle,wheel,command_peak_velocity_error_percent,0.0,True,,False,raw observation/full12 ledgers vs immutable v010 contract
trial_011_20260901_clean_v010,P01,front_right_ankle,wheel,measured_peak_velocity_error_percent,0.03177411165863816,True,,False,raw observation/full12 ledgers vs immutable v010 contract
trial_011_20260901_clean_v010,P01,front_right_ankle,wheel,command_wheel_integral_error_percent,3.15898510099535e-12,True,,False,raw observation/full12 ledgers vs immutable v010 contract
trial_011_20260901_clean_v010,P01,front_right_ankle,wheel,actual_wheel_integral_error_percent,0.005813707597070396,True,,False,raw observation/full12 ledgers vs immutable v010 contract
trial_011_20260901_clean_v010,P01,rear_left_ankle,wheel,duration_error_percent,1.82098892079225e-12,True,,False,raw observation/full12 ledgers vs immutable v010 contract
trial_011_20260901_clean_v010,P01,rear_left_ankle,wheel,command_average_velocity_error_percent,1.3286431901227178e-12,True,,False,raw observation/full12 ledgers vs immutable v010 contract
trial_011_20260901_clean_v010,P01,rear_left_ankle,wheel,measured_average_velocity_error_percent,0.15766120725747623,True,,False,raw observation/full12 ledgers vs immutable v010 contract
trial_011_20260901_clean_v010,P01,rear_left_ankle,wheel,command_peak_velocity_error_percent,0.0,True,,False,raw observation/full12 ledgers vs immutable v010 contract
trial_011_20260901_clean_v010,P01,rear_left_ankle,wheel,measured_peak_velocity_error_percent,0.2452119378512511,True,,False,raw observation/full12 ledgers vs immutable v010 contract
trial_011_20260901_clean_v010,P01,rear_left_ankle,wheel,command_wheel_integral_error_percent,3.15898510099535e-12,True,,False,raw observation/full12 ledgers vs immutable v010 contract
trial_011_20260901_clean_v010,P01,rear_left_ankle,wheel,actual_wheel_integral_error_percent,0.21285298785039672,True,,False,raw observation/full12 ledgers vs immutable v010 contract
trial_011_20260901_clean_v010,P01,rear_right_ankle,wheel,duration_error_percent,1.82098892079225e-12,True,,False,raw observation/full12 ledgers vs immutable v010 contract
trial_011_20260901_clean_v010,P01,rear_right_ankle,wheel,command_average_velocity_error_percent,1.3286431901227178e-12,True,,False,raw observation/full12 ledgers vs immutable v010 contract
trial_011_20260901_clean_v010,P01,rear_right_ankle,wheel,measured_average_velocity_error_percent,0.22346308392880876,True,,False,raw observation/full12 ledgers vs immutable v010 contract
trial_011_20260901_clean_v010,P01,rear_right_ankle,wheel,command_peak_velocity_error_percent,0.0,True,,False,raw observation/full12 ledgers vs immutable v010 contract
trial_011_20260901_clean_v010,P01,rear_right_ankle,wheel,measured_peak_velocity_error_percent,6.373333749487578,True,,False,raw observation/full12 ledgers vs immutable v010 contract
trial_011_20260901_clean_v010,P01,rear_right_ankle,wheel,command_wheel_integral_error_percent,3.15898510099535e-12,True,,False,raw observation/full12 ledgers vs immutable v010 contract
trial_011_20260901_clean_v010,P01,rear_right_ankle,wheel,actual_wheel_integral_error_percent,0.36678645398598075,True,,False,raw observation/full12 ledgers vs immutable v010 contract
trial_011_20260901_clean_v010,P02,front_right_knee,servo,command_endpoint_error_percent,0.0,True,,False,raw observation/full12 ledgers vs immutable v010 contract
trial_011_20260901_clean_v010,P02,front_right_knee,servo,actual_endpoint_error_percent,0.6811960451639621,True,,False,raw observation/full12 ledgers vs immutable v010 contract
trial_011_20260901_clean_v010,P02,front_right_knee,servo,command_delta_error_percent,0.0,True,,False,raw observation/full12 ledgers vs immutable v010 contract
trial_011_20260901_clean_v010,P02,front_right_knee,servo,actual_delta_error_percent,0.6865636935718967,True,,False,raw observation/full12 ledgers vs immutable v010 contract
trial_011_20260901_clean_v010,P02,front_right_knee,servo,duration_error_percent,4.9484226240438175e-12,True,,False,raw observation/full12 ledgers vs immutable v010 contract
trial_011_20260901_clean_v010,P02,front_right_knee,servo,command_average_velocity_error_percent,4.9557388774434566e-12,True,,False,raw observation/full12 ledgers vs immutable v010 contract
trial_011_20260901_clean_v010,P02,front_right_knee,servo,measured_average_velocity_error_percent,0.005050394485141519,True,,False,raw observation/full12 ledgers vs immutable v010 contract
trial_011_20260901_clean_v010,P02,front_right_knee,servo,command_peak_velocity_error_percent,5.6843418860808015e-12,True,,False,raw observation/full12 ledgers vs immutable v010 contract
trial_011_20260901_clean_v010,P02,front_right_knee,servo,measured_peak_velocity_error_percent,0.010260693785264386,True,,False,raw observation/full12 ledgers vs immutable v010 contract
trial_011_20260901_clean_v010,P02,front_right_knee,servo,trajectory_rmse_percent,1.0581377477323264,True,,False,raw observation/full12 ledgers vs immutable v010 contract
trial_011_20260901_clean_v010,P03,front_left_knee,servo,command_endpoint_error_percent,0.0,True,,False,raw observation/full12 ledgers vs immutable v010 contract
trial_011_20260901_clean_v010,P03,front_left_knee,servo,actual_endpoint_error_percent,1.4888022821412985,True,,False,raw observation/full12 ledgers vs immutable v010 contract
trial_011_20260901_clean_v010,P03,front_left_knee,servo,command_delta_error_percent,0.0,True,,False,raw observation/full12 ledgers vs immutable v010 contract
trial_011_20260901_clean_v010,P03,front_left_knee,servo,actual_delta_error_percent,1.441767806918161,True,,False,raw observation/full12 ledgers vs immutable v010 contract
trial_011_20260901_clean_v010,P03,front_left_knee,servo,duration_error_percent,5.625129991434446e-12,True,,False,raw observation/full12 ledgers vs immutable v010 contract
trial_011_20260901_clean_v010,P03,front_left_knee,servo,command_average_velocity_error_percent,5.622285751952963e-12,True,,False,raw observation/full12 ledgers vs immutable v010 contract
trial_011_20260901_clean_v010,P03,front_left_knee,servo,measured_average_velocity_error_percent,0.49659213265475577,True,,False,raw observation/full12 ledgers vs immutable v010 contract
trial_011_20260901_clean_v010,P03,front_left_knee,servo,command_peak_velocity_error_percent,5.6843418860808015e-12,True,,False,raw observation/full12 ledgers vs immutable v010 contract
trial_011_20260901_clean_v010,P03,front_left_knee,servo,measured_peak_velocity_error_percent,3.223465179533373,True,,False,raw observation/full12 ledgers vs immutable v010 contract
trial_011_20260901_clean_v010,P03,front_left_knee,servo,trajectory_rmse_percent,0.9908904213109763,True,,False,raw observation/full12 ledgers vs immutable v010 contract
trial_011_20260901_clean_v010,P03,rear_left_hip,servo,command_endpoint_error_percent,0.0,True,,False,raw observation/full12 ledgers vs immutable v010 contract
trial_011_20260901_clean_v010,P03,rear_left_hip,servo,actual_endpoint_error_percent,3.104278501469994,True,,False,raw observation/full12 ledgers vs immutable v010 contract
trial_011_20260901_clean_v010,P03,rear_left_hip,servo,command_delta_error_percent,0.0,True,,False,raw observation/full12 ledgers vs immutable v010 contract
trial_011_20260901_clean_v010,P03,rear_left_hip,servo,actual_delta_error_percent,3.0871520569839848,True,,False,raw observation/full12 ledgers vs immutable v010 contract
trial_011_20260901_clean_v010,P03,rear_left_hip,servo,duration_error_percent,5.625129991434446e-12,True,,False,raw observation/full12 ledgers vs immutable v010 contract
trial_011_20260901_clean_v010,P03,rear_left_hip,servo,command_average_velocity_error_percent,5.6207111933258465e-12,True,,False,raw observation/full12 ledgers vs immutable v010 contract
trial_011_20260901_clean_v010,P03,rear_left_hip,servo,measured_average_velocity_error_percent,6.944591922440888,True,,False,raw observation/full12 ledgers vs immutable v010 contract
trial_011_20260901_clean_v010,P03,rear_left_hip,servo,command_peak_velocity_error_percent,5.6843418860808015e-12,True,,False,raw observation/full12 ledgers vs immutable v010 contract
trial_011_20260901_clean_v010,P03,rear_left_hip,servo,measured_peak_velocity_error_percent,4.147375942813861,True,,False,raw observation/full12 ledgers vs immutable v010 contract
trial_011_20260901_clean_v010,P03,rear_left_hip,servo,trajectory_rmse_percent,1.414821924639151,True,,False,raw observation/full12 ledgers vs immutable v010 contract
trial_011_20260901_clean_v010,P03,front_left_ankle,wheel,duration_error_percent,5.625129991434446e-12,True,,False,raw observation/full12 ledgers vs immutable v010 contract
trial_011_20260901_clean_v010,P03,front_left_ankle,wheel,command_average_velocity_error_percent,7.026728003956686e-14,True,,False,raw observation/full12 ledgers vs immutable v010 contract
trial_011_20260901_clean_v010,P03,front_left_ankle,wheel,measured_average_velocity_error_percent,0.4693653201369699,True,,False,raw observation/full12 ledgers vs immutable v010 contract
trial_011_20260901_clean_v010,P03,front_left_ankle,wheel,command_peak_velocity_error_percent,0.0,True,,False,raw observation/full12 ledgers vs immutable v010 contract
trial_011_20260901_clean_v010,P03,front_left_ankle,wheel,measured_peak_velocity_error_percent,29.970202511669367,True,,False,raw observation/full12 ledgers vs immutable v010 contract
trial_011_20260901_clean_v010,P03,front_left_ankle,wheel,command_wheel_integral_error_percent,5.562826336466027e-12,True,,False,raw observation/full12 ledgers vs immutable v010 contract
trial_011_20260901_clean_v010,P03,front_left_ankle,wheel,actual_wheel_integral_error_percent,0.4964997768899391,True,,False,raw observation/full12 ledgers vs immutable v010 contract
trial_011_20260901_clean_v010,P03,rear_left_ankle,wheel,duration_error_percent,5.625129991434446e-12,True,,False,raw observation/full12 ledgers vs immutable v010 contract
trial_011_20260901_clean_v010,P03,rear_left_ankle,wheel,command_average_velocity_error_percent,2.3660490688732845e-13,True,,False,raw observation/full12 ledgers vs immutable v010 contract
trial_011_20260901_clean_v010,P03,rear_left_ankle,wheel,measured_average_velocity_error_percent,7.217470398676378,True,,False,raw observation/full12 ledgers vs immutable v010 contract
trial_011_20260901_clean_v010,P03,rear_left_ankle,wheel,command_peak_velocity_error_percent,0.0,True,,False,raw observation/full12 ledgers vs immutable v010 contract
trial_011_20260901_clean_v010,P03,rear_left_ankle,wheel,measured_peak_velocity_error_percent,3.4248094674479566,True,,False,raw observation/full12 ledgers vs immutable v010 contract
trial_011_20260901_clean_v010,P03,rear_left_ankle,wheel,command_wheel_integral_error_percent,5.399445311018828e-12,True,,False,raw observation/full12 ledgers vs immutable v010 contract
trial_011_20260901_clean_v010,P03,rear_left_ankle,wheel,actual_wheel_integral_error_percent,36.29302387410797,False,REFERENCE_DIVERGENCE_WARNING,False,raw observation/full12 ledgers vs immutable v010 contract
trial_011_20260901_clean_v010,P04,rear_left_hip,servo,command_endpoint_error_percent,0.0,True,,False,raw observation/full12 ledgers vs immutable v010 contract
trial_011_20260901_clean_v010,P04,rear_left_hip,servo,actual_endpoint_error_percent,1.7687290341723143,True,,False,raw observation/full12 ledgers vs immutable v010 contract
trial_011_20260901_clean_v010,P04,rear_left_hip,servo,command_delta_error_percent,0.0,True,,False,raw observation/full12 ledgers vs immutable v010 contract
trial_011_20260901_clean_v010,P04,rear_left_hip,servo,actual_delta_error_percent,4.262875706797492,True,,False,raw observation/full12 ledgers vs immutable v010 contract
trial_011_20260901_clean_v010,P04,rear_left_hip,servo,duration_error_percent,5.6991448597427944e-12,True,,False,raw observation/full12 ledgers vs immutable v010 contract
trial_011_20260901_clean_v010,P04,rear_left_hip,servo,command_average_velocity_error_percent,3.770317391627032e-12,True,,False,raw observation/full12 ledgers vs immutable v010 contract
trial_011_20260901_clean_v010,P04,rear_left_hip,servo,measured_average_velocity_error_percent,7.882140022618737,True,,False,raw observation/full12 ledgers vs immutable v010 contract
trial_011_20260901_clean_v010,P04,rear_left_hip,servo,command_peak_velocity_error_percent,5.6843418860808015e-12,True,,False,raw observation/full12 ledgers vs immutable v010 contract
trial_011_20260901_clean_v010,P04,rear_left_hip,servo,measured_peak_velocity_error_percent,10.888527968401869,True,,False,raw observation/full12 ledgers vs immutable v010 contract
trial_011_20260901_clean_v010,P04,rear_left_hip,servo,trajectory_rmse_percent,4.463016348784499,True,,False,raw observation/full12 ledgers vs immutable v010 contract
trial_011_20260901_clean_v010,P04,front_left_ankle,wheel,duration_error_percent,5.6991448597427944e-12,True,,False,raw observation/full12 ledgers vs immutable v010 contract
trial_011_20260901_clean_v010,P04,front_left_ankle,wheel,command_average_velocity_error_percent,2.422304781000341e-13,True,,False,raw observation/full12 ledgers vs immutable v010 contract
trial_011_20260901_clean_v010,P04,front_left_ankle,wheel,measured_average_velocity_error_percent,0.028944983377740187,True,,False,raw observation/full12 ledgers vs immutable v010 contract
trial_011_20260901_clean_v010,P04,front_left_ankle,wheel,command_peak_velocity_error_percent,0.0,True,,False,raw observation/full12 ledgers vs immutable v010 contract
trial_011_20260901_clean_v010,P04,front_left_ankle,wheel,measured_peak_velocity_error_percent,6.955844667684803,True,,False,raw observation/full12 ledgers vs immutable v010 contract
trial_011_20260901_clean_v010,P04,front_left_ankle,wheel,command_wheel_integral_error_percent,5.938011025647008e-12,True,,False,raw observation/full12 ledgers vs immutable v010 contract
trial_011_20260901_clean_v010,P04,front_left_ankle,wheel,actual_wheel_integral_error_percent,0.19813803243343817,True,,False,raw observation/full12 ledgers vs immutable v010 contract
trial_011_20260901_clean_v010,P04,front_right_ankle,wheel,duration_error_percent,5.6991448597427944e-12,True,,False,raw observation/full12 ledgers vs immutable v010 contract
trial_011_20260901_clean_v010,P04,front_right_ankle,wheel,command_average_velocity_error_percent,2.422304781000341e-13,True,,False,raw observation/full12 ledgers vs immutable v010 contract
trial_011_20260901_clean_v010,P04,front_right_ankle,wheel,measured_average_velocity_error_percent,0.2312568654999354,True,,False,raw observation/full12 ledgers vs immutable v010 contract
trial_011_20260901_clean_v010,P04,front_right_ankle,wheel,command_peak_velocity_error_percent,0.0,True,,False,raw observation/full12 ledgers vs immutable v010 contract
trial_011_20260901_clean_v010,P04,front_right_ankle,wheel,measured_peak_velocity_error_percent,22.1134370106261,True,,False,raw observation/full12 ledgers vs immutable v010 contract
trial_011_20260901_clean_v010,P04,front_right_ankle,wheel,command_wheel_integral_error_percent,5.938011025647008e-12,True,,False,raw observation/full12 ledgers vs immutable v010 contract
trial_011_20260901_clean_v010,P04,front_right_ankle,wheel,actual_wheel_integral_error_percent,0.2579181278383268,True,,False,raw observation/full12 ledgers vs immutable v010 contract
trial_011_20260901_clean_v010,P04,rear_left_ankle,wheel,duration_error_percent,5.6991448597427944e-12,True,,False,raw observation/full12 ledgers vs immutable v010 contract
trial_011_20260901_clean_v010,P04,rear_left_ankle,wheel,command_average_velocity_error_percent,2.422304781000341e-13,True,,False,raw observation/full12 ledgers vs immutable v010 contract
trial_011_20260901_clean_v010,P04,rear_left_ankle,wheel,measured_average_velocity_error_percent,0.06700960624525777,True,,False,raw observation/full12 ledgers vs immutable v010 contract
trial_011_20260901_clean_v010,P04,rear_left_ankle,wheel,command_peak_velocity_error_percent,0.0,True,,False,raw observation/full12 ledgers vs immutable v010 contract
trial_011_20260901_clean_v010,P04,rear_left_ankle,wheel,measured_peak_velocity_error_percent,0.010944949363137686,True,,False,raw observation/full12 ledgers vs immutable v010 contract
trial_011_20260901_clean_v010,P04,rear_left_ankle,wheel,command_wheel_integral_error_percent,5.938011025647008e-12,True,,False,raw observation/full12 ledgers vs immutable v010 contract
trial_011_20260901_clean_v010,P04,rear_left_ankle,wheel,actual_wheel_integral_error_percent,0.07249538422833922,True,,False,raw observation/full12 ledgers vs immutable v010 contract
trial_011_20260901_clean_v010,P04,rear_right_ankle,wheel,duration_error_percent,5.6991448597427944e-12,True,,False,raw observation/full12 ledgers vs immutable v010 contract
trial_011_20260901_clean_v010,P04,rear_right_ankle,wheel,command_average_velocity_error_percent,2.422304781000341e-13,True,,False,raw observation/full12 ledgers vs immutable v010 contract
trial_011_20260901_clean_v010,P04,rear_right_ankle,wheel,measured_average_velocity_error_percent,0.2541871415333448,True,,False,raw observation/full12 ledgers vs immutable v010 contract
trial_011_20260901_clean_v010,P04,rear_right_ankle,wheel,command_peak_velocity_error_percent,0.0,True,,False,raw observation/full12 ledgers vs immutable v010 contract
trial_011_20260901_clean_v010,P04,rear_right_ankle,wheel,measured_peak_velocity_error_percent,7.911536140851661,True,,False,raw observation/full12 ledgers vs immutable v010 contract
trial_011_20260901_clean_v010,P04,rear_right_ankle,wheel,command_wheel_integral_error_percent,5.938011025647008e-12,True,,False,raw observation/full12 ledgers vs immutable v010 contract
trial_011_20260901_clean_v010,P04,rear_right_ankle,wheel,actual_wheel_integral_error_percent,0.36623944678048526,True,,False,raw observation/full12 ledgers vs immutable v010 contract
trial_011_20260901_clean_v010,P05,front_left_hip,servo,command_endpoint_error_percent,0.0,True,,False,raw observation/full12 ledgers vs immutable v010 contract
trial_011_20260901_clean_v010,P05,front_left_hip,servo,actual_endpoint_error_percent,1.6191292954185685,True,,False,raw observation/full12 ledgers vs immutable v010 contract
trial_011_20260901_clean_v010,P05,front_left_hip,servo,command_delta_error_percent,0.0,True,,False,raw observation/full12 ledgers vs immutable v010 contract
trial_011_20260901_clean_v010,P05,front_left_hip,servo,actual_delta_error_percent,2.8826866752891647,True,,False,raw observation/full12 ledgers vs immutable v010 contract
trial_011_20260901_clean_v010,P05,front_left_hip,servo,duration_error_percent,5.657574865213446e-12,True,,False,raw observation/full12 ledgers vs immutable v010 contract
trial_011_20260901_clean_v010,P05,front_left_hip,servo,command_average_velocity_error_percent,5.638002142443955e-12,True,,False,raw observation/full12 ledgers vs immutable v010 contract
trial_011_20260901_clean_v010,P05,front_left_hip,servo,measured_average_velocity_error_percent,0.46116903781060653,True,,False,raw observation/full12 ledgers vs immutable v010 contract
trial_011_20260901_clean_v010,P05,front_left_hip,servo,command_peak_velocity_error_percent,5.760133111228545e-12,True,,False,raw observation/full12 ledgers vs immutable v010 contract
trial_011_20260901_clean_v010,P05,front_left_hip,servo,measured_peak_velocity_error_percent,0.3718832437868297,True,,False,raw observation/full12 ledgers vs immutable v010 contract
trial_011_20260901_clean_v010,P05,front_left_hip,servo,trajectory_rmse_percent,1.2170097161047138,True,,False,raw observation/full12 ledgers vs immutable v010 contract
trial_011_20260901_clean_v010,P05,front_left_knee,servo,command_endpoint_error_percent,0.0,True,,False,raw observation/full12 ledgers vs immutable v010 contract
trial_011_20260901_clean_v010,P05,front_left_knee,servo,actual_endpoint_error_percent,0.14822409208029053,True,,False,raw observation/full12 ledgers vs immutable v010 contract
trial_011_20260901_clean_v010,P05,front_left_knee,servo,command_delta_error_percent,0.0,True,,False,raw observation/full12 ledgers vs immutable v010 contract
trial_011_20260901_clean_v010,P05,front_left_knee,servo,actual_delta_error_percent,0.5611449757716109,True,,False,raw observation/full12 ledgers vs immutable v010 contract
trial_011_20260901_clean_v010,P05,front_left_knee,servo,duration_error_percent,5.657574865213446e-12,True,,False,raw observation/full12 ledgers vs immutable v010 contract
trial_011_20260901_clean_v010,P05,front_left_knee,servo,command_average_velocity_error_percent,5.662316976481448e-12,True,,False,raw observation/full12 ledgers vs immutable v010 contract
trial_011_20260901_clean_v010,P05,front_left_knee,servo,measured_average_velocity_error_percent,0.29612002515111924,True,,False,raw observation/full12 ledgers vs immutable v010 contract
trial_011_20260901_clean_v010,P05,front_left_knee,servo,command_peak_velocity_error_percent,5.6843418860808015e-12,True,,False,raw observation/full12 ledgers vs immutable v010 contract
trial_011_20260901_clean_v010,P05,front_left_knee,servo,measured_peak_velocity_error_percent,0.01806369866010365,True,,False,raw observation/full12 ledgers vs immutable v010 contract
trial_011_20260901_clean_v010,P05,front_left_knee,servo,trajectory_rmse_percent,2.3818519421968642,True,,False,raw observation/full12 ledgers vs immutable v010 contract
trial_011_20260901_clean_v010,P05,front_left_ankle,wheel,duration_error_percent,5.657574865213446e-12,True,,False,raw observation/full12 ledgers vs immutable v010 contract
trial_011_20260901_clean_v010,P05,front_left_ankle,wheel,command_average_velocity_error_percent,1.3837169892279397e-12,True,,False,raw observation/full12 ledgers vs immutable v010 contract
trial_011_20260901_clean_v010,P05,front_left_ankle,wheel,measured_average_velocity_error_percent,0.01761993817549124,True,,False,raw observation/full12 ledgers vs immutable v010 contract
trial_011_20260901_clean_v010,P05,front_left_ankle,wheel,command_peak_velocity_error_percent,0.0,True,,False,raw observation/full12 ledgers vs immutable v010 contract
trial_011_20260901_clean_v010,P05,front_left_ankle,wheel,measured_peak_velocity_error_percent,1.0397704303602713,True,,False,raw observation/full12 ledgers vs immutable v010 contract
trial_011_20260901_clean_v010,P05,front_left_ankle,wheel,command_wheel_integral_error_percent,7.0223862858408205e-12,True,,False,raw observation/full12 ledgers vs immutable v010 contract
trial_011_20260901_clean_v010,P05,front_left_ankle,wheel,actual_wheel_integral_error_percent,0.004670898779899508,True,,False,raw observation/full12 ledgers vs immutable v010 contract
trial_011_20260901_clean_v010,P05,front_right_ankle,wheel,duration_error_percent,5.657574865213446e-12,True,,False,raw observation/full12 ledgers vs immutable v010 contract
trial_011_20260901_clean_v010,P05,front_right_ankle,wheel,command_average_velocity_error_percent,1.3837169892279397e-12,True,,False,raw observation/full12 ledgers vs immutable v010 contract
trial_011_20260901_clean_v010,P05,front_right_ankle,wheel,measured_average_velocity_error_percent,0.759543789884981,True,,False,raw observation/full12 ledgers vs immutable v010 contract
trial_011_20260901_clean_v010,P05,front_right_ankle,wheel,command_peak_velocity_error_percent,0.0,True,,False,raw observation/full12 ledgers vs immutable v010 contract
trial_011_20260901_clean_v010,P05,front_right_ankle,wheel,measured_peak_velocity_error_percent,8.943189910149579,True,,False,raw observation/full12 ledgers vs immutable v010 contract
trial_011_20260901_clean_v010,P05,front_right_ankle,wheel,command_wheel_integral_error_percent,7.0223862858408205e-12,True,,False,raw observation/full12 ledgers vs immutable v010 contract
trial_011_20260901_clean_v010,P05,front_right_ankle,wheel,actual_wheel_integral_error_percent,2.169628375370852,True,,False,raw observation/full12 ledgers vs immutable v010 contract
trial_011_20260901_clean_v010,P05,rear_left_ankle,wheel,duration_error_percent,5.657574865213446e-12,True,,False,raw observation/full12 ledgers vs immutable v010 contract
trial_011_20260901_clean_v010,P05,rear_left_ankle,wheel,command_average_velocity_error_percent,1.3837169892279397e-12,True,,False,raw observation/full12 ledgers vs immutable v010 contract
trial_011_20260901_clean_v010,P05,rear_left_ankle,wheel,measured_average_velocity_error_percent,0.7745949067256829,True,,False,raw observation/full12 ledgers vs immutable v010 contract
trial_011_20260901_clean_v010,P05,rear_left_ankle,wheel,command_peak_velocity_error_percent,0.0,True,,False,raw observation/full12 ledgers vs immutable v010 contract
trial_011_20260901_clean_v010,P05,rear_left_ankle,wheel,measured_peak_velocity_error_percent,6.0995221241824735,True,,False,raw observation/full12 ledgers vs immutable v010 contract
trial_011_20260901_clean_v010,P05,rear_left_ankle,wheel,command_wheel_integral_error_percent,7.0223862858408205e-12,True,,False,raw observation/full12 ledgers vs immutable v010 contract
trial_011_20260901_clean_v010,P05,rear_left_ankle,wheel,actual_wheel_integral_error_percent,2.3856057882243666,True,,False,raw observation/full12 ledgers vs immutable v010 contract
trial_011_20260901_clean_v010,P05,rear_right_ankle,wheel,duration_error_percent,5.657574865213446e-12,True,,False,raw observation/full12 ledgers vs immutable v010 contract
trial_011_20260901_clean_v010,P05,rear_right_ankle,wheel,command_average_velocity_error_percent,1.3837169892279397e-12,True,,False,raw observation/full12 ledgers vs immutable v010 contract
trial_011_20260901_clean_v010,P05,rear_right_ankle,wheel,measured_average_velocity_error_percent,0.2602436750130663,True,,False,raw observation/full12 ledgers vs immutable v010 contract
trial_011_20260901_clean_v010,P05,rear_right_ankle,wheel,command_peak_velocity_error_percent,0.0,True,,False,raw observation/full12 ledgers vs immutable v010 contract
trial_011_20260901_clean_v010,P05,rear_right_ankle,wheel,measured_peak_velocity_error_percent,0.21451435937664246,True,,False,raw observation/full12 ledgers vs immutable v010 contract
trial_011_20260901_clean_v010,P05,rear_right_ankle,wheel,command_wheel_integral_error_percent,7.0223862858408205e-12,True,,False,raw observation/full12 ledgers vs immutable v010 contract
trial_011_20260901_clean_v010,P05,rear_right_ankle,wheel,actual_wheel_integral_error_percent,0.2148916748574892,True,,False,raw observation/full12 ledgers vs immutable v010 contract
trial_011_20260901_clean_v010,P06,front_left_ankle,wheel,duration_error_percent,5.690835096460134e-12,True,,False,raw observation/full12 ledgers vs immutable v010 contract
trial_011_20260901_clean_v010,P06,front_left_ankle,wheel,command_average_velocity_error_percent,4.773959005888173e-12,True,,False,raw observation/full12 ledgers vs immutable v010 contract
trial_011_20260901_clean_v010,P06,front_left_ankle,wheel,measured_average_velocity_error_percent,0.8129841478986377,True,,False,raw observation/full12 ledgers vs immutable v010 contract
trial_011_20260901_clean_v010,P06,front_left_ankle,wheel,command_peak_velocity_error_percent,0.0,True,,False,raw observation/full12 ledgers vs immutable v010 contract
trial_011_20260901_clean_v010,P06,front_left_ankle,wheel,measured_peak_velocity_error_percent,6.582590813291411,True,,False,raw observation/full12 ledgers vs immutable v010 contract
trial_011_20260901_clean_v010,P06,front_left_ankle,wheel,command_wheel_integral_error_percent,9.160064641816435e-13,True,,False,raw observation/full12 ledgers vs immutable v010 contract
trial_011_20260901_clean_v010,P06,front_left_ankle,wheel,actual_wheel_integral_error_percent,0.8217307310342378,True,,False,raw observation/full12 ledgers vs immutable v010 contract
trial_011_20260901_clean_v010,P06,front_right_ankle,wheel,duration_error_percent,5.690835096460134e-12,True,,False,raw observation/full12 ledgers vs immutable v010 contract
trial_011_20260901_clean_v010,P06,front_right_ankle,wheel,command_average_velocity_error_percent,4.773959005888173e-12,True,,False,raw observation/full12 ledgers vs immutable v010 contract
trial_011_20260901_clean_v010,P06,front_right_ankle,wheel,measured_average_velocity_error_percent,2.3824811711242466,True,,False,raw observation/full12 ledgers vs immutable v010 contract
trial_011_20260901_clean_v010,P06,front_right_ankle,wheel,command_peak_velocity_error_percent,0.0,True,,False,raw observation/full12 ledgers vs immutable v010 contract
trial_011_20260901_clean_v010,P06,front_right_ankle,wheel,measured_peak_velocity_error_percent,2.688487783992743,True,,False,raw observation/full12 ledgers vs immutable v010 contract
trial_011_20260901_clean_v010,P06,front_right_ankle,wheel,command_wheel_integral_error_percent,9.160064641816435e-13,True,,False,raw observation/full12 ledgers vs immutable v010 contract
trial_011_20260901_clean_v010,P06,front_right_ankle,wheel,actual_wheel_integral_error_percent,2.3854332891960746,True,,False,raw observation/full12 ledgers vs immutable v010 contract
trial_011_20260901_clean_v010,P06,rear_left_ankle,wheel,duration_error_percent,5.690835096460134e-12,True,,False,raw observation/full12 ledgers vs immutable v010 contract
trial_011_20260901_clean_v010,P06,rear_left_ankle,wheel,command_average_velocity_error_percent,4.773959005888173e-12,True,,False,raw observation/full12 ledgers vs immutable v010 contract
trial_011_20260901_clean_v010,P06,rear_left_ankle,wheel,measured_average_velocity_error_percent,1.2877530929239334,True,,False,raw observation/full12 ledgers vs immutable v010 contract
trial_011_20260901_clean_v010,P06,rear_left_ankle,wheel,command_peak_velocity_error_percent,0.0,True,,False,raw observation/full12 ledgers vs immutable v010 contract
trial_011_20260901_clean_v010,P06,rear_left_ankle,wheel,measured_peak_velocity_error_percent,4.10082766728304,True,,False,raw observation/full12 ledgers vs immutable v010 contract
trial_011_20260901_clean_v010,P06,rear_left_ankle,wheel,command_wheel_integral_error_percent,9.160064641816435e-13,True,,False,raw observation/full12 ledgers vs immutable v010 contract
trial_011_20260901_clean_v010,P06,rear_left_ankle,wheel,actual_wheel_integral_error_percent,1.2871132309518594,True,,False,raw observation/full12 ledgers vs immutable v010 contract
trial_011_20260901_clean_v010,P06,rear_right_ankle,wheel,duration_error_percent,5.690835096460134e-12,True,,False,raw observation/full12 ledgers vs immutable v010 contract
trial_011_20260901_clean_v010,P06,rear_right_ankle,wheel,command_average_velocity_error_percent,4.773959005888173e-12,True,,False,raw observation/full12 ledgers vs immutable v010 contract
trial_011_20260901_clean_v010,P06,rear_right_ankle,wheel,measured_average_velocity_error_percent,0.49904442571544766,True,,False,raw observation/full12 ledgers vs immutable v010 contract
trial_011_20260901_clean_v010,P06,rear_right_ankle,wheel,command_peak_velocity_error_percent,0.0,True,,False,raw observation/full12 ledgers vs immutable v010 contract
trial_011_20260901_clean_v010,P06,rear_right_ankle,wheel,measured_peak_velocity_error_percent,8.873699961934637,True,,False,raw observation/full12 ledgers vs immutable v010 contract
trial_011_20260901_clean_v010,P06,rear_right_ankle,wheel,command_wheel_integral_error_percent,9.160064641816435e-13,True,,False,raw observation/full12 ledgers vs immutable v010 contract
trial_011_20260901_clean_v010,P06,rear_right_ankle,wheel,actual_wheel_integral_error_percent,0.5010679600492728,True,,False,raw observation/full12 ledgers vs immutable v010 contract
trial_011_20260901_clean_v010,P07,front_left_hip,servo,command_endpoint_error_percent,0.0,True,,False,raw observation/full12 ledgers vs immutable v010 contract
trial_011_20260901_clean_v010,P07,front_left_hip,servo,actual_endpoint_error_percent,1.4864523399080787,True,,False,raw observation/full12 ledgers vs immutable v010 contract
trial_011_20260901_clean_v010,P07,front_left_hip,servo,command_delta_error_percent,0.0,True,,False,raw observation/full12 ledgers vs immutable v010 contract
trial_011_20260901_clean_v010,P07,front_left_hip,servo,actual_delta_error_percent,1.6318856558271657,True,,False,raw observation/full12 ledgers vs immutable v010 contract
trial_011_20260901_clean_v010,P07,front_left_hip,servo,duration_error_percent,5.5422333389290965e-12,True,,False,raw observation/full12 ledgers vs immutable v010 contract
trial_011_20260901_clean_v010,P07,front_left_hip,servo,command_average_velocity_error_percent,5.569118739741008e-12,True,,False,raw observation/full12 ledgers vs immutable v010 contract
trial_011_20260901_clean_v010,P07,front_left_hip,servo,measured_average_velocity_error_percent,0.5825655805580202,True,,False,raw observation/full12 ledgers vs immutable v010 contract
trial_011_20260901_clean_v010,P07,front_left_hip,servo,command_peak_velocity_error_percent,5.6843418860808015e-12,True,,False,raw observation/full12 ledgers vs immutable v010 contract
trial_011_20260901_clean_v010,P07,front_left_hip,servo,measured_peak_velocity_error_percent,0.12065027854265335,True,,False,raw observation/full12 ledgers vs immutable v010 contract
trial_011_20260901_clean_v010,P07,front_left_hip,servo,trajectory_rmse_percent,0.555629243215511,True,,False,raw observation/full12 ledgers vs immutable v010 contract
trial_011_20260901_clean_v010,P07,front_right_knee,servo,command_endpoint_error_percent,0.0,True,,False,raw observation/full12 ledgers vs immutable v010 contract
trial_011_20260901_clean_v010,P07,front_right_knee,servo,actual_endpoint_error_percent,0.1739621491646256,True,,False,raw observation/full12 ledgers vs immutable v010 contract
trial_011_20260901_clean_v010,P07,front_right_knee,servo,command_delta_error_percent,0.0,True,,False,raw observation/full12 ledgers vs immutable v010 contract
trial_011_20260901_clean_v010,P07,front_right_knee,servo,actual_delta_error_percent,7.961923825527771,True,,False,raw observation/full12 ledgers vs immutable v010 contract
trial_011_20260901_clean_v010,P07,front_right_knee,servo,duration_error_percent,5.5422333389290965e-12,True,,False,raw observation/full12 ledgers vs immutable v010 contract
trial_011_20260901_clean_v010,P07,front_right_knee,servo,command_average_velocity_error_percent,5.541113113894611e-12,True,,False,raw observation/full12 ledgers vs immutable v010 contract
trial_011_20260901_clean_v010,P07,front_right_knee,servo,measured_average_velocity_error_percent,2.4853567756639814,True,,False,raw observation/full12 ledgers vs immutable v010 contract
trial_011_20260901_clean_v010,P07,front_right_knee,servo,command_peak_velocity_error_percent,5.6843418860808015e-12,True,,False,raw observation/full12 ledgers vs immutable v010 contract
trial_011_20260901_clean_v010,P07,front_right_knee,servo,measured_peak_velocity_error_percent,7.255058959810693,True,,False,raw observation/full12 ledgers vs immutable v010 contract
trial_011_20260901_clean_v010,P07,front_right_knee,servo,trajectory_rmse_percent,6.407166606736771,True,,False,raw observation/full12 ledgers vs immutable v010 contract
trial_011_20260901_clean_v010,P07,front_right_ankle,wheel,duration_error_percent,5.5422333389290965e-12,True,,False,raw observation/full12 ledgers vs immutable v010 contract
trial_011_20260901_clean_v010,P07,front_right_ankle,wheel,command_average_velocity_error_percent,3.3776626410553707e-13,True,,False,raw observation/full12 ledgers vs immutable v010 contract
trial_011_20260901_clean_v010,P07,front_right_ankle,wheel,measured_average_velocity_error_percent,0.2800995895568256,True,,False,raw observation/full12 ledgers vs immutable v010 contract
trial_011_20260901_clean_v010,P07,front_right_ankle,wheel,command_peak_velocity_error_percent,0.0,True,,False,raw observation/full12 ledgers vs immutable v010 contract
trial_011_20260901_clean_v010,P07,front_right_ankle,wheel,measured_peak_velocity_error_percent,8.59273501105341,True,,False,raw observation/full12 ledgers vs immutable v010 contract
trial_011_20260901_clean_v010,P07,front_right_ankle,wheel,command_wheel_integral_error_percent,5.868321701590447e-12,True,,False,raw observation/full12 ledgers vs immutable v010 contract
trial_011_20260901_clean_v010,P07,front_right_ankle,wheel,actual_wheel_integral_error_percent,0.21134595992891356,True,,False,raw observation/full12 ledgers vs immutable v010 contract
trial_011_20260901_clean_v010,P08,rear_left_hip,servo,command_endpoint_error_percent,1.4620220900413587e-14,True,,False,raw observation/full12 ledgers vs immutable v010 contract
trial_011_20260901_clean_v010,P08,rear_left_hip,servo,actual_endpoint_error_percent,1.6806762602129213,True,,False,raw observation/full12 ledgers vs immutable v010 contract
trial_011_20260901_clean_v010,P08,rear_left_hip,servo,command_delta_error_percent,0.0,True,,False,raw observation/full12 ledgers vs immutable v010 contract
trial_011_20260901_clean_v010,P08,rear_left_hip,servo,actual_delta_error_percent,2.497038458788433,True,,False,raw observation/full12 ledgers vs immutable v010 contract
trial_011_20260901_clean_v010,P08,rear_left_hip,servo,duration_error_percent,5.329070518201054e-12,True,,False,raw observation/full12 ledgers vs immutable v010 contract
trial_011_20260901_clean_v010,P08,rear_left_hip,servo,command_average_velocity_error_percent,5.345152761190903e-12,True,,False,raw observation/full12 ledgers vs immutable v010 contract
trial_011_20260901_clean_v010,P08,rear_left_hip,servo,measured_average_velocity_error_percent,1.6352953628462266,True,,False,raw observation/full12 ledgers vs immutable v010 contract
trial_011_20260901_clean_v010,P08,rear_left_hip,servo,command_peak_velocity_error_percent,5.6843418860808015e-12,True,,False,raw observation/full12 ledgers vs immutable v010 contract
trial_011_20260901_clean_v010,P08,rear_left_hip,servo,measured_peak_velocity_error_percent,3.554677360027985,True,,False,raw observation/full12 ledgers vs immutable v010 contract
trial_011_20260901_clean_v010,P08,rear_left_hip,servo,trajectory_rmse_percent,0.5707047736659704,True,,False,raw observation/full12 ledgers vs immutable v010 contract
trial_011_20260901_clean_v010,P09,front_left_hip,servo,command_endpoint_error_percent,0.0,True,,False,raw observation/full12 ledgers vs immutable v010 contract
trial_011_20260901_clean_v010,P09,front_left_hip,servo,actual_endpoint_error_percent,0.3830797122888794,True,,False,raw observation/full12 ledgers vs immutable v010 contract
trial_011_20260901_clean_v010,P09,front_left_hip,servo,command_delta_error_percent,0.0,True,,False,raw observation/full12 ledgers vs immutable v010 contract
trial_011_20260901_clean_v010,P09,front_left_hip,servo,actual_delta_error_percent,0.3833069865344689,True,,False,raw observation/full12 ledgers vs immutable v010 contract
trial_011_20260901_clean_v010,P09,front_left_hip,servo,duration_error_percent,3.1777050127038847e-11,True,,False,raw observation/full12 ledgers vs immutable v010 contract
trial_011_20260901_clean_v010,P09,front_left_hip,servo,command_average_velocity_error_percent,3.178403249875698e-11,True,,False,raw observation/full12 ledgers vs immutable v010 contract
trial_011_20260901_clean_v010,P09,front_left_hip,servo,measured_average_velocity_error_percent,7.274153209357282,True,,False,raw observation/full12 ledgers vs immutable v010 contract
trial_011_20260901_clean_v010,P09,front_left_hip,servo,command_peak_velocity_error_percent,9.094947017729282e-11,True,,False,raw observation/full12 ledgers vs immutable v010 contract
trial_011_20260901_clean_v010,P09,front_left_hip,servo,measured_peak_velocity_error_percent,2.181878719245566,True,,False,raw observation/full12 ledgers vs immutable v010 contract
trial_011_20260901_clean_v010,P09,front_left_hip,servo,trajectory_rmse_percent,0.7022241370167938,True,,False,raw observation/full12 ledgers vs immutable v010 contract
trial_011_20260901_clean_v010,P09,front_left_knee,servo,command_endpoint_error_percent,0.0,True,,False,raw observation/full12 ledgers vs immutable v010 contract
trial_011_20260901_clean_v010,P09,front_left_knee,servo,actual_endpoint_error_percent,0.20676500437445278,True,,False,raw observation/full12 ledgers vs immutable v010 contract
trial_011_20260901_clean_v010,P09,front_left_knee,servo,command_delta_error_percent,0.0,True,,False,raw observation/full12 ledgers vs immutable v010 contract
trial_011_20260901_clean_v010,P09,front_left_knee,servo,actual_delta_error_percent,1.5062464394647732,True,,False,raw observation/full12 ledgers vs immutable v010 contract
trial_011_20260901_clean_v010,P09,front_left_knee,servo,duration_error_percent,3.1777050127038847e-11,True,,False,raw observation/full12 ledgers vs immutable v010 contract
trial_011_20260901_clean_v010,P09,front_left_knee,servo,command_average_velocity_error_percent,2.383426789265286e-11,True,,False,raw observation/full12 ledgers vs immutable v010 contract
trial_011_20260901_clean_v010,P09,front_left_knee,servo,measured_average_velocity_error_percent,0.5350059928419141,True,,False,raw observation/full12 ledgers vs immutable v010 contract
trial_011_20260901_clean_v010,P09,front_left_knee,servo,command_peak_velocity_error_percent,9.094947017729282e-11,True,,False,raw observation/full12 ledgers vs immutable v010 contract
trial_011_20260901_clean_v010,P09,front_left_knee,servo,measured_peak_velocity_error_percent,0.2944154430049581,True,,False,raw observation/full12 ledgers vs immutable v010 contract
trial_011_20260901_clean_v010,P09,front_left_knee,servo,trajectory_rmse_percent,3.4125410154705667,True,,False,raw observation/full12 ledgers vs immutable v010 contract
trial_011_20260901_clean_v010,P09,rear_left_hip,servo,command_endpoint_error_percent,0.0,True,,False,raw observation/full12 ledgers vs immutable v010 contract
trial_011_20260901_clean_v010,P09,rear_left_hip,servo,actual_endpoint_error_percent,1.7524622706528241,True,,False,raw observation/full12 ledgers vs immutable v010 contract
trial_011_20260901_clean_v010,P09,rear_left_hip,servo,command_delta_error_percent,2.24855296126614e-14,True,,False,raw observation/full12 ledgers vs immutable v010 contract
trial_011_20260901_clean_v010,P09,rear_left_hip,servo,actual_delta_error_percent,1.3744242688062311,True,,False,raw observation/full12 ledgers vs immutable v010 contract
trial_011_20260901_clean_v010,P09,rear_left_hip,servo,duration_error_percent,3.1777050127038847e-11,True,,False,raw observation/full12 ledgers vs immutable v010 contract
trial_011_20260901_clean_v010,P09,rear_left_hip,servo,command_average_velocity_error_percent,2.092992446023345e-11,True,,False,raw observation/full12 ledgers vs immutable v010 contract
trial_011_20260901_clean_v010,P09,rear_left_hip,servo,measured_average_velocity_error_percent,1.4389079688954942,True,,False,raw observation/full12 ledgers vs immutable v010 contract
trial_011_20260901_clean_v010,P09,rear_left_hip,servo,command_peak_velocity_error_percent,9.094947017729282e-11,True,,False,raw observation/full12 ledgers vs immutable v010 contract
trial_011_20260901_clean_v010,P09,rear_left_hip,servo,measured_peak_velocity_error_percent,2.3501196252534777,True,,False,raw observation/full12 ledgers vs immutable v010 contract
trial_011_20260901_clean_v010,P09,rear_left_hip,servo,trajectory_rmse_percent,0.34855267798517264,True,,False,raw observation/full12 ledgers vs immutable v010 contract
trial_011_20260901_clean_v010,P09,rear_left_knee,servo,command_endpoint_error_percent,0.0,True,,False,raw observation/full12 ledgers vs immutable v010 contract
trial_011_20260901_clean_v010,P09,rear_left_knee,servo,actual_endpoint_error_percent,3.118219004445349,True,,False,raw observation/full12 ledgers vs immutable v010 contract
trial_011_20260901_clean_v010,P09,rear_left_knee,servo,command_delta_error_percent,0.0,True,,False,raw observation/full12 ledgers vs immutable v010 contract
trial_011_20260901_clean_v010,P09,rear_left_knee,servo,actual_delta_error_percent,3.7341869841740625,True,,False,raw observation/full12 ledgers vs immutable v010 contract
trial_011_20260901_clean_v010,P09,rear_left_knee,servo,duration_error_percent,3.1777050127038847e-11,True,,False,raw observation/full12 ledgers vs immutable v010 contract
trial_011_20260901_clean_v010,P09,rear_left_knee,servo,command_average_velocity_error_percent,2.5686119897727622e-11,True,,False,raw observation/full12 ledgers vs immutable v010 contract
trial_011_20260901_clean_v010,P09,rear_left_knee,servo,measured_average_velocity_error_percent,1.4790622903236983,True,,False,raw observation/full12 ledgers vs immutable v010 contract
trial_011_20260901_clean_v010,P09,rear_left_knee,servo,command_peak_velocity_error_percent,9.094947017729282e-11,True,,False,raw observation/full12 ledgers vs immutable v010 contract
trial_011_20260901_clean_v010,P09,rear_left_knee,servo,measured_peak_velocity_error_percent,8.757531016216316,True,,False,raw observation/full12 ledgers vs immutable v010 contract
trial_011_20260901_clean_v010,P09,rear_left_knee,servo,trajectory_rmse_percent,0.6485285483680341,True,,False,raw observation/full12 ledgers vs immutable v010 contract
trial_011_20260901_clean_v010,P09,rear_right_hip,servo,command_endpoint_error_percent,0.0,True,,False,raw observation/full12 ledgers vs immutable v010 contract
trial_011_20260901_clean_v010,P09,rear_right_hip,servo,actual_endpoint_error_percent,2.046099477069704,True,,False,raw observation/full12 ledgers vs immutable v010 contract
trial_011_20260901_clean_v010,P09,rear_right_hip,servo,command_delta_error_percent,0.0,True,,False,raw observation/full12 ledgers vs immutable v010 contract
trial_011_20260901_clean_v010,P09,rear_right_hip,servo,actual_delta_error_percent,1.1464822847465848,True,,False,raw observation/full12 ledgers vs immutable v010 contract
trial_011_20260901_clean_v010,P09,rear_right_hip,servo,duration_error_percent,3.1777050127038847e-11,True,,False,raw observation/full12 ledgers vs immutable v010 contract
trial_011_20260901_clean_v010,P09,rear_right_hip,servo,command_average_velocity_error_percent,3.179573454653826e-11,True,,False,raw observation/full12 ledgers vs immutable v010 contract
trial_011_20260901_clean_v010,P09,rear_right_hip,servo,measured_average_velocity_error_percent,0.5235557474707022,True,,False,raw observation/full12 ledgers vs immutable v010 contract
trial_011_20260901_clean_v010,P09,rear_right_hip,servo,command_peak_velocity_error_percent,9.094947017729282e-11,True,,False,raw observation/full12 ledgers vs immutable v010 contract
trial_011_20260901_clean_v010,P09,rear_right_hip,servo,measured_peak_velocity_error_percent,1.5721695580316075,True,,False,raw observation/full12 ledgers vs immutable v010 contract
trial_011_20260901_clean_v010,P09,rear_right_hip,servo,trajectory_rmse_percent,1.316800787380324,True,,False,raw observation/full12 ledgers vs immutable v010 contract
trial_011_20260901_clean_v010,P09,rear_right_knee,servo,command_endpoint_error_percent,0.0,True,,False,raw observation/full12 ledgers vs immutable v010 contract
trial_011_20260901_clean_v010,P09,rear_right_knee,servo,actual_endpoint_error_percent,6.262009584413645,True,,False,raw observation/full12 ledgers vs immutable v010 contract
trial_011_20260901_clean_v010,P09,rear_right_knee,servo,command_delta_error_percent,0.0,True,,False,raw observation/full12 ledgers vs immutable v010 contract
trial_011_20260901_clean_v010,P09,rear_right_knee,servo,actual_delta_error_percent,6.394154136857454,True,,False,raw observation/full12 ledgers vs immutable v010 contract
trial_011_20260901_clean_v010,P09,rear_right_knee,servo,duration_error_percent,3.1777050127038847e-11,True,,False,raw observation/full12 ledgers vs immutable v010 contract
trial_011_20260901_clean_v010,P09,rear_right_knee,servo,command_average_velocity_error_percent,3.177141089899741e-11,True,,False,raw observation/full12 ledgers vs immutable v010 contract
trial_011_20260901_clean_v010,P09,rear_right_knee,servo,measured_average_velocity_error_percent,0.15574393252918087,True,,False,raw observation/full12 ledgers vs immutable v010 contract
trial_011_20260901_clean_v010,P09,rear_right_knee,servo,command_peak_velocity_error_percent,5.6843418860808015e-12,True,,False,raw observation/full12 ledgers vs immutable v010 contract
trial_011_20260901_clean_v010,P09,rear_right_knee,servo,measured_peak_velocity_error_percent,1.0456181217287466,True,,False,raw observation/full12 ledgers vs immutable v010 contract
trial_011_20260901_clean_v010,P09,rear_right_knee,servo,trajectory_rmse_percent,3.8664444737533805,True,,False,raw observation/full12 ledgers vs immutable v010 contract
trial_011_20260901_clean_v010,P09,front_left_ankle,wheel,duration_error_percent,3.1777050127038847e-11,True,,False,raw observation/full12 ledgers vs immutable v010 contract
trial_011_20260901_clean_v010,P09,front_left_ankle,wheel,command_average_velocity_error_percent,3.006420638576724e-11,True,,False,raw observation/full12 ledgers vs immutable v010 contract
trial_011_20260901_clean_v010,P09,front_left_ankle,wheel,measured_average_velocity_error_percent,0.994552885822867,True,,False,raw observation/full12 ledgers vs immutable v010 contract
trial_011_20260901_clean_v010,P09,front_left_ankle,wheel,command_peak_velocity_error_percent,0.0,True,,False,raw observation/full12 ledgers vs immutable v010 contract
trial_011_20260901_clean_v010,P09,front_left_ankle,wheel,measured_peak_velocity_error_percent,25.907079559319314,True,,False,raw observation/full12 ledgers vs immutable v010 contract
trial_011_20260901_clean_v010,P09,front_left_ankle,wheel,command_wheel_integral_error_percent,1.386675910225253e-10,True,,False,raw observation/full12 ledgers vs immutable v010 contract
trial_011_20260901_clean_v010,P09,front_left_ankle,wheel,actual_wheel_integral_error_percent,14.846083106835584,True,,False,raw observation/full12 ledgers vs immutable v010 contract
trial_011_20260901_clean_v010,P09,front_right_ankle,wheel,duration_error_percent,3.1777050127038847e-11,True,,False,raw observation/full12 ledgers vs immutable v010 contract
trial_011_20260901_clean_v010,P09,front_right_ankle,wheel,command_average_velocity_error_percent,3.780309398848657e-12,True,,False,raw observation/full12 ledgers vs immutable v010 contract
trial_011_20260901_clean_v010,P09,front_right_ankle,wheel,measured_average_velocity_error_percent,1.7349969255397888,True,,False,raw observation/full12 ledgers vs immutable v010 contract
trial_011_20260901_clean_v010,P09,front_right_ankle,wheel,command_peak_velocity_error_percent,0.0,True,,False,raw observation/full12 ledgers vs immutable v010 contract
trial_011_20260901_clean_v010,P09,front_right_ankle,wheel,measured_peak_velocity_error_percent,40.94440145211522,False,REFERENCE_DIVERGENCE_WARNING,False,raw observation/full12 ledgers vs immutable v010 contract
trial_011_20260901_clean_v010,P09,front_right_ankle,wheel,command_wheel_integral_error_percent,2.732019403733724e-11,True,,False,raw observation/full12 ledgers vs immutable v010 contract
trial_011_20260901_clean_v010,P09,front_right_ankle,wheel,actual_wheel_integral_error_percent,0.08912570729885501,True,,False,raw observation/full12 ledgers vs immutable v010 contract
trial_011_20260901_clean_v010,P09,rear_left_ankle,wheel,duration_error_percent,3.1777050127038847e-11,True,,False,raw observation/full12 ledgers vs immutable v010 contract
trial_011_20260901_clean_v010,P09,rear_left_ankle,wheel,command_average_velocity_error_percent,3.780309398848657e-12,True,,False,raw observation/full12 ledgers vs immutable v010 contract
trial_011_20260901_clean_v010,P09,rear_left_ankle,wheel,measured_average_velocity_error_percent,0.3467315176511254,True,,False,raw observation/full12 ledgers vs immutable v010 contract
trial_011_20260901_clean_v010,P09,rear_left_ankle,wheel,command_peak_velocity_error_percent,0.0,True,,False,raw observation/full12 ledgers vs immutable v010 contract
trial_011_20260901_clean_v010,P09,rear_left_ankle,wheel,measured_peak_velocity_error_percent,52.75013911083131,False,REFERENCE_DIVERGENCE_WARNING,False,raw observation/full12 ledgers vs immutable v010 contract
trial_011_20260901_clean_v010,P09,rear_left_ankle,wheel,command_wheel_integral_error_percent,2.732019403733724e-11,True,,False,raw observation/full12 ledgers vs immutable v010 contract
trial_011_20260901_clean_v010,P09,rear_left_ankle,wheel,actual_wheel_integral_error_percent,0.9252182733795528,True,,False,raw observation/full12 ledgers vs immutable v010 contract
trial_011_20260901_clean_v010,P09,rear_right_ankle,wheel,duration_error_percent,3.1777050127038847e-11,True,,False,raw observation/full12 ledgers vs immutable v010 contract
trial_011_20260901_clean_v010,P09,rear_right_ankle,wheel,command_average_velocity_error_percent,3.780309398848657e-12,True,,False,raw observation/full12 ledgers vs immutable v010 contract
trial_011_20260901_clean_v010,P09,rear_right_ankle,wheel,measured_average_velocity_error_percent,0.7204419788169601,True,,False,raw observation/full12 ledgers vs immutable v010 contract
trial_011_20260901_clean_v010,P09,rear_right_ankle,wheel,command_peak_velocity_error_percent,0.0,True,,False,raw observation/full12 ledgers vs immutable v010 contract
trial_011_20260901_clean_v010,P09,rear_right_ankle,wheel,measured_peak_velocity_error_percent,6.4840848048672735,True,,False,raw observation/full12 ledgers vs immutable v010 contract
trial_011_20260901_clean_v010,P09,rear_right_ankle,wheel,command_wheel_integral_error_percent,2.732019403733724e-11,True,,False,raw observation/full12 ledgers vs immutable v010 contract
trial_011_20260901_clean_v010,P09,rear_right_ankle,wheel,actual_wheel_integral_error_percent,1.6614602656148436,True,,False,raw observation/full12 ledgers vs immutable v010 contract
trial_011_20260901_clean_v010,P10,rear_right_knee,servo,command_endpoint_error_percent,15.000000000000004,True,,False,raw observation/full12 ledgers vs immutable v010 contract
trial_011_20260901_clean_v010,P10,rear_right_knee,servo,actual_endpoint_error_percent,24.774320398827108,True,,False,raw observation/full12 ledgers vs immutable v010 contract
trial_011_20260901_clean_v010,P10,rear_right_knee,servo,command_delta_error_percent,15.000000000000004,True,,False,raw observation/full12 ledgers vs immutable v010 contract
trial_011_20260901_clean_v010,P10,rear_right_knee,servo,actual_delta_error_percent,14.701498920350788,True,,False,raw observation/full12 ledgers vs immutable v010 contract
trial_011_20260901_clean_v010,P10,rear_right_knee,servo,duration_error_percent,8.526512829114417e-11,True,,False,raw observation/full12 ledgers vs immutable v010 contract
trial_011_20260901_clean_v010,P10,rear_right_knee,servo,command_average_velocity_error_percent,15.000000000098058,True,,False,raw observation/full12 ledgers vs immutable v010 contract
trial_011_20260901_clean_v010,P10,rear_right_knee,servo,measured_average_velocity_error_percent,48.25178256336968,False,REFERENCE_DIVERGENCE_WARNING,False,raw observation/full12 ledgers vs immutable v010 contract
trial_011_20260901_clean_v010,P10,rear_right_knee,servo,command_peak_velocity_error_percent,9.094947017729282e-11,True,,False,raw observation/full12 ledgers vs immutable v010 contract
trial_011_20260901_clean_v010,P10,rear_right_knee,servo,measured_peak_velocity_error_percent,37.42203921210805,False,REFERENCE_DIVERGENCE_WARNING,False,raw observation/full12 ledgers vs immutable v010 contract
trial_011_20260901_clean_v010,P10,rear_right_knee,servo,trajectory_rmse_percent,8.241646997714987,True,,False,raw observation/full12 ledgers vs immutable v010 contract
trial_011_20260901_clean_v010,P11,front_right_hip,servo,command_endpoint_error_percent,0.0,True,,False,raw observation/full12 ledgers vs immutable v010 contract
trial_011_20260901_clean_v010,P11,front_right_hip,servo,actual_endpoint_error_percent,3.519274179756118,True,,False,raw observation/full12 ledgers vs immutable v010 contract
trial_011_20260901_clean_v010,P11,front_right_hip,servo,command_delta_error_percent,0.0,True,,False,raw observation/full12 ledgers vs immutable v010 contract
trial_011_20260901_clean_v010,P11,front_right_hip,servo,actual_delta_error_percent,3.8282871456505685,True,,False,raw observation/full12 ledgers vs immutable v010 contract
trial_011_20260901_clean_v010,P11,front_right_hip,servo,duration_error_percent,7.917476198463387e-11,True,,False,raw observation/full12 ledgers vs immutable v010 contract
trial_011_20260901_clean_v010,P11,front_right_hip,servo,command_average_velocity_error_percent,7.91643008080659e-11,True,,False,raw observation/full12 ledgers vs immutable v010 contract
trial_011_20260901_clean_v010,P11,front_right_hip,servo,measured_average_velocity_error_percent,1.72379985212638,True,,False,raw observation/full12 ledgers vs immutable v010 contract
trial_011_20260901_clean_v010,P11,front_right_hip,servo,command_peak_velocity_error_percent,9.094947017729282e-11,True,,False,raw observation/full12 ledgers vs immutable v010 contract
trial_011_20260901_clean_v010,P11,front_right_hip,servo,measured_peak_velocity_error_percent,0.08984483414008414,True,,False,raw observation/full12 ledgers vs immutable v010 contract
trial_011_20260901_clean_v010,P11,front_right_hip,servo,trajectory_rmse_percent,3.3274539471187925,True,,False,raw observation/full12 ledgers vs immutable v010 contract
trial_011_20260901_clean_v010,P12,rear_left_hip,servo,command_endpoint_error_percent,0.0,True,,False,raw observation/full12 ledgers vs immutable v010 contract
trial_011_20260901_clean_v010,P12,rear_left_hip,servo,actual_endpoint_error_percent,7.3814344024624905,True,,False,raw observation/full12 ledgers vs immutable v010 contract
trial_011_20260901_clean_v010,P12,rear_left_hip,servo,command_delta_error_percent,0.0,True,,False,raw observation/full12 ledgers vs immutable v010 contract
trial_011_20260901_clean_v010,P12,rear_left_hip,servo,actual_delta_error_percent,5.747017007925683,True,,False,raw observation/full12 ledgers vs immutable v010 contract
trial_011_20260901_clean_v010,P12,rear_left_hip,servo,duration_error_percent,7.97837986152849e-11,True,,False,raw observation/full12 ledgers vs immutable v010 contract
trial_011_20260901_clean_v010,P12,rear_left_hip,servo,command_average_velocity_error_percent,7.97677569908224e-11,True,,False,raw observation/full12 ledgers vs immutable v010 contract
trial_011_20260901_clean_v010,P12,rear_left_hip,servo,measured_average_velocity_error_percent,1.9515764496168002,True,,False,raw observation/full12 ledgers vs immutable v010 contract
trial_011_20260901_clean_v010,P12,rear_left_hip,servo,command_peak_velocity_error_percent,9.123368727159686e-11,True,,False,raw observation/full12 ledgers vs immutable v010 contract
trial_011_20260901_clean_v010,P12,rear_left_hip,servo,measured_peak_velocity_error_percent,0.25957576959755996,True,,False,raw observation/full12 ledgers vs immutable v010 contract
trial_011_20260901_clean_v010,P12,rear_left_hip,servo,trajectory_rmse_percent,2.2591949737262134,True,,False,raw observation/full12 ledgers vs immutable v010 contract
trial_011_20260901_clean_v010,P12,rear_left_knee,servo,command_endpoint_error_percent,9.32470781837402e-15,True,,False,raw observation/full12 ledgers vs immutable v010 contract
trial_011_20260901_clean_v010,P12,rear_left_knee,servo,actual_endpoint_error_percent,0.08085527743844971,True,,False,raw observation/full12 ledgers vs immutable v010 contract
trial_011_20260901_clean_v010,P12,rear_left_knee,servo,command_delta_error_percent,0.0,True,,False,raw observation/full12 ledgers vs immutable v010 contract
trial_011_20260901_clean_v010,P12,rear_left_knee,servo,actual_delta_error_percent,3.0941384385357247,True,,False,raw observation/full12 ledgers vs immutable v010 contract
trial_011_20260901_clean_v010,P12,rear_left_knee,servo,duration_error_percent,7.97837986152849e-11,True,,False,raw observation/full12 ledgers vs immutable v010 contract
trial_011_20260901_clean_v010,P12,rear_left_knee,servo,command_average_velocity_error_percent,7.976579180992765e-11,True,,False,raw observation/full12 ledgers vs immutable v010 contract
trial_011_20260901_clean_v010,P12,rear_left_knee,servo,measured_average_velocity_error_percent,1.577739718545094,True,,False,raw observation/full12 ledgers vs immutable v010 contract
trial_011_20260901_clean_v010,P12,rear_left_knee,servo,command_peak_velocity_error_percent,9.094947017729282e-11,True,,False,raw observation/full12 ledgers vs immutable v010 contract
trial_011_20260901_clean_v010,P12,rear_left_knee,servo,measured_peak_velocity_error_percent,0.032844323990663525,True,,False,raw observation/full12 ledgers vs immutable v010 contract
trial_011_20260901_clean_v010,P12,rear_left_knee,servo,trajectory_rmse_percent,3.2122929355291263,True,,False,raw observation/full12 ledgers vs immutable v010 contract
trial_011_20260901_clean_v010,P12,front_left_ankle,wheel,duration_error_percent,7.97837986152849e-11,True,,False,raw observation/full12 ledgers vs immutable v010 contract
trial_011_20260901_clean_v010,P12,front_left_ankle,wheel,command_average_velocity_error_percent,1.9984014443252815e-13,True,,False,raw observation/full12 ledgers vs immutable v010 contract
trial_011_20260901_clean_v010,P12,front_left_ankle,wheel,measured_average_velocity_error_percent,0.02633451195798719,True,,False,raw observation/full12 ledgers vs immutable v010 contract
trial_011_20260901_clean_v010,P12,front_left_ankle,wheel,command_peak_velocity_error_percent,0.0,True,,False,raw observation/full12 ledgers vs immutable v010 contract
trial_011_20260901_clean_v010,P12,front_left_ankle,wheel,measured_peak_velocity_error_percent,13.131339210917472,True,,False,raw observation/full12 ledgers vs immutable v010 contract
trial_011_20260901_clean_v010,P12,front_left_ankle,wheel,command_wheel_integral_error_percent,7.954916187042709e-11,True,,False,raw observation/full12 ledgers vs immutable v010 contract
trial_011_20260901_clean_v010,P12,front_left_ankle,wheel,actual_wheel_integral_error_percent,11.697908355639226,True,,False,raw observation/full12 ledgers vs immutable v010 contract
trial_011_20260901_clean_v010,P12,front_right_ankle,wheel,duration_error_percent,7.97837986152849e-11,True,,False,raw observation/full12 ledgers vs immutable v010 contract
trial_011_20260901_clean_v010,P12,front_right_ankle,wheel,command_average_velocity_error_percent,1.9984014443252815e-13,True,,False,raw observation/full12 ledgers vs immutable v010 contract
trial_011_20260901_clean_v010,P12,front_right_ankle,wheel,measured_average_velocity_error_percent,6.724969088466609,True,,False,raw observation/full12 ledgers vs immutable v010 contract
trial_011_20260901_clean_v010,P12,front_right_ankle,wheel,command_peak_velocity_error_percent,0.0,True,,False,raw observation/full12 ledgers vs immutable v010 contract
trial_011_20260901_clean_v010,P12,front_right_ankle,wheel,measured_peak_velocity_error_percent,20.68372685582132,True,,False,raw observation/full12 ledgers vs immutable v010 contract
trial_011_20260901_clean_v010,P12,front_right_ankle,wheel,command_wheel_integral_error_percent,7.954916187042709e-11,True,,False,raw observation/full12 ledgers vs immutable v010 contract
trial_011_20260901_clean_v010,P12,front_right_ankle,wheel,actual_wheel_integral_error_percent,1.0163943028712241,True,,False,raw observation/full12 ledgers vs immutable v010 contract
trial_011_20260901_clean_v010,P12,rear_left_ankle,wheel,duration_error_percent,7.97837986152849e-11,True,,False,raw observation/full12 ledgers vs immutable v010 contract
trial_011_20260901_clean_v010,P12,rear_left_ankle,wheel,command_average_velocity_error_percent,1.9984014443252815e-13,True,,False,raw observation/full12 ledgers vs immutable v010 contract
trial_011_20260901_clean_v010,P12,rear_left_ankle,wheel,measured_average_velocity_error_percent,1.1467708564563575,True,,False,raw observation/full12 ledgers vs immutable v010 contract
trial_011_20260901_clean_v010,P12,rear_left_ankle,wheel,command_peak_velocity_error_percent,0.0,True,,False,raw observation/full12 ledgers vs immutable v010 contract
trial_011_20260901_clean_v010,P12,rear_left_ankle,wheel,measured_peak_velocity_error_percent,22.31125580673312,True,,False,raw observation/full12 ledgers vs immutable v010 contract
trial_011_20260901_clean_v010,P12,rear_left_ankle,wheel,command_wheel_integral_error_percent,7.954916187042709e-11,True,,False,raw observation/full12 ledgers vs immutable v010 contract
trial_011_20260901_clean_v010,P12,rear_left_ankle,wheel,actual_wheel_integral_error_percent,3.4299282182324076,True,,False,raw observation/full12 ledgers vs immutable v010 contract
trial_011_20260901_clean_v010,P12,rear_right_ankle,wheel,duration_error_percent,7.97837986152849e-11,True,,False,raw observation/full12 ledgers vs immutable v010 contract
trial_011_20260901_clean_v010,P12,rear_right_ankle,wheel,command_average_velocity_error_percent,1.9984014443252815e-13,True,,False,raw observation/full12 ledgers vs immutable v010 contract
trial_011_20260901_clean_v010,P12,rear_right_ankle,wheel,measured_average_velocity_error_percent,2.8155454547871783,True,,False,raw observation/full12 ledgers vs immutable v010 contract
trial_011_20260901_clean_v010,P12,rear_right_ankle,wheel,command_peak_velocity_error_percent,0.0,True,,False,raw observation/full12 ledgers vs immutable v010 contract
trial_011_20260901_clean_v010,P12,rear_right_ankle,wheel,measured_peak_velocity_error_percent,2.5906677233375905,True,,False,raw observation/full12 ledgers vs immutable v010 contract
trial_011_20260901_clean_v010,P12,rear_right_ankle,wheel,command_wheel_integral_error_percent,7.954916187042709e-11,True,,False,raw observation/full12 ledgers vs immutable v010 contract
trial_011_20260901_clean_v010,P12,rear_right_ankle,wheel,actual_wheel_integral_error_percent,2.6057282060118454,True,,False,raw observation/full12 ledgers vs immutable v010 contract
trial_011_20260901_clean_v010,P13,front_left_hip,servo,command_endpoint_error_percent,0.0,True,,False,raw observation/full12 ledgers vs immutable v010 contract
trial_011_20260901_clean_v010,P13,front_left_hip,servo,actual_endpoint_error_percent,13.178229894259692,True,,False,raw observation/full12 ledgers vs immutable v010 contract
trial_011_20260901_clean_v010,P13,front_left_hip,servo,command_delta_error_percent,0.0,True,,False,raw observation/full12 ledgers vs immutable v010 contract
trial_011_20260901_clean_v010,P13,front_left_hip,servo,actual_delta_error_percent,12.267765677896987,True,,False,raw observation/full12 ledgers vs immutable v010 contract
trial_011_20260901_clean_v010,P13,front_left_hip,servo,duration_error_percent,7.959675365755687e-11,True,,False,raw observation/full12 ledgers vs immutable v010 contract
trial_011_20260901_clean_v010,P13,front_left_hip,servo,command_average_velocity_error_percent,2.5486279753295094e-11,True,,False,raw observation/full12 ledgers vs immutable v010 contract
trial_011_20260901_clean_v010,P13,front_left_hip,servo,measured_average_velocity_error_percent,1.9172584456621466,True,,False,raw observation/full12 ledgers vs immutable v010 contract
trial_011_20260901_clean_v010,P13,front_left_hip,servo,command_peak_velocity_error_percent,9.094947017729282e-11,True,,False,raw observation/full12 ledgers vs immutable v010 contract
trial_011_20260901_clean_v010,P13,front_left_hip,servo,measured_peak_velocity_error_percent,6.597063068623973,True,,False,raw observation/full12 ledgers vs immutable v010 contract
trial_011_20260901_clean_v010,P13,front_left_hip,servo,trajectory_rmse_percent,0.6117253567287008,True,,False,raw observation/full12 ledgers vs immutable v010 contract
trial_011_20260901_clean_v010,P13,front_left_knee,servo,command_endpoint_error_percent,2.169816986238091e-15,True,,False,raw observation/full12 ledgers vs immutable v010 contract
trial_011_20260901_clean_v010,P13,front_left_knee,servo,actual_endpoint_error_percent,2.1445989235700353,True,,False,raw observation/full12 ledgers vs immutable v010 contract
trial_011_20260901_clean_v010,P13,front_left_knee,servo,command_delta_error_percent,0.0,True,,False,raw observation/full12 ledgers vs immutable v010 contract
trial_011_20260901_clean_v010,P13,front_left_knee,servo,actual_delta_error_percent,2.7534424311484376,True,,False,raw observation/full12 ledgers vs immutable v010 contract
trial_011_20260901_clean_v010,P13,front_left_knee,servo,duration_error_percent,7.959675365755687e-11,True,,False,raw observation/full12 ledgers vs immutable v010 contract
trial_011_20260901_clean_v010,P13,front_left_knee,servo,command_average_velocity_error_percent,4.118705376754406e-11,True,,False,raw observation/full12 ledgers vs immutable v010 contract
trial_011_20260901_clean_v010,P13,front_left_knee,servo,measured_average_velocity_error_percent,1.7400231890806106,True,,False,raw observation/full12 ledgers vs immutable v010 contract
trial_011_20260901_clean_v010,P13,front_left_knee,servo,command_peak_velocity_error_percent,9.094947017729282e-11,True,,False,raw observation/full12 ledgers vs immutable v010 contract
trial_011_20260901_clean_v010,P13,front_left_knee,servo,measured_peak_velocity_error_percent,14.479771892239615,True,,False,raw observation/full12 ledgers vs immutable v010 contract
trial_011_20260901_clean_v010,P13,front_left_knee,servo,trajectory_rmse_percent,0.2730734992309743,True,,False,raw observation/full12 ledgers vs immutable v010 contract
trial_011_20260901_clean_v010,P13,front_right_knee,servo,command_endpoint_error_percent,4.7012701368491964e-15,True,,False,raw observation/full12 ledgers vs immutable v010 contract
trial_011_20260901_clean_v010,P13,front_right_knee,servo,actual_endpoint_error_percent,0.4051248072805935,True,,False,raw observation/full12 ledgers vs immutable v010 contract
trial_011_20260901_clean_v010,P13,front_right_knee,servo,command_delta_error_percent,0.0,True,,False,raw observation/full12 ledgers vs immutable v010 contract
trial_011_20260901_clean_v010,P13,front_right_knee,servo,actual_delta_error_percent,3.984228405899879,True,,False,raw observation/full12 ledgers vs immutable v010 contract
trial_011_20260901_clean_v010,P13,front_right_knee,servo,duration_error_percent,7.959675365755687e-11,True,,False,raw observation/full12 ledgers vs immutable v010 contract
trial_011_20260901_clean_v010,P13,front_right_knee,servo,command_average_velocity_error_percent,4.1180392429396306e-11,True,,False,raw observation/full12 ledgers vs immutable v010 contract
trial_011_20260901_clean_v010,P13,front_right_knee,servo,measured_average_velocity_error_percent,1.5645955546266666,True,,False,raw observation/full12 ledgers vs immutable v010 contract
trial_011_20260901_clean_v010,P13,front_right_knee,servo,command_peak_velocity_error_percent,9.094947017729282e-11,True,,False,raw observation/full12 ledgers vs immutable v010 contract
trial_011_20260901_clean_v010,P13,front_right_knee,servo,measured_peak_velocity_error_percent,1.985573530455801,True,,False,raw observation/full12 ledgers vs immutable v010 contract
trial_011_20260901_clean_v010,P13,front_right_knee,servo,trajectory_rmse_percent,1.0790637290097929,True,,False,raw observation/full12 ledgers vs immutable v010 contract
trial_011_20260901_clean_v010,P13,rear_left_hip,servo,command_endpoint_error_percent,5.921189464667502e-15,True,,False,raw observation/full12 ledgers vs immutable v010 contract
trial_011_20260901_clean_v010,P13,rear_left_hip,servo,actual_endpoint_error_percent,4.670255681482386,True,,False,raw observation/full12 ledgers vs immutable v010 contract
trial_011_20260901_clean_v010,P13,rear_left_hip,servo,command_delta_error_percent,0.0,True,,False,raw observation/full12 ledgers vs immutable v010 contract
trial_011_20260901_clean_v010,P13,rear_left_hip,servo,actual_delta_error_percent,21.39517199327552,True,,False,raw observation/full12 ledgers vs immutable v010 contract
trial_011_20260901_clean_v010,P13,rear_left_hip,servo,duration_error_percent,7.959675365755687e-11,True,,False,raw observation/full12 ledgers vs immutable v010 contract
trial_011_20260901_clean_v010,P13,rear_left_hip,servo,command_average_velocity_error_percent,1.0061951272177794e-11,True,,False,raw observation/full12 ledgers vs immutable v010 contract
trial_011_20260901_clean_v010,P13,rear_left_hip,servo,measured_average_velocity_error_percent,4.013642066497287,True,,False,raw observation/full12 ledgers vs immutable v010 contract
trial_011_20260901_clean_v010,P13,rear_left_hip,servo,command_peak_velocity_error_percent,9.094947017729282e-11,True,,False,raw observation/full12 ledgers vs immutable v010 contract
trial_011_20260901_clean_v010,P13,rear_left_hip,servo,measured_peak_velocity_error_percent,2.5239924011086896,True,,False,raw observation/full12 ledgers vs immutable v010 contract
trial_011_20260901_clean_v010,P13,rear_left_hip,servo,trajectory_rmse_percent,25.50055924653001,True,,False,raw observation/full12 ledgers vs immutable v010 contract
trial_011_20260901_clean_v010,P13,rear_left_knee,servo,command_endpoint_error_percent,3.00060276925718e-15,True,,False,raw observation/full12 ledgers vs immutable v010 contract
trial_011_20260901_clean_v010,P13,rear_left_knee,servo,actual_endpoint_error_percent,4.12467566926553,True,,False,raw observation/full12 ledgers vs immutable v010 contract
trial_011_20260901_clean_v010,P13,rear_left_knee,servo,command_delta_error_percent,2.400482215405744e-14,True,,False,raw observation/full12 ledgers vs immutable v010 contract
trial_011_20260901_clean_v010,P13,rear_left_knee,servo,actual_delta_error_percent,3.8616095488846827,True,,False,raw observation/full12 ledgers vs immutable v010 contract
trial_011_20260901_clean_v010,P13,rear_left_knee,servo,duration_error_percent,7.959675365755687e-11,True,,False,raw observation/full12 ledgers vs immutable v010 contract
trial_011_20260901_clean_v010,P13,rear_left_knee,servo,command_average_velocity_error_percent,1.9860779687519425e-11,True,,False,raw observation/full12 ledgers vs immutable v010 contract
trial_011_20260901_clean_v010,P13,rear_left_knee,servo,measured_average_velocity_error_percent,2.0006972253616344,True,,False,raw observation/full12 ledgers vs immutable v010 contract
trial_011_20260901_clean_v010,P13,rear_left_knee,servo,command_peak_velocity_error_percent,9.094947017729282e-11,True,,False,raw observation/full12 ledgers vs immutable v010 contract
trial_011_20260901_clean_v010,P13,rear_left_knee,servo,measured_peak_velocity_error_percent,5.397736593078867,True,,False,raw observation/full12 ledgers vs immutable v010 contract
trial_011_20260901_clean_v010,P13,rear_left_knee,servo,trajectory_rmse_percent,1.9640438077087088,True,,False,raw observation/full12 ledgers vs immutable v010 contract
trial_011_20260901_clean_v010,P13,rear_right_hip,servo,command_endpoint_error_percent,0.0,True,,False,raw observation/full12 ledgers vs immutable v010 contract
trial_011_20260901_clean_v010,P13,rear_right_hip,servo,actual_endpoint_error_percent,23.902466313564997,True,,False,raw observation/full12 ledgers vs immutable v010 contract
trial_011_20260901_clean_v010,P13,rear_right_hip,servo,command_delta_error_percent,0.0,True,,False,raw observation/full12 ledgers vs immutable v010 contract
trial_011_20260901_clean_v010,P13,rear_right_hip,servo,actual_delta_error_percent,33.71274172364836,False,REFERENCE_DIVERGENCE_WARNING,False,raw observation/full12 ledgers vs immutable v010 contract
trial_011_20260901_clean_v010,P13,rear_right_hip,servo,duration_error_percent,7.959675365755687e-11,True,,False,raw observation/full12 ledgers vs immutable v010 contract
trial_011_20260901_clean_v010,P13,rear_right_hip,servo,command_average_velocity_error_percent,8.58646487245096e-12,True,,False,raw observation/full12 ledgers vs immutable v010 contract
trial_011_20260901_clean_v010,P13,rear_right_hip,servo,measured_average_velocity_error_percent,1.8975074187195196,True,,False,raw observation/full12 ledgers vs immutable v010 contract
trial_011_20260901_clean_v010,P13,rear_right_hip,servo,command_peak_velocity_error_percent,9.094947017729282e-11,True,,False,raw observation/full12 ledgers vs immutable v010 contract
trial_011_20260901_clean_v010,P13,rear_right_hip,servo,measured_peak_velocity_error_percent,0.9389407606011121,True,,False,raw observation/full12 ledgers vs immutable v010 contract
trial_011_20260901_clean_v010,P13,rear_right_hip,servo,trajectory_rmse_percent,2.758646905626304,True,,False,raw observation/full12 ledgers vs immutable v010 contract
trial_011_20260901_clean_v010,P13,rear_right_knee,servo,command_endpoint_error_percent,0.0,True,,False,raw observation/full12 ledgers vs immutable v010 contract
trial_011_20260901_clean_v010,P13,rear_right_knee,servo,actual_endpoint_error_percent,4.923309894514899,True,,False,raw observation/full12 ledgers vs immutable v010 contract
trial_011_20260901_clean_v010,P13,rear_right_knee,servo,command_delta_error_percent,0.0,True,,False,raw observation/full12 ledgers vs immutable v010 contract
trial_011_20260901_clean_v010,P13,rear_right_knee,servo,actual_delta_error_percent,0.7294046002914932,True,,False,raw observation/full12 ledgers vs immutable v010 contract
trial_011_20260901_clean_v010,P13,rear_right_knee,servo,duration_error_percent,7.959675365755687e-11,True,,False,raw observation/full12 ledgers vs immutable v010 contract
trial_011_20260901_clean_v010,P13,rear_right_knee,servo,command_average_velocity_error_percent,2.844391389089651e-11,True,,False,raw observation/full12 ledgers vs immutable v010 contract
trial_011_20260901_clean_v010,P13,rear_right_knee,servo,measured_average_velocity_error_percent,2.3023323066765338,True,,False,raw observation/full12 ledgers vs immutable v010 contract
trial_011_20260901_clean_v010,P13,rear_right_knee,servo,command_peak_velocity_error_percent,9.094947017729282e-11,True,,False,raw observation/full12 ledgers vs immutable v010 contract
trial_011_20260901_clean_v010,P13,rear_right_knee,servo,measured_peak_velocity_error_percent,10.758628888058599,True,,False,raw observation/full12 ledgers vs immutable v010 contract
trial_011_20260901_clean_v010,P13,rear_right_knee,servo,trajectory_rmse_percent,1.462215854250536,True,,False,raw observation/full12 ledgers vs immutable v010 contract
trial_011_20260901_clean_v010,P13,front_left_ankle,wheel,duration_error_percent,7.959675365755687e-11,True,,False,raw observation/full12 ledgers vs immutable v010 contract
trial_011_20260901_clean_v010,P13,front_left_ankle,wheel,command_average_velocity_error_percent,1.7789007219444e-12,True,,False,raw observation/full12 ledgers vs immutable v010 contract
trial_011_20260901_clean_v010,P13,front_left_ankle,wheel,measured_average_velocity_error_percent,0.25314534502055325,True,,False,raw observation/full12 ledgers vs immutable v010 contract
trial_011_20260901_clean_v010,P13,front_left_ankle,wheel,command_peak_velocity_error_percent,0.0,True,,False,raw observation/full12 ledgers vs immutable v010 contract
trial_011_20260901_clean_v010,P13,front_left_ankle,wheel,measured_peak_velocity_error_percent,6.681086922724199,True,,False,raw observation/full12 ledgers vs immutable v010 contract
trial_011_20260901_clean_v010,P13,front_left_ankle,wheel,command_wheel_integral_error_percent,7.782826937922564e-11,True,,False,raw observation/full12 ledgers vs immutable v010 contract
trial_011_20260901_clean_v010,P13,front_left_ankle,wheel,actual_wheel_integral_error_percent,0.27714390416148454,True,,False,raw observation/full12 ledgers vs immutable v010 contract
trial_011_20260901_clean_v010,P13,front_right_ankle,wheel,duration_error_percent,7.959675365755687e-11,True,,False,raw observation/full12 ledgers vs immutable v010 contract
trial_011_20260901_clean_v010,P13,front_right_ankle,wheel,command_average_velocity_error_percent,1.9452113168388853e-12,True,,False,raw observation/full12 ledgers vs immutable v010 contract
trial_011_20260901_clean_v010,P13,front_right_ankle,wheel,measured_average_velocity_error_percent,2.736960612981949,True,,False,raw observation/full12 ledgers vs immutable v010 contract
trial_011_20260901_clean_v010,P13,front_right_ankle,wheel,command_peak_velocity_error_percent,0.0,True,,False,raw observation/full12 ledgers vs immutable v010 contract
trial_011_20260901_clean_v010,P13,front_right_ankle,wheel,measured_peak_velocity_error_percent,12.717470856066702,True,,False,raw observation/full12 ledgers vs immutable v010 contract
trial_011_20260901_clean_v010,P13,front_right_ankle,wheel,command_wheel_integral_error_percent,7.7643318131398e-11,True,,False,raw observation/full12 ledgers vs immutable v010 contract
trial_011_20260901_clean_v010,P13,front_right_ankle,wheel,actual_wheel_integral_error_percent,3.188050521831665,True,,False,raw observation/full12 ledgers vs immutable v010 contract
trial_011_20260901_clean_v010,P13,rear_left_ankle,wheel,duration_error_percent,7.959675365755687e-11,True,,False,raw observation/full12 ledgers vs immutable v010 contract
trial_011_20260901_clean_v010,P13,rear_left_ankle,wheel,command_average_velocity_error_percent,1.124075348602131e-12,True,,False,raw observation/full12 ledgers vs immutable v010 contract
trial_011_20260901_clean_v010,P13,rear_left_ankle,wheel,measured_average_velocity_error_percent,0.841482626769447,True,,False,raw observation/full12 ledgers vs immutable v010 contract
trial_011_20260901_clean_v010,P13,rear_left_ankle,wheel,command_peak_velocity_error_percent,0.0,True,,False,raw observation/full12 ledgers vs immutable v010 contract
trial_011_20260901_clean_v010,P13,rear_left_ankle,wheel,measured_peak_velocity_error_percent,1.6288904428503785,True,,False,raw observation/full12 ledgers vs immutable v010 contract
trial_011_20260901_clean_v010,P13,rear_left_ankle,wheel,command_wheel_integral_error_percent,7.668520865509359e-11,True,,False,raw observation/full12 ledgers vs immutable v010 contract
trial_011_20260901_clean_v010,P13,rear_left_ankle,wheel,actual_wheel_integral_error_percent,2.519328150053633,True,,False,raw observation/full12 ledgers vs immutable v010 contract
trial_011_20260901_clean_v010,P13,rear_right_ankle,wheel,duration_error_percent,7.959675365755687e-11,True,,False,raw observation/full12 ledgers vs immutable v010 contract
trial_011_20260901_clean_v010,P13,rear_right_ankle,wheel,command_average_velocity_error_percent,1.1506507392002316e-12,True,,False,raw observation/full12 ledgers vs immutable v010 contract
trial_011_20260901_clean_v010,P13,rear_right_ankle,wheel,measured_average_velocity_error_percent,0.6661957755293016,True,,False,raw observation/full12 ledgers vs immutable v010 contract
trial_011_20260901_clean_v010,P13,rear_right_ankle,wheel,command_peak_velocity_error_percent,0.0,True,,False,raw observation/full12 ledgers vs immutable v010 contract
trial_011_20260901_clean_v010,P13,rear_right_ankle,wheel,measured_peak_velocity_error_percent,12.380557008208125,True,,False,raw observation/full12 ledgers vs immutable v010 contract
trial_011_20260901_clean_v010,P13,rear_right_ankle,wheel,command_wheel_integral_error_percent,7.673247686388065e-11,True,,False,raw observation/full12 ledgers vs immutable v010 contract
trial_011_20260901_clean_v010,P13,rear_right_ankle,wheel,actual_wheel_integral_error_percent,0.5789720816459301,True,,False,raw observation/full12 ledgers vs immutable v010 contract
trial_019_20260902_clean_v010,P01,rear_left_hip,servo,command_endpoint_error_percent,0.0,True,,False,raw observation/full12 ledgers vs immutable v010 contract
trial_019_20260902_clean_v010,P01,rear_left_hip,servo,actual_endpoint_error_percent,0.0002270674591143427,True,,False,raw observation/full12 ledgers vs immutable v010 contract
trial_019_20260902_clean_v010,P01,rear_left_hip,servo,command_delta_error_percent,0.0,True,,False,raw observation/full12 ledgers vs immutable v010 contract
trial_019_20260902_clean_v010,P01,rear_left_hip,servo,actual_delta_error_percent,0.16958809922057566,True,,False,raw observation/full12 ledgers vs immutable v010 contract
trial_019_20260902_clean_v010,P01,rear_left_hip,servo,duration_error_percent,1.82098892079225e-12,True,,False,raw observation/full12 ledgers vs immutable v010 contract
trial_019_20260902_clean_v010,P01,rear_left_hip,servo,command_average_velocity_error_percent,1.545430450278218e-12,True,,False,raw observation/full12 ledgers vs immutable v010 contract
trial_019_20260902_clean_v010,P01,rear_left_hip,servo,measured_average_velocity_error_percent,0.6710921163525798,True,,False,raw observation/full12 ledgers vs immutable v010 contract
trial_019_20260902_clean_v010,P01,rear_left_hip,servo,command_peak_velocity_error_percent,3.600083194517841e-13,True,,False,raw observation/full12 ledgers vs immutable v010 contract
trial_019_20260902_clean_v010,P01,rear_left_hip,servo,measured_peak_velocity_error_percent,0.05156032481585553,True,,False,raw observation/full12 ledgers vs immutable v010 contract
trial_019_20260902_clean_v010,P01,rear_left_hip,servo,trajectory_rmse_percent,0.16545416503777835,True,,False,raw observation/full12 ledgers vs immutable v010 contract
trial_019_20260902_clean_v010,P01,front_left_ankle,wheel,duration_error_percent,1.82098892079225e-12,True,,False,raw observation/full12 ledgers vs immutable v010 contract
trial_019_20260902_clean_v010,P01,front_left_ankle,wheel,command_average_velocity_error_percent,1.3286431901227178e-12,True,,False,raw observation/full12 ledgers vs immutable v010 contract
trial_019_20260902_clean_v010,P01,front_left_ankle,wheel,measured_average_velocity_error_percent,0.11486139789004236,True,,False,raw observation/full12 ledgers vs immutable v010 contract
trial_019_20260902_clean_v010,P01,front_left_ankle,wheel,command_peak_velocity_error_percent,0.0,True,,False,raw observation/full12 ledgers vs immutable v010 contract
trial_019_20260902_clean_v010,P01,front_left_ankle,wheel,measured_peak_velocity_error_percent,3.345216791165559,True,,False,raw observation/full12 ledgers vs immutable v010 contract
trial_019_20260902_clean_v010,P01,front_left_ankle,wheel,command_wheel_integral_error_percent,3.15898510099535e-12,True,,False,raw observation/full12 ledgers vs immutable v010 contract
trial_019_20260902_clean_v010,P01,front_left_ankle,wheel,actual_wheel_integral_error_percent,0.2200239756719921,True,,False,raw observation/full12 ledgers vs immutable v010 contract
trial_019_20260902_clean_v010,P01,front_right_ankle,wheel,duration_error_percent,1.82098892079225e-12,True,,False,raw observation/full12 ledgers vs immutable v010 contract
trial_019_20260902_clean_v010,P01,front_right_ankle,wheel,command_average_velocity_error_percent,1.3286431901227178e-12,True,,False,raw observation/full12 ledgers vs immutable v010 contract
trial_019_20260902_clean_v010,P01,front_right_ankle,wheel,measured_average_velocity_error_percent,0.004696512362258236,True,,False,raw observation/full12 ledgers vs immutable v010 contract
trial_019_20260902_clean_v010,P01,front_right_ankle,wheel,command_peak_velocity_error_percent,0.0,True,,False,raw observation/full12 ledgers vs immutable v010 contract
trial_019_20260902_clean_v010,P01,front_right_ankle,wheel,measured_peak_velocity_error_percent,0.03177411165863816,True,,False,raw observation/full12 ledgers vs immutable v010 contract
trial_019_20260902_clean_v010,P01,front_right_ankle,wheel,command_wheel_integral_error_percent,3.15898510099535e-12,True,,False,raw observation/full12 ledgers vs immutable v010 contract
trial_019_20260902_clean_v010,P01,front_right_ankle,wheel,actual_wheel_integral_error_percent,0.005813707597070396,True,,False,raw observation/full12 ledgers vs immutable v010 contract
trial_019_20260902_clean_v010,P01,rear_left_ankle,wheel,duration_error_percent,1.82098892079225e-12,True,,False,raw observation/full12 ledgers vs immutable v010 contract
trial_019_20260902_clean_v010,P01,rear_left_ankle,wheel,command_average_velocity_error_percent,1.3286431901227178e-12,True,,False,raw observation/full12 ledgers vs immutable v010 contract
trial_019_20260902_clean_v010,P01,rear_left_ankle,wheel,measured_average_velocity_error_percent,0.15766120725747623,True,,False,raw observation/full12 ledgers vs immutable v010 contract
trial_019_20260902_clean_v010,P01,rear_left_ankle,wheel,command_peak_velocity_error_percent,0.0,True,,False,raw observation/full12 ledgers vs immutable v010 contract
trial_019_20260902_clean_v010,P01,rear_left_ankle,wheel,measured_peak_velocity_error_percent,0.2452119378512511,True,,False,raw observation/full12 ledgers vs immutable v010 contract
trial_019_20260902_clean_v010,P01,rear_left_ankle,wheel,command_wheel_integral_error_percent,3.15898510099535e-12,True,,False,raw observation/full12 ledgers vs immutable v010 contract
trial_019_20260902_clean_v010,P01,rear_left_ankle,wheel,actual_wheel_integral_error_percent,0.21285298785039672,True,,False,raw observation/full12 ledgers vs immutable v010 contract
trial_019_20260902_clean_v010,P01,rear_right_ankle,wheel,duration_error_percent,1.82098892079225e-12,True,,False,raw observation/full12 ledgers vs immutable v010 contract
trial_019_20260902_clean_v010,P01,rear_right_ankle,wheel,command_average_velocity_error_percent,1.3286431901227178e-12,True,,False,raw observation/full12 ledgers vs immutable v010 contract
trial_019_20260902_clean_v010,P01,rear_right_ankle,wheel,measured_average_velocity_error_percent,0.22346308392880876,True,,False,raw observation/full12 ledgers vs immutable v010 contract
trial_019_20260902_clean_v010,P01,rear_right_ankle,wheel,command_peak_velocity_error_percent,0.0,True,,False,raw observation/full12 ledgers vs immutable v010 contract
trial_019_20260902_clean_v010,P01,rear_right_ankle,wheel,measured_peak_velocity_error_percent,6.373333749487578,True,,False,raw observation/full12 ledgers vs immutable v010 contract
trial_019_20260902_clean_v010,P01,rear_right_ankle,wheel,command_wheel_integral_error_percent,3.15898510099535e-12,True,,False,raw observation/full12 ledgers vs immutable v010 contract
trial_019_20260902_clean_v010,P01,rear_right_ankle,wheel,actual_wheel_integral_error_percent,0.36678645398598075,True,,False,raw observation/full12 ledgers vs immutable v010 contract
trial_019_20260902_clean_v010,P02,front_right_knee,servo,command_endpoint_error_percent,0.0,True,,False,raw observation/full12 ledgers vs immutable v010 contract
trial_019_20260902_clean_v010,P02,front_right_knee,servo,actual_endpoint_error_percent,0.6811960451639621,True,,False,raw observation/full12 ledgers vs immutable v010 contract
trial_019_20260902_clean_v010,P02,front_right_knee,servo,command_delta_error_percent,0.0,True,,False,raw observation/full12 ledgers vs immutable v010 contract
trial_019_20260902_clean_v010,P02,front_right_knee,servo,actual_delta_error_percent,0.6865636935718967,True,,False,raw observation/full12 ledgers vs immutable v010 contract
trial_019_20260902_clean_v010,P02,front_right_knee,servo,duration_error_percent,4.9484226240438175e-12,True,,False,raw observation/full12 ledgers vs immutable v010 contract
trial_019_20260902_clean_v010,P02,front_right_knee,servo,command_average_velocity_error_percent,4.9557388774434566e-12,True,,False,raw observation/full12 ledgers vs immutable v010 contract
trial_019_20260902_clean_v010,P02,front_right_knee,servo,measured_average_velocity_error_percent,0.005050394485141519,True,,False,raw observation/full12 ledgers vs immutable v010 contract
trial_019_20260902_clean_v010,P02,front_right_knee,servo,command_peak_velocity_error_percent,5.6843418860808015e-12,True,,False,raw observation/full12 ledgers vs immutable v010 contract
trial_019_20260902_clean_v010,P02,front_right_knee,servo,measured_peak_velocity_error_percent,0.010260693785264386,True,,False,raw observation/full12 ledgers vs immutable v010 contract
trial_019_20260902_clean_v010,P02,front_right_knee,servo,trajectory_rmse_percent,1.0581377477323264,True,,False,raw observation/full12 ledgers vs immutable v010 contract
trial_019_20260902_clean_v010,P03,front_left_knee,servo,command_endpoint_error_percent,0.0,True,,False,raw observation/full12 ledgers vs immutable v010 contract
trial_019_20260902_clean_v010,P03,front_left_knee,servo,actual_endpoint_error_percent,1.4888022821412985,True,,False,raw observation/full12 ledgers vs immutable v010 contract
trial_019_20260902_clean_v010,P03,front_left_knee,servo,command_delta_error_percent,0.0,True,,False,raw observation/full12 ledgers vs immutable v010 contract
trial_019_20260902_clean_v010,P03,front_left_knee,servo,actual_delta_error_percent,1.441767806918161,True,,False,raw observation/full12 ledgers vs immutable v010 contract
trial_019_20260902_clean_v010,P03,front_left_knee,servo,duration_error_percent,5.625129991434446e-12,True,,False,raw observation/full12 ledgers vs immutable v010 contract
trial_019_20260902_clean_v010,P03,front_left_knee,servo,command_average_velocity_error_percent,5.622285751952963e-12,True,,False,raw observation/full12 ledgers vs immutable v010 contract
trial_019_20260902_clean_v010,P03,front_left_knee,servo,measured_average_velocity_error_percent,0.49659213265475577,True,,False,raw observation/full12 ledgers vs immutable v010 contract
trial_019_20260902_clean_v010,P03,front_left_knee,servo,command_peak_velocity_error_percent,5.6843418860808015e-12,True,,False,raw observation/full12 ledgers vs immutable v010 contract
trial_019_20260902_clean_v010,P03,front_left_knee,servo,measured_peak_velocity_error_percent,3.223465179533373,True,,False,raw observation/full12 ledgers vs immutable v010 contract
trial_019_20260902_clean_v010,P03,front_left_knee,servo,trajectory_rmse_percent,0.9908904213109763,True,,False,raw observation/full12 ledgers vs immutable v010 contract
trial_019_20260902_clean_v010,P03,rear_left_hip,servo,command_endpoint_error_percent,0.0,True,,False,raw observation/full12 ledgers vs immutable v010 contract
trial_019_20260902_clean_v010,P03,rear_left_hip,servo,actual_endpoint_error_percent,3.104278501469994,True,,False,raw observation/full12 ledgers vs immutable v010 contract
trial_019_20260902_clean_v010,P03,rear_left_hip,servo,command_delta_error_percent,0.0,True,,False,raw observation/full12 ledgers vs immutable v010 contract
trial_019_20260902_clean_v010,P03,rear_left_hip,servo,actual_delta_error_percent,3.0871520569839848,True,,False,raw observation/full12 ledgers vs immutable v010 contract
trial_019_20260902_clean_v010,P03,rear_left_hip,servo,duration_error_percent,5.625129991434446e-12,True,,False,raw observation/full12 ledgers vs immutable v010 contract
trial_019_20260902_clean_v010,P03,rear_left_hip,servo,command_average_velocity_error_percent,5.6207111933258465e-12,True,,False,raw observation/full12 ledgers vs immutable v010 contract
trial_019_20260902_clean_v010,P03,rear_left_hip,servo,measured_average_velocity_error_percent,6.944591922440888,True,,False,raw observation/full12 ledgers vs immutable v010 contract
trial_019_20260902_clean_v010,P03,rear_left_hip,servo,command_peak_velocity_error_percent,5.6843418860808015e-12,True,,False,raw observation/full12 ledgers vs immutable v010 contract
trial_019_20260902_clean_v010,P03,rear_left_hip,servo,measured_peak_velocity_error_percent,4.147375942813861,True,,False,raw observation/full12 ledgers vs immutable v010 contract
trial_019_20260902_clean_v010,P03,rear_left_hip,servo,trajectory_rmse_percent,1.414821924639151,True,,False,raw observation/full12 ledgers vs immutable v010 contract
trial_019_20260902_clean_v010,P03,front_left_ankle,wheel,duration_error_percent,5.625129991434446e-12,True,,False,raw observation/full12 ledgers vs immutable v010 contract
trial_019_20260902_clean_v010,P03,front_left_ankle,wheel,command_average_velocity_error_percent,7.026728003956686e-14,True,,False,raw observation/full12 ledgers vs immutable v010 contract
trial_019_20260902_clean_v010,P03,front_left_ankle,wheel,measured_average_velocity_error_percent,0.4693653201369699,True,,False,raw observation/full12 ledgers vs immutable v010 contract
trial_019_20260902_clean_v010,P03,front_left_ankle,wheel,command_peak_velocity_error_percent,0.0,True,,False,raw observation/full12 ledgers vs immutable v010 contract
trial_019_20260902_clean_v010,P03,front_left_ankle,wheel,measured_peak_velocity_error_percent,29.970202511669367,True,,False,raw observation/full12 ledgers vs immutable v010 contract
trial_019_20260902_clean_v010,P03,front_left_ankle,wheel,command_wheel_integral_error_percent,5.562826336466027e-12,True,,False,raw observation/full12 ledgers vs immutable v010 contract
trial_019_20260902_clean_v010,P03,front_left_ankle,wheel,actual_wheel_integral_error_percent,0.4964997768899391,True,,False,raw observation/full12 ledgers vs immutable v010 contract
trial_019_20260902_clean_v010,P03,rear_left_ankle,wheel,duration_error_percent,5.625129991434446e-12,True,,False,raw observation/full12 ledgers vs immutable v010 contract
trial_019_20260902_clean_v010,P03,rear_left_ankle,wheel,command_average_velocity_error_percent,2.3660490688732845e-13,True,,False,raw observation/full12 ledgers vs immutable v010 contract
trial_019_20260902_clean_v010,P03,rear_left_ankle,wheel,measured_average_velocity_error_percent,7.217470398676378,True,,False,raw observation/full12 ledgers vs immutable v010 contract
trial_019_20260902_clean_v010,P03,rear_left_ankle,wheel,command_peak_velocity_error_percent,0.0,True,,False,raw observation/full12 ledgers vs immutable v010 contract
trial_019_20260902_clean_v010,P03,rear_left_ankle,wheel,measured_peak_velocity_error_percent,3.4248094674479566,True,,False,raw observation/full12 ledgers vs immutable v010 contract
trial_019_20260902_clean_v010,P03,rear_left_ankle,wheel,command_wheel_integral_error_percent,5.399445311018828e-12,True,,False,raw observation/full12 ledgers vs immutable v010 contract
trial_019_20260902_clean_v010,P03,rear_left_ankle,wheel,actual_wheel_integral_error_percent,36.29302387410797,False,REFERENCE_DIVERGENCE_WARNING,False,raw observation/full12 ledgers vs immutable v010 contract
trial_019_20260902_clean_v010,P04,rear_left_hip,servo,command_endpoint_error_percent,0.0,True,,False,raw observation/full12 ledgers vs immutable v010 contract
trial_019_20260902_clean_v010,P04,rear_left_hip,servo,actual_endpoint_error_percent,1.7687290341723143,True,,False,raw observation/full12 ledgers vs immutable v010 contract
trial_019_20260902_clean_v010,P04,rear_left_hip,servo,command_delta_error_percent,0.0,True,,False,raw observation/full12 ledgers vs immutable v010 contract
trial_019_20260902_clean_v010,P04,rear_left_hip,servo,actual_delta_error_percent,4.262875706797492,True,,False,raw observation/full12 ledgers vs immutable v010 contract
trial_019_20260902_clean_v010,P04,rear_left_hip,servo,duration_error_percent,5.6991448597427944e-12,True,,False,raw observation/full12 ledgers vs immutable v010 contract
trial_019_20260902_clean_v010,P04,rear_left_hip,servo,command_average_velocity_error_percent,3.770317391627032e-12,True,,False,raw observation/full12 ledgers vs immutable v010 contract
trial_019_20260902_clean_v010,P04,rear_left_hip,servo,measured_average_velocity_error_percent,7.882140022618737,True,,False,raw observation/full12 ledgers vs immutable v010 contract
trial_019_20260902_clean_v010,P04,rear_left_hip,servo,command_peak_velocity_error_percent,5.6843418860808015e-12,True,,False,raw observation/full12 ledgers vs immutable v010 contract
trial_019_20260902_clean_v010,P04,rear_left_hip,servo,measured_peak_velocity_error_percent,10.888527968401869,True,,False,raw observation/full12 ledgers vs immutable v010 contract
trial_019_20260902_clean_v010,P04,rear_left_hip,servo,trajectory_rmse_percent,4.463016348784499,True,,False,raw observation/full12 ledgers vs immutable v010 contract
trial_019_20260902_clean_v010,P04,front_left_ankle,wheel,duration_error_percent,5.6991448597427944e-12,True,,False,raw observation/full12 ledgers vs immutable v010 contract
trial_019_20260902_clean_v010,P04,front_left_ankle,wheel,command_average_velocity_error_percent,2.422304781000341e-13,True,,False,raw observation/full12 ledgers vs immutable v010 contract
trial_019_20260902_clean_v010,P04,front_left_ankle,wheel,measured_average_velocity_error_percent,0.028944983377740187,True,,False,raw observation/full12 ledgers vs immutable v010 contract
trial_019_20260902_clean_v010,P04,front_left_ankle,wheel,command_peak_velocity_error_percent,0.0,True,,False,raw observation/full12 ledgers vs immutable v010 contract
trial_019_20260902_clean_v010,P04,front_left_ankle,wheel,measured_peak_velocity_error_percent,6.955844667684803,True,,False,raw observation/full12 ledgers vs immutable v010 contract
trial_019_20260902_clean_v010,P04,front_left_ankle,wheel,command_wheel_integral_error_percent,5.938011025647008e-12,True,,False,raw observation/full12 ledgers vs immutable v010 contract
trial_019_20260902_clean_v010,P04,front_left_ankle,wheel,actual_wheel_integral_error_percent,0.19813803243343817,True,,False,raw observation/full12 ledgers vs immutable v010 contract
trial_019_20260902_clean_v010,P04,front_right_ankle,wheel,duration_error_percent,5.6991448597427944e-12,True,,False,raw observation/full12 ledgers vs immutable v010 contract
trial_019_20260902_clean_v010,P04,front_right_ankle,wheel,command_average_velocity_error_percent,2.422304781000341e-13,True,,False,raw observation/full12 ledgers vs immutable v010 contract
trial_019_20260902_clean_v010,P04,front_right_ankle,wheel,measured_average_velocity_error_percent,0.2312568654999354,True,,False,raw observation/full12 ledgers vs immutable v010 contract
trial_019_20260902_clean_v010,P04,front_right_ankle,wheel,command_peak_velocity_error_percent,0.0,True,,False,raw observation/full12 ledgers vs immutable v010 contract
trial_019_20260902_clean_v010,P04,front_right_ankle,wheel,measured_peak_velocity_error_percent,22.1134370106261,True,,False,raw observation/full12 ledgers vs immutable v010 contract
trial_019_20260902_clean_v010,P04,front_right_ankle,wheel,command_wheel_integral_error_percent,5.938011025647008e-12,True,,False,raw observation/full12 ledgers vs immutable v010 contract
trial_019_20260902_clean_v010,P04,front_right_ankle,wheel,actual_wheel_integral_error_percent,0.2579181278383268,True,,False,raw observation/full12 ledgers vs immutable v010 contract
trial_019_20260902_clean_v010,P04,rear_left_ankle,wheel,duration_error_percent,5.6991448597427944e-12,True,,False,raw observation/full12 ledgers vs immutable v010 contract
trial_019_20260902_clean_v010,P04,rear_left_ankle,wheel,command_average_velocity_error_percent,2.422304781000341e-13,True,,False,raw observation/full12 ledgers vs immutable v010 contract
trial_019_20260902_clean_v010,P04,rear_left_ankle,wheel,measured_average_velocity_error_percent,0.06700960624525777,True,,False,raw observation/full12 ledgers vs immutable v010 contract
trial_019_20260902_clean_v010,P04,rear_left_ankle,wheel,command_peak_velocity_error_percent,0.0,True,,False,raw observation/full12 ledgers vs immutable v010 contract
trial_019_20260902_clean_v010,P04,rear_left_ankle,wheel,measured_peak_velocity_error_percent,0.010944949363137686,True,,False,raw observation/full12 ledgers vs immutable v010 contract
trial_019_20260902_clean_v010,P04,rear_left_ankle,wheel,command_wheel_integral_error_percent,5.938011025647008e-12,True,,False,raw observation/full12 ledgers vs immutable v010 contract
trial_019_20260902_clean_v010,P04,rear_left_ankle,wheel,actual_wheel_integral_error_percent,0.07249538422833922,True,,False,raw observation/full12 ledgers vs immutable v010 contract
trial_019_20260902_clean_v010,P04,rear_right_ankle,wheel,duration_error_percent,5.6991448597427944e-12,True,,False,raw observation/full12 ledgers vs immutable v010 contract
trial_019_20260902_clean_v010,P04,rear_right_ankle,wheel,command_average_velocity_error_percent,2.422304781000341e-13,True,,False,raw observation/full12 ledgers vs immutable v010 contract
trial_019_20260902_clean_v010,P04,rear_right_ankle,wheel,measured_average_velocity_error_percent,0.2541871415333448,True,,False,raw observation/full12 ledgers vs immutable v010 contract
trial_019_20260902_clean_v010,P04,rear_right_ankle,wheel,command_peak_velocity_error_percent,0.0,True,,False,raw observation/full12 ledgers vs immutable v010 contract
trial_019_20260902_clean_v010,P04,rear_right_ankle,wheel,measured_peak_velocity_error_percent,7.911536140851661,True,,False,raw observation/full12 ledgers vs immutable v010 contract
trial_019_20260902_clean_v010,P04,rear_right_ankle,wheel,command_wheel_integral_error_percent,5.938011025647008e-12,True,,False,raw observation/full12 ledgers vs immutable v010 contract
trial_019_20260902_clean_v010,P04,rear_right_ankle,wheel,actual_wheel_integral_error_percent,0.36623944678048526,True,,False,raw observation/full12 ledgers vs immutable v010 contract
trial_019_20260902_clean_v010,P05,front_left_hip,servo,command_endpoint_error_percent,0.0,True,,False,raw observation/full12 ledgers vs immutable v010 contract
trial_019_20260902_clean_v010,P05,front_left_hip,servo,actual_endpoint_error_percent,1.6191292954185685,True,,False,raw observation/full12 ledgers vs immutable v010 contract
trial_019_20260902_clean_v010,P05,front_left_hip,servo,command_delta_error_percent,0.0,True,,False,raw observation/full12 ledgers vs immutable v010 contract
trial_019_20260902_clean_v010,P05,front_left_hip,servo,actual_delta_error_percent,2.8826866752891647,True,,False,raw observation/full12 ledgers vs immutable v010 contract
trial_019_20260902_clean_v010,P05,front_left_hip,servo,duration_error_percent,5.657574865213446e-12,True,,False,raw observation/full12 ledgers vs immutable v010 contract
trial_019_20260902_clean_v010,P05,front_left_hip,servo,command_average_velocity_error_percent,5.638002142443955e-12,True,,False,raw observation/full12 ledgers vs immutable v010 contract
trial_019_20260902_clean_v010,P05,front_left_hip,servo,measured_average_velocity_error_percent,0.46116903781060653,True,,False,raw observation/full12 ledgers vs immutable v010 contract
trial_019_20260902_clean_v010,P05,front_left_hip,servo,command_peak_velocity_error_percent,5.760133111228545e-12,True,,False,raw observation/full12 ledgers vs immutable v010 contract
trial_019_20260902_clean_v010,P05,front_left_hip,servo,measured_peak_velocity_error_percent,0.3718832437868297,True,,False,raw observation/full12 ledgers vs immutable v010 contract
trial_019_20260902_clean_v010,P05,front_left_hip,servo,trajectory_rmse_percent,1.2170097161047138,True,,False,raw observation/full12 ledgers vs immutable v010 contract
trial_019_20260902_clean_v010,P05,front_left_knee,servo,command_endpoint_error_percent,0.0,True,,False,raw observation/full12 ledgers vs immutable v010 contract
trial_019_20260902_clean_v010,P05,front_left_knee,servo,actual_endpoint_error_percent,0.14822409208029053,True,,False,raw observation/full12 ledgers vs immutable v010 contract
trial_019_20260902_clean_v010,P05,front_left_knee,servo,command_delta_error_percent,0.0,True,,False,raw observation/full12 ledgers vs immutable v010 contract
trial_019_20260902_clean_v010,P05,front_left_knee,servo,actual_delta_error_percent,0.5611449757716109,True,,False,raw observation/full12 ledgers vs immutable v010 contract
trial_019_20260902_clean_v010,P05,front_left_knee,servo,duration_error_percent,5.657574865213446e-12,True,,False,raw observation/full12 ledgers vs immutable v010 contract
trial_019_20260902_clean_v010,P05,front_left_knee,servo,command_average_velocity_error_percent,5.662316976481448e-12,True,,False,raw observation/full12 ledgers vs immutable v010 contract
trial_019_20260902_clean_v010,P05,front_left_knee,servo,measured_average_velocity_error_percent,0.29612002515111924,True,,False,raw observation/full12 ledgers vs immutable v010 contract
trial_019_20260902_clean_v010,P05,front_left_knee,servo,command_peak_velocity_error_percent,5.6843418860808015e-12,True,,False,raw observation/full12 ledgers vs immutable v010 contract
trial_019_20260902_clean_v010,P05,front_left_knee,servo,measured_peak_velocity_error_percent,0.01806369866010365,True,,False,raw observation/full12 ledgers vs immutable v010 contract
trial_019_20260902_clean_v010,P05,front_left_knee,servo,trajectory_rmse_percent,2.3818519421968642,True,,False,raw observation/full12 ledgers vs immutable v010 contract
trial_019_20260902_clean_v010,P05,front_left_ankle,wheel,duration_error_percent,5.657574865213446e-12,True,,False,raw observation/full12 ledgers vs immutable v010 contract
trial_019_20260902_clean_v010,P05,front_left_ankle,wheel,command_average_velocity_error_percent,1.3837169892279397e-12,True,,False,raw observation/full12 ledgers vs immutable v010 contract
trial_019_20260902_clean_v010,P05,front_left_ankle,wheel,measured_average_velocity_error_percent,0.01761993817549124,True,,False,raw observation/full12 ledgers vs immutable v010 contract
trial_019_20260902_clean_v010,P05,front_left_ankle,wheel,command_peak_velocity_error_percent,0.0,True,,False,raw observation/full12 ledgers vs immutable v010 contract
trial_019_20260902_clean_v010,P05,front_left_ankle,wheel,measured_peak_velocity_error_percent,1.0397704303602713,True,,False,raw observation/full12 ledgers vs immutable v010 contract
trial_019_20260902_clean_v010,P05,front_left_ankle,wheel,command_wheel_integral_error_percent,7.0223862858408205e-12,True,,False,raw observation/full12 ledgers vs immutable v010 contract
trial_019_20260902_clean_v010,P05,front_left_ankle,wheel,actual_wheel_integral_error_percent,0.004670898779899508,True,,False,raw observation/full12 ledgers vs immutable v010 contract
trial_019_20260902_clean_v010,P05,front_right_ankle,wheel,duration_error_percent,5.657574865213446e-12,True,,False,raw observation/full12 ledgers vs immutable v010 contract
trial_019_20260902_clean_v010,P05,front_right_ankle,wheel,command_average_velocity_error_percent,1.3837169892279397e-12,True,,False,raw observation/full12 ledgers vs immutable v010 contract
trial_019_20260902_clean_v010,P05,front_right_ankle,wheel,measured_average_velocity_error_percent,0.759543789884981,True,,False,raw observation/full12 ledgers vs immutable v010 contract
trial_019_20260902_clean_v010,P05,front_right_ankle,wheel,command_peak_velocity_error_percent,0.0,True,,False,raw observation/full12 ledgers vs immutable v010 contract
trial_019_20260902_clean_v010,P05,front_right_ankle,wheel,measured_peak_velocity_error_percent,8.943189910149579,True,,False,raw observation/full12 ledgers vs immutable v010 contract
trial_019_20260902_clean_v010,P05,front_right_ankle,wheel,command_wheel_integral_error_percent,7.0223862858408205e-12,True,,False,raw observation/full12 ledgers vs immutable v010 contract
trial_019_20260902_clean_v010,P05,front_right_ankle,wheel,actual_wheel_integral_error_percent,2.169628375370852,True,,False,raw observation/full12 ledgers vs immutable v010 contract
trial_019_20260902_clean_v010,P05,rear_left_ankle,wheel,duration_error_percent,5.657574865213446e-12,True,,False,raw observation/full12 ledgers vs immutable v010 contract
trial_019_20260902_clean_v010,P05,rear_left_ankle,wheel,command_average_velocity_error_percent,1.3837169892279397e-12,True,,False,raw observation/full12 ledgers vs immutable v010 contract
trial_019_20260902_clean_v010,P05,rear_left_ankle,wheel,measured_average_velocity_error_percent,0.7745949067256829,True,,False,raw observation/full12 ledgers vs immutable v010 contract
trial_019_20260902_clean_v010,P05,rear_left_ankle,wheel,command_peak_velocity_error_percent,0.0,True,,False,raw observation/full12 ledgers vs immutable v010 contract
trial_019_20260902_clean_v010,P05,rear_left_ankle,wheel,measured_peak_velocity_error_percent,6.0995221241824735,True,,False,raw observation/full12 ledgers vs immutable v010 contract
trial_019_20260902_clean_v010,P05,rear_left_ankle,wheel,command_wheel_integral_error_percent,7.0223862858408205e-12,True,,False,raw observation/full12 ledgers vs immutable v010 contract
trial_019_20260902_clean_v010,P05,rear_left_ankle,wheel,actual_wheel_integral_error_percent,2.3856057882243666,True,,False,raw observation/full12 ledgers vs immutable v010 contract
trial_019_20260902_clean_v010,P05,rear_right_ankle,wheel,duration_error_percent,5.657574865213446e-12,True,,False,raw observation/full12 ledgers vs immutable v010 contract
trial_019_20260902_clean_v010,P05,rear_right_ankle,wheel,command_average_velocity_error_percent,1.3837169892279397e-12,True,,False,raw observation/full12 ledgers vs immutable v010 contract
trial_019_20260902_clean_v010,P05,rear_right_ankle,wheel,measured_average_velocity_error_percent,0.2602436750130663,True,,False,raw observation/full12 ledgers vs immutable v010 contract
trial_019_20260902_clean_v010,P05,rear_right_ankle,wheel,command_peak_velocity_error_percent,0.0,True,,False,raw observation/full12 ledgers vs immutable v010 contract
trial_019_20260902_clean_v010,P05,rear_right_ankle,wheel,measured_peak_velocity_error_percent,0.21451435937664246,True,,False,raw observation/full12 ledgers vs immutable v010 contract
trial_019_20260902_clean_v010,P05,rear_right_ankle,wheel,command_wheel_integral_error_percent,7.0223862858408205e-12,True,,False,raw observation/full12 ledgers vs immutable v010 contract
trial_019_20260902_clean_v010,P05,rear_right_ankle,wheel,actual_wheel_integral_error_percent,0.2148916748574892,True,,False,raw observation/full12 ledgers vs immutable v010 contract
trial_019_20260902_clean_v010,P06,front_left_ankle,wheel,duration_error_percent,5.690835096460134e-12,True,,False,raw observation/full12 ledgers vs immutable v010 contract
trial_019_20260902_clean_v010,P06,front_left_ankle,wheel,command_average_velocity_error_percent,4.773959005888173e-12,True,,False,raw observation/full12 ledgers vs immutable v010 contract
trial_019_20260902_clean_v010,P06,front_left_ankle,wheel,measured_average_velocity_error_percent,0.8129841478986377,True,,False,raw observation/full12 ledgers vs immutable v010 contract
trial_019_20260902_clean_v010,P06,front_left_ankle,wheel,command_peak_velocity_error_percent,0.0,True,,False,raw observation/full12 ledgers vs immutable v010 contract
trial_019_20260902_clean_v010,P06,front_left_ankle,wheel,measured_peak_velocity_error_percent,6.582590813291411,True,,False,raw observation/full12 ledgers vs immutable v010 contract
trial_019_20260902_clean_v010,P06,front_left_ankle,wheel,command_wheel_integral_error_percent,9.160064641816435e-13,True,,False,raw observation/full12 ledgers vs immutable v010 contract
trial_019_20260902_clean_v010,P06,front_left_ankle,wheel,actual_wheel_integral_error_percent,0.8217307310342378,True,,False,raw observation/full12 ledgers vs immutable v010 contract
trial_019_20260902_clean_v010,P06,front_right_ankle,wheel,duration_error_percent,5.690835096460134e-12,True,,False,raw observation/full12 ledgers vs immutable v010 contract
trial_019_20260902_clean_v010,P06,front_right_ankle,wheel,command_average_velocity_error_percent,4.773959005888173e-12,True,,False,raw observation/full12 ledgers vs immutable v010 contract
trial_019_20260902_clean_v010,P06,front_right_ankle,wheel,measured_average_velocity_error_percent,2.3824811711242466,True,,False,raw observation/full12 ledgers vs immutable v010 contract
trial_019_20260902_clean_v010,P06,front_right_ankle,wheel,command_peak_velocity_error_percent,0.0,True,,False,raw observation/full12 ledgers vs immutable v010 contract
trial_019_20260902_clean_v010,P06,front_right_ankle,wheel,measured_peak_velocity_error_percent,2.688487783992743,True,,False,raw observation/full12 ledgers vs immutable v010 contract
trial_019_20260902_clean_v010,P06,front_right_ankle,wheel,command_wheel_integral_error_percent,9.160064641816435e-13,True,,False,raw observation/full12 ledgers vs immutable v010 contract
trial_019_20260902_clean_v010,P06,front_right_ankle,wheel,actual_wheel_integral_error_percent,2.3854332891960746,True,,False,raw observation/full12 ledgers vs immutable v010 contract
trial_019_20260902_clean_v010,P06,rear_left_ankle,wheel,duration_error_percent,5.690835096460134e-12,True,,False,raw observation/full12 ledgers vs immutable v010 contract
trial_019_20260902_clean_v010,P06,rear_left_ankle,wheel,command_average_velocity_error_percent,4.773959005888173e-12,True,,False,raw observation/full12 ledgers vs immutable v010 contract
trial_019_20260902_clean_v010,P06,rear_left_ankle,wheel,measured_average_velocity_error_percent,1.2877530929239334,True,,False,raw observation/full12 ledgers vs immutable v010 contract
trial_019_20260902_clean_v010,P06,rear_left_ankle,wheel,command_peak_velocity_error_percent,0.0,True,,False,raw observation/full12 ledgers vs immutable v010 contract
trial_019_20260902_clean_v010,P06,rear_left_ankle,wheel,measured_peak_velocity_error_percent,4.10082766728304,True,,False,raw observation/full12 ledgers vs immutable v010 contract
trial_019_20260902_clean_v010,P06,rear_left_ankle,wheel,command_wheel_integral_error_percent,9.160064641816435e-13,True,,False,raw observation/full12 ledgers vs immutable v010 contract
trial_019_20260902_clean_v010,P06,rear_left_ankle,wheel,actual_wheel_integral_error_percent,1.2871132309518594,True,,False,raw observation/full12 ledgers vs immutable v010 contract
trial_019_20260902_clean_v010,P06,rear_right_ankle,wheel,duration_error_percent,5.690835096460134e-12,True,,False,raw observation/full12 ledgers vs immutable v010 contract
trial_019_20260902_clean_v010,P06,rear_right_ankle,wheel,command_average_velocity_error_percent,4.773959005888173e-12,True,,False,raw observation/full12 ledgers vs immutable v010 contract
trial_019_20260902_clean_v010,P06,rear_right_ankle,wheel,measured_average_velocity_error_percent,0.49904442571544766,True,,False,raw observation/full12 ledgers vs immutable v010 contract
trial_019_20260902_clean_v010,P06,rear_right_ankle,wheel,command_peak_velocity_error_percent,0.0,True,,False,raw observation/full12 ledgers vs immutable v010 contract
trial_019_20260902_clean_v010,P06,rear_right_ankle,wheel,measured_peak_velocity_error_percent,8.873699961934637,True,,False,raw observation/full12 ledgers vs immutable v010 contract
trial_019_20260902_clean_v010,P06,rear_right_ankle,wheel,command_wheel_integral_error_percent,9.160064641816435e-13,True,,False,raw observation/full12 ledgers vs immutable v010 contract
trial_019_20260902_clean_v010,P06,rear_right_ankle,wheel,actual_wheel_integral_error_percent,0.5010679600492728,True,,False,raw observation/full12 ledgers vs immutable v010 contract
trial_019_20260902_clean_v010,P07,front_left_hip,servo,command_endpoint_error_percent,0.0,True,,False,raw observation/full12 ledgers vs immutable v010 contract
trial_019_20260902_clean_v010,P07,front_left_hip,servo,actual_endpoint_error_percent,1.4864523399080787,True,,False,raw observation/full12 ledgers vs immutable v010 contract
trial_019_20260902_clean_v010,P07,front_left_hip,servo,command_delta_error_percent,0.0,True,,False,raw observation/full12 ledgers vs immutable v010 contract
trial_019_20260902_clean_v010,P07,front_left_hip,servo,actual_delta_error_percent,1.6318856558271657,True,,False,raw observation/full12 ledgers vs immutable v010 contract
trial_019_20260902_clean_v010,P07,front_left_hip,servo,duration_error_percent,5.5422333389290965e-12,True,,False,raw observation/full12 ledgers vs immutable v010 contract
trial_019_20260902_clean_v010,P07,front_left_hip,servo,command_average_velocity_error_percent,5.569118739741008e-12,True,,False,raw observation/full12 ledgers vs immutable v010 contract
trial_019_20260902_clean_v010,P07,front_left_hip,servo,measured_average_velocity_error_percent,0.5825655805580202,True,,False,raw observation/full12 ledgers vs immutable v010 contract
trial_019_20260902_clean_v010,P07,front_left_hip,servo,command_peak_velocity_error_percent,5.6843418860808015e-12,True,,False,raw observation/full12 ledgers vs immutable v010 contract
trial_019_20260902_clean_v010,P07,front_left_hip,servo,measured_peak_velocity_error_percent,0.12065027854265335,True,,False,raw observation/full12 ledgers vs immutable v010 contract
trial_019_20260902_clean_v010,P07,front_left_hip,servo,trajectory_rmse_percent,0.555629243215511,True,,False,raw observation/full12 ledgers vs immutable v010 contract
trial_019_20260902_clean_v010,P07,front_right_knee,servo,command_endpoint_error_percent,0.0,True,,False,raw observation/full12 ledgers vs immutable v010 contract
trial_019_20260902_clean_v010,P07,front_right_knee,servo,actual_endpoint_error_percent,0.1739621491646256,True,,False,raw observation/full12 ledgers vs immutable v010 contract
trial_019_20260902_clean_v010,P07,front_right_knee,servo,command_delta_error_percent,0.0,True,,False,raw observation/full12 ledgers vs immutable v010 contract
trial_019_20260902_clean_v010,P07,front_right_knee,servo,actual_delta_error_percent,7.961923825527771,True,,False,raw observation/full12 ledgers vs immutable v010 contract
trial_019_20260902_clean_v010,P07,front_right_knee,servo,duration_error_percent,5.5422333389290965e-12,True,,False,raw observation/full12 ledgers vs immutable v010 contract
trial_019_20260902_clean_v010,P07,front_right_knee,servo,command_average_velocity_error_percent,5.541113113894611e-12,True,,False,raw observation/full12 ledgers vs immutable v010 contract
trial_019_20260902_clean_v010,P07,front_right_knee,servo,measured_average_velocity_error_percent,2.4853567756639814,True,,False,raw observation/full12 ledgers vs immutable v010 contract
trial_019_20260902_clean_v010,P07,front_right_knee,servo,command_peak_velocity_error_percent,5.6843418860808015e-12,True,,False,raw observation/full12 ledgers vs immutable v010 contract
trial_019_20260902_clean_v010,P07,front_right_knee,servo,measured_peak_velocity_error_percent,7.255058959810693,True,,False,raw observation/full12 ledgers vs immutable v010 contract
trial_019_20260902_clean_v010,P07,front_right_knee,servo,trajectory_rmse_percent,6.407166606736771,True,,False,raw observation/full12 ledgers vs immutable v010 contract
trial_019_20260902_clean_v010,P07,front_right_ankle,wheel,duration_error_percent,5.5422333389290965e-12,True,,False,raw observation/full12 ledgers vs immutable v010 contract
trial_019_20260902_clean_v010,P07,front_right_ankle,wheel,command_average_velocity_error_percent,3.3776626410553707e-13,True,,False,raw observation/full12 ledgers vs immutable v010 contract
trial_019_20260902_clean_v010,P07,front_right_ankle,wheel,measured_average_velocity_error_percent,0.2800995895568256,True,,False,raw observation/full12 ledgers vs immutable v010 contract
trial_019_20260902_clean_v010,P07,front_right_ankle,wheel,command_peak_velocity_error_percent,0.0,True,,False,raw observation/full12 ledgers vs immutable v010 contract
trial_019_20260902_clean_v010,P07,front_right_ankle,wheel,measured_peak_velocity_error_percent,8.59273501105341,True,,False,raw observation/full12 ledgers vs immutable v010 contract
trial_019_20260902_clean_v010,P07,front_right_ankle,wheel,command_wheel_integral_error_percent,5.868321701590447e-12,True,,False,raw observation/full12 ledgers vs immutable v010 contract
trial_019_20260902_clean_v010,P07,front_right_ankle,wheel,actual_wheel_integral_error_percent,0.21134595992891356,True,,False,raw observation/full12 ledgers vs immutable v010 contract
trial_019_20260902_clean_v010,P08,rear_left_hip,servo,command_endpoint_error_percent,1.4620220900413587e-14,True,,False,raw observation/full12 ledgers vs immutable v010 contract
trial_019_20260902_clean_v010,P08,rear_left_hip,servo,actual_endpoint_error_percent,1.6806762602129213,True,,False,raw observation/full12 ledgers vs immutable v010 contract
trial_019_20260902_clean_v010,P08,rear_left_hip,servo,command_delta_error_percent,0.0,True,,False,raw observation/full12 ledgers vs immutable v010 contract
trial_019_20260902_clean_v010,P08,rear_left_hip,servo,actual_delta_error_percent,2.497038458788433,True,,False,raw observation/full12 ledgers vs immutable v010 contract
trial_019_20260902_clean_v010,P08,rear_left_hip,servo,duration_error_percent,5.329070518201054e-12,True,,False,raw observation/full12 ledgers vs immutable v010 contract
trial_019_20260902_clean_v010,P08,rear_left_hip,servo,command_average_velocity_error_percent,5.345152761190903e-12,True,,False,raw observation/full12 ledgers vs immutable v010 contract
trial_019_20260902_clean_v010,P08,rear_left_hip,servo,measured_average_velocity_error_percent,1.6352953628462266,True,,False,raw observation/full12 ledgers vs immutable v010 contract
trial_019_20260902_clean_v010,P08,rear_left_hip,servo,command_peak_velocity_error_percent,5.6843418860808015e-12,True,,False,raw observation/full12 ledgers vs immutable v010 contract
trial_019_20260902_clean_v010,P08,rear_left_hip,servo,measured_peak_velocity_error_percent,3.554677360027985,True,,False,raw observation/full12 ledgers vs immutable v010 contract
trial_019_20260902_clean_v010,P08,rear_left_hip,servo,trajectory_rmse_percent,0.5707047736659704,True,,False,raw observation/full12 ledgers vs immutable v010 contract
trial_019_20260902_clean_v010,P09,front_left_hip,servo,command_endpoint_error_percent,0.0,True,,False,raw observation/full12 ledgers vs immutable v010 contract
trial_019_20260902_clean_v010,P09,front_left_hip,servo,actual_endpoint_error_percent,0.22649672843116306,True,,False,raw observation/full12 ledgers vs immutable v010 contract
trial_019_20260902_clean_v010,P09,front_left_hip,servo,command_delta_error_percent,0.0,True,,False,raw observation/full12 ledgers vs immutable v010 contract
trial_019_20260902_clean_v010,P09,front_left_hip,servo,actual_delta_error_percent,0.22672400267674633,True,,False,raw observation/full12 ledgers vs immutable v010 contract
trial_019_20260902_clean_v010,P09,front_left_hip,servo,duration_error_percent,3.1777050127038847e-11,True,,False,raw observation/full12 ledgers vs immutable v010 contract
trial_019_20260902_clean_v010,P09,front_left_hip,servo,command_average_velocity_error_percent,3.178403249875698e-11,True,,False,raw observation/full12 ledgers vs immutable v010 contract
trial_019_20260902_clean_v010,P09,front_left_hip,servo,measured_average_velocity_error_percent,7.3240448499632755,True,,False,raw observation/full12 ledgers vs immutable v010 contract
trial_019_20260902_clean_v010,P09,front_left_hip,servo,command_peak_velocity_error_percent,9.094947017729282e-11,True,,False,raw observation/full12 ledgers vs immutable v010 contract
trial_019_20260902_clean_v010,P09,front_left_hip,servo,measured_peak_velocity_error_percent,2.181878719245566,True,,False,raw observation/full12 ledgers vs immutable v010 contract
trial_019_20260902_clean_v010,P09,front_left_hip,servo,trajectory_rmse_percent,0.7021122898469997,True,,False,raw observation/full12 ledgers vs immutable v010 contract
trial_019_20260902_clean_v010,P09,front_left_knee,servo,command_endpoint_error_percent,0.0,True,,False,raw observation/full12 ledgers vs immutable v010 contract
trial_019_20260902_clean_v010,P09,front_left_knee,servo,actual_endpoint_error_percent,1.4970826023283084,True,,False,raw observation/full12 ledgers vs immutable v010 contract
trial_019_20260902_clean_v010,P09,front_left_knee,servo,command_delta_error_percent,0.0,True,,False,raw observation/full12 ledgers vs immutable v010 contract
trial_019_20260902_clean_v010,P09,front_left_knee,servo,actual_delta_error_percent,2.7965640374186287,True,,False,raw observation/full12 ledgers vs immutable v010 contract
trial_019_20260902_clean_v010,P09,front_left_knee,servo,duration_error_percent,3.1777050127038847e-11,True,,False,raw observation/full12 ledgers vs immutable v010 contract
trial_019_20260902_clean_v010,P09,front_left_knee,servo,command_average_velocity_error_percent,2.383426789265286e-11,True,,False,raw observation/full12 ledgers vs immutable v010 contract
trial_019_20260902_clean_v010,P09,front_left_knee,servo,measured_average_velocity_error_percent,0.0016069458828097008,True,,False,raw observation/full12 ledgers vs immutable v010 contract
trial_019_20260902_clean_v010,P09,front_left_knee,servo,command_peak_velocity_error_percent,9.094947017729282e-11,True,,False,raw observation/full12 ledgers vs immutable v010 contract
trial_019_20260902_clean_v010,P09,front_left_knee,servo,measured_peak_velocity_error_percent,0.2944154430049581,True,,False,raw observation/full12 ledgers vs immutable v010 contract
trial_019_20260902_clean_v010,P09,front_left_knee,servo,trajectory_rmse_percent,3.421814456345642,True,,False,raw observation/full12 ledgers vs immutable v010 contract
trial_019_20260902_clean_v010,P09,rear_left_hip,servo,command_endpoint_error_percent,0.0,True,,False,raw observation/full12 ledgers vs immutable v010 contract
trial_019_20260902_clean_v010,P09,rear_left_hip,servo,actual_endpoint_error_percent,1.893248464193581,True,,False,raw observation/full12 ledgers vs immutable v010 contract
trial_019_20260902_clean_v010,P09,rear_left_hip,servo,command_delta_error_percent,2.24855296126614e-14,True,,False,raw observation/full12 ledgers vs immutable v010 contract
trial_019_20260902_clean_v010,P09,rear_left_hip,servo,actual_delta_error_percent,1.5152104623469882,True,,False,raw observation/full12 ledgers vs immutable v010 contract
trial_019_20260902_clean_v010,P09,rear_left_hip,servo,duration_error_percent,3.1777050127038847e-11,True,,False,raw observation/full12 ledgers vs immutable v010 contract
trial_019_20260902_clean_v010,P09,rear_left_hip,servo,command_average_velocity_error_percent,2.092992446023345e-11,True,,False,raw observation/full12 ledgers vs immutable v010 contract
trial_019_20260902_clean_v010,P09,rear_left_hip,servo,measured_average_velocity_error_percent,1.4107968930174852,True,,False,raw observation/full12 ledgers vs immutable v010 contract
trial_019_20260902_clean_v010,P09,rear_left_hip,servo,command_peak_velocity_error_percent,9.094947017729282e-11,True,,False,raw observation/full12 ledgers vs immutable v010 contract
trial_019_20260902_clean_v010,P09,rear_left_hip,servo,measured_peak_velocity_error_percent,2.3501196252534777,True,,False,raw observation/full12 ledgers vs immutable v010 contract
trial_019_20260902_clean_v010,P09,rear_left_hip,servo,trajectory_rmse_percent,0.349874690364901,True,,False,raw observation/full12 ledgers vs immutable v010 contract
trial_019_20260902_clean_v010,P09,rear_left_knee,servo,command_endpoint_error_percent,0.0,True,,False,raw observation/full12 ledgers vs immutable v010 contract
trial_019_20260902_clean_v010,P09,rear_left_knee,servo,actual_endpoint_error_percent,3.0196125491983836,True,,False,raw observation/full12 ledgers vs immutable v010 contract
trial_019_20260902_clean_v010,P09,rear_left_knee,servo,command_delta_error_percent,0.0,True,,False,raw observation/full12 ledgers vs immutable v010 contract
trial_019_20260902_clean_v010,P09,rear_left_knee,servo,actual_delta_error_percent,3.6355805289270973,True,,False,raw observation/full12 ledgers vs immutable v010 contract
trial_019_20260902_clean_v010,P09,rear_left_knee,servo,duration_error_percent,3.1777050127038847e-11,True,,False,raw observation/full12 ledgers vs immutable v010 contract
trial_019_20260902_clean_v010,P09,rear_left_knee,servo,command_average_velocity_error_percent,2.5686119897727622e-11,True,,False,raw observation/full12 ledgers vs immutable v010 contract
trial_019_20260902_clean_v010,P09,rear_left_knee,servo,measured_average_velocity_error_percent,1.6185313692488736,True,,False,raw observation/full12 ledgers vs immutable v010 contract
trial_019_20260902_clean_v010,P09,rear_left_knee,servo,command_peak_velocity_error_percent,9.094947017729282e-11,True,,False,raw observation/full12 ledgers vs immutable v010 contract
trial_019_20260902_clean_v010,P09,rear_left_knee,servo,measured_peak_velocity_error_percent,8.757531016216316,True,,False,raw observation/full12 ledgers vs immutable v010 contract
trial_019_20260902_clean_v010,P09,rear_left_knee,servo,trajectory_rmse_percent,0.6516545060338937,True,,False,raw observation/full12 ledgers vs immutable v010 contract
trial_019_20260902_clean_v010,P09,rear_right_hip,servo,command_endpoint_error_percent,0.0,True,,False,raw observation/full12 ledgers vs immutable v010 contract
trial_019_20260902_clean_v010,P09,rear_right_hip,servo,actual_endpoint_error_percent,2.7891300199307008,True,,False,raw observation/full12 ledgers vs immutable v010 contract
trial_019_20260902_clean_v010,P09,rear_right_hip,servo,command_delta_error_percent,0.0,True,,False,raw observation/full12 ledgers vs immutable v010 contract
trial_019_20260902_clean_v010,P09,rear_right_hip,servo,actual_delta_error_percent,1.8895128276075812,True,,False,raw observation/full12 ledgers vs immutable v010 contract
trial_019_20260902_clean_v010,P09,rear_right_hip,servo,duration_error_percent,3.1777050127038847e-11,True,,False,raw observation/full12 ledgers vs immutable v010 contract
trial_019_20260902_clean_v010,P09,rear_right_hip,servo,command_average_velocity_error_percent,3.179573454653826e-11,True,,False,raw observation/full12 ledgers vs immutable v010 contract
trial_019_20260902_clean_v010,P09,rear_right_hip,servo,measured_average_velocity_error_percent,0.6668414734748094,True,,False,raw observation/full12 ledgers vs immutable v010 contract
trial_019_20260902_clean_v010,P09,rear_right_hip,servo,command_peak_velocity_error_percent,9.094947017729282e-11,True,,False,raw observation/full12 ledgers vs immutable v010 contract
trial_019_20260902_clean_v010,P09,rear_right_hip,servo,measured_peak_velocity_error_percent,1.5721695580316075,True,,False,raw observation/full12 ledgers vs immutable v010 contract
trial_019_20260902_clean_v010,P09,rear_right_hip,servo,trajectory_rmse_percent,1.3051891424193305,True,,False,raw observation/full12 ledgers vs immutable v010 contract
trial_019_20260902_clean_v010,P09,rear_right_knee,servo,command_endpoint_error_percent,0.0,True,,False,raw observation/full12 ledgers vs immutable v010 contract
trial_019_20260902_clean_v010,P09,rear_right_knee,servo,actual_endpoint_error_percent,5.736446403993042,True,,False,raw observation/full12 ledgers vs immutable v010 contract
trial_019_20260902_clean_v010,P09,rear_right_knee,servo,command_delta_error_percent,0.0,True,,False,raw observation/full12 ledgers vs immutable v010 contract
trial_019_20260902_clean_v010,P09,rear_right_knee,servo,actual_delta_error_percent,5.86859095643685,True,,False,raw observation/full12 ledgers vs immutable v010 contract
trial_019_20260902_clean_v010,P09,rear_right_knee,servo,duration_error_percent,3.1777050127038847e-11,True,,False,raw observation/full12 ledgers vs immutable v010 contract
trial_019_20260902_clean_v010,P09,rear_right_knee,servo,command_average_velocity_error_percent,3.177141089899741e-11,True,,False,raw observation/full12 ledgers vs immutable v010 contract
trial_019_20260902_clean_v010,P09,rear_right_knee,servo,measured_average_velocity_error_percent,0.15916488661258732,True,,False,raw observation/full12 ledgers vs immutable v010 contract
trial_019_20260902_clean_v010,P09,rear_right_knee,servo,command_peak_velocity_error_percent,5.6843418860808015e-12,True,,False,raw observation/full12 ledgers vs immutable v010 contract
trial_019_20260902_clean_v010,P09,rear_right_knee,servo,measured_peak_velocity_error_percent,1.0456181217287466,True,,False,raw observation/full12 ledgers vs immutable v010 contract
trial_019_20260902_clean_v010,P09,rear_right_knee,servo,trajectory_rmse_percent,3.869090273931964,True,,False,raw observation/full12 ledgers vs immutable v010 contract
trial_019_20260902_clean_v010,P09,front_left_ankle,wheel,duration_error_percent,3.1777050127038847e-11,True,,False,raw observation/full12 ledgers vs immutable v010 contract
trial_019_20260902_clean_v010,P09,front_left_ankle,wheel,command_average_velocity_error_percent,0.3733876442933252,True,,False,raw observation/full12 ledgers vs immutable v010 contract
trial_019_20260902_clean_v010,P09,front_left_ankle,wheel,measured_average_velocity_error_percent,1.3046211112238533,True,,False,raw observation/full12 ledgers vs immutable v010 contract
trial_019_20260902_clean_v010,P09,front_left_ankle,wheel,command_peak_velocity_error_percent,0.0,True,,False,raw observation/full12 ledgers vs immutable v010 contract
trial_019_20260902_clean_v010,P09,front_left_ankle,wheel,measured_peak_velocity_error_percent,25.907079559319314,True,,False,raw observation/full12 ledgers vs immutable v010 contract
trial_019_20260902_clean_v010,P09,front_left_ankle,wheel,command_wheel_integral_error_percent,1.2141280354570065,True,,False,raw observation/full12 ledgers vs immutable v010 contract
trial_019_20260902_clean_v010,P09,front_left_ankle,wheel,actual_wheel_integral_error_percent,16.345044859419914,True,,False,raw observation/full12 ledgers vs immutable v010 contract
trial_019_20260902_clean_v010,P09,front_right_ankle,wheel,duration_error_percent,3.1777050127038847e-11,True,,False,raw observation/full12 ledgers vs immutable v010 contract
trial_019_20260902_clean_v010,P09,front_right_ankle,wheel,command_average_velocity_error_percent,3.780309398848657e-12,True,,False,raw observation/full12 ledgers vs immutable v010 contract
trial_019_20260902_clean_v010,P09,front_right_ankle,wheel,measured_average_velocity_error_percent,1.7360311957697492,True,,False,raw observation/full12 ledgers vs immutable v010 contract
trial_019_20260902_clean_v010,P09,front_right_ankle,wheel,command_peak_velocity_error_percent,0.0,True,,False,raw observation/full12 ledgers vs immutable v010 contract
trial_019_20260902_clean_v010,P09,front_right_ankle,wheel,measured_peak_velocity_error_percent,40.94440145211522,False,REFERENCE_DIVERGENCE_WARNING,False,raw observation/full12 ledgers vs immutable v010 contract
trial_019_20260902_clean_v010,P09,front_right_ankle,wheel,command_wheel_integral_error_percent,2.732019403733724e-11,True,,False,raw observation/full12 ledgers vs immutable v010 contract
trial_019_20260902_clean_v010,P09,front_right_ankle,wheel,actual_wheel_integral_error_percent,0.09141686518611737,True,,False,raw observation/full12 ledgers vs immutable v010 contract
trial_019_20260902_clean_v010,P09,rear_left_ankle,wheel,duration_error_percent,3.1777050127038847e-11,True,,False,raw observation/full12 ledgers vs immutable v010 contract
trial_019_20260902_clean_v010,P09,rear_left_ankle,wheel,command_average_velocity_error_percent,3.780309398848657e-12,True,,False,raw observation/full12 ledgers vs immutable v010 contract
trial_019_20260902_clean_v010,P09,rear_left_ankle,wheel,measured_average_velocity_error_percent,0.24976281122922614,True,,False,raw observation/full12 ledgers vs immutable v010 contract
trial_019_20260902_clean_v010,P09,rear_left_ankle,wheel,command_peak_velocity_error_percent,0.0,True,,False,raw observation/full12 ledgers vs immutable v010 contract
trial_019_20260902_clean_v010,P09,rear_left_ankle,wheel,measured_peak_velocity_error_percent,52.75013911083131,False,REFERENCE_DIVERGENCE_WARNING,False,raw observation/full12 ledgers vs immutable v010 contract
trial_019_20260902_clean_v010,P09,rear_left_ankle,wheel,command_wheel_integral_error_percent,2.732019403733724e-11,True,,False,raw observation/full12 ledgers vs immutable v010 contract
trial_019_20260902_clean_v010,P09,rear_left_ankle,wheel,actual_wheel_integral_error_percent,0.8281425372239332,True,,False,raw observation/full12 ledgers vs immutable v010 contract
trial_019_20260902_clean_v010,P09,rear_right_ankle,wheel,duration_error_percent,3.1777050127038847e-11,True,,False,raw observation/full12 ledgers vs immutable v010 contract
trial_019_20260902_clean_v010,P09,rear_right_ankle,wheel,command_average_velocity_error_percent,3.780309398848657e-12,True,,False,raw observation/full12 ledgers vs immutable v010 contract
trial_019_20260902_clean_v010,P09,rear_right_ankle,wheel,measured_average_velocity_error_percent,1.0699540744949043,True,,False,raw observation/full12 ledgers vs immutable v010 contract
trial_019_20260902_clean_v010,P09,rear_right_ankle,wheel,command_peak_velocity_error_percent,0.0,True,,False,raw observation/full12 ledgers vs immutable v010 contract
trial_019_20260902_clean_v010,P09,rear_right_ankle,wheel,measured_peak_velocity_error_percent,6.4840848048672735,True,,False,raw observation/full12 ledgers vs immutable v010 contract
trial_019_20260902_clean_v010,P09,rear_right_ankle,wheel,command_wheel_integral_error_percent,2.732019403733724e-11,True,,False,raw observation/full12 ledgers vs immutable v010 contract
trial_019_20260902_clean_v010,P09,rear_right_ankle,wheel,actual_wheel_integral_error_percent,0.8218344994556538,True,,False,raw observation/full12 ledgers vs immutable v010 contract
trial_019_20260902_clean_v010,P10,rear_right_knee,servo,command_endpoint_error_percent,0.0,True,,False,raw observation/full12 ledgers vs immutable v010 contract
trial_019_20260902_clean_v010,P10,rear_right_knee,servo,actual_endpoint_error_percent,14.875829833553361,True,,False,raw observation/full12 ledgers vs immutable v010 contract
trial_019_20260902_clean_v010,P10,rear_right_knee,servo,command_delta_error_percent,0.0,True,,False,raw observation/full12 ledgers vs immutable v010 contract
trial_019_20260902_clean_v010,P10,rear_right_knee,servo,actual_delta_error_percent,10.535695666238423,True,,False,raw observation/full12 ledgers vs immutable v010 contract
trial_019_20260902_clean_v010,P10,rear_right_knee,servo,duration_error_percent,8.526512829114417e-11,True,,False,raw observation/full12 ledgers vs immutable v010 contract
trial_019_20260902_clean_v010,P10,rear_right_knee,servo,command_average_velocity_error_percent,8.526512829127989e-11,True,,False,raw observation/full12 ledgers vs immutable v010 contract
trial_019_20260902_clean_v010,P10,rear_right_knee,servo,measured_average_velocity_error_percent,30.87820835858151,False,REFERENCE_DIVERGENCE_WARNING,False,raw observation/full12 ledgers vs immutable v010 contract
trial_019_20260902_clean_v010,P10,rear_right_knee,servo,command_peak_velocity_error_percent,9.094947017729282e-11,True,,False,raw observation/full12 ledgers vs immutable v010 contract
trial_019_20260902_clean_v010,P10,rear_right_knee,servo,measured_peak_velocity_error_percent,7.804973047258915,True,,False,raw observation/full12 ledgers vs immutable v010 contract
trial_019_20260902_clean_v010,P10,rear_right_knee,servo,trajectory_rmse_percent,5.644922406898108,True,,False,raw observation/full12 ledgers vs immutable v010 contract
trial_019_20260902_clean_v010,P11,front_right_hip,servo,command_endpoint_error_percent,0.0,True,,False,raw observation/full12 ledgers vs immutable v010 contract
trial_019_20260902_clean_v010,P11,front_right_hip,servo,actual_endpoint_error_percent,3.5077162190199784,True,,False,raw observation/full12 ledgers vs immutable v010 contract
trial_019_20260902_clean_v010,P11,front_right_hip,servo,command_delta_error_percent,0.0,True,,False,raw observation/full12 ledgers vs immutable v010 contract
trial_019_20260902_clean_v010,P11,front_right_hip,servo,actual_delta_error_percent,3.8937697166882046,True,,False,raw observation/full12 ledgers vs immutable v010 contract
trial_019_20260902_clean_v010,P11,front_right_hip,servo,duration_error_percent,7.917476198463387e-11,True,,False,raw observation/full12 ledgers vs immutable v010 contract
trial_019_20260902_clean_v010,P11,front_right_hip,servo,command_average_velocity_error_percent,7.91643008080659e-11,True,,False,raw observation/full12 ledgers vs immutable v010 contract
trial_019_20260902_clean_v010,P11,front_right_hip,servo,measured_average_velocity_error_percent,0.46007835991694646,True,,False,raw observation/full12 ledgers vs immutable v010 contract
trial_019_20260902_clean_v010,P11,front_right_hip,servo,command_peak_velocity_error_percent,9.094947017729282e-11,True,,False,raw observation/full12 ledgers vs immutable v010 contract
trial_019_20260902_clean_v010,P11,front_right_hip,servo,measured_peak_velocity_error_percent,0.5339812932111465,True,,False,raw observation/full12 ledgers vs immutable v010 contract
trial_019_20260902_clean_v010,P11,front_right_hip,servo,trajectory_rmse_percent,3.59107316282992,True,,False,raw observation/full12 ledgers vs immutable v010 contract
trial_019_20260902_clean_v010,P12,rear_left_hip,servo,command_endpoint_error_percent,0.0,True,,False,raw observation/full12 ledgers vs immutable v010 contract
trial_019_20260902_clean_v010,P12,rear_left_hip,servo,actual_endpoint_error_percent,3.571691842951798,True,,False,raw observation/full12 ledgers vs immutable v010 contract
trial_019_20260902_clean_v010,P12,rear_left_hip,servo,command_delta_error_percent,0.0,True,,False,raw observation/full12 ledgers vs immutable v010 contract
trial_019_20260902_clean_v010,P12,rear_left_hip,servo,actual_delta_error_percent,1.7639081762467241,True,,False,raw observation/full12 ledgers vs immutable v010 contract
trial_019_20260902_clean_v010,P12,rear_left_hip,servo,duration_error_percent,7.97837986152849e-11,True,,False,raw observation/full12 ledgers vs immutable v010 contract
trial_019_20260902_clean_v010,P12,rear_left_hip,servo,command_average_velocity_error_percent,7.97677569908224e-11,True,,False,raw observation/full12 ledgers vs immutable v010 contract
trial_019_20260902_clean_v010,P12,rear_left_hip,servo,measured_average_velocity_error_percent,0.8232359687233126,True,,False,raw observation/full12 ledgers vs immutable v010 contract
trial_019_20260902_clean_v010,P12,rear_left_hip,servo,command_peak_velocity_error_percent,9.123368727159686e-11,True,,False,raw observation/full12 ledgers vs immutable v010 contract
trial_019_20260902_clean_v010,P12,rear_left_hip,servo,measured_peak_velocity_error_percent,0.4769880554562145,True,,False,raw observation/full12 ledgers vs immutable v010 contract
trial_019_20260902_clean_v010,P12,rear_left_hip,servo,trajectory_rmse_percent,2.0242837240843197,True,,False,raw observation/full12 ledgers vs immutable v010 contract
trial_019_20260902_clean_v010,P12,rear_left_knee,servo,command_endpoint_error_percent,9.32470781837402e-15,True,,False,raw observation/full12 ledgers vs immutable v010 contract
trial_019_20260902_clean_v010,P12,rear_left_knee,servo,actual_endpoint_error_percent,0.007847546743233387,True,,False,raw observation/full12 ledgers vs immutable v010 contract
trial_019_20260902_clean_v010,P12,rear_left_knee,servo,command_delta_error_percent,0.0,True,,False,raw observation/full12 ledgers vs immutable v010 contract
trial_019_20260902_clean_v010,P12,rear_left_knee,servo,actual_delta_error_percent,2.929205504385029,True,,False,raw observation/full12 ledgers vs immutable v010 contract
trial_019_20260902_clean_v010,P12,rear_left_knee,servo,duration_error_percent,7.97837986152849e-11,True,,False,raw observation/full12 ledgers vs immutable v010 contract
trial_019_20260902_clean_v010,P12,rear_left_knee,servo,command_average_velocity_error_percent,7.976579180992765e-11,True,,False,raw observation/full12 ledgers vs immutable v010 contract
trial_019_20260902_clean_v010,P12,rear_left_knee,servo,measured_average_velocity_error_percent,4.774950198989676,True,,False,raw observation/full12 ledgers vs immutable v010 contract
trial_019_20260902_clean_v010,P12,rear_left_knee,servo,command_peak_velocity_error_percent,9.094947017729282e-11,True,,False,raw observation/full12 ledgers vs immutable v010 contract
trial_019_20260902_clean_v010,P12,rear_left_knee,servo,measured_peak_velocity_error_percent,0.2989740907196096,True,,False,raw observation/full12 ledgers vs immutable v010 contract
trial_019_20260902_clean_v010,P12,rear_left_knee,servo,trajectory_rmse_percent,3.1144496471257535,True,,False,raw observation/full12 ledgers vs immutable v010 contract
trial_019_20260902_clean_v010,P12,front_left_ankle,wheel,duration_error_percent,7.97837986152849e-11,True,,False,raw observation/full12 ledgers vs immutable v010 contract
trial_019_20260902_clean_v010,P12,front_left_ankle,wheel,command_average_velocity_error_percent,1.9984014443252815e-13,True,,False,raw observation/full12 ledgers vs immutable v010 contract
trial_019_20260902_clean_v010,P12,front_left_ankle,wheel,measured_average_velocity_error_percent,2.458215396506613,True,,False,raw observation/full12 ledgers vs immutable v010 contract
trial_019_20260902_clean_v010,P12,front_left_ankle,wheel,command_peak_velocity_error_percent,0.0,True,,False,raw observation/full12 ledgers vs immutable v010 contract
trial_019_20260902_clean_v010,P12,front_left_ankle,wheel,measured_peak_velocity_error_percent,34.29737776216795,False,REFERENCE_DIVERGENCE_WARNING,False,raw observation/full12 ledgers vs immutable v010 contract
trial_019_20260902_clean_v010,P12,front_left_ankle,wheel,command_wheel_integral_error_percent,7.954916187042709e-11,True,,False,raw observation/full12 ledgers vs immutable v010 contract
trial_019_20260902_clean_v010,P12,front_left_ankle,wheel,actual_wheel_integral_error_percent,12.900590306878595,True,,False,raw observation/full12 ledgers vs immutable v010 contract
trial_019_20260902_clean_v010,P12,front_right_ankle,wheel,duration_error_percent,7.97837986152849e-11,True,,False,raw observation/full12 ledgers vs immutable v010 contract
trial_019_20260902_clean_v010,P12,front_right_ankle,wheel,command_average_velocity_error_percent,1.9984014443252815e-13,True,,False,raw observation/full12 ledgers vs immutable v010 contract
trial_019_20260902_clean_v010,P12,front_right_ankle,wheel,measured_average_velocity_error_percent,10.931545990808049,True,,False,raw observation/full12 ledgers vs immutable v010 contract
trial_019_20260902_clean_v010,P12,front_right_ankle,wheel,command_peak_velocity_error_percent,0.0,True,,False,raw observation/full12 ledgers vs immutable v010 contract
trial_019_20260902_clean_v010,P12,front_right_ankle,wheel,measured_peak_velocity_error_percent,20.68735857071709,True,,False,raw observation/full12 ledgers vs immutable v010 contract
trial_019_20260902_clean_v010,P12,front_right_ankle,wheel,command_wheel_integral_error_percent,7.954916187042709e-11,True,,False,raw observation/full12 ledgers vs immutable v010 contract
trial_019_20260902_clean_v010,P12,front_right_ankle,wheel,actual_wheel_integral_error_percent,0.409138999416305,True,,False,raw observation/full12 ledgers vs immutable v010 contract
trial_019_20260902_clean_v010,P12,rear_left_ankle,wheel,duration_error_percent,7.97837986152849e-11,True,,False,raw observation/full12 ledgers vs immutable v010 contract
trial_019_20260902_clean_v010,P12,rear_left_ankle,wheel,command_average_velocity_error_percent,1.9984014443252815e-13,True,,False,raw observation/full12 ledgers vs immutable v010 contract
trial_019_20260902_clean_v010,P12,rear_left_ankle,wheel,measured_average_velocity_error_percent,5.4252530758620985,True,,False,raw observation/full12 ledgers vs immutable v010 contract
trial_019_20260902_clean_v010,P12,rear_left_ankle,wheel,command_peak_velocity_error_percent,0.0,True,,False,raw observation/full12 ledgers vs immutable v010 contract
trial_019_20260902_clean_v010,P12,rear_left_ankle,wheel,measured_peak_velocity_error_percent,6.120472733079337,True,,False,raw observation/full12 ledgers vs immutable v010 contract
trial_019_20260902_clean_v010,P12,rear_left_ankle,wheel,command_wheel_integral_error_percent,7.954916187042709e-11,True,,False,raw observation/full12 ledgers vs immutable v010 contract
trial_019_20260902_clean_v010,P12,rear_left_ankle,wheel,actual_wheel_integral_error_percent,4.287685604938305,True,,False,raw observation/full12 ledgers vs immutable v010 contract
trial_019_20260902_clean_v010,P12,rear_right_ankle,wheel,duration_error_percent,7.97837986152849e-11,True,,False,raw observation/full12 ledgers vs immutable v010 contract
trial_019_20260902_clean_v010,P12,rear_right_ankle,wheel,command_average_velocity_error_percent,1.9984014443252815e-13,True,,False,raw observation/full12 ledgers vs immutable v010 contract
trial_019_20260902_clean_v010,P12,rear_right_ankle,wheel,measured_average_velocity_error_percent,2.3213934135918173,True,,False,raw observation/full12 ledgers vs immutable v010 contract
trial_019_20260902_clean_v010,P12,rear_right_ankle,wheel,command_peak_velocity_error_percent,0.0,True,,False,raw observation/full12 ledgers vs immutable v010 contract
trial_019_20260902_clean_v010,P12,rear_right_ankle,wheel,measured_peak_velocity_error_percent,0.5962859861411748,True,,False,raw observation/full12 ledgers vs immutable v010 contract
trial_019_20260902_clean_v010,P12,rear_right_ankle,wheel,command_wheel_integral_error_percent,7.954916187042709e-11,True,,False,raw observation/full12 ledgers vs immutable v010 contract
trial_019_20260902_clean_v010,P12,rear_right_ankle,wheel,actual_wheel_integral_error_percent,2.3783410029380736,True,,False,raw observation/full12 ledgers vs immutable v010 contract
trial_019_20260902_clean_v010,P13,front_left_hip,servo,command_endpoint_error_percent,0.0,True,,False,raw observation/full12 ledgers vs immutable v010 contract
trial_019_20260902_clean_v010,P13,front_left_hip,servo,actual_endpoint_error_percent,14.55543194207336,True,,False,raw observation/full12 ledgers vs immutable v010 contract
trial_019_20260902_clean_v010,P13,front_left_hip,servo,command_delta_error_percent,0.0,True,,False,raw observation/full12 ledgers vs immutable v010 contract
trial_019_20260902_clean_v010,P13,front_left_hip,servo,actual_delta_error_percent,13.821779754303856,True,,False,raw observation/full12 ledgers vs immutable v010 contract
trial_019_20260902_clean_v010,P13,front_left_hip,servo,duration_error_percent,7.959675365755687e-11,True,,False,raw observation/full12 ledgers vs immutable v010 contract
trial_019_20260902_clean_v010,P13,front_left_hip,servo,command_average_velocity_error_percent,2.5486279753295094e-11,True,,False,raw observation/full12 ledgers vs immutable v010 contract
trial_019_20260902_clean_v010,P13,front_left_hip,servo,measured_average_velocity_error_percent,0.12236178124789276,True,,False,raw observation/full12 ledgers vs immutable v010 contract
trial_019_20260902_clean_v010,P13,front_left_hip,servo,command_peak_velocity_error_percent,9.094947017729282e-11,True,,False,raw observation/full12 ledgers vs immutable v010 contract
trial_019_20260902_clean_v010,P13,front_left_hip,servo,measured_peak_velocity_error_percent,0.19806346994569343,True,,False,raw observation/full12 ledgers vs immutable v010 contract
trial_019_20260902_clean_v010,P13,front_left_hip,servo,trajectory_rmse_percent,0.5643606112125295,True,,False,raw observation/full12 ledgers vs immutable v010 contract
trial_019_20260902_clean_v010,P13,front_left_knee,servo,command_endpoint_error_percent,2.169816986238091e-15,True,,False,raw observation/full12 ledgers vs immutable v010 contract
trial_019_20260902_clean_v010,P13,front_left_knee,servo,actual_endpoint_error_percent,0.12467789349995763,True,,False,raw observation/full12 ledgers vs immutable v010 contract
trial_019_20260902_clean_v010,P13,front_left_knee,servo,command_delta_error_percent,0.0,True,,False,raw observation/full12 ledgers vs immutable v010 contract
trial_019_20260902_clean_v010,P13,front_left_knee,servo,actual_delta_error_percent,0.6709817862350151,True,,False,raw observation/full12 ledgers vs immutable v010 contract
trial_019_20260902_clean_v010,P13,front_left_knee,servo,duration_error_percent,7.959675365755687e-11,True,,False,raw observation/full12 ledgers vs immutable v010 contract
trial_019_20260902_clean_v010,P13,front_left_knee,servo,command_average_velocity_error_percent,4.118705376754406e-11,True,,False,raw observation/full12 ledgers vs immutable v010 contract
trial_019_20260902_clean_v010,P13,front_left_knee,servo,measured_average_velocity_error_percent,4.624725856921872,True,,False,raw observation/full12 ledgers vs immutable v010 contract
trial_019_20260902_clean_v010,P13,front_left_knee,servo,command_peak_velocity_error_percent,9.094947017729282e-11,True,,False,raw observation/full12 ledgers vs immutable v010 contract
trial_019_20260902_clean_v010,P13,front_left_knee,servo,measured_peak_velocity_error_percent,0.596294360007259,True,,False,raw observation/full12 ledgers vs immutable v010 contract
trial_019_20260902_clean_v010,P13,front_left_knee,servo,trajectory_rmse_percent,0.2638472936486031,True,,False,raw observation/full12 ledgers vs immutable v010 contract
trial_019_20260902_clean_v010,P13,front_right_knee,servo,command_endpoint_error_percent,4.7012701368491964e-15,True,,False,raw observation/full12 ledgers vs immutable v010 contract
trial_019_20260902_clean_v010,P13,front_right_knee,servo,actual_endpoint_error_percent,0.04755355824599488,True,,False,raw observation/full12 ledgers vs immutable v010 contract
trial_019_20260902_clean_v010,P13,front_right_knee,servo,command_delta_error_percent,0.0,True,,False,raw observation/full12 ledgers vs immutable v010 contract
trial_019_20260902_clean_v010,P13,front_right_knee,servo,actual_delta_error_percent,4.162490503091742,True,,False,raw observation/full12 ledgers vs immutable v010 contract
trial_019_20260902_clean_v010,P13,front_right_knee,servo,duration_error_percent,7.959675365755687e-11,True,,False,raw observation/full12 ledgers vs immutable v010 contract
trial_019_20260902_clean_v010,P13,front_right_knee,servo,command_average_velocity_error_percent,4.1180392429396306e-11,True,,False,raw observation/full12 ledgers vs immutable v010 contract
trial_019_20260902_clean_v010,P13,front_right_knee,servo,measured_average_velocity_error_percent,1.2575801832511988,True,,False,raw observation/full12 ledgers vs immutable v010 contract
trial_019_20260902_clean_v010,P13,front_right_knee,servo,command_peak_velocity_error_percent,9.094947017729282e-11,True,,False,raw observation/full12 ledgers vs immutable v010 contract
trial_019_20260902_clean_v010,P13,front_right_knee,servo,measured_peak_velocity_error_percent,16.71279843597117,True,,False,raw observation/full12 ledgers vs immutable v010 contract
trial_019_20260902_clean_v010,P13,front_right_knee,servo,trajectory_rmse_percent,1.0516508127637076,True,,False,raw observation/full12 ledgers vs immutable v010 contract
trial_019_20260902_clean_v010,P13,rear_left_hip,servo,command_endpoint_error_percent,5.921189464667502e-15,True,,False,raw observation/full12 ledgers vs immutable v010 contract
trial_019_20260902_clean_v010,P13,rear_left_hip,servo,actual_endpoint_error_percent,1.302403238235262,True,,False,raw observation/full12 ledgers vs immutable v010 contract
trial_019_20260902_clean_v010,P13,rear_left_hip,servo,command_delta_error_percent,0.0,True,,False,raw observation/full12 ledgers vs immutable v010 contract
trial_019_20260902_clean_v010,P13,rear_left_hip,servo,actual_delta_error_percent,14.414706210656808,True,,False,raw observation/full12 ledgers vs immutable v010 contract
trial_019_20260902_clean_v010,P13,rear_left_hip,servo,duration_error_percent,7.959675365755687e-11,True,,False,raw observation/full12 ledgers vs immutable v010 contract
trial_019_20260902_clean_v010,P13,rear_left_hip,servo,command_average_velocity_error_percent,1.0061951272177794e-11,True,,False,raw observation/full12 ledgers vs immutable v010 contract
trial_019_20260902_clean_v010,P13,rear_left_hip,servo,measured_average_velocity_error_percent,2.0632980788650257,True,,False,raw observation/full12 ledgers vs immutable v010 contract
trial_019_20260902_clean_v010,P13,rear_left_hip,servo,command_peak_velocity_error_percent,9.094947017729282e-11,True,,False,raw observation/full12 ledgers vs immutable v010 contract
trial_019_20260902_clean_v010,P13,rear_left_hip,servo,measured_peak_velocity_error_percent,3.755987514389978,True,,False,raw observation/full12 ledgers vs immutable v010 contract
trial_019_20260902_clean_v010,P13,rear_left_hip,servo,trajectory_rmse_percent,12.708192938815575,True,,False,raw observation/full12 ledgers vs immutable v010 contract
trial_019_20260902_clean_v010,P13,rear_left_knee,servo,command_endpoint_error_percent,3.00060276925718e-15,True,,False,raw observation/full12 ledgers vs immutable v010 contract
trial_019_20260902_clean_v010,P13,rear_left_knee,servo,actual_endpoint_error_percent,3.241143973323469,True,,False,raw observation/full12 ledgers vs immutable v010 contract
trial_019_20260902_clean_v010,P13,rear_left_knee,servo,command_delta_error_percent,2.400482215405744e-14,True,,False,raw observation/full12 ledgers vs immutable v010 contract
trial_019_20260902_clean_v010,P13,rear_left_knee,servo,actual_delta_error_percent,3.1660234299350334,True,,False,raw observation/full12 ledgers vs immutable v010 contract
trial_019_20260902_clean_v010,P13,rear_left_knee,servo,duration_error_percent,7.959675365755687e-11,True,,False,raw observation/full12 ledgers vs immutable v010 contract
trial_019_20260902_clean_v010,P13,rear_left_knee,servo,command_average_velocity_error_percent,1.9860779687519425e-11,True,,False,raw observation/full12 ledgers vs immutable v010 contract
trial_019_20260902_clean_v010,P13,rear_left_knee,servo,measured_average_velocity_error_percent,1.0212684492409638,True,,False,raw observation/full12 ledgers vs immutable v010 contract
trial_019_20260902_clean_v010,P13,rear_left_knee,servo,command_peak_velocity_error_percent,9.094947017729282e-11,True,,False,raw observation/full12 ledgers vs immutable v010 contract
trial_019_20260902_clean_v010,P13,rear_left_knee,servo,measured_peak_velocity_error_percent,3.350528574480712,True,,False,raw observation/full12 ledgers vs immutable v010 contract
trial_019_20260902_clean_v010,P13,rear_left_knee,servo,trajectory_rmse_percent,1.8111294025012734,True,,False,raw observation/full12 ledgers vs immutable v010 contract
trial_019_20260902_clean_v010,P13,rear_right_hip,servo,command_endpoint_error_percent,0.0,True,,False,raw observation/full12 ledgers vs immutable v010 contract
trial_019_20260902_clean_v010,P13,rear_right_hip,servo,actual_endpoint_error_percent,14.450196336044916,True,,False,raw observation/full12 ledgers vs immutable v010 contract
trial_019_20260902_clean_v010,P13,rear_right_hip,servo,command_delta_error_percent,0.0,True,,False,raw observation/full12 ledgers vs immutable v010 contract
trial_019_20260902_clean_v010,P13,rear_right_hip,servo,actual_delta_error_percent,24.684389571399233,True,,False,raw observation/full12 ledgers vs immutable v010 contract
trial_019_20260902_clean_v010,P13,rear_right_hip,servo,duration_error_percent,7.959675365755687e-11,True,,False,raw observation/full12 ledgers vs immutable v010 contract
trial_019_20260902_clean_v010,P13,rear_right_hip,servo,command_average_velocity_error_percent,8.58646487245096e-12,True,,False,raw observation/full12 ledgers vs immutable v010 contract
trial_019_20260902_clean_v010,P13,rear_right_hip,servo,measured_average_velocity_error_percent,1.6858628775679918,True,,False,raw observation/full12 ledgers vs immutable v010 contract
trial_019_20260902_clean_v010,P13,rear_right_hip,servo,command_peak_velocity_error_percent,9.094947017729282e-11,True,,False,raw observation/full12 ledgers vs immutable v010 contract
trial_019_20260902_clean_v010,P13,rear_right_hip,servo,measured_peak_velocity_error_percent,2.162621353661065,True,,False,raw observation/full12 ledgers vs immutable v010 contract
trial_019_20260902_clean_v010,P13,rear_right_hip,servo,trajectory_rmse_percent,2.908383042967107,True,,False,raw observation/full12 ledgers vs immutable v010 contract
trial_019_20260902_clean_v010,P13,rear_right_knee,servo,command_endpoint_error_percent,0.0,True,,False,raw observation/full12 ledgers vs immutable v010 contract
trial_019_20260902_clean_v010,P13,rear_right_knee,servo,actual_endpoint_error_percent,9.154970509179853,True,,False,raw observation/full12 ledgers vs immutable v010 contract
trial_019_20260902_clean_v010,P13,rear_right_knee,servo,command_delta_error_percent,0.0,True,,False,raw observation/full12 ledgers vs immutable v010 contract
trial_019_20260902_clean_v010,P13,rear_right_knee,servo,actual_delta_error_percent,9.440606120661174,True,,False,raw observation/full12 ledgers vs immutable v010 contract
trial_019_20260902_clean_v010,P13,rear_right_knee,servo,duration_error_percent,7.959675365755687e-11,True,,False,raw observation/full12 ledgers vs immutable v010 contract
trial_019_20260902_clean_v010,P13,rear_right_knee,servo,command_average_velocity_error_percent,2.844391389089651e-11,True,,False,raw observation/full12 ledgers vs immutable v010 contract
trial_019_20260902_clean_v010,P13,rear_right_knee,servo,measured_average_velocity_error_percent,4.886678425019946,True,,False,raw observation/full12 ledgers vs immutable v010 contract
trial_019_20260902_clean_v010,P13,rear_right_knee,servo,command_peak_velocity_error_percent,9.094947017729282e-11,True,,False,raw observation/full12 ledgers vs immutable v010 contract
trial_019_20260902_clean_v010,P13,rear_right_knee,servo,measured_peak_velocity_error_percent,5.492882094853888,True,,False,raw observation/full12 ledgers vs immutable v010 contract
trial_019_20260902_clean_v010,P13,rear_right_knee,servo,trajectory_rmse_percent,0.5671915939222281,True,,False,raw observation/full12 ledgers vs immutable v010 contract
trial_019_20260902_clean_v010,P13,front_left_ankle,wheel,duration_error_percent,7.959675365755687e-11,True,,False,raw observation/full12 ledgers vs immutable v010 contract
trial_019_20260902_clean_v010,P13,front_left_ankle,wheel,command_average_velocity_error_percent,1.7789007219444e-12,True,,False,raw observation/full12 ledgers vs immutable v010 contract
trial_019_20260902_clean_v010,P13,front_left_ankle,wheel,measured_average_velocity_error_percent,0.7189993553017165,True,,False,raw observation/full12 ledgers vs immutable v010 contract
trial_019_20260902_clean_v010,P13,front_left_ankle,wheel,command_peak_velocity_error_percent,0.0,True,,False,raw observation/full12 ledgers vs immutable v010 contract
trial_019_20260902_clean_v010,P13,front_left_ankle,wheel,measured_peak_velocity_error_percent,10.9638128172374,True,,False,raw observation/full12 ledgers vs immutable v010 contract
trial_019_20260902_clean_v010,P13,front_left_ankle,wheel,command_wheel_integral_error_percent,7.782826937922564e-11,True,,False,raw observation/full12 ledgers vs immutable v010 contract
trial_019_20260902_clean_v010,P13,front_left_ankle,wheel,actual_wheel_integral_error_percent,0.7262479758092405,True,,False,raw observation/full12 ledgers vs immutable v010 contract
trial_019_20260902_clean_v010,P13,front_right_ankle,wheel,duration_error_percent,7.959675365755687e-11,True,,False,raw observation/full12 ledgers vs immutable v010 contract
trial_019_20260902_clean_v010,P13,front_right_ankle,wheel,command_average_velocity_error_percent,1.9452113168388853e-12,True,,False,raw observation/full12 ledgers vs immutable v010 contract
trial_019_20260902_clean_v010,P13,front_right_ankle,wheel,measured_average_velocity_error_percent,2.2624911826064507,True,,False,raw observation/full12 ledgers vs immutable v010 contract
trial_019_20260902_clean_v010,P13,front_right_ankle,wheel,command_peak_velocity_error_percent,0.0,True,,False,raw observation/full12 ledgers vs immutable v010 contract
trial_019_20260902_clean_v010,P13,front_right_ankle,wheel,measured_peak_velocity_error_percent,10.302360470498108,True,,False,raw observation/full12 ledgers vs immutable v010 contract
trial_019_20260902_clean_v010,P13,front_right_ankle,wheel,command_wheel_integral_error_percent,7.7643318131398e-11,True,,False,raw observation/full12 ledgers vs immutable v010 contract
trial_019_20260902_clean_v010,P13,front_right_ankle,wheel,actual_wheel_integral_error_percent,2.3464239091824908,True,,False,raw observation/full12 ledgers vs immutable v010 contract
trial_019_20260902_clean_v010,P13,rear_left_ankle,wheel,duration_error_percent,7.959675365755687e-11,True,,False,raw observation/full12 ledgers vs immutable v010 contract
trial_019_20260902_clean_v010,P13,rear_left_ankle,wheel,command_average_velocity_error_percent,1.124075348602131e-12,True,,False,raw observation/full12 ledgers vs immutable v010 contract
trial_019_20260902_clean_v010,P13,rear_left_ankle,wheel,measured_average_velocity_error_percent,0.5849659833689937,True,,False,raw observation/full12 ledgers vs immutable v010 contract
trial_019_20260902_clean_v010,P13,rear_left_ankle,wheel,command_peak_velocity_error_percent,0.0,True,,False,raw observation/full12 ledgers vs immutable v010 contract
trial_019_20260902_clean_v010,P13,rear_left_ankle,wheel,measured_peak_velocity_error_percent,21.895499520284236,True,,False,raw observation/full12 ledgers vs immutable v010 contract
trial_019_20260902_clean_v010,P13,rear_left_ankle,wheel,command_wheel_integral_error_percent,7.668520865509359e-11,True,,False,raw observation/full12 ledgers vs immutable v010 contract
trial_019_20260902_clean_v010,P13,rear_left_ankle,wheel,actual_wheel_integral_error_percent,1.8920195958441681,True,,False,raw observation/full12 ledgers vs immutable v010 contract
trial_019_20260902_clean_v010,P13,rear_right_ankle,wheel,duration_error_percent,7.959675365755687e-11,True,,False,raw observation/full12 ledgers vs immutable v010 contract
trial_019_20260902_clean_v010,P13,rear_right_ankle,wheel,command_average_velocity_error_percent,1.1506507392002316e-12,True,,False,raw observation/full12 ledgers vs immutable v010 contract
trial_019_20260902_clean_v010,P13,rear_right_ankle,wheel,measured_average_velocity_error_percent,0.30812082826231657,True,,False,raw observation/full12 ledgers vs immutable v010 contract
trial_019_20260902_clean_v010,P13,rear_right_ankle,wheel,command_peak_velocity_error_percent,0.0,True,,False,raw observation/full12 ledgers vs immutable v010 contract
trial_019_20260902_clean_v010,P13,rear_right_ankle,wheel,measured_peak_velocity_error_percent,17.95803991660208,True,,False,raw observation/full12 ledgers vs immutable v010 contract
trial_019_20260902_clean_v010,P13,rear_right_ankle,wheel,command_wheel_integral_error_percent,7.673247686388065e-11,True,,False,raw observation/full12 ledgers vs immutable v010 contract
trial_019_20260902_clean_v010,P13,rear_right_ankle,wheel,actual_wheel_integral_error_percent,0.5922914194558071,True,,False,raw observation/full12 ledgers vs immutable v010 contract
trial_021_20260902_clean_v010,P01,rear_left_hip,servo,command_endpoint_error_percent,0.0,True,,False,raw observation/full12 ledgers vs immutable v010 contract
trial_021_20260902_clean_v010,P01,rear_left_hip,servo,actual_endpoint_error_percent,0.0002270674591143427,True,,False,raw observation/full12 ledgers vs immutable v010 contract
trial_021_20260902_clean_v010,P01,rear_left_hip,servo,command_delta_error_percent,0.0,True,,False,raw observation/full12 ledgers vs immutable v010 contract
trial_021_20260902_clean_v010,P01,rear_left_hip,servo,actual_delta_error_percent,0.16958809922057566,True,,False,raw observation/full12 ledgers vs immutable v010 contract
trial_021_20260902_clean_v010,P01,rear_left_hip,servo,duration_error_percent,1.82098892079225e-12,True,,False,raw observation/full12 ledgers vs immutable v010 contract
trial_021_20260902_clean_v010,P01,rear_left_hip,servo,command_average_velocity_error_percent,1.545430450278218e-12,True,,False,raw observation/full12 ledgers vs immutable v010 contract
trial_021_20260902_clean_v010,P01,rear_left_hip,servo,measured_average_velocity_error_percent,0.6710921163525798,True,,False,raw observation/full12 ledgers vs immutable v010 contract
trial_021_20260902_clean_v010,P01,rear_left_hip,servo,command_peak_velocity_error_percent,3.600083194517841e-13,True,,False,raw observation/full12 ledgers vs immutable v010 contract
trial_021_20260902_clean_v010,P01,rear_left_hip,servo,measured_peak_velocity_error_percent,0.05156032481585553,True,,False,raw observation/full12 ledgers vs immutable v010 contract
trial_021_20260902_clean_v010,P01,rear_left_hip,servo,trajectory_rmse_percent,0.16545416503777835,True,,False,raw observation/full12 ledgers vs immutable v010 contract
trial_021_20260902_clean_v010,P01,front_left_ankle,wheel,duration_error_percent,1.82098892079225e-12,True,,False,raw observation/full12 ledgers vs immutable v010 contract
trial_021_20260902_clean_v010,P01,front_left_ankle,wheel,command_average_velocity_error_percent,1.3286431901227178e-12,True,,False,raw observation/full12 ledgers vs immutable v010 contract
trial_021_20260902_clean_v010,P01,front_left_ankle,wheel,measured_average_velocity_error_percent,0.11486139789004236,True,,False,raw observation/full12 ledgers vs immutable v010 contract
trial_021_20260902_clean_v010,P01,front_left_ankle,wheel,command_peak_velocity_error_percent,0.0,True,,False,raw observation/full12 ledgers vs immutable v010 contract
trial_021_20260902_clean_v010,P01,front_left_ankle,wheel,measured_peak_velocity_error_percent,3.345216791165559,True,,False,raw observation/full12 ledgers vs immutable v010 contract
trial_021_20260902_clean_v010,P01,front_left_ankle,wheel,command_wheel_integral_error_percent,3.15898510099535e-12,True,,False,raw observation/full12 ledgers vs immutable v010 contract
trial_021_20260902_clean_v010,P01,front_left_ankle,wheel,actual_wheel_integral_error_percent,0.2200239756719921,True,,False,raw observation/full12 ledgers vs immutable v010 contract
trial_021_20260902_clean_v010,P01,front_right_ankle,wheel,duration_error_percent,1.82098892079225e-12,True,,False,raw observation/full12 ledgers vs immutable v010 contract
trial_021_20260902_clean_v010,P01,front_right_ankle,wheel,command_average_velocity_error_percent,1.3286431901227178e-12,True,,False,raw observation/full12 ledgers vs immutable v010 contract
trial_021_20260902_clean_v010,P01,front_right_ankle,wheel,measured_average_velocity_error_percent,0.004696512362258236,True,,False,raw observation/full12 ledgers vs immutable v010 contract
trial_021_20260902_clean_v010,P01,front_right_ankle,wheel,command_peak_velocity_error_percent,0.0,True,,False,raw observation/full12 ledgers vs immutable v010 contract
trial_021_20260902_clean_v010,P01,front_right_ankle,wheel,measured_peak_velocity_error_percent,0.03177411165863816,True,,False,raw observation/full12 ledgers vs immutable v010 contract
trial_021_20260902_clean_v010,P01,front_right_ankle,wheel,command_wheel_integral_error_percent,3.15898510099535e-12,True,,False,raw observation/full12 ledgers vs immutable v010 contract
trial_021_20260902_clean_v010,P01,front_right_ankle,wheel,actual_wheel_integral_error_percent,0.005813707597070396,True,,False,raw observation/full12 ledgers vs immutable v010 contract
trial_021_20260902_clean_v010,P01,rear_left_ankle,wheel,duration_error_percent,1.82098892079225e-12,True,,False,raw observation/full12 ledgers vs immutable v010 contract
trial_021_20260902_clean_v010,P01,rear_left_ankle,wheel,command_average_velocity_error_percent,1.3286431901227178e-12,True,,False,raw observation/full12 ledgers vs immutable v010 contract
trial_021_20260902_clean_v010,P01,rear_left_ankle,wheel,measured_average_velocity_error_percent,0.15766120725747623,True,,False,raw observation/full12 ledgers vs immutable v010 contract
trial_021_20260902_clean_v010,P01,rear_left_ankle,wheel,command_peak_velocity_error_percent,0.0,True,,False,raw observation/full12 ledgers vs immutable v010 contract
trial_021_20260902_clean_v010,P01,rear_left_ankle,wheel,measured_peak_velocity_error_percent,0.2452119378512511,True,,False,raw observation/full12 ledgers vs immutable v010 contract
trial_021_20260902_clean_v010,P01,rear_left_ankle,wheel,command_wheel_integral_error_percent,3.15898510099535e-12,True,,False,raw observation/full12 ledgers vs immutable v010 contract
trial_021_20260902_clean_v010,P01,rear_left_ankle,wheel,actual_wheel_integral_error_percent,0.21285298785039672,True,,False,raw observation/full12 ledgers vs immutable v010 contract
trial_021_20260902_clean_v010,P01,rear_right_ankle,wheel,duration_error_percent,1.82098892079225e-12,True,,False,raw observation/full12 ledgers vs immutable v010 contract
trial_021_20260902_clean_v010,P01,rear_right_ankle,wheel,command_average_velocity_error_percent,1.3286431901227178e-12,True,,False,raw observation/full12 ledgers vs immutable v010 contract
trial_021_20260902_clean_v010,P01,rear_right_ankle,wheel,measured_average_velocity_error_percent,0.22346308392880876,True,,False,raw observation/full12 ledgers vs immutable v010 contract
trial_021_20260902_clean_v010,P01,rear_right_ankle,wheel,command_peak_velocity_error_percent,0.0,True,,False,raw observation/full12 ledgers vs immutable v010 contract
trial_021_20260902_clean_v010,P01,rear_right_ankle,wheel,measured_peak_velocity_error_percent,6.373333749487578,True,,False,raw observation/full12 ledgers vs immutable v010 contract
trial_021_20260902_clean_v010,P01,rear_right_ankle,wheel,command_wheel_integral_error_percent,3.15898510099535e-12,True,,False,raw observation/full12 ledgers vs immutable v010 contract
trial_021_20260902_clean_v010,P01,rear_right_ankle,wheel,actual_wheel_integral_error_percent,0.36678645398598075,True,,False,raw observation/full12 ledgers vs immutable v010 contract
trial_021_20260902_clean_v010,P02,front_right_knee,servo,command_endpoint_error_percent,0.0,True,,False,raw observation/full12 ledgers vs immutable v010 contract
trial_021_20260902_clean_v010,P02,front_right_knee,servo,actual_endpoint_error_percent,0.6811960451639621,True,,False,raw observation/full12 ledgers vs immutable v010 contract
trial_021_20260902_clean_v010,P02,front_right_knee,servo,command_delta_error_percent,0.0,True,,False,raw observation/full12 ledgers vs immutable v010 contract
trial_021_20260902_clean_v010,P02,front_right_knee,servo,actual_delta_error_percent,0.6865636935718967,True,,False,raw observation/full12 ledgers vs immutable v010 contract
trial_021_20260902_clean_v010,P02,front_right_knee,servo,duration_error_percent,4.9484226240438175e-12,True,,False,raw observation/full12 ledgers vs immutable v010 contract
trial_021_20260902_clean_v010,P02,front_right_knee,servo,command_average_velocity_error_percent,4.9557388774434566e-12,True,,False,raw observation/full12 ledgers vs immutable v010 contract
trial_021_20260902_clean_v010,P02,front_right_knee,servo,measured_average_velocity_error_percent,0.005050394485141519,True,,False,raw observation/full12 ledgers vs immutable v010 contract
trial_021_20260902_clean_v010,P02,front_right_knee,servo,command_peak_velocity_error_percent,5.6843418860808015e-12,True,,False,raw observation/full12 ledgers vs immutable v010 contract
trial_021_20260902_clean_v010,P02,front_right_knee,servo,measured_peak_velocity_error_percent,0.010260693785264386,True,,False,raw observation/full12 ledgers vs immutable v010 contract
trial_021_20260902_clean_v010,P02,front_right_knee,servo,trajectory_rmse_percent,1.0581377477323264,True,,False,raw observation/full12 ledgers vs immutable v010 contract
trial_021_20260902_clean_v010,P03,front_left_knee,servo,command_endpoint_error_percent,0.0,True,,False,raw observation/full12 ledgers vs immutable v010 contract
trial_021_20260902_clean_v010,P03,front_left_knee,servo,actual_endpoint_error_percent,1.4888022821412985,True,,False,raw observation/full12 ledgers vs immutable v010 contract
trial_021_20260902_clean_v010,P03,front_left_knee,servo,command_delta_error_percent,0.0,True,,False,raw observation/full12 ledgers vs immutable v010 contract
trial_021_20260902_clean_v010,P03,front_left_knee,servo,actual_delta_error_percent,1.441767806918161,True,,False,raw observation/full12 ledgers vs immutable v010 contract
trial_021_20260902_clean_v010,P03,front_left_knee,servo,duration_error_percent,5.625129991434446e-12,True,,False,raw observation/full12 ledgers vs immutable v010 contract
trial_021_20260902_clean_v010,P03,front_left_knee,servo,command_average_velocity_error_percent,5.622285751952963e-12,True,,False,raw observation/full12 ledgers vs immutable v010 contract
trial_021_20260902_clean_v010,P03,front_left_knee,servo,measured_average_velocity_error_percent,0.49659213265475577,True,,False,raw observation/full12 ledgers vs immutable v010 contract
trial_021_20260902_clean_v010,P03,front_left_knee,servo,command_peak_velocity_error_percent,5.6843418860808015e-12,True,,False,raw observation/full12 ledgers vs immutable v010 contract
trial_021_20260902_clean_v010,P03,front_left_knee,servo,measured_peak_velocity_error_percent,3.223465179533373,True,,False,raw observation/full12 ledgers vs immutable v010 contract
trial_021_20260902_clean_v010,P03,front_left_knee,servo,trajectory_rmse_percent,0.9908904213109763,True,,False,raw observation/full12 ledgers vs immutable v010 contract
trial_021_20260902_clean_v010,P03,rear_left_hip,servo,command_endpoint_error_percent,0.0,True,,False,raw observation/full12 ledgers vs immutable v010 contract
trial_021_20260902_clean_v010,P03,rear_left_hip,servo,actual_endpoint_error_percent,3.104278501469994,True,,False,raw observation/full12 ledgers vs immutable v010 contract
trial_021_20260902_clean_v010,P03,rear_left_hip,servo,command_delta_error_percent,0.0,True,,False,raw observation/full12 ledgers vs immutable v010 contract
trial_021_20260902_clean_v010,P03,rear_left_hip,servo,actual_delta_error_percent,3.0871520569839848,True,,False,raw observation/full12 ledgers vs immutable v010 contract
trial_021_20260902_clean_v010,P03,rear_left_hip,servo,duration_error_percent,5.625129991434446e-12,True,,False,raw observation/full12 ledgers vs immutable v010 contract
trial_021_20260902_clean_v010,P03,rear_left_hip,servo,command_average_velocity_error_percent,5.6207111933258465e-12,True,,False,raw observation/full12 ledgers vs immutable v010 contract
trial_021_20260902_clean_v010,P03,rear_left_hip,servo,measured_average_velocity_error_percent,6.944591922440888,True,,False,raw observation/full12 ledgers vs immutable v010 contract
trial_021_20260902_clean_v010,P03,rear_left_hip,servo,command_peak_velocity_error_percent,5.6843418860808015e-12,True,,False,raw observation/full12 ledgers vs immutable v010 contract
trial_021_20260902_clean_v010,P03,rear_left_hip,servo,measured_peak_velocity_error_percent,4.147375942813861,True,,False,raw observation/full12 ledgers vs immutable v010 contract
trial_021_20260902_clean_v010,P03,rear_left_hip,servo,trajectory_rmse_percent,1.414821924639151,True,,False,raw observation/full12 ledgers vs immutable v010 contract
trial_021_20260902_clean_v010,P03,front_left_ankle,wheel,duration_error_percent,5.625129991434446e-12,True,,False,raw observation/full12 ledgers vs immutable v010 contract
trial_021_20260902_clean_v010,P03,front_left_ankle,wheel,command_average_velocity_error_percent,7.026728003956686e-14,True,,False,raw observation/full12 ledgers vs immutable v010 contract
trial_021_20260902_clean_v010,P03,front_left_ankle,wheel,measured_average_velocity_error_percent,0.4693653201369699,True,,False,raw observation/full12 ledgers vs immutable v010 contract
trial_021_20260902_clean_v010,P03,front_left_ankle,wheel,command_peak_velocity_error_percent,0.0,True,,False,raw observation/full12 ledgers vs immutable v010 contract
trial_021_20260902_clean_v010,P03,front_left_ankle,wheel,measured_peak_velocity_error_percent,29.970202511669367,True,,False,raw observation/full12 ledgers vs immutable v010 contract
trial_021_20260902_clean_v010,P03,front_left_ankle,wheel,command_wheel_integral_error_percent,5.562826336466027e-12,True,,False,raw observation/full12 ledgers vs immutable v010 contract
trial_021_20260902_clean_v010,P03,front_left_ankle,wheel,actual_wheel_integral_error_percent,0.4964997768899391,True,,False,raw observation/full12 ledgers vs immutable v010 contract
trial_021_20260902_clean_v010,P03,rear_left_ankle,wheel,duration_error_percent,5.625129991434446e-12,True,,False,raw observation/full12 ledgers vs immutable v010 contract
trial_021_20260902_clean_v010,P03,rear_left_ankle,wheel,command_average_velocity_error_percent,2.3660490688732845e-13,True,,False,raw observation/full12 ledgers vs immutable v010 contract
trial_021_20260902_clean_v010,P03,rear_left_ankle,wheel,measured_average_velocity_error_percent,7.217470398676378,True,,False,raw observation/full12 ledgers vs immutable v010 contract
trial_021_20260902_clean_v010,P03,rear_left_ankle,wheel,command_peak_velocity_error_percent,0.0,True,,False,raw observation/full12 ledgers vs immutable v010 contract
trial_021_20260902_clean_v010,P03,rear_left_ankle,wheel,measured_peak_velocity_error_percent,3.4248094674479566,True,,False,raw observation/full12 ledgers vs immutable v010 contract
trial_021_20260902_clean_v010,P03,rear_left_ankle,wheel,command_wheel_integral_error_percent,5.399445311018828e-12,True,,False,raw observation/full12 ledgers vs immutable v010 contract
trial_021_20260902_clean_v010,P03,rear_left_ankle,wheel,actual_wheel_integral_error_percent,36.29302387410797,False,REFERENCE_DIVERGENCE_WARNING,False,raw observation/full12 ledgers vs immutable v010 contract
trial_021_20260902_clean_v010,P04,rear_left_hip,servo,command_endpoint_error_percent,0.0,True,,False,raw observation/full12 ledgers vs immutable v010 contract
trial_021_20260902_clean_v010,P04,rear_left_hip,servo,actual_endpoint_error_percent,1.7687290341723143,True,,False,raw observation/full12 ledgers vs immutable v010 contract
trial_021_20260902_clean_v010,P04,rear_left_hip,servo,command_delta_error_percent,0.0,True,,False,raw observation/full12 ledgers vs immutable v010 contract
trial_021_20260902_clean_v010,P04,rear_left_hip,servo,actual_delta_error_percent,4.262875706797492,True,,False,raw observation/full12 ledgers vs immutable v010 contract
trial_021_20260902_clean_v010,P04,rear_left_hip,servo,duration_error_percent,5.6991448597427944e-12,True,,False,raw observation/full12 ledgers vs immutable v010 contract
trial_021_20260902_clean_v010,P04,rear_left_hip,servo,command_average_velocity_error_percent,3.770317391627032e-12,True,,False,raw observation/full12 ledgers vs immutable v010 contract
trial_021_20260902_clean_v010,P04,rear_left_hip,servo,measured_average_velocity_error_percent,7.882140022618737,True,,False,raw observation/full12 ledgers vs immutable v010 contract
trial_021_20260902_clean_v010,P04,rear_left_hip,servo,command_peak_velocity_error_percent,5.6843418860808015e-12,True,,False,raw observation/full12 ledgers vs immutable v010 contract
trial_021_20260902_clean_v010,P04,rear_left_hip,servo,measured_peak_velocity_error_percent,10.888527968401869,True,,False,raw observation/full12 ledgers vs immutable v010 contract
trial_021_20260902_clean_v010,P04,rear_left_hip,servo,trajectory_rmse_percent,4.463016348784499,True,,False,raw observation/full12 ledgers vs immutable v010 contract
trial_021_20260902_clean_v010,P04,front_left_ankle,wheel,duration_error_percent,5.6991448597427944e-12,True,,False,raw observation/full12 ledgers vs immutable v010 contract
trial_021_20260902_clean_v010,P04,front_left_ankle,wheel,command_average_velocity_error_percent,2.422304781000341e-13,True,,False,raw observation/full12 ledgers vs immutable v010 contract
trial_021_20260902_clean_v010,P04,front_left_ankle,wheel,measured_average_velocity_error_percent,0.028944983377740187,True,,False,raw observation/full12 ledgers vs immutable v010 contract
trial_021_20260902_clean_v010,P04,front_left_ankle,wheel,command_peak_velocity_error_percent,0.0,True,,False,raw observation/full12 ledgers vs immutable v010 contract
trial_021_20260902_clean_v010,P04,front_left_ankle,wheel,measured_peak_velocity_error_percent,6.955844667684803,True,,False,raw observation/full12 ledgers vs immutable v010 contract
trial_021_20260902_clean_v010,P04,front_left_ankle,wheel,command_wheel_integral_error_percent,5.938011025647008e-12,True,,False,raw observation/full12 ledgers vs immutable v010 contract
trial_021_20260902_clean_v010,P04,front_left_ankle,wheel,actual_wheel_integral_error_percent,0.19813803243343817,True,,False,raw observation/full12 ledgers vs immutable v010 contract
trial_021_20260902_clean_v010,P04,front_right_ankle,wheel,duration_error_percent,5.6991448597427944e-12,True,,False,raw observation/full12 ledgers vs immutable v010 contract
trial_021_20260902_clean_v010,P04,front_right_ankle,wheel,command_average_velocity_error_percent,2.422304781000341e-13,True,,False,raw observation/full12 ledgers vs immutable v010 contract
trial_021_20260902_clean_v010,P04,front_right_ankle,wheel,measured_average_velocity_error_percent,0.2312568654999354,True,,False,raw observation/full12 ledgers vs immutable v010 contract
trial_021_20260902_clean_v010,P04,front_right_ankle,wheel,command_peak_velocity_error_percent,0.0,True,,False,raw observation/full12 ledgers vs immutable v010 contract
trial_021_20260902_clean_v010,P04,front_right_ankle,wheel,measured_peak_velocity_error_percent,22.1134370106261,True,,False,raw observation/full12 ledgers vs immutable v010 contract
trial_021_20260902_clean_v010,P04,front_right_ankle,wheel,command_wheel_integral_error_percent,5.938011025647008e-12,True,,False,raw observation/full12 ledgers vs immutable v010 contract
trial_021_20260902_clean_v010,P04,front_right_ankle,wheel,actual_wheel_integral_error_percent,0.2579181278383268,True,,False,raw observation/full12 ledgers vs immutable v010 contract
trial_021_20260902_clean_v010,P04,rear_left_ankle,wheel,duration_error_percent,5.6991448597427944e-12,True,,False,raw observation/full12 ledgers vs immutable v010 contract
trial_021_20260902_clean_v010,P04,rear_left_ankle,wheel,command_average_velocity_error_percent,2.422304781000341e-13,True,,False,raw observation/full12 ledgers vs immutable v010 contract
trial_021_20260902_clean_v010,P04,rear_left_ankle,wheel,measured_average_velocity_error_percent,0.06700960624525777,True,,False,raw observation/full12 ledgers vs immutable v010 contract
trial_021_20260902_clean_v010,P04,rear_left_ankle,wheel,command_peak_velocity_error_percent,0.0,True,,False,raw observation/full12 ledgers vs immutable v010 contract
trial_021_20260902_clean_v010,P04,rear_left_ankle,wheel,measured_peak_velocity_error_percent,0.010944949363137686,True,,False,raw observation/full12 ledgers vs immutable v010 contract
trial_021_20260902_clean_v010,P04,rear_left_ankle,wheel,command_wheel_integral_error_percent,5.938011025647008e-12,True,,False,raw observation/full12 ledgers vs immutable v010 contract
trial_021_20260902_clean_v010,P04,rear_left_ankle,wheel,actual_wheel_integral_error_percent,0.07249538422833922,True,,False,raw observation/full12 ledgers vs immutable v010 contract
trial_021_20260902_clean_v010,P04,rear_right_ankle,wheel,duration_error_percent,5.6991448597427944e-12,True,,False,raw observation/full12 ledgers vs immutable v010 contract
trial_021_20260902_clean_v010,P04,rear_right_ankle,wheel,command_average_velocity_error_percent,2.422304781000341e-13,True,,False,raw observation/full12 ledgers vs immutable v010 contract
trial_021_20260902_clean_v010,P04,rear_right_ankle,wheel,measured_average_velocity_error_percent,0.2541871415333448,True,,False,raw observation/full12 ledgers vs immutable v010 contract
trial_021_20260902_clean_v010,P04,rear_right_ankle,wheel,command_peak_velocity_error_percent,0.0,True,,False,raw observation/full12 ledgers vs immutable v010 contract
trial_021_20260902_clean_v010,P04,rear_right_ankle,wheel,measured_peak_velocity_error_percent,7.911536140851661,True,,False,raw observation/full12 ledgers vs immutable v010 contract
trial_021_20260902_clean_v010,P04,rear_right_ankle,wheel,command_wheel_integral_error_percent,5.938011025647008e-12,True,,False,raw observation/full12 ledgers vs immutable v010 contract
trial_021_20260902_clean_v010,P04,rear_right_ankle,wheel,actual_wheel_integral_error_percent,0.36623944678048526,True,,False,raw observation/full12 ledgers vs immutable v010 contract
trial_021_20260902_clean_v010,P05,front_left_hip,servo,command_endpoint_error_percent,0.0,True,,False,raw observation/full12 ledgers vs immutable v010 contract
trial_021_20260902_clean_v010,P05,front_left_hip,servo,actual_endpoint_error_percent,1.6191292954185685,True,,False,raw observation/full12 ledgers vs immutable v010 contract
trial_021_20260902_clean_v010,P05,front_left_hip,servo,command_delta_error_percent,0.0,True,,False,raw observation/full12 ledgers vs immutable v010 contract
trial_021_20260902_clean_v010,P05,front_left_hip,servo,actual_delta_error_percent,2.8826866752891647,True,,False,raw observation/full12 ledgers vs immutable v010 contract
trial_021_20260902_clean_v010,P05,front_left_hip,servo,duration_error_percent,5.657574865213446e-12,True,,False,raw observation/full12 ledgers vs immutable v010 contract
trial_021_20260902_clean_v010,P05,front_left_hip,servo,command_average_velocity_error_percent,5.638002142443955e-12,True,,False,raw observation/full12 ledgers vs immutable v010 contract
trial_021_20260902_clean_v010,P05,front_left_hip,servo,measured_average_velocity_error_percent,0.46116903781060653,True,,False,raw observation/full12 ledgers vs immutable v010 contract
trial_021_20260902_clean_v010,P05,front_left_hip,servo,command_peak_velocity_error_percent,5.760133111228545e-12,True,,False,raw observation/full12 ledgers vs immutable v010 contract
trial_021_20260902_clean_v010,P05,front_left_hip,servo,measured_peak_velocity_error_percent,0.3718832437868297,True,,False,raw observation/full12 ledgers vs immutable v010 contract
trial_021_20260902_clean_v010,P05,front_left_hip,servo,trajectory_rmse_percent,1.2170097161047138,True,,False,raw observation/full12 ledgers vs immutable v010 contract
trial_021_20260902_clean_v010,P05,front_left_knee,servo,command_endpoint_error_percent,0.0,True,,False,raw observation/full12 ledgers vs immutable v010 contract
trial_021_20260902_clean_v010,P05,front_left_knee,servo,actual_endpoint_error_percent,0.14822409208029053,True,,False,raw observation/full12 ledgers vs immutable v010 contract
trial_021_20260902_clean_v010,P05,front_left_knee,servo,command_delta_error_percent,0.0,True,,False,raw observation/full12 ledgers vs immutable v010 contract
trial_021_20260902_clean_v010,P05,front_left_knee,servo,actual_delta_error_percent,0.5611449757716109,True,,False,raw observation/full12 ledgers vs immutable v010 contract
trial_021_20260902_clean_v010,P05,front_left_knee,servo,duration_error_percent,5.657574865213446e-12,True,,False,raw observation/full12 ledgers vs immutable v010 contract
trial_021_20260902_clean_v010,P05,front_left_knee,servo,command_average_velocity_error_percent,5.662316976481448e-12,True,,False,raw observation/full12 ledgers vs immutable v010 contract
trial_021_20260902_clean_v010,P05,front_left_knee,servo,measured_average_velocity_error_percent,0.29612002515111924,True,,False,raw observation/full12 ledgers vs immutable v010 contract
trial_021_20260902_clean_v010,P05,front_left_knee,servo,command_peak_velocity_error_percent,5.6843418860808015e-12,True,,False,raw observation/full12 ledgers vs immutable v010 contract
trial_021_20260902_clean_v010,P05,front_left_knee,servo,measured_peak_velocity_error_percent,0.01806369866010365,True,,False,raw observation/full12 ledgers vs immutable v010 contract
trial_021_20260902_clean_v010,P05,front_left_knee,servo,trajectory_rmse_percent,2.3818519421968642,True,,False,raw observation/full12 ledgers vs immutable v010 contract
trial_021_20260902_clean_v010,P05,front_left_ankle,wheel,duration_error_percent,5.657574865213446e-12,True,,False,raw observation/full12 ledgers vs immutable v010 contract
trial_021_20260902_clean_v010,P05,front_left_ankle,wheel,command_average_velocity_error_percent,1.3837169892279397e-12,True,,False,raw observation/full12 ledgers vs immutable v010 contract
trial_021_20260902_clean_v010,P05,front_left_ankle,wheel,measured_average_velocity_error_percent,0.01761993817549124,True,,False,raw observation/full12 ledgers vs immutable v010 contract
trial_021_20260902_clean_v010,P05,front_left_ankle,wheel,command_peak_velocity_error_percent,0.0,True,,False,raw observation/full12 ledgers vs immutable v010 contract
trial_021_20260902_clean_v010,P05,front_left_ankle,wheel,measured_peak_velocity_error_percent,1.0397704303602713,True,,False,raw observation/full12 ledgers vs immutable v010 contract
trial_021_20260902_clean_v010,P05,front_left_ankle,wheel,command_wheel_integral_error_percent,7.0223862858408205e-12,True,,False,raw observation/full12 ledgers vs immutable v010 contract
trial_021_20260902_clean_v010,P05,front_left_ankle,wheel,actual_wheel_integral_error_percent,0.004670898779899508,True,,False,raw observation/full12 ledgers vs immutable v010 contract
trial_021_20260902_clean_v010,P05,front_right_ankle,wheel,duration_error_percent,5.657574865213446e-12,True,,False,raw observation/full12 ledgers vs immutable v010 contract
trial_021_20260902_clean_v010,P05,front_right_ankle,wheel,command_average_velocity_error_percent,1.3837169892279397e-12,True,,False,raw observation/full12 ledgers vs immutable v010 contract
trial_021_20260902_clean_v010,P05,front_right_ankle,wheel,measured_average_velocity_error_percent,0.759543789884981,True,,False,raw observation/full12 ledgers vs immutable v010 contract
trial_021_20260902_clean_v010,P05,front_right_ankle,wheel,command_peak_velocity_error_percent,0.0,True,,False,raw observation/full12 ledgers vs immutable v010 contract
trial_021_20260902_clean_v010,P05,front_right_ankle,wheel,measured_peak_velocity_error_percent,8.943189910149579,True,,False,raw observation/full12 ledgers vs immutable v010 contract
trial_021_20260902_clean_v010,P05,front_right_ankle,wheel,command_wheel_integral_error_percent,7.0223862858408205e-12,True,,False,raw observation/full12 ledgers vs immutable v010 contract
trial_021_20260902_clean_v010,P05,front_right_ankle,wheel,actual_wheel_integral_error_percent,2.169628375370852,True,,False,raw observation/full12 ledgers vs immutable v010 contract
trial_021_20260902_clean_v010,P05,rear_left_ankle,wheel,duration_error_percent,5.657574865213446e-12,True,,False,raw observation/full12 ledgers vs immutable v010 contract
trial_021_20260902_clean_v010,P05,rear_left_ankle,wheel,command_average_velocity_error_percent,1.3837169892279397e-12,True,,False,raw observation/full12 ledgers vs immutable v010 contract
trial_021_20260902_clean_v010,P05,rear_left_ankle,wheel,measured_average_velocity_error_percent,0.7745949067256829,True,,False,raw observation/full12 ledgers vs immutable v010 contract
trial_021_20260902_clean_v010,P05,rear_left_ankle,wheel,command_peak_velocity_error_percent,0.0,True,,False,raw observation/full12 ledgers vs immutable v010 contract
trial_021_20260902_clean_v010,P05,rear_left_ankle,wheel,measured_peak_velocity_error_percent,6.0995221241824735,True,,False,raw observation/full12 ledgers vs immutable v010 contract
trial_021_20260902_clean_v010,P05,rear_left_ankle,wheel,command_wheel_integral_error_percent,7.0223862858408205e-12,True,,False,raw observation/full12 ledgers vs immutable v010 contract
trial_021_20260902_clean_v010,P05,rear_left_ankle,wheel,actual_wheel_integral_error_percent,2.3856057882243666,True,,False,raw observation/full12 ledgers vs immutable v010 contract
trial_021_20260902_clean_v010,P05,rear_right_ankle,wheel,duration_error_percent,5.657574865213446e-12,True,,False,raw observation/full12 ledgers vs immutable v010 contract
trial_021_20260902_clean_v010,P05,rear_right_ankle,wheel,command_average_velocity_error_percent,1.3837169892279397e-12,True,,False,raw observation/full12 ledgers vs immutable v010 contract
trial_021_20260902_clean_v010,P05,rear_right_ankle,wheel,measured_average_velocity_error_percent,0.2602436750130663,True,,False,raw observation/full12 ledgers vs immutable v010 contract
trial_021_20260902_clean_v010,P05,rear_right_ankle,wheel,command_peak_velocity_error_percent,0.0,True,,False,raw observation/full12 ledgers vs immutable v010 contract
trial_021_20260902_clean_v010,P05,rear_right_ankle,wheel,measured_peak_velocity_error_percent,0.21451435937664246,True,,False,raw observation/full12 ledgers vs immutable v010 contract
trial_021_20260902_clean_v010,P05,rear_right_ankle,wheel,command_wheel_integral_error_percent,7.0223862858408205e-12,True,,False,raw observation/full12 ledgers vs immutable v010 contract
trial_021_20260902_clean_v010,P05,rear_right_ankle,wheel,actual_wheel_integral_error_percent,0.2148916748574892,True,,False,raw observation/full12 ledgers vs immutable v010 contract
trial_021_20260902_clean_v010,P06,front_left_ankle,wheel,duration_error_percent,5.690835096460134e-12,True,,False,raw observation/full12 ledgers vs immutable v010 contract
trial_021_20260902_clean_v010,P06,front_left_ankle,wheel,command_average_velocity_error_percent,4.773959005888173e-12,True,,False,raw observation/full12 ledgers vs immutable v010 contract
trial_021_20260902_clean_v010,P06,front_left_ankle,wheel,measured_average_velocity_error_percent,0.8129841478986377,True,,False,raw observation/full12 ledgers vs immutable v010 contract
trial_021_20260902_clean_v010,P06,front_left_ankle,wheel,command_peak_velocity_error_percent,0.0,True,,False,raw observation/full12 ledgers vs immutable v010 contract
trial_021_20260902_clean_v010,P06,front_left_ankle,wheel,measured_peak_velocity_error_percent,6.582590813291411,True,,False,raw observation/full12 ledgers vs immutable v010 contract
trial_021_20260902_clean_v010,P06,front_left_ankle,wheel,command_wheel_integral_error_percent,9.160064641816435e-13,True,,False,raw observation/full12 ledgers vs immutable v010 contract
trial_021_20260902_clean_v010,P06,front_left_ankle,wheel,actual_wheel_integral_error_percent,0.8217307310342378,True,,False,raw observation/full12 ledgers vs immutable v010 contract
trial_021_20260902_clean_v010,P06,front_right_ankle,wheel,duration_error_percent,5.690835096460134e-12,True,,False,raw observation/full12 ledgers vs immutable v010 contract
trial_021_20260902_clean_v010,P06,front_right_ankle,wheel,command_average_velocity_error_percent,4.773959005888173e-12,True,,False,raw observation/full12 ledgers vs immutable v010 contract
trial_021_20260902_clean_v010,P06,front_right_ankle,wheel,measured_average_velocity_error_percent,2.3824811711242466,True,,False,raw observation/full12 ledgers vs immutable v010 contract
trial_021_20260902_clean_v010,P06,front_right_ankle,wheel,command_peak_velocity_error_percent,0.0,True,,False,raw observation/full12 ledgers vs immutable v010 contract
trial_021_20260902_clean_v010,P06,front_right_ankle,wheel,measured_peak_velocity_error_percent,2.688487783992743,True,,False,raw observation/full12 ledgers vs immutable v010 contract
trial_021_20260902_clean_v010,P06,front_right_ankle,wheel,command_wheel_integral_error_percent,9.160064641816435e-13,True,,False,raw observation/full12 ledgers vs immutable v010 contract
trial_021_20260902_clean_v010,P06,front_right_ankle,wheel,actual_wheel_integral_error_percent,2.3854332891960746,True,,False,raw observation/full12 ledgers vs immutable v010 contract
trial_021_20260902_clean_v010,P06,rear_left_ankle,wheel,duration_error_percent,5.690835096460134e-12,True,,False,raw observation/full12 ledgers vs immutable v010 contract
trial_021_20260902_clean_v010,P06,rear_left_ankle,wheel,command_average_velocity_error_percent,4.773959005888173e-12,True,,False,raw observation/full12 ledgers vs immutable v010 contract
trial_021_20260902_clean_v010,P06,rear_left_ankle,wheel,measured_average_velocity_error_percent,1.2877530929239334,True,,False,raw observation/full12 ledgers vs immutable v010 contract
trial_021_20260902_clean_v010,P06,rear_left_ankle,wheel,command_peak_velocity_error_percent,0.0,True,,False,raw observation/full12 ledgers vs immutable v010 contract
trial_021_20260902_clean_v010,P06,rear_left_ankle,wheel,measured_peak_velocity_error_percent,4.10082766728304,True,,False,raw observation/full12 ledgers vs immutable v010 contract
trial_021_20260902_clean_v010,P06,rear_left_ankle,wheel,command_wheel_integral_error_percent,9.160064641816435e-13,True,,False,raw observation/full12 ledgers vs immutable v010 contract
trial_021_20260902_clean_v010,P06,rear_left_ankle,wheel,actual_wheel_integral_error_percent,1.2871132309518594,True,,False,raw observation/full12 ledgers vs immutable v010 contract
trial_021_20260902_clean_v010,P06,rear_right_ankle,wheel,duration_error_percent,5.690835096460134e-12,True,,False,raw observation/full12 ledgers vs immutable v010 contract
trial_021_20260902_clean_v010,P06,rear_right_ankle,wheel,command_average_velocity_error_percent,4.773959005888173e-12,True,,False,raw observation/full12 ledgers vs immutable v010 contract
trial_021_20260902_clean_v010,P06,rear_right_ankle,wheel,measured_average_velocity_error_percent,0.49904442571544766,True,,False,raw observation/full12 ledgers vs immutable v010 contract
trial_021_20260902_clean_v010,P06,rear_right_ankle,wheel,command_peak_velocity_error_percent,0.0,True,,False,raw observation/full12 ledgers vs immutable v010 contract
trial_021_20260902_clean_v010,P06,rear_right_ankle,wheel,measured_peak_velocity_error_percent,8.873699961934637,True,,False,raw observation/full12 ledgers vs immutable v010 contract
trial_021_20260902_clean_v010,P06,rear_right_ankle,wheel,command_wheel_integral_error_percent,9.160064641816435e-13,True,,False,raw observation/full12 ledgers vs immutable v010 contract
trial_021_20260902_clean_v010,P06,rear_right_ankle,wheel,actual_wheel_integral_error_percent,0.5010679600492728,True,,False,raw observation/full12 ledgers vs immutable v010 contract
trial_021_20260902_clean_v010,P07,front_left_hip,servo,command_endpoint_error_percent,0.0,True,,False,raw observation/full12 ledgers vs immutable v010 contract
trial_021_20260902_clean_v010,P07,front_left_hip,servo,actual_endpoint_error_percent,1.4864523399080787,True,,False,raw observation/full12 ledgers vs immutable v010 contract
trial_021_20260902_clean_v010,P07,front_left_hip,servo,command_delta_error_percent,0.0,True,,False,raw observation/full12 ledgers vs immutable v010 contract
trial_021_20260902_clean_v010,P07,front_left_hip,servo,actual_delta_error_percent,1.6318856558271657,True,,False,raw observation/full12 ledgers vs immutable v010 contract
trial_021_20260902_clean_v010,P07,front_left_hip,servo,duration_error_percent,5.5422333389290965e-12,True,,False,raw observation/full12 ledgers vs immutable v010 contract
trial_021_20260902_clean_v010,P07,front_left_hip,servo,command_average_velocity_error_percent,5.569118739741008e-12,True,,False,raw observation/full12 ledgers vs immutable v010 contract
trial_021_20260902_clean_v010,P07,front_left_hip,servo,measured_average_velocity_error_percent,0.5825655805580202,True,,False,raw observation/full12 ledgers vs immutable v010 contract
trial_021_20260902_clean_v010,P07,front_left_hip,servo,command_peak_velocity_error_percent,5.6843418860808015e-12,True,,False,raw observation/full12 ledgers vs immutable v010 contract
trial_021_20260902_clean_v010,P07,front_left_hip,servo,measured_peak_velocity_error_percent,0.12065027854265335,True,,False,raw observation/full12 ledgers vs immutable v010 contract
trial_021_20260902_clean_v010,P07,front_left_hip,servo,trajectory_rmse_percent,0.555629243215511,True,,False,raw observation/full12 ledgers vs immutable v010 contract
trial_021_20260902_clean_v010,P07,front_right_knee,servo,command_endpoint_error_percent,0.0,True,,False,raw observation/full12 ledgers vs immutable v010 contract
trial_021_20260902_clean_v010,P07,front_right_knee,servo,actual_endpoint_error_percent,0.1739621491646256,True,,False,raw observation/full12 ledgers vs immutable v010 contract
trial_021_20260902_clean_v010,P07,front_right_knee,servo,command_delta_error_percent,0.0,True,,False,raw observation/full12 ledgers vs immutable v010 contract
trial_021_20260902_clean_v010,P07,front_right_knee,servo,actual_delta_error_percent,7.961923825527771,True,,False,raw observation/full12 ledgers vs immutable v010 contract
trial_021_20260902_clean_v010,P07,front_right_knee,servo,duration_error_percent,5.5422333389290965e-12,True,,False,raw observation/full12 ledgers vs immutable v010 contract
trial_021_20260902_clean_v010,P07,front_right_knee,servo,command_average_velocity_error_percent,5.541113113894611e-12,True,,False,raw observation/full12 ledgers vs immutable v010 contract
trial_021_20260902_clean_v010,P07,front_right_knee,servo,measured_average_velocity_error_percent,2.4853567756639814,True,,False,raw observation/full12 ledgers vs immutable v010 contract
trial_021_20260902_clean_v010,P07,front_right_knee,servo,command_peak_velocity_error_percent,5.6843418860808015e-12,True,,False,raw observation/full12 ledgers vs immutable v010 contract
trial_021_20260902_clean_v010,P07,front_right_knee,servo,measured_peak_velocity_error_percent,7.255058959810693,True,,False,raw observation/full12 ledgers vs immutable v010 contract
trial_021_20260902_clean_v010,P07,front_right_knee,servo,trajectory_rmse_percent,6.407166606736771,True,,False,raw observation/full12 ledgers vs immutable v010 contract
trial_021_20260902_clean_v010,P07,front_right_ankle,wheel,duration_error_percent,5.5422333389290965e-12,True,,False,raw observation/full12 ledgers vs immutable v010 contract
trial_021_20260902_clean_v010,P07,front_right_ankle,wheel,command_average_velocity_error_percent,3.3776626410553707e-13,True,,False,raw observation/full12 ledgers vs immutable v010 contract
trial_021_20260902_clean_v010,P07,front_right_ankle,wheel,measured_average_velocity_error_percent,0.2800995895568256,True,,False,raw observation/full12 ledgers vs immutable v010 contract
trial_021_20260902_clean_v010,P07,front_right_ankle,wheel,command_peak_velocity_error_percent,0.0,True,,False,raw observation/full12 ledgers vs immutable v010 contract
trial_021_20260902_clean_v010,P07,front_right_ankle,wheel,measured_peak_velocity_error_percent,8.59273501105341,True,,False,raw observation/full12 ledgers vs immutable v010 contract
trial_021_20260902_clean_v010,P07,front_right_ankle,wheel,command_wheel_integral_error_percent,5.868321701590447e-12,True,,False,raw observation/full12 ledgers vs immutable v010 contract
trial_021_20260902_clean_v010,P07,front_right_ankle,wheel,actual_wheel_integral_error_percent,0.21134595992891356,True,,False,raw observation/full12 ledgers vs immutable v010 contract
trial_021_20260902_clean_v010,P08,rear_left_hip,servo,command_endpoint_error_percent,1.4620220900413587e-14,True,,False,raw observation/full12 ledgers vs immutable v010 contract
trial_021_20260902_clean_v010,P08,rear_left_hip,servo,actual_endpoint_error_percent,1.6806762602129213,True,,False,raw observation/full12 ledgers vs immutable v010 contract
trial_021_20260902_clean_v010,P08,rear_left_hip,servo,command_delta_error_percent,0.0,True,,False,raw observation/full12 ledgers vs immutable v010 contract
trial_021_20260902_clean_v010,P08,rear_left_hip,servo,actual_delta_error_percent,2.497038458788433,True,,False,raw observation/full12 ledgers vs immutable v010 contract
trial_021_20260902_clean_v010,P08,rear_left_hip,servo,duration_error_percent,5.329070518201054e-12,True,,False,raw observation/full12 ledgers vs immutable v010 contract
trial_021_20260902_clean_v010,P08,rear_left_hip,servo,command_average_velocity_error_percent,5.345152761190903e-12,True,,False,raw observation/full12 ledgers vs immutable v010 contract
trial_021_20260902_clean_v010,P08,rear_left_hip,servo,measured_average_velocity_error_percent,1.6352953628462266,True,,False,raw observation/full12 ledgers vs immutable v010 contract
trial_021_20260902_clean_v010,P08,rear_left_hip,servo,command_peak_velocity_error_percent,5.6843418860808015e-12,True,,False,raw observation/full12 ledgers vs immutable v010 contract
trial_021_20260902_clean_v010,P08,rear_left_hip,servo,measured_peak_velocity_error_percent,3.554677360027985,True,,False,raw observation/full12 ledgers vs immutable v010 contract
trial_021_20260902_clean_v010,P08,rear_left_hip,servo,trajectory_rmse_percent,0.5707047736659704,True,,False,raw observation/full12 ledgers vs immutable v010 contract
trial_021_20260902_clean_v010,P09,front_left_hip,servo,command_endpoint_error_percent,0.0,True,,False,raw observation/full12 ledgers vs immutable v010 contract
trial_021_20260902_clean_v010,P09,front_left_hip,servo,actual_endpoint_error_percent,0.5301919390969396,True,,False,raw observation/full12 ledgers vs immutable v010 contract
trial_021_20260902_clean_v010,P09,front_left_hip,servo,command_delta_error_percent,0.0,True,,False,raw observation/full12 ledgers vs immutable v010 contract
trial_021_20260902_clean_v010,P09,front_left_hip,servo,actual_delta_error_percent,0.5304192133425291,True,,False,raw observation/full12 ledgers vs immutable v010 contract
trial_021_20260902_clean_v010,P09,front_left_hip,servo,duration_error_percent,3.1777050127038847e-11,True,,False,raw observation/full12 ledgers vs immutable v010 contract
trial_021_20260902_clean_v010,P09,front_left_hip,servo,command_average_velocity_error_percent,3.178403249875698e-11,True,,False,raw observation/full12 ledgers vs immutable v010 contract
trial_021_20260902_clean_v010,P09,front_left_hip,servo,measured_average_velocity_error_percent,7.3240448499632755,True,,False,raw observation/full12 ledgers vs immutable v010 contract
trial_021_20260902_clean_v010,P09,front_left_hip,servo,command_peak_velocity_error_percent,9.094947017729282e-11,True,,False,raw observation/full12 ledgers vs immutable v010 contract
trial_021_20260902_clean_v010,P09,front_left_hip,servo,measured_peak_velocity_error_percent,2.181878719245566,True,,False,raw observation/full12 ledgers vs immutable v010 contract
trial_021_20260902_clean_v010,P09,front_left_hip,servo,trajectory_rmse_percent,0.7021122898469997,True,,False,raw observation/full12 ledgers vs immutable v010 contract
trial_021_20260902_clean_v010,P09,front_left_knee,servo,command_endpoint_error_percent,0.0,True,,False,raw observation/full12 ledgers vs immutable v010 contract
trial_021_20260902_clean_v010,P09,front_left_knee,servo,actual_endpoint_error_percent,1.8539220409660828,True,,False,raw observation/full12 ledgers vs immutable v010 contract
trial_021_20260902_clean_v010,P09,front_left_knee,servo,command_delta_error_percent,0.0,True,,False,raw observation/full12 ledgers vs immutable v010 contract
trial_021_20260902_clean_v010,P09,front_left_knee,servo,actual_delta_error_percent,0.5544406058757624,True,,False,raw observation/full12 ledgers vs immutable v010 contract
trial_021_20260902_clean_v010,P09,front_left_knee,servo,duration_error_percent,3.1777050127038847e-11,True,,False,raw observation/full12 ledgers vs immutable v010 contract
trial_021_20260902_clean_v010,P09,front_left_knee,servo,command_average_velocity_error_percent,2.383426789265286e-11,True,,False,raw observation/full12 ledgers vs immutable v010 contract
trial_021_20260902_clean_v010,P09,front_left_knee,servo,measured_average_velocity_error_percent,0.0016069458828097008,True,,False,raw observation/full12 ledgers vs immutable v010 contract
trial_021_20260902_clean_v010,P09,front_left_knee,servo,command_peak_velocity_error_percent,9.094947017729282e-11,True,,False,raw observation/full12 ledgers vs immutable v010 contract
trial_021_20260902_clean_v010,P09,front_left_knee,servo,measured_peak_velocity_error_percent,0.2944154430049581,True,,False,raw observation/full12 ledgers vs immutable v010 contract
trial_021_20260902_clean_v010,P09,front_left_knee,servo,trajectory_rmse_percent,3.421814456345642,True,,False,raw observation/full12 ledgers vs immutable v010 contract
trial_021_20260902_clean_v010,P09,rear_left_hip,servo,command_endpoint_error_percent,0.0,True,,False,raw observation/full12 ledgers vs immutable v010 contract
trial_021_20260902_clean_v010,P09,rear_left_hip,servo,actual_endpoint_error_percent,2.420523937952671,True,,False,raw observation/full12 ledgers vs immutable v010 contract
trial_021_20260902_clean_v010,P09,rear_left_hip,servo,command_delta_error_percent,2.24855296126614e-14,True,,False,raw observation/full12 ledgers vs immutable v010 contract
trial_021_20260902_clean_v010,P09,rear_left_hip,servo,actual_delta_error_percent,2.0424859361060776,True,,False,raw observation/full12 ledgers vs immutable v010 contract
trial_021_20260902_clean_v010,P09,rear_left_hip,servo,duration_error_percent,3.1777050127038847e-11,True,,False,raw observation/full12 ledgers vs immutable v010 contract
trial_021_20260902_clean_v010,P09,rear_left_hip,servo,command_average_velocity_error_percent,2.092992446023345e-11,True,,False,raw observation/full12 ledgers vs immutable v010 contract
trial_021_20260902_clean_v010,P09,rear_left_hip,servo,measured_average_velocity_error_percent,1.4107968930174852,True,,False,raw observation/full12 ledgers vs immutable v010 contract
trial_021_20260902_clean_v010,P09,rear_left_hip,servo,command_peak_velocity_error_percent,9.094947017729282e-11,True,,False,raw observation/full12 ledgers vs immutable v010 contract
trial_021_20260902_clean_v010,P09,rear_left_hip,servo,measured_peak_velocity_error_percent,2.3501196252534777,True,,False,raw observation/full12 ledgers vs immutable v010 contract
trial_021_20260902_clean_v010,P09,rear_left_hip,servo,trajectory_rmse_percent,0.349874690364901,True,,False,raw observation/full12 ledgers vs immutable v010 contract
trial_021_20260902_clean_v010,P09,rear_left_knee,servo,command_endpoint_error_percent,0.0,True,,False,raw observation/full12 ledgers vs immutable v010 contract
trial_021_20260902_clean_v010,P09,rear_left_knee,servo,actual_endpoint_error_percent,3.501792218156674,True,,False,raw observation/full12 ledgers vs immutable v010 contract
trial_021_20260902_clean_v010,P09,rear_left_knee,servo,command_delta_error_percent,0.0,True,,False,raw observation/full12 ledgers vs immutable v010 contract
trial_021_20260902_clean_v010,P09,rear_left_knee,servo,actual_delta_error_percent,4.117760197885388,True,,False,raw observation/full12 ledgers vs immutable v010 contract
trial_021_20260902_clean_v010,P09,rear_left_knee,servo,duration_error_percent,3.1777050127038847e-11,True,,False,raw observation/full12 ledgers vs immutable v010 contract
trial_021_20260902_clean_v010,P09,rear_left_knee,servo,command_average_velocity_error_percent,2.5686119897727622e-11,True,,False,raw observation/full12 ledgers vs immutable v010 contract
trial_021_20260902_clean_v010,P09,rear_left_knee,servo,measured_average_velocity_error_percent,1.6185313692488736,True,,False,raw observation/full12 ledgers vs immutable v010 contract
trial_021_20260902_clean_v010,P09,rear_left_knee,servo,command_peak_velocity_error_percent,9.094947017729282e-11,True,,False,raw observation/full12 ledgers vs immutable v010 contract
trial_021_20260902_clean_v010,P09,rear_left_knee,servo,measured_peak_velocity_error_percent,8.757531016216316,True,,False,raw observation/full12 ledgers vs immutable v010 contract
trial_021_20260902_clean_v010,P09,rear_left_knee,servo,trajectory_rmse_percent,0.6516545060338937,True,,False,raw observation/full12 ledgers vs immutable v010 contract
trial_021_20260902_clean_v010,P09,rear_right_hip,servo,command_endpoint_error_percent,0.0,True,,False,raw observation/full12 ledgers vs immutable v010 contract
trial_021_20260902_clean_v010,P09,rear_right_hip,servo,actual_endpoint_error_percent,5.658941649432167,True,,False,raw observation/full12 ledgers vs immutable v010 contract
trial_021_20260902_clean_v010,P09,rear_right_hip,servo,command_delta_error_percent,0.0,True,,False,raw observation/full12 ledgers vs immutable v010 contract
trial_021_20260902_clean_v010,P09,rear_right_hip,servo,actual_delta_error_percent,4.759324457109047,True,,False,raw observation/full12 ledgers vs immutable v010 contract
trial_021_20260902_clean_v010,P09,rear_right_hip,servo,duration_error_percent,3.1777050127038847e-11,True,,False,raw observation/full12 ledgers vs immutable v010 contract
trial_021_20260902_clean_v010,P09,rear_right_hip,servo,command_average_velocity_error_percent,3.179573454653826e-11,True,,False,raw observation/full12 ledgers vs immutable v010 contract
trial_021_20260902_clean_v010,P09,rear_right_hip,servo,measured_average_velocity_error_percent,0.6668414734748094,True,,False,raw observation/full12 ledgers vs immutable v010 contract
trial_021_20260902_clean_v010,P09,rear_right_hip,servo,command_peak_velocity_error_percent,9.094947017729282e-11,True,,False,raw observation/full12 ledgers vs immutable v010 contract
trial_021_20260902_clean_v010,P09,rear_right_hip,servo,measured_peak_velocity_error_percent,1.5721695580316075,True,,False,raw observation/full12 ledgers vs immutable v010 contract
trial_021_20260902_clean_v010,P09,rear_right_hip,servo,trajectory_rmse_percent,1.3051891424193305,True,,False,raw observation/full12 ledgers vs immutable v010 contract
trial_021_20260902_clean_v010,P09,rear_right_knee,servo,command_endpoint_error_percent,0.0,True,,False,raw observation/full12 ledgers vs immutable v010 contract
trial_021_20260902_clean_v010,P09,rear_right_knee,servo,actual_endpoint_error_percent,0.2843743840149844,True,,False,raw observation/full12 ledgers vs immutable v010 contract
trial_021_20260902_clean_v010,P09,rear_right_knee,servo,command_delta_error_percent,0.0,True,,False,raw observation/full12 ledgers vs immutable v010 contract
trial_021_20260902_clean_v010,P09,rear_right_knee,servo,actual_delta_error_percent,0.4165189364587921,True,,False,raw observation/full12 ledgers vs immutable v010 contract
trial_021_20260902_clean_v010,P09,rear_right_knee,servo,duration_error_percent,3.1777050127038847e-11,True,,False,raw observation/full12 ledgers vs immutable v010 contract
trial_021_20260902_clean_v010,P09,rear_right_knee,servo,command_average_velocity_error_percent,3.177141089899741e-11,True,,False,raw observation/full12 ledgers vs immutable v010 contract
trial_021_20260902_clean_v010,P09,rear_right_knee,servo,measured_average_velocity_error_percent,0.15916488661258732,True,,False,raw observation/full12 ledgers vs immutable v010 contract
trial_021_20260902_clean_v010,P09,rear_right_knee,servo,command_peak_velocity_error_percent,5.6843418860808015e-12,True,,False,raw observation/full12 ledgers vs immutable v010 contract
trial_021_20260902_clean_v010,P09,rear_right_knee,servo,measured_peak_velocity_error_percent,1.0456181217287466,True,,False,raw observation/full12 ledgers vs immutable v010 contract
trial_021_20260902_clean_v010,P09,rear_right_knee,servo,trajectory_rmse_percent,3.869090273931964,True,,False,raw observation/full12 ledgers vs immutable v010 contract
trial_021_20260902_clean_v010,P09,front_left_ankle,wheel,duration_error_percent,3.1777050127038847e-11,True,,False,raw observation/full12 ledgers vs immutable v010 contract
trial_021_20260902_clean_v010,P09,front_left_ankle,wheel,command_average_velocity_error_percent,0.3733876442933252,True,,False,raw observation/full12 ledgers vs immutable v010 contract
trial_021_20260902_clean_v010,P09,front_left_ankle,wheel,measured_average_velocity_error_percent,1.3046211112238533,True,,False,raw observation/full12 ledgers vs immutable v010 contract
trial_021_20260902_clean_v010,P09,front_left_ankle,wheel,command_peak_velocity_error_percent,0.0,True,,False,raw observation/full12 ledgers vs immutable v010 contract
trial_021_20260902_clean_v010,P09,front_left_ankle,wheel,measured_peak_velocity_error_percent,25.907079559319314,True,,False,raw observation/full12 ledgers vs immutable v010 contract
trial_021_20260902_clean_v010,P09,front_left_ankle,wheel,command_wheel_integral_error_percent,1.2141280354570065,True,,False,raw observation/full12 ledgers vs immutable v010 contract
trial_021_20260902_clean_v010,P09,front_left_ankle,wheel,actual_wheel_integral_error_percent,16.345044859419914,True,,False,raw observation/full12 ledgers vs immutable v010 contract
trial_021_20260902_clean_v010,P09,front_right_ankle,wheel,duration_error_percent,3.1777050127038847e-11,True,,False,raw observation/full12 ledgers vs immutable v010 contract
trial_021_20260902_clean_v010,P09,front_right_ankle,wheel,command_average_velocity_error_percent,3.780309398848657e-12,True,,False,raw observation/full12 ledgers vs immutable v010 contract
trial_021_20260902_clean_v010,P09,front_right_ankle,wheel,measured_average_velocity_error_percent,1.7360311957697492,True,,False,raw observation/full12 ledgers vs immutable v010 contract
trial_021_20260902_clean_v010,P09,front_right_ankle,wheel,command_peak_velocity_error_percent,0.0,True,,False,raw observation/full12 ledgers vs immutable v010 contract
trial_021_20260902_clean_v010,P09,front_right_ankle,wheel,measured_peak_velocity_error_percent,40.94440145211522,False,REFERENCE_DIVERGENCE_WARNING,False,raw observation/full12 ledgers vs immutable v010 contract
trial_021_20260902_clean_v010,P09,front_right_ankle,wheel,command_wheel_integral_error_percent,2.732019403733724e-11,True,,False,raw observation/full12 ledgers vs immutable v010 contract
trial_021_20260902_clean_v010,P09,front_right_ankle,wheel,actual_wheel_integral_error_percent,0.09141686518611737,True,,False,raw observation/full12 ledgers vs immutable v010 contract
trial_021_20260902_clean_v010,P09,rear_left_ankle,wheel,duration_error_percent,3.1777050127038847e-11,True,,False,raw observation/full12 ledgers vs immutable v010 contract
trial_021_20260902_clean_v010,P09,rear_left_ankle,wheel,command_average_velocity_error_percent,3.780309398848657e-12,True,,False,raw observation/full12 ledgers vs immutable v010 contract
trial_021_20260902_clean_v010,P09,rear_left_ankle,wheel,measured_average_velocity_error_percent,0.24976281122922614,True,,False,raw observation/full12 ledgers vs immutable v010 contract
trial_021_20260902_clean_v010,P09,rear_left_ankle,wheel,command_peak_velocity_error_percent,0.0,True,,False,raw observation/full12 ledgers vs immutable v010 contract
trial_021_20260902_clean_v010,P09,rear_left_ankle,wheel,measured_peak_velocity_error_percent,52.75013911083131,False,REFERENCE_DIVERGENCE_WARNING,False,raw observation/full12 ledgers vs immutable v010 contract
trial_021_20260902_clean_v010,P09,rear_left_ankle,wheel,command_wheel_integral_error_percent,2.732019403733724e-11,True,,False,raw observation/full12 ledgers vs immutable v010 contract
trial_021_20260902_clean_v010,P09,rear_left_ankle,wheel,actual_wheel_integral_error_percent,0.8281425372239332,True,,False,raw observation/full12 ledgers vs immutable v010 contract
trial_021_20260902_clean_v010,P09,rear_right_ankle,wheel,duration_error_percent,3.1777050127038847e-11,True,,False,raw observation/full12 ledgers vs immutable v010 contract
trial_021_20260902_clean_v010,P09,rear_right_ankle,wheel,command_average_velocity_error_percent,3.780309398848657e-12,True,,False,raw observation/full12 ledgers vs immutable v010 contract
trial_021_20260902_clean_v010,P09,rear_right_ankle,wheel,measured_average_velocity_error_percent,1.0699540744949043,True,,False,raw observation/full12 ledgers vs immutable v010 contract
trial_021_20260902_clean_v010,P09,rear_right_ankle,wheel,command_peak_velocity_error_percent,0.0,True,,False,raw observation/full12 ledgers vs immutable v010 contract
trial_021_20260902_clean_v010,P09,rear_right_ankle,wheel,measured_peak_velocity_error_percent,6.4840848048672735,True,,False,raw observation/full12 ledgers vs immutable v010 contract
trial_021_20260902_clean_v010,P09,rear_right_ankle,wheel,command_wheel_integral_error_percent,2.732019403733724e-11,True,,False,raw observation/full12 ledgers vs immutable v010 contract
trial_021_20260902_clean_v010,P09,rear_right_ankle,wheel,actual_wheel_integral_error_percent,0.8218344994556538,True,,False,raw observation/full12 ledgers vs immutable v010 contract
trial_021_20260902_clean_v010,P10,rear_right_knee,servo,command_endpoint_error_percent,0.0,True,,False,raw observation/full12 ledgers vs immutable v010 contract
trial_021_20260902_clean_v010,P10,rear_right_knee,servo,actual_endpoint_error_percent,11.675016324819424,True,,False,raw observation/full12 ledgers vs immutable v010 contract
trial_021_20260902_clean_v010,P10,rear_right_knee,servo,command_delta_error_percent,0.0,True,,False,raw observation/full12 ledgers vs immutable v010 contract
trial_021_20260902_clean_v010,P10,rear_right_knee,servo,actual_delta_error_percent,8.426778106376695,True,,False,raw observation/full12 ledgers vs immutable v010 contract
trial_021_20260902_clean_v010,P10,rear_right_knee,servo,duration_error_percent,8.526512829114417e-11,True,,False,raw observation/full12 ledgers vs immutable v010 contract
trial_021_20260902_clean_v010,P10,rear_right_knee,servo,command_average_velocity_error_percent,8.526512829127989e-11,True,,False,raw observation/full12 ledgers vs immutable v010 contract
trial_021_20260902_clean_v010,P10,rear_right_knee,servo,measured_average_velocity_error_percent,20.00201082925726,True,,False,raw observation/full12 ledgers vs immutable v010 contract
trial_021_20260902_clean_v010,P10,rear_right_knee,servo,command_peak_velocity_error_percent,9.094947017729282e-11,True,,False,raw observation/full12 ledgers vs immutable v010 contract
trial_021_20260902_clean_v010,P10,rear_right_knee,servo,measured_peak_velocity_error_percent,22.891476358942494,True,,False,raw observation/full12 ledgers vs immutable v010 contract
trial_021_20260902_clean_v010,P10,rear_right_knee,servo,trajectory_rmse_percent,4.092133505458661,True,,False,raw observation/full12 ledgers vs immutable v010 contract
trial_021_20260902_clean_v010,P11,front_right_hip,servo,command_endpoint_error_percent,0.0,True,,False,raw observation/full12 ledgers vs immutable v010 contract
trial_021_20260902_clean_v010,P11,front_right_hip,servo,actual_endpoint_error_percent,3.5409365515956326,True,,False,raw observation/full12 ledgers vs immutable v010 contract
trial_021_20260902_clean_v010,P11,front_right_hip,servo,command_delta_error_percent,0.0,True,,False,raw observation/full12 ledgers vs immutable v010 contract
trial_021_20260902_clean_v010,P11,front_right_hip,servo,actual_delta_error_percent,3.909362558315679,True,,False,raw observation/full12 ledgers vs immutable v010 contract
trial_021_20260902_clean_v010,P11,front_right_hip,servo,duration_error_percent,7.917476198463387e-11,True,,False,raw observation/full12 ledgers vs immutable v010 contract
trial_021_20260902_clean_v010,P11,front_right_hip,servo,command_average_velocity_error_percent,7.91643008080659e-11,True,,False,raw observation/full12 ledgers vs immutable v010 contract
trial_021_20260902_clean_v010,P11,front_right_hip,servo,measured_average_velocity_error_percent,0.6652037036327106,True,,False,raw observation/full12 ledgers vs immutable v010 contract
trial_021_20260902_clean_v010,P11,front_right_hip,servo,command_peak_velocity_error_percent,9.094947017729282e-11,True,,False,raw observation/full12 ledgers vs immutable v010 contract
trial_021_20260902_clean_v010,P11,front_right_hip,servo,measured_peak_velocity_error_percent,0.3165491111092855,True,,False,raw observation/full12 ledgers vs immutable v010 contract
trial_021_20260902_clean_v010,P11,front_right_hip,servo,trajectory_rmse_percent,3.7236958698364835,True,,False,raw observation/full12 ledgers vs immutable v010 contract
trial_021_20260902_clean_v010,P12,rear_left_hip,servo,command_endpoint_error_percent,0.0,True,,False,raw observation/full12 ledgers vs immutable v010 contract
trial_021_20260902_clean_v010,P12,rear_left_hip,servo,actual_endpoint_error_percent,4.915904355718179,True,,False,raw observation/full12 ledgers vs immutable v010 contract
trial_021_20260902_clean_v010,P12,rear_left_hip,servo,command_delta_error_percent,0.0,True,,False,raw observation/full12 ledgers vs immutable v010 contract
trial_021_20260902_clean_v010,P12,rear_left_hip,servo,actual_delta_error_percent,3.0500640810679993,True,,False,raw observation/full12 ledgers vs immutable v010 contract
trial_021_20260902_clean_v010,P12,rear_left_hip,servo,duration_error_percent,7.97837986152849e-11,True,,False,raw observation/full12 ledgers vs immutable v010 contract
trial_021_20260902_clean_v010,P12,rear_left_hip,servo,command_average_velocity_error_percent,7.97677569908224e-11,True,,False,raw observation/full12 ledgers vs immutable v010 contract
trial_021_20260902_clean_v010,P12,rear_left_hip,servo,measured_average_velocity_error_percent,1.41736963764773,True,,False,raw observation/full12 ledgers vs immutable v010 contract
trial_021_20260902_clean_v010,P12,rear_left_hip,servo,command_peak_velocity_error_percent,9.123368727159686e-11,True,,False,raw observation/full12 ledgers vs immutable v010 contract
trial_021_20260902_clean_v010,P12,rear_left_hip,servo,measured_peak_velocity_error_percent,0.7987816127397694,True,,False,raw observation/full12 ledgers vs immutable v010 contract
trial_021_20260902_clean_v010,P12,rear_left_hip,servo,trajectory_rmse_percent,2.14386016126595,True,,False,raw observation/full12 ledgers vs immutable v010 contract
trial_021_20260902_clean_v010,P12,rear_left_knee,servo,command_endpoint_error_percent,9.32470781837402e-15,True,,False,raw observation/full12 ledgers vs immutable v010 contract
trial_021_20260902_clean_v010,P12,rear_left_knee,servo,actual_endpoint_error_percent,0.08159924817481885,True,,False,raw observation/full12 ledgers vs immutable v010 contract
trial_021_20260902_clean_v010,P12,rear_left_knee,servo,command_delta_error_percent,0.0,True,,False,raw observation/full12 ledgers vs immutable v010 contract
trial_021_20260902_clean_v010,P12,rear_left_knee,servo,actual_delta_error_percent,2.9515828892445293,True,,False,raw observation/full12 ledgers vs immutable v010 contract
trial_021_20260902_clean_v010,P12,rear_left_knee,servo,duration_error_percent,7.97837986152849e-11,True,,False,raw observation/full12 ledgers vs immutable v010 contract
trial_021_20260902_clean_v010,P12,rear_left_knee,servo,command_average_velocity_error_percent,7.976579180992765e-11,True,,False,raw observation/full12 ledgers vs immutable v010 contract
trial_021_20260902_clean_v010,P12,rear_left_knee,servo,measured_average_velocity_error_percent,0.03888747246662833,True,,False,raw observation/full12 ledgers vs immutable v010 contract
trial_021_20260902_clean_v010,P12,rear_left_knee,servo,command_peak_velocity_error_percent,9.094947017729282e-11,True,,False,raw observation/full12 ledgers vs immutable v010 contract
trial_021_20260902_clean_v010,P12,rear_left_knee,servo,measured_peak_velocity_error_percent,0.03287752243135101,True,,False,raw observation/full12 ledgers vs immutable v010 contract
trial_021_20260902_clean_v010,P12,rear_left_knee,servo,trajectory_rmse_percent,3.0752862616578,True,,False,raw observation/full12 ledgers vs immutable v010 contract
trial_021_20260902_clean_v010,P12,front_left_ankle,wheel,duration_error_percent,7.97837986152849e-11,True,,False,raw observation/full12 ledgers vs immutable v010 contract
trial_021_20260902_clean_v010,P12,front_left_ankle,wheel,command_average_velocity_error_percent,1.9984014443252815e-13,True,,False,raw observation/full12 ledgers vs immutable v010 contract
trial_021_20260902_clean_v010,P12,front_left_ankle,wheel,measured_average_velocity_error_percent,0.6315347743535453,True,,False,raw observation/full12 ledgers vs immutable v010 contract
trial_021_20260902_clean_v010,P12,front_left_ankle,wheel,command_peak_velocity_error_percent,0.0,True,,False,raw observation/full12 ledgers vs immutable v010 contract
trial_021_20260902_clean_v010,P12,front_left_ankle,wheel,measured_peak_velocity_error_percent,39.95643378386087,False,REFERENCE_DIVERGENCE_WARNING,False,raw observation/full12 ledgers vs immutable v010 contract
trial_021_20260902_clean_v010,P12,front_left_ankle,wheel,command_wheel_integral_error_percent,7.954916187042709e-11,True,,False,raw observation/full12 ledgers vs immutable v010 contract
trial_021_20260902_clean_v010,P12,front_left_ankle,wheel,actual_wheel_integral_error_percent,4.943417318047215,True,,False,raw observation/full12 ledgers vs immutable v010 contract
trial_021_20260902_clean_v010,P12,front_right_ankle,wheel,duration_error_percent,7.97837986152849e-11,True,,False,raw observation/full12 ledgers vs immutable v010 contract
trial_021_20260902_clean_v010,P12,front_right_ankle,wheel,command_average_velocity_error_percent,1.9984014443252815e-13,True,,False,raw observation/full12 ledgers vs immutable v010 contract
trial_021_20260902_clean_v010,P12,front_right_ankle,wheel,measured_average_velocity_error_percent,15.922043818888959,True,,False,raw observation/full12 ledgers vs immutable v010 contract
trial_021_20260902_clean_v010,P12,front_right_ankle,wheel,command_peak_velocity_error_percent,0.0,True,,False,raw observation/full12 ledgers vs immutable v010 contract
trial_021_20260902_clean_v010,P12,front_right_ankle,wheel,measured_peak_velocity_error_percent,17.930206643577097,True,,False,raw observation/full12 ledgers vs immutable v010 contract
trial_021_20260902_clean_v010,P12,front_right_ankle,wheel,command_wheel_integral_error_percent,7.954916187042709e-11,True,,False,raw observation/full12 ledgers vs immutable v010 contract
trial_021_20260902_clean_v010,P12,front_right_ankle,wheel,actual_wheel_integral_error_percent,7.153847724417102,True,,False,raw observation/full12 ledgers vs immutable v010 contract
trial_021_20260902_clean_v010,P12,rear_left_ankle,wheel,duration_error_percent,7.97837986152849e-11,True,,False,raw observation/full12 ledgers vs immutable v010 contract
trial_021_20260902_clean_v010,P12,rear_left_ankle,wheel,command_average_velocity_error_percent,1.9984014443252815e-13,True,,False,raw observation/full12 ledgers vs immutable v010 contract
trial_021_20260902_clean_v010,P12,rear_left_ankle,wheel,measured_average_velocity_error_percent,3.3383960541645865,True,,False,raw observation/full12 ledgers vs immutable v010 contract
trial_021_20260902_clean_v010,P12,rear_left_ankle,wheel,command_peak_velocity_error_percent,0.0,True,,False,raw observation/full12 ledgers vs immutable v010 contract
trial_021_20260902_clean_v010,P12,rear_left_ankle,wheel,measured_peak_velocity_error_percent,8.459035405605018,True,,False,raw observation/full12 ledgers vs immutable v010 contract
trial_021_20260902_clean_v010,P12,rear_left_ankle,wheel,command_wheel_integral_error_percent,7.954916187042709e-11,True,,False,raw observation/full12 ledgers vs immutable v010 contract
trial_021_20260902_clean_v010,P12,rear_left_ankle,wheel,actual_wheel_integral_error_percent,4.824861635457451,True,,False,raw observation/full12 ledgers vs immutable v010 contract
trial_021_20260902_clean_v010,P12,rear_right_ankle,wheel,duration_error_percent,7.97837986152849e-11,True,,False,raw observation/full12 ledgers vs immutable v010 contract
trial_021_20260902_clean_v010,P12,rear_right_ankle,wheel,command_average_velocity_error_percent,1.9984014443252815e-13,True,,False,raw observation/full12 ledgers vs immutable v010 contract
trial_021_20260902_clean_v010,P12,rear_right_ankle,wheel,measured_average_velocity_error_percent,1.5411491260118386,True,,False,raw observation/full12 ledgers vs immutable v010 contract
trial_021_20260902_clean_v010,P12,rear_right_ankle,wheel,command_peak_velocity_error_percent,0.0,True,,False,raw observation/full12 ledgers vs immutable v010 contract
trial_021_20260902_clean_v010,P12,rear_right_ankle,wheel,measured_peak_velocity_error_percent,2.5206802009729263,True,,False,raw observation/full12 ledgers vs immutable v010 contract
trial_021_20260902_clean_v010,P12,rear_right_ankle,wheel,command_wheel_integral_error_percent,7.954916187042709e-11,True,,False,raw observation/full12 ledgers vs immutable v010 contract
trial_021_20260902_clean_v010,P12,rear_right_ankle,wheel,actual_wheel_integral_error_percent,2.3981608051448076,True,,False,raw observation/full12 ledgers vs immutable v010 contract
trial_021_20260902_clean_v010,P13,front_left_hip,servo,command_endpoint_error_percent,0.0,True,,False,raw observation/full12 ledgers vs immutable v010 contract
trial_021_20260902_clean_v010,P13,front_left_hip,servo,actual_endpoint_error_percent,14.292470782414245,True,,False,raw observation/full12 ledgers vs immutable v010 contract
trial_021_20260902_clean_v010,P13,front_left_hip,servo,command_delta_error_percent,0.0,True,,False,raw observation/full12 ledgers vs immutable v010 contract
trial_021_20260902_clean_v010,P13,front_left_hip,servo,actual_delta_error_percent,13.34065696029992,True,,False,raw observation/full12 ledgers vs immutable v010 contract
trial_021_20260902_clean_v010,P13,front_left_hip,servo,duration_error_percent,7.959675365755687e-11,True,,False,raw observation/full12 ledgers vs immutable v010 contract
trial_021_20260902_clean_v010,P13,front_left_hip,servo,command_average_velocity_error_percent,2.5486279753295094e-11,True,,False,raw observation/full12 ledgers vs immutable v010 contract
trial_021_20260902_clean_v010,P13,front_left_hip,servo,measured_average_velocity_error_percent,2.445091288853374,True,,False,raw observation/full12 ledgers vs immutable v010 contract
trial_021_20260902_clean_v010,P13,front_left_hip,servo,command_peak_velocity_error_percent,9.094947017729282e-11,True,,False,raw observation/full12 ledgers vs immutable v010 contract
trial_021_20260902_clean_v010,P13,front_left_hip,servo,measured_peak_velocity_error_percent,5.2425131600927335,True,,False,raw observation/full12 ledgers vs immutable v010 contract
trial_021_20260902_clean_v010,P13,front_left_hip,servo,trajectory_rmse_percent,0.6657917529488875,True,,False,raw observation/full12 ledgers vs immutable v010 contract
trial_021_20260902_clean_v010,P13,front_left_knee,servo,command_endpoint_error_percent,2.169816986238091e-15,True,,False,raw observation/full12 ledgers vs immutable v010 contract
trial_021_20260902_clean_v010,P13,front_left_knee,servo,actual_endpoint_error_percent,1.819324721828717,True,,False,raw observation/full12 ledgers vs immutable v010 contract
trial_021_20260902_clean_v010,P13,front_left_knee,servo,command_delta_error_percent,0.0,True,,False,raw observation/full12 ledgers vs immutable v010 contract
trial_021_20260902_clean_v010,P13,front_left_knee,servo,actual_delta_error_percent,2.366462921058492,True,,False,raw observation/full12 ledgers vs immutable v010 contract
trial_021_20260902_clean_v010,P13,front_left_knee,servo,duration_error_percent,7.959675365755687e-11,True,,False,raw observation/full12 ledgers vs immutable v010 contract
trial_021_20260902_clean_v010,P13,front_left_knee,servo,command_average_velocity_error_percent,4.118705376754406e-11,True,,False,raw observation/full12 ledgers vs immutable v010 contract
trial_021_20260902_clean_v010,P13,front_left_knee,servo,measured_average_velocity_error_percent,4.727627042066822,True,,False,raw observation/full12 ledgers vs immutable v010 contract
trial_021_20260902_clean_v010,P13,front_left_knee,servo,command_peak_velocity_error_percent,9.094947017729282e-11,True,,False,raw observation/full12 ledgers vs immutable v010 contract
trial_021_20260902_clean_v010,P13,front_left_knee,servo,measured_peak_velocity_error_percent,5.974763548352296,True,,False,raw observation/full12 ledgers vs immutable v010 contract
trial_021_20260902_clean_v010,P13,front_left_knee,servo,trajectory_rmse_percent,0.25014885884285115,True,,False,raw observation/full12 ledgers vs immutable v010 contract
trial_021_20260902_clean_v010,P13,front_right_knee,servo,command_endpoint_error_percent,4.7012701368491964e-15,True,,False,raw observation/full12 ledgers vs immutable v010 contract
trial_021_20260902_clean_v010,P13,front_right_knee,servo,actual_endpoint_error_percent,0.05453792030367582,True,,False,raw observation/full12 ledgers vs immutable v010 contract
trial_021_20260902_clean_v010,P13,front_right_knee,servo,command_delta_error_percent,0.0,True,,False,raw observation/full12 ledgers vs immutable v010 contract
trial_021_20260902_clean_v010,P13,front_right_knee,servo,actual_delta_error_percent,4.494027391772813,True,,False,raw observation/full12 ledgers vs immutable v010 contract
trial_021_20260902_clean_v010,P13,front_right_knee,servo,duration_error_percent,7.959675365755687e-11,True,,False,raw observation/full12 ledgers vs immutable v010 contract
trial_021_20260902_clean_v010,P13,front_right_knee,servo,command_average_velocity_error_percent,4.1180392429396306e-11,True,,False,raw observation/full12 ledgers vs immutable v010 contract
trial_021_20260902_clean_v010,P13,front_right_knee,servo,measured_average_velocity_error_percent,2.9529455959862374,True,,False,raw observation/full12 ledgers vs immutable v010 contract
trial_021_20260902_clean_v010,P13,front_right_knee,servo,command_peak_velocity_error_percent,9.094947017729282e-11,True,,False,raw observation/full12 ledgers vs immutable v010 contract
trial_021_20260902_clean_v010,P13,front_right_knee,servo,measured_peak_velocity_error_percent,0.379013861695989,True,,False,raw observation/full12 ledgers vs immutable v010 contract
trial_021_20260902_clean_v010,P13,front_right_knee,servo,trajectory_rmse_percent,1.1238022968977435,True,,False,raw observation/full12 ledgers vs immutable v010 contract
trial_021_20260902_clean_v010,P13,rear_left_hip,servo,command_endpoint_error_percent,5.921189464667502e-15,True,,False,raw observation/full12 ledgers vs immutable v010 contract
trial_021_20260902_clean_v010,P13,rear_left_hip,servo,actual_endpoint_error_percent,1.8062207587126384,True,,False,raw observation/full12 ledgers vs immutable v010 contract
trial_021_20260902_clean_v010,P13,rear_left_hip,servo,command_delta_error_percent,0.0,True,,False,raw observation/full12 ledgers vs immutable v010 contract
trial_021_20260902_clean_v010,P13,rear_left_hip,servo,actual_delta_error_percent,15.876404757114601,True,,False,raw observation/full12 ledgers vs immutable v010 contract
trial_021_20260902_clean_v010,P13,rear_left_hip,servo,duration_error_percent,7.959675365755687e-11,True,,False,raw observation/full12 ledgers vs immutable v010 contract
trial_021_20260902_clean_v010,P13,rear_left_hip,servo,command_average_velocity_error_percent,1.0061951272177794e-11,True,,False,raw observation/full12 ledgers vs immutable v010 contract
trial_021_20260902_clean_v010,P13,rear_left_hip,servo,measured_average_velocity_error_percent,0.5518091941907772,True,,False,raw observation/full12 ledgers vs immutable v010 contract
trial_021_20260902_clean_v010,P13,rear_left_hip,servo,command_peak_velocity_error_percent,9.094947017729282e-11,True,,False,raw observation/full12 ledgers vs immutable v010 contract
trial_021_20260902_clean_v010,P13,rear_left_hip,servo,measured_peak_velocity_error_percent,4.973110480601998,True,,False,raw observation/full12 ledgers vs immutable v010 contract
trial_021_20260902_clean_v010,P13,rear_left_hip,servo,trajectory_rmse_percent,17.062627112573107,True,,False,raw observation/full12 ledgers vs immutable v010 contract
trial_021_20260902_clean_v010,P13,rear_left_knee,servo,command_endpoint_error_percent,3.00060276925718e-15,True,,False,raw observation/full12 ledgers vs immutable v010 contract
trial_021_20260902_clean_v010,P13,rear_left_knee,servo,actual_endpoint_error_percent,0.4675622148806668,True,,False,raw observation/full12 ledgers vs immutable v010 contract
trial_021_20260902_clean_v010,P13,rear_left_knee,servo,command_delta_error_percent,2.400482215405744e-14,True,,False,raw observation/full12 ledgers vs immutable v010 contract
trial_021_20260902_clean_v010,P13,rear_left_knee,servo,actual_delta_error_percent,0.2025808725365988,True,,False,raw observation/full12 ledgers vs immutable v010 contract
trial_021_20260902_clean_v010,P13,rear_left_knee,servo,duration_error_percent,7.959675365755687e-11,True,,False,raw observation/full12 ledgers vs immutable v010 contract
trial_021_20260902_clean_v010,P13,rear_left_knee,servo,command_average_velocity_error_percent,1.9860779687519425e-11,True,,False,raw observation/full12 ledgers vs immutable v010 contract
trial_021_20260902_clean_v010,P13,rear_left_knee,servo,measured_average_velocity_error_percent,1.8641502716070815,True,,False,raw observation/full12 ledgers vs immutable v010 contract
trial_021_20260902_clean_v010,P13,rear_left_knee,servo,command_peak_velocity_error_percent,9.094947017729282e-11,True,,False,raw observation/full12 ledgers vs immutable v010 contract
trial_021_20260902_clean_v010,P13,rear_left_knee,servo,measured_peak_velocity_error_percent,15.419612542942852,True,,False,raw observation/full12 ledgers vs immutable v010 contract
trial_021_20260902_clean_v010,P13,rear_left_knee,servo,trajectory_rmse_percent,2.0573727182056287,True,,False,raw observation/full12 ledgers vs immutable v010 contract
trial_021_20260902_clean_v010,P13,rear_right_hip,servo,command_endpoint_error_percent,0.0,True,,False,raw observation/full12 ledgers vs immutable v010 contract
trial_021_20260902_clean_v010,P13,rear_right_hip,servo,actual_endpoint_error_percent,14.398617735640737,True,,False,raw observation/full12 ledgers vs immutable v010 contract
trial_021_20260902_clean_v010,P13,rear_right_hip,servo,command_delta_error_percent,0.0,True,,False,raw observation/full12 ledgers vs immutable v010 contract
trial_021_20260902_clean_v010,P13,rear_right_hip,servo,actual_delta_error_percent,24.494064215742714,True,,False,raw observation/full12 ledgers vs immutable v010 contract
trial_021_20260902_clean_v010,P13,rear_right_hip,servo,duration_error_percent,7.959675365755687e-11,True,,False,raw observation/full12 ledgers vs immutable v010 contract
trial_021_20260902_clean_v010,P13,rear_right_hip,servo,command_average_velocity_error_percent,8.58646487245096e-12,True,,False,raw observation/full12 ledgers vs immutable v010 contract
trial_021_20260902_clean_v010,P13,rear_right_hip,servo,measured_average_velocity_error_percent,1.6065657830092661,True,,False,raw observation/full12 ledgers vs immutable v010 contract
trial_021_20260902_clean_v010,P13,rear_right_hip,servo,command_peak_velocity_error_percent,9.094947017729282e-11,True,,False,raw observation/full12 ledgers vs immutable v010 contract
trial_021_20260902_clean_v010,P13,rear_right_hip,servo,measured_peak_velocity_error_percent,0.4176758276972339,True,,False,raw observation/full12 ledgers vs immutable v010 contract
trial_021_20260902_clean_v010,P13,rear_right_hip,servo,trajectory_rmse_percent,2.601143549626162,True,,False,raw observation/full12 ledgers vs immutable v010 contract
trial_021_20260902_clean_v010,P13,rear_right_knee,servo,command_endpoint_error_percent,0.0,True,,False,raw observation/full12 ledgers vs immutable v010 contract
trial_021_20260902_clean_v010,P13,rear_right_knee,servo,actual_endpoint_error_percent,8.759641093091926,True,,False,raw observation/full12 ledgers vs immutable v010 contract
trial_021_20260902_clean_v010,P13,rear_right_knee,servo,command_delta_error_percent,0.0,True,,False,raw observation/full12 ledgers vs immutable v010 contract
trial_021_20260902_clean_v010,P13,rear_right_knee,servo,actual_delta_error_percent,8.9351157408017,True,,False,raw observation/full12 ledgers vs immutable v010 contract
trial_021_20260902_clean_v010,P13,rear_right_knee,servo,duration_error_percent,7.959675365755687e-11,True,,False,raw observation/full12 ledgers vs immutable v010 contract
trial_021_20260902_clean_v010,P13,rear_right_knee,servo,command_average_velocity_error_percent,2.844391389089651e-11,True,,False,raw observation/full12 ledgers vs immutable v010 contract
trial_021_20260902_clean_v010,P13,rear_right_knee,servo,measured_average_velocity_error_percent,5.29396532253228,True,,False,raw observation/full12 ledgers vs immutable v010 contract
trial_021_20260902_clean_v010,P13,rear_right_knee,servo,command_peak_velocity_error_percent,9.094947017729282e-11,True,,False,raw observation/full12 ledgers vs immutable v010 contract
trial_021_20260902_clean_v010,P13,rear_right_knee,servo,measured_peak_velocity_error_percent,8.938773054476352,True,,False,raw observation/full12 ledgers vs immutable v010 contract
trial_021_20260902_clean_v010,P13,rear_right_knee,servo,trajectory_rmse_percent,0.5419532646694747,True,,False,raw observation/full12 ledgers vs immutable v010 contract
trial_021_20260902_clean_v010,P13,front_left_ankle,wheel,duration_error_percent,7.959675365755687e-11,True,,False,raw observation/full12 ledgers vs immutable v010 contract
trial_021_20260902_clean_v010,P13,front_left_ankle,wheel,command_average_velocity_error_percent,1.7789007219444e-12,True,,False,raw observation/full12 ledgers vs immutable v010 contract
trial_021_20260902_clean_v010,P13,front_left_ankle,wheel,measured_average_velocity_error_percent,0.2896735509447931,True,,False,raw observation/full12 ledgers vs immutable v010 contract
trial_021_20260902_clean_v010,P13,front_left_ankle,wheel,command_peak_velocity_error_percent,0.0,True,,False,raw observation/full12 ledgers vs immutable v010 contract
trial_021_20260902_clean_v010,P13,front_left_ankle,wheel,measured_peak_velocity_error_percent,29.13948322439176,True,,False,raw observation/full12 ledgers vs immutable v010 contract
trial_021_20260902_clean_v010,P13,front_left_ankle,wheel,command_wheel_integral_error_percent,7.782826937922564e-11,True,,False,raw observation/full12 ledgers vs immutable v010 contract
trial_021_20260902_clean_v010,P13,front_left_ankle,wheel,actual_wheel_integral_error_percent,0.34966602138617847,True,,False,raw observation/full12 ledgers vs immutable v010 contract
trial_021_20260902_clean_v010,P13,front_right_ankle,wheel,duration_error_percent,7.959675365755687e-11,True,,False,raw observation/full12 ledgers vs immutable v010 contract
trial_021_20260902_clean_v010,P13,front_right_ankle,wheel,command_average_velocity_error_percent,1.9452113168388853e-12,True,,False,raw observation/full12 ledgers vs immutable v010 contract
trial_021_20260902_clean_v010,P13,front_right_ankle,wheel,measured_average_velocity_error_percent,2.5118382645667285,True,,False,raw observation/full12 ledgers vs immutable v010 contract
trial_021_20260902_clean_v010,P13,front_right_ankle,wheel,command_peak_velocity_error_percent,0.0,True,,False,raw observation/full12 ledgers vs immutable v010 contract
trial_021_20260902_clean_v010,P13,front_right_ankle,wheel,measured_peak_velocity_error_percent,21.014354797890554,True,,False,raw observation/full12 ledgers vs immutable v010 contract
trial_021_20260902_clean_v010,P13,front_right_ankle,wheel,command_wheel_integral_error_percent,7.7643318131398e-11,True,,False,raw observation/full12 ledgers vs immutable v010 contract
trial_021_20260902_clean_v010,P13,front_right_ankle,wheel,actual_wheel_integral_error_percent,2.845665090667899,True,,False,raw observation/full12 ledgers vs immutable v010 contract
trial_021_20260902_clean_v010,P13,rear_left_ankle,wheel,duration_error_percent,7.959675365755687e-11,True,,False,raw observation/full12 ledgers vs immutable v010 contract
trial_021_20260902_clean_v010,P13,rear_left_ankle,wheel,command_average_velocity_error_percent,1.124075348602131e-12,True,,False,raw observation/full12 ledgers vs immutable v010 contract
trial_021_20260902_clean_v010,P13,rear_left_ankle,wheel,measured_average_velocity_error_percent,0.4394191649245022,True,,False,raw observation/full12 ledgers vs immutable v010 contract
trial_021_20260902_clean_v010,P13,rear_left_ankle,wheel,command_peak_velocity_error_percent,0.0,True,,False,raw observation/full12 ledgers vs immutable v010 contract
trial_021_20260902_clean_v010,P13,rear_left_ankle,wheel,measured_peak_velocity_error_percent,12.296850214840305,True,,False,raw observation/full12 ledgers vs immutable v010 contract
trial_021_20260902_clean_v010,P13,rear_left_ankle,wheel,command_wheel_integral_error_percent,7.668520865509359e-11,True,,False,raw observation/full12 ledgers vs immutable v010 contract
trial_021_20260902_clean_v010,P13,rear_left_ankle,wheel,actual_wheel_integral_error_percent,1.1572365813868701,True,,False,raw observation/full12 ledgers vs immutable v010 contract
trial_021_20260902_clean_v010,P13,rear_right_ankle,wheel,duration_error_percent,7.959675365755687e-11,True,,False,raw observation/full12 ledgers vs immutable v010 contract
trial_021_20260902_clean_v010,P13,rear_right_ankle,wheel,command_average_velocity_error_percent,1.1506507392002316e-12,True,,False,raw observation/full12 ledgers vs immutable v010 contract
trial_021_20260902_clean_v010,P13,rear_right_ankle,wheel,measured_average_velocity_error_percent,0.9859903392296958,True,,False,raw observation/full12 ledgers vs immutable v010 contract
trial_021_20260902_clean_v010,P13,rear_right_ankle,wheel,command_peak_velocity_error_percent,0.0,True,,False,raw observation/full12 ledgers vs immutable v010 contract
trial_021_20260902_clean_v010,P13,rear_right_ankle,wheel,measured_peak_velocity_error_percent,16.323104789946438,True,,False,raw observation/full12 ledgers vs immutable v010 contract
trial_021_20260902_clean_v010,P13,rear_right_ankle,wheel,command_wheel_integral_error_percent,7.673247686388065e-11,True,,False,raw observation/full12 ledgers vs immutable v010 contract
trial_021_20260902_clean_v010,P13,rear_right_ankle,wheel,actual_wheel_integral_error_percent,0.6491671147782015,True,,False,raw observation/full12 ledgers vs immutable v010 contract
trial_024_20260902_clean_v010,P01,rear_left_hip,servo,command_endpoint_error_percent,0.0,True,,False,raw observation/full12 ledgers vs immutable v010 contract
trial_024_20260902_clean_v010,P01,rear_left_hip,servo,actual_endpoint_error_percent,0.0002270674591143427,True,,False,raw observation/full12 ledgers vs immutable v010 contract
trial_024_20260902_clean_v010,P01,rear_left_hip,servo,command_delta_error_percent,0.0,True,,False,raw observation/full12 ledgers vs immutable v010 contract
trial_024_20260902_clean_v010,P01,rear_left_hip,servo,actual_delta_error_percent,0.16958809922057566,True,,False,raw observation/full12 ledgers vs immutable v010 contract
trial_024_20260902_clean_v010,P01,rear_left_hip,servo,duration_error_percent,1.82098892079225e-12,True,,False,raw observation/full12 ledgers vs immutable v010 contract
trial_024_20260902_clean_v010,P01,rear_left_hip,servo,command_average_velocity_error_percent,1.545430450278218e-12,True,,False,raw observation/full12 ledgers vs immutable v010 contract
trial_024_20260902_clean_v010,P01,rear_left_hip,servo,measured_average_velocity_error_percent,0.6710921163525798,True,,False,raw observation/full12 ledgers vs immutable v010 contract
trial_024_20260902_clean_v010,P01,rear_left_hip,servo,command_peak_velocity_error_percent,3.600083194517841e-13,True,,False,raw observation/full12 ledgers vs immutable v010 contract
trial_024_20260902_clean_v010,P01,rear_left_hip,servo,measured_peak_velocity_error_percent,0.05156032481585553,True,,False,raw observation/full12 ledgers vs immutable v010 contract
trial_024_20260902_clean_v010,P01,rear_left_hip,servo,trajectory_rmse_percent,0.16545416503777835,True,,False,raw observation/full12 ledgers vs immutable v010 contract
trial_024_20260902_clean_v010,P01,front_left_ankle,wheel,duration_error_percent,1.82098892079225e-12,True,,False,raw observation/full12 ledgers vs immutable v010 contract
trial_024_20260902_clean_v010,P01,front_left_ankle,wheel,command_average_velocity_error_percent,1.3286431901227178e-12,True,,False,raw observation/full12 ledgers vs immutable v010 contract
trial_024_20260902_clean_v010,P01,front_left_ankle,wheel,measured_average_velocity_error_percent,0.11486139789004236,True,,False,raw observation/full12 ledgers vs immutable v010 contract
trial_024_20260902_clean_v010,P01,front_left_ankle,wheel,command_peak_velocity_error_percent,0.0,True,,False,raw observation/full12 ledgers vs immutable v010 contract
trial_024_20260902_clean_v010,P01,front_left_ankle,wheel,measured_peak_velocity_error_percent,3.345216791165559,True,,False,raw observation/full12 ledgers vs immutable v010 contract
trial_024_20260902_clean_v010,P01,front_left_ankle,wheel,command_wheel_integral_error_percent,3.15898510099535e-12,True,,False,raw observation/full12 ledgers vs immutable v010 contract
trial_024_20260902_clean_v010,P01,front_left_ankle,wheel,actual_wheel_integral_error_percent,0.2200239756719921,True,,False,raw observation/full12 ledgers vs immutable v010 contract
trial_024_20260902_clean_v010,P01,front_right_ankle,wheel,duration_error_percent,1.82098892079225e-12,True,,False,raw observation/full12 ledgers vs immutable v010 contract
trial_024_20260902_clean_v010,P01,front_right_ankle,wheel,command_average_velocity_error_percent,1.3286431901227178e-12,True,,False,raw observation/full12 ledgers vs immutable v010 contract
trial_024_20260902_clean_v010,P01,front_right_ankle,wheel,measured_average_velocity_error_percent,0.004696512362258236,True,,False,raw observation/full12 ledgers vs immutable v010 contract
trial_024_20260902_clean_v010,P01,front_right_ankle,wheel,command_peak_velocity_error_percent,0.0,True,,False,raw observation/full12 ledgers vs immutable v010 contract
trial_024_20260902_clean_v010,P01,front_right_ankle,wheel,measured_peak_velocity_error_percent,0.03177411165863816,True,,False,raw observation/full12 ledgers vs immutable v010 contract
trial_024_20260902_clean_v010,P01,front_right_ankle,wheel,command_wheel_integral_error_percent,3.15898510099535e-12,True,,False,raw observation/full12 ledgers vs immutable v010 contract
trial_024_20260902_clean_v010,P01,front_right_ankle,wheel,actual_wheel_integral_error_percent,0.005813707597070396,True,,False,raw observation/full12 ledgers vs immutable v010 contract
trial_024_20260902_clean_v010,P01,rear_left_ankle,wheel,duration_error_percent,1.82098892079225e-12,True,,False,raw observation/full12 ledgers vs immutable v010 contract
trial_024_20260902_clean_v010,P01,rear_left_ankle,wheel,command_average_velocity_error_percent,1.3286431901227178e-12,True,,False,raw observation/full12 ledgers vs immutable v010 contract
trial_024_20260902_clean_v010,P01,rear_left_ankle,wheel,measured_average_velocity_error_percent,0.15766120725747623,True,,False,raw observation/full12 ledgers vs immutable v010 contract
trial_024_20260902_clean_v010,P01,rear_left_ankle,wheel,command_peak_velocity_error_percent,0.0,True,,False,raw observation/full12 ledgers vs immutable v010 contract
trial_024_20260902_clean_v010,P01,rear_left_ankle,wheel,measured_peak_velocity_error_percent,0.2452119378512511,True,,False,raw observation/full12 ledgers vs immutable v010 contract
trial_024_20260902_clean_v010,P01,rear_left_ankle,wheel,command_wheel_integral_error_percent,3.15898510099535e-12,True,,False,raw observation/full12 ledgers vs immutable v010 contract
trial_024_20260902_clean_v010,P01,rear_left_ankle,wheel,actual_wheel_integral_error_percent,0.21285298785039672,True,,False,raw observation/full12 ledgers vs immutable v010 contract
trial_024_20260902_clean_v010,P01,rear_right_ankle,wheel,duration_error_percent,1.82098892079225e-12,True,,False,raw observation/full12 ledgers vs immutable v010 contract
trial_024_20260902_clean_v010,P01,rear_right_ankle,wheel,command_average_velocity_error_percent,1.3286431901227178e-12,True,,False,raw observation/full12 ledgers vs immutable v010 contract
trial_024_20260902_clean_v010,P01,rear_right_ankle,wheel,measured_average_velocity_error_percent,0.22346308392880876,True,,False,raw observation/full12 ledgers vs immutable v010 contract
trial_024_20260902_clean_v010,P01,rear_right_ankle,wheel,command_peak_velocity_error_percent,0.0,True,,False,raw observation/full12 ledgers vs immutable v010 contract
trial_024_20260902_clean_v010,P01,rear_right_ankle,wheel,measured_peak_velocity_error_percent,6.373333749487578,True,,False,raw observation/full12 ledgers vs immutable v010 contract
trial_024_20260902_clean_v010,P01,rear_right_ankle,wheel,command_wheel_integral_error_percent,3.15898510099535e-12,True,,False,raw observation/full12 ledgers vs immutable v010 contract
trial_024_20260902_clean_v010,P01,rear_right_ankle,wheel,actual_wheel_integral_error_percent,0.36678645398598075,True,,False,raw observation/full12 ledgers vs immutable v010 contract
trial_024_20260902_clean_v010,P02,front_right_knee,servo,command_endpoint_error_percent,0.0,True,,False,raw observation/full12 ledgers vs immutable v010 contract
trial_024_20260902_clean_v010,P02,front_right_knee,servo,actual_endpoint_error_percent,0.6811960451639621,True,,False,raw observation/full12 ledgers vs immutable v010 contract
trial_024_20260902_clean_v010,P02,front_right_knee,servo,command_delta_error_percent,0.0,True,,False,raw observation/full12 ledgers vs immutable v010 contract
trial_024_20260902_clean_v010,P02,front_right_knee,servo,actual_delta_error_percent,0.6865636935718967,True,,False,raw observation/full12 ledgers vs immutable v010 contract
trial_024_20260902_clean_v010,P02,front_right_knee,servo,duration_error_percent,4.9484226240438175e-12,True,,False,raw observation/full12 ledgers vs immutable v010 contract
trial_024_20260902_clean_v010,P02,front_right_knee,servo,command_average_velocity_error_percent,4.9557388774434566e-12,True,,False,raw observation/full12 ledgers vs immutable v010 contract
trial_024_20260902_clean_v010,P02,front_right_knee,servo,measured_average_velocity_error_percent,0.005050394485141519,True,,False,raw observation/full12 ledgers vs immutable v010 contract
trial_024_20260902_clean_v010,P02,front_right_knee,servo,command_peak_velocity_error_percent,5.6843418860808015e-12,True,,False,raw observation/full12 ledgers vs immutable v010 contract
trial_024_20260902_clean_v010,P02,front_right_knee,servo,measured_peak_velocity_error_percent,0.010260693785264386,True,,False,raw observation/full12 ledgers vs immutable v010 contract
trial_024_20260902_clean_v010,P02,front_right_knee,servo,trajectory_rmse_percent,1.0581377477323264,True,,False,raw observation/full12 ledgers vs immutable v010 contract
trial_024_20260902_clean_v010,P03,front_left_knee,servo,command_endpoint_error_percent,0.0,True,,False,raw observation/full12 ledgers vs immutable v010 contract
trial_024_20260902_clean_v010,P03,front_left_knee,servo,actual_endpoint_error_percent,1.4888022821412985,True,,False,raw observation/full12 ledgers vs immutable v010 contract
trial_024_20260902_clean_v010,P03,front_left_knee,servo,command_delta_error_percent,0.0,True,,False,raw observation/full12 ledgers vs immutable v010 contract
trial_024_20260902_clean_v010,P03,front_left_knee,servo,actual_delta_error_percent,1.441767806918161,True,,False,raw observation/full12 ledgers vs immutable v010 contract
trial_024_20260902_clean_v010,P03,front_left_knee,servo,duration_error_percent,5.625129991434446e-12,True,,False,raw observation/full12 ledgers vs immutable v010 contract
trial_024_20260902_clean_v010,P03,front_left_knee,servo,command_average_velocity_error_percent,5.622285751952963e-12,True,,False,raw observation/full12 ledgers vs immutable v010 contract
trial_024_20260902_clean_v010,P03,front_left_knee,servo,measured_average_velocity_error_percent,0.49659213265475577,True,,False,raw observation/full12 ledgers vs immutable v010 contract
trial_024_20260902_clean_v010,P03,front_left_knee,servo,command_peak_velocity_error_percent,5.6843418860808015e-12,True,,False,raw observation/full12 ledgers vs immutable v010 contract
trial_024_20260902_clean_v010,P03,front_left_knee,servo,measured_peak_velocity_error_percent,3.223465179533373,True,,False,raw observation/full12 ledgers vs immutable v010 contract
trial_024_20260902_clean_v010,P03,front_left_knee,servo,trajectory_rmse_percent,0.9908904213109763,True,,False,raw observation/full12 ledgers vs immutable v010 contract
trial_024_20260902_clean_v010,P03,rear_left_hip,servo,command_endpoint_error_percent,0.0,True,,False,raw observation/full12 ledgers vs immutable v010 contract
trial_024_20260902_clean_v010,P03,rear_left_hip,servo,actual_endpoint_error_percent,3.104278501469994,True,,False,raw observation/full12 ledgers vs immutable v010 contract
trial_024_20260902_clean_v010,P03,rear_left_hip,servo,command_delta_error_percent,0.0,True,,False,raw observation/full12 ledgers vs immutable v010 contract
trial_024_20260902_clean_v010,P03,rear_left_hip,servo,actual_delta_error_percent,3.0871520569839848,True,,False,raw observation/full12 ledgers vs immutable v010 contract
trial_024_20260902_clean_v010,P03,rear_left_hip,servo,duration_error_percent,5.625129991434446e-12,True,,False,raw observation/full12 ledgers vs immutable v010 contract
trial_024_20260902_clean_v010,P03,rear_left_hip,servo,command_average_velocity_error_percent,5.6207111933258465e-12,True,,False,raw observation/full12 ledgers vs immutable v010 contract
trial_024_20260902_clean_v010,P03,rear_left_hip,servo,measured_average_velocity_error_percent,6.944591922440888,True,,False,raw observation/full12 ledgers vs immutable v010 contract
trial_024_20260902_clean_v010,P03,rear_left_hip,servo,command_peak_velocity_error_percent,5.6843418860808015e-12,True,,False,raw observation/full12 ledgers vs immutable v010 contract
trial_024_20260902_clean_v010,P03,rear_left_hip,servo,measured_peak_velocity_error_percent,4.147375942813861,True,,False,raw observation/full12 ledgers vs immutable v010 contract
trial_024_20260902_clean_v010,P03,rear_left_hip,servo,trajectory_rmse_percent,1.414821924639151,True,,False,raw observation/full12 ledgers vs immutable v010 contract
trial_024_20260902_clean_v010,P03,front_left_ankle,wheel,duration_error_percent,5.625129991434446e-12,True,,False,raw observation/full12 ledgers vs immutable v010 contract
trial_024_20260902_clean_v010,P03,front_left_ankle,wheel,command_average_velocity_error_percent,7.026728003956686e-14,True,,False,raw observation/full12 ledgers vs immutable v010 contract
trial_024_20260902_clean_v010,P03,front_left_ankle,wheel,measured_average_velocity_error_percent,0.4693653201369699,True,,False,raw observation/full12 ledgers vs immutable v010 contract
trial_024_20260902_clean_v010,P03,front_left_ankle,wheel,command_peak_velocity_error_percent,0.0,True,,False,raw observation/full12 ledgers vs immutable v010 contract
trial_024_20260902_clean_v010,P03,front_left_ankle,wheel,measured_peak_velocity_error_percent,29.970202511669367,True,,False,raw observation/full12 ledgers vs immutable v010 contract
trial_024_20260902_clean_v010,P03,front_left_ankle,wheel,command_wheel_integral_error_percent,5.562826336466027e-12,True,,False,raw observation/full12 ledgers vs immutable v010 contract
trial_024_20260902_clean_v010,P03,front_left_ankle,wheel,actual_wheel_integral_error_percent,0.4964997768899391,True,,False,raw observation/full12 ledgers vs immutable v010 contract
trial_024_20260902_clean_v010,P03,rear_left_ankle,wheel,duration_error_percent,5.625129991434446e-12,True,,False,raw observation/full12 ledgers vs immutable v010 contract
trial_024_20260902_clean_v010,P03,rear_left_ankle,wheel,command_average_velocity_error_percent,2.3660490688732845e-13,True,,False,raw observation/full12 ledgers vs immutable v010 contract
trial_024_20260902_clean_v010,P03,rear_left_ankle,wheel,measured_average_velocity_error_percent,7.217470398676378,True,,False,raw observation/full12 ledgers vs immutable v010 contract
trial_024_20260902_clean_v010,P03,rear_left_ankle,wheel,command_peak_velocity_error_percent,0.0,True,,False,raw observation/full12 ledgers vs immutable v010 contract
trial_024_20260902_clean_v010,P03,rear_left_ankle,wheel,measured_peak_velocity_error_percent,3.4248094674479566,True,,False,raw observation/full12 ledgers vs immutable v010 contract
trial_024_20260902_clean_v010,P03,rear_left_ankle,wheel,command_wheel_integral_error_percent,5.399445311018828e-12,True,,False,raw observation/full12 ledgers vs immutable v010 contract
trial_024_20260902_clean_v010,P03,rear_left_ankle,wheel,actual_wheel_integral_error_percent,36.29302387410797,False,REFERENCE_DIVERGENCE_WARNING,False,raw observation/full12 ledgers vs immutable v010 contract
trial_024_20260902_clean_v010,P04,rear_left_hip,servo,command_endpoint_error_percent,0.0,True,,False,raw observation/full12 ledgers vs immutable v010 contract
trial_024_20260902_clean_v010,P04,rear_left_hip,servo,actual_endpoint_error_percent,1.7687290341723143,True,,False,raw observation/full12 ledgers vs immutable v010 contract
trial_024_20260902_clean_v010,P04,rear_left_hip,servo,command_delta_error_percent,0.0,True,,False,raw observation/full12 ledgers vs immutable v010 contract
trial_024_20260902_clean_v010,P04,rear_left_hip,servo,actual_delta_error_percent,4.262875706797492,True,,False,raw observation/full12 ledgers vs immutable v010 contract
trial_024_20260902_clean_v010,P04,rear_left_hip,servo,duration_error_percent,5.6991448597427944e-12,True,,False,raw observation/full12 ledgers vs immutable v010 contract
trial_024_20260902_clean_v010,P04,rear_left_hip,servo,command_average_velocity_error_percent,3.770317391627032e-12,True,,False,raw observation/full12 ledgers vs immutable v010 contract
trial_024_20260902_clean_v010,P04,rear_left_hip,servo,measured_average_velocity_error_percent,7.882140022618737,True,,False,raw observation/full12 ledgers vs immutable v010 contract
trial_024_20260902_clean_v010,P04,rear_left_hip,servo,command_peak_velocity_error_percent,5.6843418860808015e-12,True,,False,raw observation/full12 ledgers vs immutable v010 contract
trial_024_20260902_clean_v010,P04,rear_left_hip,servo,measured_peak_velocity_error_percent,10.888527968401869,True,,False,raw observation/full12 ledgers vs immutable v010 contract
trial_024_20260902_clean_v010,P04,rear_left_hip,servo,trajectory_rmse_percent,4.463016348784499,True,,False,raw observation/full12 ledgers vs immutable v010 contract
trial_024_20260902_clean_v010,P04,front_left_ankle,wheel,duration_error_percent,5.6991448597427944e-12,True,,False,raw observation/full12 ledgers vs immutable v010 contract
trial_024_20260902_clean_v010,P04,front_left_ankle,wheel,command_average_velocity_error_percent,2.422304781000341e-13,True,,False,raw observation/full12 ledgers vs immutable v010 contract
trial_024_20260902_clean_v010,P04,front_left_ankle,wheel,measured_average_velocity_error_percent,0.028944983377740187,True,,False,raw observation/full12 ledgers vs immutable v010 contract
trial_024_20260902_clean_v010,P04,front_left_ankle,wheel,command_peak_velocity_error_percent,0.0,True,,False,raw observation/full12 ledgers vs immutable v010 contract
trial_024_20260902_clean_v010,P04,front_left_ankle,wheel,measured_peak_velocity_error_percent,6.955844667684803,True,,False,raw observation/full12 ledgers vs immutable v010 contract
trial_024_20260902_clean_v010,P04,front_left_ankle,wheel,command_wheel_integral_error_percent,5.938011025647008e-12,True,,False,raw observation/full12 ledgers vs immutable v010 contract
trial_024_20260902_clean_v010,P04,front_left_ankle,wheel,actual_wheel_integral_error_percent,0.19813803243343817,True,,False,raw observation/full12 ledgers vs immutable v010 contract
trial_024_20260902_clean_v010,P04,front_right_ankle,wheel,duration_error_percent,5.6991448597427944e-12,True,,False,raw observation/full12 ledgers vs immutable v010 contract
trial_024_20260902_clean_v010,P04,front_right_ankle,wheel,command_average_velocity_error_percent,2.422304781000341e-13,True,,False,raw observation/full12 ledgers vs immutable v010 contract
trial_024_20260902_clean_v010,P04,front_right_ankle,wheel,measured_average_velocity_error_percent,0.2312568654999354,True,,False,raw observation/full12 ledgers vs immutable v010 contract
trial_024_20260902_clean_v010,P04,front_right_ankle,wheel,command_peak_velocity_error_percent,0.0,True,,False,raw observation/full12 ledgers vs immutable v010 contract
trial_024_20260902_clean_v010,P04,front_right_ankle,wheel,measured_peak_velocity_error_percent,22.1134370106261,True,,False,raw observation/full12 ledgers vs immutable v010 contract
trial_024_20260902_clean_v010,P04,front_right_ankle,wheel,command_wheel_integral_error_percent,5.938011025647008e-12,True,,False,raw observation/full12 ledgers vs immutable v010 contract
trial_024_20260902_clean_v010,P04,front_right_ankle,wheel,actual_wheel_integral_error_percent,0.2579181278383268,True,,False,raw observation/full12 ledgers vs immutable v010 contract
trial_024_20260902_clean_v010,P04,rear_left_ankle,wheel,duration_error_percent,5.6991448597427944e-12,True,,False,raw observation/full12 ledgers vs immutable v010 contract
trial_024_20260902_clean_v010,P04,rear_left_ankle,wheel,command_average_velocity_error_percent,2.422304781000341e-13,True,,False,raw observation/full12 ledgers vs immutable v010 contract
trial_024_20260902_clean_v010,P04,rear_left_ankle,wheel,measured_average_velocity_error_percent,0.06700960624525777,True,,False,raw observation/full12 ledgers vs immutable v010 contract
trial_024_20260902_clean_v010,P04,rear_left_ankle,wheel,command_peak_velocity_error_percent,0.0,True,,False,raw observation/full12 ledgers vs immutable v010 contract
trial_024_20260902_clean_v010,P04,rear_left_ankle,wheel,measured_peak_velocity_error_percent,0.010944949363137686,True,,False,raw observation/full12 ledgers vs immutable v010 contract
trial_024_20260902_clean_v010,P04,rear_left_ankle,wheel,command_wheel_integral_error_percent,5.938011025647008e-12,True,,False,raw observation/full12 ledgers vs immutable v010 contract
trial_024_20260902_clean_v010,P04,rear_left_ankle,wheel,actual_wheel_integral_error_percent,0.07249538422833922,True,,False,raw observation/full12 ledgers vs immutable v010 contract
trial_024_20260902_clean_v010,P04,rear_right_ankle,wheel,duration_error_percent,5.6991448597427944e-12,True,,False,raw observation/full12 ledgers vs immutable v010 contract
trial_024_20260902_clean_v010,P04,rear_right_ankle,wheel,command_average_velocity_error_percent,2.422304781000341e-13,True,,False,raw observation/full12 ledgers vs immutable v010 contract
trial_024_20260902_clean_v010,P04,rear_right_ankle,wheel,measured_average_velocity_error_percent,0.2541871415333448,True,,False,raw observation/full12 ledgers vs immutable v010 contract
trial_024_20260902_clean_v010,P04,rear_right_ankle,wheel,command_peak_velocity_error_percent,0.0,True,,False,raw observation/full12 ledgers vs immutable v010 contract
trial_024_20260902_clean_v010,P04,rear_right_ankle,wheel,measured_peak_velocity_error_percent,7.911536140851661,True,,False,raw observation/full12 ledgers vs immutable v010 contract
trial_024_20260902_clean_v010,P04,rear_right_ankle,wheel,command_wheel_integral_error_percent,5.938011025647008e-12,True,,False,raw observation/full12 ledgers vs immutable v010 contract
trial_024_20260902_clean_v010,P04,rear_right_ankle,wheel,actual_wheel_integral_error_percent,0.36623944678048526,True,,False,raw observation/full12 ledgers vs immutable v010 contract
trial_024_20260902_clean_v010,P05,front_left_hip,servo,command_endpoint_error_percent,0.0,True,,False,raw observation/full12 ledgers vs immutable v010 contract
trial_024_20260902_clean_v010,P05,front_left_hip,servo,actual_endpoint_error_percent,1.6191292954185685,True,,False,raw observation/full12 ledgers vs immutable v010 contract
trial_024_20260902_clean_v010,P05,front_left_hip,servo,command_delta_error_percent,0.0,True,,False,raw observation/full12 ledgers vs immutable v010 contract
trial_024_20260902_clean_v010,P05,front_left_hip,servo,actual_delta_error_percent,2.8826866752891647,True,,False,raw observation/full12 ledgers vs immutable v010 contract
trial_024_20260902_clean_v010,P05,front_left_hip,servo,duration_error_percent,5.657574865213446e-12,True,,False,raw observation/full12 ledgers vs immutable v010 contract
trial_024_20260902_clean_v010,P05,front_left_hip,servo,command_average_velocity_error_percent,5.638002142443955e-12,True,,False,raw observation/full12 ledgers vs immutable v010 contract
trial_024_20260902_clean_v010,P05,front_left_hip,servo,measured_average_velocity_error_percent,0.46116903781060653,True,,False,raw observation/full12 ledgers vs immutable v010 contract
trial_024_20260902_clean_v010,P05,front_left_hip,servo,command_peak_velocity_error_percent,5.760133111228545e-12,True,,False,raw observation/full12 ledgers vs immutable v010 contract
trial_024_20260902_clean_v010,P05,front_left_hip,servo,measured_peak_velocity_error_percent,0.3718832437868297,True,,False,raw observation/full12 ledgers vs immutable v010 contract
trial_024_20260902_clean_v010,P05,front_left_hip,servo,trajectory_rmse_percent,1.2170097161047138,True,,False,raw observation/full12 ledgers vs immutable v010 contract
trial_024_20260902_clean_v010,P05,front_left_knee,servo,command_endpoint_error_percent,0.0,True,,False,raw observation/full12 ledgers vs immutable v010 contract
trial_024_20260902_clean_v010,P05,front_left_knee,servo,actual_endpoint_error_percent,0.14822409208029053,True,,False,raw observation/full12 ledgers vs immutable v010 contract
trial_024_20260902_clean_v010,P05,front_left_knee,servo,command_delta_error_percent,0.0,True,,False,raw observation/full12 ledgers vs immutable v010 contract
trial_024_20260902_clean_v010,P05,front_left_knee,servo,actual_delta_error_percent,0.5611449757716109,True,,False,raw observation/full12 ledgers vs immutable v010 contract
trial_024_20260902_clean_v010,P05,front_left_knee,servo,duration_error_percent,5.657574865213446e-12,True,,False,raw observation/full12 ledgers vs immutable v010 contract
trial_024_20260902_clean_v010,P05,front_left_knee,servo,command_average_velocity_error_percent,5.662316976481448e-12,True,,False,raw observation/full12 ledgers vs immutable v010 contract
trial_024_20260902_clean_v010,P05,front_left_knee,servo,measured_average_velocity_error_percent,0.29612002515111924,True,,False,raw observation/full12 ledgers vs immutable v010 contract
trial_024_20260902_clean_v010,P05,front_left_knee,servo,command_peak_velocity_error_percent,5.6843418860808015e-12,True,,False,raw observation/full12 ledgers vs immutable v010 contract
trial_024_20260902_clean_v010,P05,front_left_knee,servo,measured_peak_velocity_error_percent,0.01806369866010365,True,,False,raw observation/full12 ledgers vs immutable v010 contract
trial_024_20260902_clean_v010,P05,front_left_knee,servo,trajectory_rmse_percent,2.3818519421968642,True,,False,raw observation/full12 ledgers vs immutable v010 contract
trial_024_20260902_clean_v010,P05,front_left_ankle,wheel,duration_error_percent,5.657574865213446e-12,True,,False,raw observation/full12 ledgers vs immutable v010 contract
trial_024_20260902_clean_v010,P05,front_left_ankle,wheel,command_average_velocity_error_percent,1.3837169892279397e-12,True,,False,raw observation/full12 ledgers vs immutable v010 contract
trial_024_20260902_clean_v010,P05,front_left_ankle,wheel,measured_average_velocity_error_percent,0.01761993817549124,True,,False,raw observation/full12 ledgers vs immutable v010 contract
trial_024_20260902_clean_v010,P05,front_left_ankle,wheel,command_peak_velocity_error_percent,0.0,True,,False,raw observation/full12 ledgers vs immutable v010 contract
trial_024_20260902_clean_v010,P05,front_left_ankle,wheel,measured_peak_velocity_error_percent,1.0397704303602713,True,,False,raw observation/full12 ledgers vs immutable v010 contract
trial_024_20260902_clean_v010,P05,front_left_ankle,wheel,command_wheel_integral_error_percent,7.0223862858408205e-12,True,,False,raw observation/full12 ledgers vs immutable v010 contract
trial_024_20260902_clean_v010,P05,front_left_ankle,wheel,actual_wheel_integral_error_percent,0.004670898779899508,True,,False,raw observation/full12 ledgers vs immutable v010 contract
trial_024_20260902_clean_v010,P05,front_right_ankle,wheel,duration_error_percent,5.657574865213446e-12,True,,False,raw observation/full12 ledgers vs immutable v010 contract
trial_024_20260902_clean_v010,P05,front_right_ankle,wheel,command_average_velocity_error_percent,1.3837169892279397e-12,True,,False,raw observation/full12 ledgers vs immutable v010 contract
trial_024_20260902_clean_v010,P05,front_right_ankle,wheel,measured_average_velocity_error_percent,0.759543789884981,True,,False,raw observation/full12 ledgers vs immutable v010 contract
trial_024_20260902_clean_v010,P05,front_right_ankle,wheel,command_peak_velocity_error_percent,0.0,True,,False,raw observation/full12 ledgers vs immutable v010 contract
trial_024_20260902_clean_v010,P05,front_right_ankle,wheel,measured_peak_velocity_error_percent,8.943189910149579,True,,False,raw observation/full12 ledgers vs immutable v010 contract
trial_024_20260902_clean_v010,P05,front_right_ankle,wheel,command_wheel_integral_error_percent,7.0223862858408205e-12,True,,False,raw observation/full12 ledgers vs immutable v010 contract
trial_024_20260902_clean_v010,P05,front_right_ankle,wheel,actual_wheel_integral_error_percent,2.169628375370852,True,,False,raw observation/full12 ledgers vs immutable v010 contract
trial_024_20260902_clean_v010,P05,rear_left_ankle,wheel,duration_error_percent,5.657574865213446e-12,True,,False,raw observation/full12 ledgers vs immutable v010 contract
trial_024_20260902_clean_v010,P05,rear_left_ankle,wheel,command_average_velocity_error_percent,1.3837169892279397e-12,True,,False,raw observation/full12 ledgers vs immutable v010 contract
trial_024_20260902_clean_v010,P05,rear_left_ankle,wheel,measured_average_velocity_error_percent,0.7745949067256829,True,,False,raw observation/full12 ledgers vs immutable v010 contract
trial_024_20260902_clean_v010,P05,rear_left_ankle,wheel,command_peak_velocity_error_percent,0.0,True,,False,raw observation/full12 ledgers vs immutable v010 contract
trial_024_20260902_clean_v010,P05,rear_left_ankle,wheel,measured_peak_velocity_error_percent,6.0995221241824735,True,,False,raw observation/full12 ledgers vs immutable v010 contract
trial_024_20260902_clean_v010,P05,rear_left_ankle,wheel,command_wheel_integral_error_percent,7.0223862858408205e-12,True,,False,raw observation/full12 ledgers vs immutable v010 contract
trial_024_20260902_clean_v010,P05,rear_left_ankle,wheel,actual_wheel_integral_error_percent,2.3856057882243666,True,,False,raw observation/full12 ledgers vs immutable v010 contract
trial_024_20260902_clean_v010,P05,rear_right_ankle,wheel,duration_error_percent,5.657574865213446e-12,True,,False,raw observation/full12 ledgers vs immutable v010 contract
trial_024_20260902_clean_v010,P05,rear_right_ankle,wheel,command_average_velocity_error_percent,1.3837169892279397e-12,True,,False,raw observation/full12 ledgers vs immutable v010 contract
trial_024_20260902_clean_v010,P05,rear_right_ankle,wheel,measured_average_velocity_error_percent,0.2602436750130663,True,,False,raw observation/full12 ledgers vs immutable v010 contract
trial_024_20260902_clean_v010,P05,rear_right_ankle,wheel,command_peak_velocity_error_percent,0.0,True,,False,raw observation/full12 ledgers vs immutable v010 contract
trial_024_20260902_clean_v010,P05,rear_right_ankle,wheel,measured_peak_velocity_error_percent,0.21451435937664246,True,,False,raw observation/full12 ledgers vs immutable v010 contract
trial_024_20260902_clean_v010,P05,rear_right_ankle,wheel,command_wheel_integral_error_percent,7.0223862858408205e-12,True,,False,raw observation/full12 ledgers vs immutable v010 contract
trial_024_20260902_clean_v010,P05,rear_right_ankle,wheel,actual_wheel_integral_error_percent,0.2148916748574892,True,,False,raw observation/full12 ledgers vs immutable v010 contract
trial_024_20260902_clean_v010,P06,front_left_ankle,wheel,duration_error_percent,5.690835096460134e-12,True,,False,raw observation/full12 ledgers vs immutable v010 contract
trial_024_20260902_clean_v010,P06,front_left_ankle,wheel,command_average_velocity_error_percent,4.773959005888173e-12,True,,False,raw observation/full12 ledgers vs immutable v010 contract
trial_024_20260902_clean_v010,P06,front_left_ankle,wheel,measured_average_velocity_error_percent,0.8129841478986377,True,,False,raw observation/full12 ledgers vs immutable v010 contract
trial_024_20260902_clean_v010,P06,front_left_ankle,wheel,command_peak_velocity_error_percent,0.0,True,,False,raw observation/full12 ledgers vs immutable v010 contract
trial_024_20260902_clean_v010,P06,front_left_ankle,wheel,measured_peak_velocity_error_percent,6.582590813291411,True,,False,raw observation/full12 ledgers vs immutable v010 contract
trial_024_20260902_clean_v010,P06,front_left_ankle,wheel,command_wheel_integral_error_percent,9.160064641816435e-13,True,,False,raw observation/full12 ledgers vs immutable v010 contract
trial_024_20260902_clean_v010,P06,front_left_ankle,wheel,actual_wheel_integral_error_percent,0.8217307310342378,True,,False,raw observation/full12 ledgers vs immutable v010 contract
trial_024_20260902_clean_v010,P06,front_right_ankle,wheel,duration_error_percent,5.690835096460134e-12,True,,False,raw observation/full12 ledgers vs immutable v010 contract
trial_024_20260902_clean_v010,P06,front_right_ankle,wheel,command_average_velocity_error_percent,4.773959005888173e-12,True,,False,raw observation/full12 ledgers vs immutable v010 contract
trial_024_20260902_clean_v010,P06,front_right_ankle,wheel,measured_average_velocity_error_percent,2.3824811711242466,True,,False,raw observation/full12 ledgers vs immutable v010 contract
trial_024_20260902_clean_v010,P06,front_right_ankle,wheel,command_peak_velocity_error_percent,0.0,True,,False,raw observation/full12 ledgers vs immutable v010 contract
trial_024_20260902_clean_v010,P06,front_right_ankle,wheel,measured_peak_velocity_error_percent,2.688487783992743,True,,False,raw observation/full12 ledgers vs immutable v010 contract
trial_024_20260902_clean_v010,P06,front_right_ankle,wheel,command_wheel_integral_error_percent,9.160064641816435e-13,True,,False,raw observation/full12 ledgers vs immutable v010 contract
trial_024_20260902_clean_v010,P06,front_right_ankle,wheel,actual_wheel_integral_error_percent,2.3854332891960746,True,,False,raw observation/full12 ledgers vs immutable v010 contract
trial_024_20260902_clean_v010,P06,rear_left_ankle,wheel,duration_error_percent,5.690835096460134e-12,True,,False,raw observation/full12 ledgers vs immutable v010 contract
trial_024_20260902_clean_v010,P06,rear_left_ankle,wheel,command_average_velocity_error_percent,4.773959005888173e-12,True,,False,raw observation/full12 ledgers vs immutable v010 contract
trial_024_20260902_clean_v010,P06,rear_left_ankle,wheel,measured_average_velocity_error_percent,1.2877530929239334,True,,False,raw observation/full12 ledgers vs immutable v010 contract
trial_024_20260902_clean_v010,P06,rear_left_ankle,wheel,command_peak_velocity_error_percent,0.0,True,,False,raw observation/full12 ledgers vs immutable v010 contract
trial_024_20260902_clean_v010,P06,rear_left_ankle,wheel,measured_peak_velocity_error_percent,4.10082766728304,True,,False,raw observation/full12 ledgers vs immutable v010 contract
trial_024_20260902_clean_v010,P06,rear_left_ankle,wheel,command_wheel_integral_error_percent,9.160064641816435e-13,True,,False,raw observation/full12 ledgers vs immutable v010 contract
trial_024_20260902_clean_v010,P06,rear_left_ankle,wheel,actual_wheel_integral_error_percent,1.2871132309518594,True,,False,raw observation/full12 ledgers vs immutable v010 contract
trial_024_20260902_clean_v010,P06,rear_right_ankle,wheel,duration_error_percent,5.690835096460134e-12,True,,False,raw observation/full12 ledgers vs immutable v010 contract
trial_024_20260902_clean_v010,P06,rear_right_ankle,wheel,command_average_velocity_error_percent,4.773959005888173e-12,True,,False,raw observation/full12 ledgers vs immutable v010 contract
trial_024_20260902_clean_v010,P06,rear_right_ankle,wheel,measured_average_velocity_error_percent,0.49904442571544766,True,,False,raw observation/full12 ledgers vs immutable v010 contract
trial_024_20260902_clean_v010,P06,rear_right_ankle,wheel,command_peak_velocity_error_percent,0.0,True,,False,raw observation/full12 ledgers vs immutable v010 contract
trial_024_20260902_clean_v010,P06,rear_right_ankle,wheel,measured_peak_velocity_error_percent,8.873699961934637,True,,False,raw observation/full12 ledgers vs immutable v010 contract
trial_024_20260902_clean_v010,P06,rear_right_ankle,wheel,command_wheel_integral_error_percent,9.160064641816435e-13,True,,False,raw observation/full12 ledgers vs immutable v010 contract
trial_024_20260902_clean_v010,P06,rear_right_ankle,wheel,actual_wheel_integral_error_percent,0.5010679600492728,True,,False,raw observation/full12 ledgers vs immutable v010 contract
trial_024_20260902_clean_v010,P07,front_left_hip,servo,command_endpoint_error_percent,0.0,True,,False,raw observation/full12 ledgers vs immutable v010 contract
trial_024_20260902_clean_v010,P07,front_left_hip,servo,actual_endpoint_error_percent,1.4864523399080787,True,,False,raw observation/full12 ledgers vs immutable v010 contract
trial_024_20260902_clean_v010,P07,front_left_hip,servo,command_delta_error_percent,0.0,True,,False,raw observation/full12 ledgers vs immutable v010 contract
trial_024_20260902_clean_v010,P07,front_left_hip,servo,actual_delta_error_percent,1.6318856558271657,True,,False,raw observation/full12 ledgers vs immutable v010 contract
trial_024_20260902_clean_v010,P07,front_left_hip,servo,duration_error_percent,5.5422333389290965e-12,True,,False,raw observation/full12 ledgers vs immutable v010 contract
trial_024_20260902_clean_v010,P07,front_left_hip,servo,command_average_velocity_error_percent,5.569118739741008e-12,True,,False,raw observation/full12 ledgers vs immutable v010 contract
trial_024_20260902_clean_v010,P07,front_left_hip,servo,measured_average_velocity_error_percent,0.5825655805580202,True,,False,raw observation/full12 ledgers vs immutable v010 contract
trial_024_20260902_clean_v010,P07,front_left_hip,servo,command_peak_velocity_error_percent,5.6843418860808015e-12,True,,False,raw observation/full12 ledgers vs immutable v010 contract
trial_024_20260902_clean_v010,P07,front_left_hip,servo,measured_peak_velocity_error_percent,0.12065027854265335,True,,False,raw observation/full12 ledgers vs immutable v010 contract
trial_024_20260902_clean_v010,P07,front_left_hip,servo,trajectory_rmse_percent,0.555629243215511,True,,False,raw observation/full12 ledgers vs immutable v010 contract
trial_024_20260902_clean_v010,P07,front_right_knee,servo,command_endpoint_error_percent,0.0,True,,False,raw observation/full12 ledgers vs immutable v010 contract
trial_024_20260902_clean_v010,P07,front_right_knee,servo,actual_endpoint_error_percent,0.1739621491646256,True,,False,raw observation/full12 ledgers vs immutable v010 contract
trial_024_20260902_clean_v010,P07,front_right_knee,servo,command_delta_error_percent,0.0,True,,False,raw observation/full12 ledgers vs immutable v010 contract
trial_024_20260902_clean_v010,P07,front_right_knee,servo,actual_delta_error_percent,7.961923825527771,True,,False,raw observation/full12 ledgers vs immutable v010 contract
trial_024_20260902_clean_v010,P07,front_right_knee,servo,duration_error_percent,5.5422333389290965e-12,True,,False,raw observation/full12 ledgers vs immutable v010 contract
trial_024_20260902_clean_v010,P07,front_right_knee,servo,command_average_velocity_error_percent,5.541113113894611e-12,True,,False,raw observation/full12 ledgers vs immutable v010 contract
trial_024_20260902_clean_v010,P07,front_right_knee,servo,measured_average_velocity_error_percent,2.4853567756639814,True,,False,raw observation/full12 ledgers vs immutable v010 contract
trial_024_20260902_clean_v010,P07,front_right_knee,servo,command_peak_velocity_error_percent,5.6843418860808015e-12,True,,False,raw observation/full12 ledgers vs immutable v010 contract
trial_024_20260902_clean_v010,P07,front_right_knee,servo,measured_peak_velocity_error_percent,7.255058959810693,True,,False,raw observation/full12 ledgers vs immutable v010 contract
trial_024_20260902_clean_v010,P07,front_right_knee,servo,trajectory_rmse_percent,6.407166606736771,True,,False,raw observation/full12 ledgers vs immutable v010 contract
trial_024_20260902_clean_v010,P07,front_right_ankle,wheel,duration_error_percent,5.5422333389290965e-12,True,,False,raw observation/full12 ledgers vs immutable v010 contract
trial_024_20260902_clean_v010,P07,front_right_ankle,wheel,command_average_velocity_error_percent,3.3776626410553707e-13,True,,False,raw observation/full12 ledgers vs immutable v010 contract
trial_024_20260902_clean_v010,P07,front_right_ankle,wheel,measured_average_velocity_error_percent,0.2800995895568256,True,,False,raw observation/full12 ledgers vs immutable v010 contract
trial_024_20260902_clean_v010,P07,front_right_ankle,wheel,command_peak_velocity_error_percent,0.0,True,,False,raw observation/full12 ledgers vs immutable v010 contract
trial_024_20260902_clean_v010,P07,front_right_ankle,wheel,measured_peak_velocity_error_percent,8.59273501105341,True,,False,raw observation/full12 ledgers vs immutable v010 contract
trial_024_20260902_clean_v010,P07,front_right_ankle,wheel,command_wheel_integral_error_percent,5.868321701590447e-12,True,,False,raw observation/full12 ledgers vs immutable v010 contract
trial_024_20260902_clean_v010,P07,front_right_ankle,wheel,actual_wheel_integral_error_percent,0.21134595992891356,True,,False,raw observation/full12 ledgers vs immutable v010 contract
trial_024_20260902_clean_v010,P08,rear_left_hip,servo,command_endpoint_error_percent,1.4620220900413587e-14,True,,False,raw observation/full12 ledgers vs immutable v010 contract
trial_024_20260902_clean_v010,P08,rear_left_hip,servo,actual_endpoint_error_percent,1.6806762602129213,True,,False,raw observation/full12 ledgers vs immutable v010 contract
trial_024_20260902_clean_v010,P08,rear_left_hip,servo,command_delta_error_percent,0.0,True,,False,raw observation/full12 ledgers vs immutable v010 contract
trial_024_20260902_clean_v010,P08,rear_left_hip,servo,actual_delta_error_percent,2.497038458788433,True,,False,raw observation/full12 ledgers vs immutable v010 contract
trial_024_20260902_clean_v010,P08,rear_left_hip,servo,duration_error_percent,5.329070518201054e-12,True,,False,raw observation/full12 ledgers vs immutable v010 contract
trial_024_20260902_clean_v010,P08,rear_left_hip,servo,command_average_velocity_error_percent,5.345152761190903e-12,True,,False,raw observation/full12 ledgers vs immutable v010 contract
trial_024_20260902_clean_v010,P08,rear_left_hip,servo,measured_average_velocity_error_percent,1.6352953628462266,True,,False,raw observation/full12 ledgers vs immutable v010 contract
trial_024_20260902_clean_v010,P08,rear_left_hip,servo,command_peak_velocity_error_percent,5.6843418860808015e-12,True,,False,raw observation/full12 ledgers vs immutable v010 contract
trial_024_20260902_clean_v010,P08,rear_left_hip,servo,measured_peak_velocity_error_percent,3.554677360027985,True,,False,raw observation/full12 ledgers vs immutable v010 contract
trial_024_20260902_clean_v010,P08,rear_left_hip,servo,trajectory_rmse_percent,0.5707047736659704,True,,False,raw observation/full12 ledgers vs immutable v010 contract
trial_024_20260902_clean_v010,P09,front_left_hip,servo,command_endpoint_error_percent,0.0,True,,False,raw observation/full12 ledgers vs immutable v010 contract
trial_024_20260902_clean_v010,P09,front_left_hip,servo,actual_endpoint_error_percent,0.5337804798167385,True,,False,raw observation/full12 ledgers vs immutable v010 contract
trial_024_20260902_clean_v010,P09,front_left_hip,servo,command_delta_error_percent,0.0,True,,False,raw observation/full12 ledgers vs immutable v010 contract
trial_024_20260902_clean_v010,P09,front_left_hip,servo,actual_delta_error_percent,0.534007754062328,True,,False,raw observation/full12 ledgers vs immutable v010 contract
trial_024_20260902_clean_v010,P09,front_left_hip,servo,duration_error_percent,3.1777050127038847e-11,True,,False,raw observation/full12 ledgers vs immutable v010 contract
trial_024_20260902_clean_v010,P09,front_left_hip,servo,command_average_velocity_error_percent,3.178403249875698e-11,True,,False,raw observation/full12 ledgers vs immutable v010 contract
trial_024_20260902_clean_v010,P09,front_left_hip,servo,measured_average_velocity_error_percent,7.3240448499632755,True,,False,raw observation/full12 ledgers vs immutable v010 contract
trial_024_20260902_clean_v010,P09,front_left_hip,servo,command_peak_velocity_error_percent,9.094947017729282e-11,True,,False,raw observation/full12 ledgers vs immutable v010 contract
trial_024_20260902_clean_v010,P09,front_left_hip,servo,measured_peak_velocity_error_percent,2.181878719245566,True,,False,raw observation/full12 ledgers vs immutable v010 contract
trial_024_20260902_clean_v010,P09,front_left_hip,servo,trajectory_rmse_percent,0.7021122898469997,True,,False,raw observation/full12 ledgers vs immutable v010 contract
trial_024_20260902_clean_v010,P09,front_left_knee,servo,command_endpoint_error_percent,0.0,True,,False,raw observation/full12 ledgers vs immutable v010 contract
trial_024_20260902_clean_v010,P09,front_left_knee,servo,actual_endpoint_error_percent,1.8566351438864044,True,,False,raw observation/full12 ledgers vs immutable v010 contract
trial_024_20260902_clean_v010,P09,front_left_knee,servo,command_delta_error_percent,0.0,True,,False,raw observation/full12 ledgers vs immutable v010 contract
trial_024_20260902_clean_v010,P09,front_left_knee,servo,actual_delta_error_percent,0.557153708796084,True,,False,raw observation/full12 ledgers vs immutable v010 contract
trial_024_20260902_clean_v010,P09,front_left_knee,servo,duration_error_percent,3.1777050127038847e-11,True,,False,raw observation/full12 ledgers vs immutable v010 contract
trial_024_20260902_clean_v010,P09,front_left_knee,servo,command_average_velocity_error_percent,2.383426789265286e-11,True,,False,raw observation/full12 ledgers vs immutable v010 contract
trial_024_20260902_clean_v010,P09,front_left_knee,servo,measured_average_velocity_error_percent,0.0016069458828097008,True,,False,raw observation/full12 ledgers vs immutable v010 contract
trial_024_20260902_clean_v010,P09,front_left_knee,servo,command_peak_velocity_error_percent,9.094947017729282e-11,True,,False,raw observation/full12 ledgers vs immutable v010 contract
trial_024_20260902_clean_v010,P09,front_left_knee,servo,measured_peak_velocity_error_percent,0.2944154430049581,True,,False,raw observation/full12 ledgers vs immutable v010 contract
trial_024_20260902_clean_v010,P09,front_left_knee,servo,trajectory_rmse_percent,3.421814456345642,True,,False,raw observation/full12 ledgers vs immutable v010 contract
trial_024_20260902_clean_v010,P09,rear_left_hip,servo,command_endpoint_error_percent,0.0,True,,False,raw observation/full12 ledgers vs immutable v010 contract
trial_024_20260902_clean_v010,P09,rear_left_hip,servo,actual_endpoint_error_percent,2.4102354251522713,True,,False,raw observation/full12 ledgers vs immutable v010 contract
trial_024_20260902_clean_v010,P09,rear_left_hip,servo,command_delta_error_percent,2.24855296126614e-14,True,,False,raw observation/full12 ledgers vs immutable v010 contract
trial_024_20260902_clean_v010,P09,rear_left_hip,servo,actual_delta_error_percent,2.032197423305678,True,,False,raw observation/full12 ledgers vs immutable v010 contract
trial_024_20260902_clean_v010,P09,rear_left_hip,servo,duration_error_percent,3.1777050127038847e-11,True,,False,raw observation/full12 ledgers vs immutable v010 contract
trial_024_20260902_clean_v010,P09,rear_left_hip,servo,command_average_velocity_error_percent,2.092992446023345e-11,True,,False,raw observation/full12 ledgers vs immutable v010 contract
trial_024_20260902_clean_v010,P09,rear_left_hip,servo,measured_average_velocity_error_percent,1.4107968930174852,True,,False,raw observation/full12 ledgers vs immutable v010 contract
trial_024_20260902_clean_v010,P09,rear_left_hip,servo,command_peak_velocity_error_percent,9.094947017729282e-11,True,,False,raw observation/full12 ledgers vs immutable v010 contract
trial_024_20260902_clean_v010,P09,rear_left_hip,servo,measured_peak_velocity_error_percent,2.3501196252534777,True,,False,raw observation/full12 ledgers vs immutable v010 contract
trial_024_20260902_clean_v010,P09,rear_left_hip,servo,trajectory_rmse_percent,0.349874690364901,True,,False,raw observation/full12 ledgers vs immutable v010 contract
trial_024_20260902_clean_v010,P09,rear_left_knee,servo,command_endpoint_error_percent,0.0,True,,False,raw observation/full12 ledgers vs immutable v010 contract
trial_024_20260902_clean_v010,P09,rear_left_knee,servo,actual_endpoint_error_percent,3.5176618458287603,True,,False,raw observation/full12 ledgers vs immutable v010 contract
trial_024_20260902_clean_v010,P09,rear_left_knee,servo,command_delta_error_percent,0.0,True,,False,raw observation/full12 ledgers vs immutable v010 contract
trial_024_20260902_clean_v010,P09,rear_left_knee,servo,actual_delta_error_percent,4.133629825557474,True,,False,raw observation/full12 ledgers vs immutable v010 contract
trial_024_20260902_clean_v010,P09,rear_left_knee,servo,duration_error_percent,3.1777050127038847e-11,True,,False,raw observation/full12 ledgers vs immutable v010 contract
trial_024_20260902_clean_v010,P09,rear_left_knee,servo,command_average_velocity_error_percent,2.5686119897727622e-11,True,,False,raw observation/full12 ledgers vs immutable v010 contract
trial_024_20260902_clean_v010,P09,rear_left_knee,servo,measured_average_velocity_error_percent,1.6185313692488736,True,,False,raw observation/full12 ledgers vs immutable v010 contract
trial_024_20260902_clean_v010,P09,rear_left_knee,servo,command_peak_velocity_error_percent,9.094947017729282e-11,True,,False,raw observation/full12 ledgers vs immutable v010 contract
trial_024_20260902_clean_v010,P09,rear_left_knee,servo,measured_peak_velocity_error_percent,8.757531016216316,True,,False,raw observation/full12 ledgers vs immutable v010 contract
trial_024_20260902_clean_v010,P09,rear_left_knee,servo,trajectory_rmse_percent,0.6516545060338937,True,,False,raw observation/full12 ledgers vs immutable v010 contract
trial_024_20260902_clean_v010,P09,rear_right_hip,servo,command_endpoint_error_percent,0.0,True,,False,raw observation/full12 ledgers vs immutable v010 contract
trial_024_20260902_clean_v010,P09,rear_right_hip,servo,actual_endpoint_error_percent,5.651121577773741,True,,False,raw observation/full12 ledgers vs immutable v010 contract
trial_024_20260902_clean_v010,P09,rear_right_hip,servo,command_delta_error_percent,0.0,True,,False,raw observation/full12 ledgers vs immutable v010 contract
trial_024_20260902_clean_v010,P09,rear_right_hip,servo,actual_delta_error_percent,4.7515043854506205,True,,False,raw observation/full12 ledgers vs immutable v010 contract
trial_024_20260902_clean_v010,P09,rear_right_hip,servo,duration_error_percent,3.1777050127038847e-11,True,,False,raw observation/full12 ledgers vs immutable v010 contract
trial_024_20260902_clean_v010,P09,rear_right_hip,servo,command_average_velocity_error_percent,3.179573454653826e-11,True,,False,raw observation/full12 ledgers vs immutable v010 contract
trial_024_20260902_clean_v010,P09,rear_right_hip,servo,measured_average_velocity_error_percent,0.6668414734748094,True,,False,raw observation/full12 ledgers vs immutable v010 contract
trial_024_20260902_clean_v010,P09,rear_right_hip,servo,command_peak_velocity_error_percent,9.094947017729282e-11,True,,False,raw observation/full12 ledgers vs immutable v010 contract
trial_024_20260902_clean_v010,P09,rear_right_hip,servo,measured_peak_velocity_error_percent,1.5721695580316075,True,,False,raw observation/full12 ledgers vs immutable v010 contract
trial_024_20260902_clean_v010,P09,rear_right_hip,servo,trajectory_rmse_percent,1.3051891424193305,True,,False,raw observation/full12 ledgers vs immutable v010 contract
trial_024_20260902_clean_v010,P09,rear_right_knee,servo,command_endpoint_error_percent,0.0,True,,False,raw observation/full12 ledgers vs immutable v010 contract
trial_024_20260902_clean_v010,P09,rear_right_knee,servo,actual_endpoint_error_percent,0.26722663395587093,True,,False,raw observation/full12 ledgers vs immutable v010 contract
trial_024_20260902_clean_v010,P09,rear_right_knee,servo,command_delta_error_percent,0.0,True,,False,raw observation/full12 ledgers vs immutable v010 contract
trial_024_20260902_clean_v010,P09,rear_right_knee,servo,actual_delta_error_percent,0.3993711863996787,True,,False,raw observation/full12 ledgers vs immutable v010 contract
trial_024_20260902_clean_v010,P09,rear_right_knee,servo,duration_error_percent,3.1777050127038847e-11,True,,False,raw observation/full12 ledgers vs immutable v010 contract
trial_024_20260902_clean_v010,P09,rear_right_knee,servo,command_average_velocity_error_percent,3.177141089899741e-11,True,,False,raw observation/full12 ledgers vs immutable v010 contract
trial_024_20260902_clean_v010,P09,rear_right_knee,servo,measured_average_velocity_error_percent,0.15916488661258732,True,,False,raw observation/full12 ledgers vs immutable v010 contract
trial_024_20260902_clean_v010,P09,rear_right_knee,servo,command_peak_velocity_error_percent,5.6843418860808015e-12,True,,False,raw observation/full12 ledgers vs immutable v010 contract
trial_024_20260902_clean_v010,P09,rear_right_knee,servo,measured_peak_velocity_error_percent,1.0456181217287466,True,,False,raw observation/full12 ledgers vs immutable v010 contract
trial_024_20260902_clean_v010,P09,rear_right_knee,servo,trajectory_rmse_percent,3.869090273931964,True,,False,raw observation/full12 ledgers vs immutable v010 contract
trial_024_20260902_clean_v010,P09,front_left_ankle,wheel,duration_error_percent,3.1777050127038847e-11,True,,False,raw observation/full12 ledgers vs immutable v010 contract
trial_024_20260902_clean_v010,P09,front_left_ankle,wheel,command_average_velocity_error_percent,0.3733876442933252,True,,False,raw observation/full12 ledgers vs immutable v010 contract
trial_024_20260902_clean_v010,P09,front_left_ankle,wheel,measured_average_velocity_error_percent,1.3046211112238533,True,,False,raw observation/full12 ledgers vs immutable v010 contract
trial_024_20260902_clean_v010,P09,front_left_ankle,wheel,command_peak_velocity_error_percent,0.0,True,,False,raw observation/full12 ledgers vs immutable v010 contract
trial_024_20260902_clean_v010,P09,front_left_ankle,wheel,measured_peak_velocity_error_percent,25.907079559319314,True,,False,raw observation/full12 ledgers vs immutable v010 contract
trial_024_20260902_clean_v010,P09,front_left_ankle,wheel,command_wheel_integral_error_percent,1.2141280354570065,True,,False,raw observation/full12 ledgers vs immutable v010 contract
trial_024_20260902_clean_v010,P09,front_left_ankle,wheel,actual_wheel_integral_error_percent,16.345044859419914,True,,False,raw observation/full12 ledgers vs immutable v010 contract
trial_024_20260902_clean_v010,P09,front_right_ankle,wheel,duration_error_percent,3.1777050127038847e-11,True,,False,raw observation/full12 ledgers vs immutable v010 contract
trial_024_20260902_clean_v010,P09,front_right_ankle,wheel,command_average_velocity_error_percent,3.780309398848657e-12,True,,False,raw observation/full12 ledgers vs immutable v010 contract
trial_024_20260902_clean_v010,P09,front_right_ankle,wheel,measured_average_velocity_error_percent,1.7360311957697492,True,,False,raw observation/full12 ledgers vs immutable v010 contract
trial_024_20260902_clean_v010,P09,front_right_ankle,wheel,command_peak_velocity_error_percent,0.0,True,,False,raw observation/full12 ledgers vs immutable v010 contract
trial_024_20260902_clean_v010,P09,front_right_ankle,wheel,measured_peak_velocity_error_percent,40.94440145211522,False,REFERENCE_DIVERGENCE_WARNING,False,raw observation/full12 ledgers vs immutable v010 contract
trial_024_20260902_clean_v010,P09,front_right_ankle,wheel,command_wheel_integral_error_percent,2.732019403733724e-11,True,,False,raw observation/full12 ledgers vs immutable v010 contract
trial_024_20260902_clean_v010,P09,front_right_ankle,wheel,actual_wheel_integral_error_percent,0.09141686518611737,True,,False,raw observation/full12 ledgers vs immutable v010 contract
trial_024_20260902_clean_v010,P09,rear_left_ankle,wheel,duration_error_percent,3.1777050127038847e-11,True,,False,raw observation/full12 ledgers vs immutable v010 contract
trial_024_20260902_clean_v010,P09,rear_left_ankle,wheel,command_average_velocity_error_percent,3.780309398848657e-12,True,,False,raw observation/full12 ledgers vs immutable v010 contract
trial_024_20260902_clean_v010,P09,rear_left_ankle,wheel,measured_average_velocity_error_percent,0.24976281122922614,True,,False,raw observation/full12 ledgers vs immutable v010 contract
trial_024_20260902_clean_v010,P09,rear_left_ankle,wheel,command_peak_velocity_error_percent,0.0,True,,False,raw observation/full12 ledgers vs immutable v010 contract
trial_024_20260902_clean_v010,P09,rear_left_ankle,wheel,measured_peak_velocity_error_percent,52.75013911083131,False,REFERENCE_DIVERGENCE_WARNING,False,raw observation/full12 ledgers vs immutable v010 contract
trial_024_20260902_clean_v010,P09,rear_left_ankle,wheel,command_wheel_integral_error_percent,2.732019403733724e-11,True,,False,raw observation/full12 ledgers vs immutable v010 contract
trial_024_20260902_clean_v010,P09,rear_left_ankle,wheel,actual_wheel_integral_error_percent,0.8281425372239332,True,,False,raw observation/full12 ledgers vs immutable v010 contract
trial_024_20260902_clean_v010,P09,rear_right_ankle,wheel,duration_error_percent,3.1777050127038847e-11,True,,False,raw observation/full12 ledgers vs immutable v010 contract
trial_024_20260902_clean_v010,P09,rear_right_ankle,wheel,command_average_velocity_error_percent,3.780309398848657e-12,True,,False,raw observation/full12 ledgers vs immutable v010 contract
trial_024_20260902_clean_v010,P09,rear_right_ankle,wheel,measured_average_velocity_error_percent,1.0699540744949043,True,,False,raw observation/full12 ledgers vs immutable v010 contract
trial_024_20260902_clean_v010,P09,rear_right_ankle,wheel,command_peak_velocity_error_percent,0.0,True,,False,raw observation/full12 ledgers vs immutable v010 contract
trial_024_20260902_clean_v010,P09,rear_right_ankle,wheel,measured_peak_velocity_error_percent,6.4840848048672735,True,,False,raw observation/full12 ledgers vs immutable v010 contract
trial_024_20260902_clean_v010,P09,rear_right_ankle,wheel,command_wheel_integral_error_percent,2.732019403733724e-11,True,,False,raw observation/full12 ledgers vs immutable v010 contract
trial_024_20260902_clean_v010,P09,rear_right_ankle,wheel,actual_wheel_integral_error_percent,0.8218344994556538,True,,False,raw observation/full12 ledgers vs immutable v010 contract
trial_024_20260902_clean_v010,P10,rear_right_knee,servo,command_endpoint_error_percent,0.0,True,,False,raw observation/full12 ledgers vs immutable v010 contract
trial_024_20260902_clean_v010,P10,rear_right_knee,servo,actual_endpoint_error_percent,10.73257909085143,True,,False,raw observation/full12 ledgers vs immutable v010 contract
trial_024_20260902_clean_v010,P10,rear_right_knee,servo,command_delta_error_percent,0.0,True,,False,raw observation/full12 ledgers vs immutable v010 contract
trial_024_20260902_clean_v010,P10,rear_right_knee,servo,actual_delta_error_percent,7.545490396204406,True,,False,raw observation/full12 ledgers vs immutable v010 contract
trial_024_20260902_clean_v010,P10,rear_right_knee,servo,duration_error_percent,8.526512829114417e-11,True,,False,raw observation/full12 ledgers vs immutable v010 contract
trial_024_20260902_clean_v010,P10,rear_right_knee,servo,command_average_velocity_error_percent,8.526512829127989e-11,True,,False,raw observation/full12 ledgers vs immutable v010 contract
trial_024_20260902_clean_v010,P10,rear_right_knee,servo,measured_average_velocity_error_percent,17.40720780664862,True,,False,raw observation/full12 ledgers vs immutable v010 contract
trial_024_20260902_clean_v010,P10,rear_right_knee,servo,command_peak_velocity_error_percent,9.094947017729282e-11,True,,False,raw observation/full12 ledgers vs immutable v010 contract
trial_024_20260902_clean_v010,P10,rear_right_knee,servo,measured_peak_velocity_error_percent,12.278841657272634,True,,False,raw observation/full12 ledgers vs immutable v010 contract
trial_024_20260902_clean_v010,P10,rear_right_knee,servo,trajectory_rmse_percent,3.857463396829463,True,,False,raw observation/full12 ledgers vs immutable v010 contract
trial_024_20260902_clean_v010,P11,front_right_hip,servo,command_endpoint_error_percent,0.0,True,,False,raw observation/full12 ledgers vs immutable v010 contract
trial_024_20260902_clean_v010,P11,front_right_hip,servo,actual_endpoint_error_percent,3.4708844239206904,True,,False,raw observation/full12 ledgers vs immutable v010 contract
trial_024_20260902_clean_v010,P11,front_right_hip,servo,command_delta_error_percent,0.0,True,,False,raw observation/full12 ledgers vs immutable v010 contract
trial_024_20260902_clean_v010,P11,front_right_hip,servo,actual_delta_error_percent,3.8789404688656237,True,,False,raw observation/full12 ledgers vs immutable v010 contract
trial_024_20260902_clean_v010,P11,front_right_hip,servo,duration_error_percent,7.917476198463387e-11,True,,False,raw observation/full12 ledgers vs immutable v010 contract
trial_024_20260902_clean_v010,P11,front_right_hip,servo,command_average_velocity_error_percent,7.91643008080659e-11,True,,False,raw observation/full12 ledgers vs immutable v010 contract
trial_024_20260902_clean_v010,P11,front_right_hip,servo,measured_average_velocity_error_percent,1.4101727442030134,True,,False,raw observation/full12 ledgers vs immutable v010 contract
trial_024_20260902_clean_v010,P11,front_right_hip,servo,command_peak_velocity_error_percent,9.094947017729282e-11,True,,False,raw observation/full12 ledgers vs immutable v010 contract
trial_024_20260902_clean_v010,P11,front_right_hip,servo,measured_peak_velocity_error_percent,0.9781073691972595,True,,False,raw observation/full12 ledgers vs immutable v010 contract
trial_024_20260902_clean_v010,P11,front_right_hip,servo,trajectory_rmse_percent,3.7227790496301636,True,,False,raw observation/full12 ledgers vs immutable v010 contract
trial_024_20260902_clean_v010,P12,rear_left_hip,servo,command_endpoint_error_percent,0.0,True,,False,raw observation/full12 ledgers vs immutable v010 contract
trial_024_20260902_clean_v010,P12,rear_left_hip,servo,actual_endpoint_error_percent,4.0562940784515735,True,,False,raw observation/full12 ledgers vs immutable v010 contract
trial_024_20260902_clean_v010,P12,rear_left_hip,servo,command_delta_error_percent,0.0,True,,False,raw observation/full12 ledgers vs immutable v010 contract
trial_024_20260902_clean_v010,P12,rear_left_hip,servo,actual_delta_error_percent,2.25294333844311,True,,False,raw observation/full12 ledgers vs immutable v010 contract
trial_024_20260902_clean_v010,P12,rear_left_hip,servo,duration_error_percent,7.97837986152849e-11,True,,False,raw observation/full12 ledgers vs immutable v010 contract
trial_024_20260902_clean_v010,P12,rear_left_hip,servo,command_average_velocity_error_percent,7.97677569908224e-11,True,,False,raw observation/full12 ledgers vs immutable v010 contract
trial_024_20260902_clean_v010,P12,rear_left_hip,servo,measured_average_velocity_error_percent,0.9221393899004707,True,,False,raw observation/full12 ledgers vs immutable v010 contract
trial_024_20260902_clean_v010,P12,rear_left_hip,servo,command_peak_velocity_error_percent,9.123368727159686e-11,True,,False,raw observation/full12 ledgers vs immutable v010 contract
trial_024_20260902_clean_v010,P12,rear_left_hip,servo,measured_peak_velocity_error_percent,0.22940762360222336,True,,False,raw observation/full12 ledgers vs immutable v010 contract
trial_024_20260902_clean_v010,P12,rear_left_hip,servo,trajectory_rmse_percent,2.0959492295499187,True,,False,raw observation/full12 ledgers vs immutable v010 contract
trial_024_20260902_clean_v010,P12,rear_left_knee,servo,command_endpoint_error_percent,9.32470781837402e-15,True,,False,raw observation/full12 ledgers vs immutable v010 contract
trial_024_20260902_clean_v010,P12,rear_left_knee,servo,actual_endpoint_error_percent,0.027984055890785734,True,,False,raw observation/full12 ledgers vs immutable v010 contract
trial_024_20260902_clean_v010,P12,rear_left_knee,servo,command_delta_error_percent,0.0,True,,False,raw observation/full12 ledgers vs immutable v010 contract
trial_024_20260902_clean_v010,P12,rear_left_knee,servo,actual_delta_error_percent,2.930850307157588,True,,False,raw observation/full12 ledgers vs immutable v010 contract
trial_024_20260902_clean_v010,P12,rear_left_knee,servo,duration_error_percent,7.97837986152849e-11,True,,False,raw observation/full12 ledgers vs immutable v010 contract
trial_024_20260902_clean_v010,P12,rear_left_knee,servo,command_average_velocity_error_percent,7.976579180992765e-11,True,,False,raw observation/full12 ledgers vs immutable v010 contract
trial_024_20260902_clean_v010,P12,rear_left_knee,servo,measured_average_velocity_error_percent,2.1550062101668086,True,,False,raw observation/full12 ledgers vs immutable v010 contract
trial_024_20260902_clean_v010,P12,rear_left_knee,servo,command_peak_velocity_error_percent,9.094947017729282e-11,True,,False,raw observation/full12 ledgers vs immutable v010 contract
trial_024_20260902_clean_v010,P12,rear_left_knee,servo,measured_peak_velocity_error_percent,0.1217829466028554,True,,False,raw observation/full12 ledgers vs immutable v010 contract
trial_024_20260902_clean_v010,P12,rear_left_knee,servo,trajectory_rmse_percent,3.092123468308422,True,,False,raw observation/full12 ledgers vs immutable v010 contract
trial_024_20260902_clean_v010,P12,front_left_ankle,wheel,duration_error_percent,7.97837986152849e-11,True,,False,raw observation/full12 ledgers vs immutable v010 contract
trial_024_20260902_clean_v010,P12,front_left_ankle,wheel,command_average_velocity_error_percent,1.9984014443252815e-13,True,,False,raw observation/full12 ledgers vs immutable v010 contract
trial_024_20260902_clean_v010,P12,front_left_ankle,wheel,measured_average_velocity_error_percent,0.4858010201598983,True,,False,raw observation/full12 ledgers vs immutable v010 contract
trial_024_20260902_clean_v010,P12,front_left_ankle,wheel,command_peak_velocity_error_percent,0.0,True,,False,raw observation/full12 ledgers vs immutable v010 contract
trial_024_20260902_clean_v010,P12,front_left_ankle,wheel,measured_peak_velocity_error_percent,107.2454973207474,False,REFERENCE_DIVERGENCE_WARNING,False,raw observation/full12 ledgers vs immutable v010 contract
trial_024_20260902_clean_v010,P12,front_left_ankle,wheel,command_wheel_integral_error_percent,7.954916187042709e-11,True,,False,raw observation/full12 ledgers vs immutable v010 contract
trial_024_20260902_clean_v010,P12,front_left_ankle,wheel,actual_wheel_integral_error_percent,36.1132647367233,False,REFERENCE_DIVERGENCE_WARNING,False,raw observation/full12 ledgers vs immutable v010 contract
trial_024_20260902_clean_v010,P12,front_right_ankle,wheel,duration_error_percent,7.97837986152849e-11,True,,False,raw observation/full12 ledgers vs immutable v010 contract
trial_024_20260902_clean_v010,P12,front_right_ankle,wheel,command_average_velocity_error_percent,1.9984014443252815e-13,True,,False,raw observation/full12 ledgers vs immutable v010 contract
trial_024_20260902_clean_v010,P12,front_right_ankle,wheel,measured_average_velocity_error_percent,3.2191290878579246,True,,False,raw observation/full12 ledgers vs immutable v010 contract
trial_024_20260902_clean_v010,P12,front_right_ankle,wheel,command_peak_velocity_error_percent,0.0,True,,False,raw observation/full12 ledgers vs immutable v010 contract
trial_024_20260902_clean_v010,P12,front_right_ankle,wheel,measured_peak_velocity_error_percent,14.889080623870592,True,,False,raw observation/full12 ledgers vs immutable v010 contract
trial_024_20260902_clean_v010,P12,front_right_ankle,wheel,command_wheel_integral_error_percent,7.954916187042709e-11,True,,False,raw observation/full12 ledgers vs immutable v010 contract
trial_024_20260902_clean_v010,P12,front_right_ankle,wheel,actual_wheel_integral_error_percent,18.240821304930904,True,,False,raw observation/full12 ledgers vs immutable v010 contract
trial_024_20260902_clean_v010,P12,rear_left_ankle,wheel,duration_error_percent,7.97837986152849e-11,True,,False,raw observation/full12 ledgers vs immutable v010 contract
trial_024_20260902_clean_v010,P12,rear_left_ankle,wheel,command_average_velocity_error_percent,1.9984014443252815e-13,True,,False,raw observation/full12 ledgers vs immutable v010 contract
trial_024_20260902_clean_v010,P12,rear_left_ankle,wheel,measured_average_velocity_error_percent,0.5681782946246128,True,,False,raw observation/full12 ledgers vs immutable v010 contract
trial_024_20260902_clean_v010,P12,rear_left_ankle,wheel,command_peak_velocity_error_percent,0.0,True,,False,raw observation/full12 ledgers vs immutable v010 contract
trial_024_20260902_clean_v010,P12,rear_left_ankle,wheel,measured_peak_velocity_error_percent,9.607993607989263,True,,False,raw observation/full12 ledgers vs immutable v010 contract
trial_024_20260902_clean_v010,P12,rear_left_ankle,wheel,command_wheel_integral_error_percent,7.954916187042709e-11,True,,False,raw observation/full12 ledgers vs immutable v010 contract
trial_024_20260902_clean_v010,P12,rear_left_ankle,wheel,actual_wheel_integral_error_percent,2.2852174936906486,True,,False,raw observation/full12 ledgers vs immutable v010 contract
trial_024_20260902_clean_v010,P12,rear_right_ankle,wheel,duration_error_percent,7.97837986152849e-11,True,,False,raw observation/full12 ledgers vs immutable v010 contract
trial_024_20260902_clean_v010,P12,rear_right_ankle,wheel,command_average_velocity_error_percent,1.9984014443252815e-13,True,,False,raw observation/full12 ledgers vs immutable v010 contract
trial_024_20260902_clean_v010,P12,rear_right_ankle,wheel,measured_average_velocity_error_percent,0.3973148503742096,True,,False,raw observation/full12 ledgers vs immutable v010 contract
trial_024_20260902_clean_v010,P12,rear_right_ankle,wheel,command_peak_velocity_error_percent,0.0,True,,False,raw observation/full12 ledgers vs immutable v010 contract
trial_024_20260902_clean_v010,P12,rear_right_ankle,wheel,measured_peak_velocity_error_percent,6.166869024051404,True,,False,raw observation/full12 ledgers vs immutable v010 contract
trial_024_20260902_clean_v010,P12,rear_right_ankle,wheel,command_wheel_integral_error_percent,7.954916187042709e-11,True,,False,raw observation/full12 ledgers vs immutable v010 contract
trial_024_20260902_clean_v010,P12,rear_right_ankle,wheel,actual_wheel_integral_error_percent,0.8179080069774051,True,,False,raw observation/full12 ledgers vs immutable v010 contract
trial_024_20260902_clean_v010,P13,front_left_hip,servo,command_endpoint_error_percent,0.0,True,,False,raw observation/full12 ledgers vs immutable v010 contract
trial_024_20260902_clean_v010,P13,front_left_hip,servo,actual_endpoint_error_percent,0.36041829799235864,True,,False,raw observation/full12 ledgers vs immutable v010 contract
trial_024_20260902_clean_v010,P13,front_left_hip,servo,command_delta_error_percent,0.0,True,,False,raw observation/full12 ledgers vs immutable v010 contract
trial_024_20260902_clean_v010,P13,front_left_hip,servo,actual_delta_error_percent,1.3524583394816465,True,,False,raw observation/full12 ledgers vs immutable v010 contract
trial_024_20260902_clean_v010,P13,front_left_hip,servo,duration_error_percent,7.959675365755687e-11,True,,False,raw observation/full12 ledgers vs immutable v010 contract
trial_024_20260902_clean_v010,P13,front_left_hip,servo,command_average_velocity_error_percent,2.5486279753295094e-11,True,,False,raw observation/full12 ledgers vs immutable v010 contract
trial_024_20260902_clean_v010,P13,front_left_hip,servo,measured_average_velocity_error_percent,1.9411263518651767,True,,False,raw observation/full12 ledgers vs immutable v010 contract
trial_024_20260902_clean_v010,P13,front_left_hip,servo,command_peak_velocity_error_percent,9.094947017729282e-11,True,,False,raw observation/full12 ledgers vs immutable v010 contract
trial_024_20260902_clean_v010,P13,front_left_hip,servo,measured_peak_velocity_error_percent,1.1471218408647421,True,,False,raw observation/full12 ledgers vs immutable v010 contract
trial_024_20260902_clean_v010,P13,front_left_hip,servo,trajectory_rmse_percent,1.0385100861383654,True,,False,raw observation/full12 ledgers vs immutable v010 contract
trial_024_20260902_clean_v010,P13,front_left_knee,servo,command_endpoint_error_percent,2.169816986238091e-15,True,,False,raw observation/full12 ledgers vs immutable v010 contract
trial_024_20260902_clean_v010,P13,front_left_knee,servo,actual_endpoint_error_percent,0.39220783079012406,True,,False,raw observation/full12 ledgers vs immutable v010 contract
trial_024_20260902_clean_v010,P13,front_left_knee,servo,command_delta_error_percent,0.0,True,,False,raw observation/full12 ledgers vs immutable v010 contract
trial_024_20260902_clean_v010,P13,front_left_knee,servo,actual_delta_error_percent,0.19030496381527712,True,,False,raw observation/full12 ledgers vs immutable v010 contract
trial_024_20260902_clean_v010,P13,front_left_knee,servo,duration_error_percent,7.959675365755687e-11,True,,False,raw observation/full12 ledgers vs immutable v010 contract
trial_024_20260902_clean_v010,P13,front_left_knee,servo,command_average_velocity_error_percent,4.118705376754406e-11,True,,False,raw observation/full12 ledgers vs immutable v010 contract
trial_024_20260902_clean_v010,P13,front_left_knee,servo,measured_average_velocity_error_percent,4.7049785102829755,True,,False,raw observation/full12 ledgers vs immutable v010 contract
trial_024_20260902_clean_v010,P13,front_left_knee,servo,command_peak_velocity_error_percent,9.094947017729282e-11,True,,False,raw observation/full12 ledgers vs immutable v010 contract
trial_024_20260902_clean_v010,P13,front_left_knee,servo,measured_peak_velocity_error_percent,3.480888561259406,True,,False,raw observation/full12 ledgers vs immutable v010 contract
trial_024_20260902_clean_v010,P13,front_left_knee,servo,trajectory_rmse_percent,0.24184000976105657,True,,False,raw observation/full12 ledgers vs immutable v010 contract
trial_024_20260902_clean_v010,P13,front_right_knee,servo,command_endpoint_error_percent,4.7012701368491964e-15,True,,False,raw observation/full12 ledgers vs immutable v010 contract
trial_024_20260902_clean_v010,P13,front_right_knee,servo,actual_endpoint_error_percent,0.4510163574635884,True,,False,raw observation/full12 ledgers vs immutable v010 contract
trial_024_20260902_clean_v010,P13,front_right_knee,servo,command_delta_error_percent,0.0,True,,False,raw observation/full12 ledgers vs immutable v010 contract
trial_024_20260902_clean_v010,P13,front_right_knee,servo,actual_delta_error_percent,4.740152674499684,True,,False,raw observation/full12 ledgers vs immutable v010 contract
trial_024_20260902_clean_v010,P13,front_right_knee,servo,duration_error_percent,7.959675365755687e-11,True,,False,raw observation/full12 ledgers vs immutable v010 contract
trial_024_20260902_clean_v010,P13,front_right_knee,servo,command_average_velocity_error_percent,4.1180392429396306e-11,True,,False,raw observation/full12 ledgers vs immutable v010 contract
trial_024_20260902_clean_v010,P13,front_right_knee,servo,measured_average_velocity_error_percent,1.3978509888187287,True,,False,raw observation/full12 ledgers vs immutable v010 contract
trial_024_20260902_clean_v010,P13,front_right_knee,servo,command_peak_velocity_error_percent,9.094947017729282e-11,True,,False,raw observation/full12 ledgers vs immutable v010 contract
trial_024_20260902_clean_v010,P13,front_right_knee,servo,measured_peak_velocity_error_percent,5.005954427261785,True,,False,raw observation/full12 ledgers vs immutable v010 contract
trial_024_20260902_clean_v010,P13,front_right_knee,servo,trajectory_rmse_percent,1.109794578899639,True,,False,raw observation/full12 ledgers vs immutable v010 contract
trial_024_20260902_clean_v010,P13,rear_left_hip,servo,command_endpoint_error_percent,5.921189464667502e-15,True,,False,raw observation/full12 ledgers vs immutable v010 contract
trial_024_20260902_clean_v010,P13,rear_left_hip,servo,actual_endpoint_error_percent,11.00382748876782,True,,False,raw observation/full12 ledgers vs immutable v010 contract
trial_024_20260902_clean_v010,P13,rear_left_hip,servo,command_delta_error_percent,0.0,True,,False,raw observation/full12 ledgers vs immutable v010 contract
trial_024_20260902_clean_v010,P13,rear_left_hip,servo,actual_delta_error_percent,3.7561230843529594,True,,False,raw observation/full12 ledgers vs immutable v010 contract
trial_024_20260902_clean_v010,P13,rear_left_hip,servo,duration_error_percent,7.959675365755687e-11,True,,False,raw observation/full12 ledgers vs immutable v010 contract
trial_024_20260902_clean_v010,P13,rear_left_hip,servo,command_average_velocity_error_percent,1.0061951272177794e-11,True,,False,raw observation/full12 ledgers vs immutable v010 contract
trial_024_20260902_clean_v010,P13,rear_left_hip,servo,measured_average_velocity_error_percent,1.6968885874770097,True,,False,raw observation/full12 ledgers vs immutable v010 contract
trial_024_20260902_clean_v010,P13,rear_left_hip,servo,command_peak_velocity_error_percent,9.094947017729282e-11,True,,False,raw observation/full12 ledgers vs immutable v010 contract
trial_024_20260902_clean_v010,P13,rear_left_hip,servo,measured_peak_velocity_error_percent,4.832300423927217,True,,False,raw observation/full12 ledgers vs immutable v010 contract
trial_024_20260902_clean_v010,P13,rear_left_hip,servo,trajectory_rmse_percent,14.385438376829613,True,,False,raw observation/full12 ledgers vs immutable v010 contract
trial_024_20260902_clean_v010,P13,rear_left_knee,servo,command_endpoint_error_percent,3.00060276925718e-15,True,,False,raw observation/full12 ledgers vs immutable v010 contract
trial_024_20260902_clean_v010,P13,rear_left_knee,servo,actual_endpoint_error_percent,1.9758312389856227,True,,False,raw observation/full12 ledgers vs immutable v010 contract
trial_024_20260902_clean_v010,P13,rear_left_knee,servo,command_delta_error_percent,2.400482215405744e-14,True,,False,raw observation/full12 ledgers vs immutable v010 contract
trial_024_20260902_clean_v010,P13,rear_left_knee,servo,actual_delta_error_percent,1.848872790291673,True,,False,raw observation/full12 ledgers vs immutable v010 contract
trial_024_20260902_clean_v010,P13,rear_left_knee,servo,duration_error_percent,7.959675365755687e-11,True,,False,raw observation/full12 ledgers vs immutable v010 contract
trial_024_20260902_clean_v010,P13,rear_left_knee,servo,command_average_velocity_error_percent,1.9860779687519425e-11,True,,False,raw observation/full12 ledgers vs immutable v010 contract
trial_024_20260902_clean_v010,P13,rear_left_knee,servo,measured_average_velocity_error_percent,1.5619151452772537,True,,False,raw observation/full12 ledgers vs immutable v010 contract
trial_024_20260902_clean_v010,P13,rear_left_knee,servo,command_peak_velocity_error_percent,9.094947017729282e-11,True,,False,raw observation/full12 ledgers vs immutable v010 contract
trial_024_20260902_clean_v010,P13,rear_left_knee,servo,measured_peak_velocity_error_percent,12.58991378907296,True,,False,raw observation/full12 ledgers vs immutable v010 contract
trial_024_20260902_clean_v010,P13,rear_left_knee,servo,trajectory_rmse_percent,1.92095336538191,True,,False,raw observation/full12 ledgers vs immutable v010 contract
trial_024_20260902_clean_v010,P13,rear_right_hip,servo,command_endpoint_error_percent,0.0,True,,False,raw observation/full12 ledgers vs immutable v010 contract
trial_024_20260902_clean_v010,P13,rear_right_hip,servo,actual_endpoint_error_percent,2.246105574124575,True,,False,raw observation/full12 ledgers vs immutable v010 contract
trial_024_20260902_clean_v010,P13,rear_right_hip,servo,command_delta_error_percent,0.0,True,,False,raw observation/full12 ledgers vs immutable v010 contract
trial_024_20260902_clean_v010,P13,rear_right_hip,servo,actual_delta_error_percent,8.024439208653016,True,,False,raw observation/full12 ledgers vs immutable v010 contract
trial_024_20260902_clean_v010,P13,rear_right_hip,servo,duration_error_percent,7.959675365755687e-11,True,,False,raw observation/full12 ledgers vs immutable v010 contract
trial_024_20260902_clean_v010,P13,rear_right_hip,servo,command_average_velocity_error_percent,8.58646487245096e-12,True,,False,raw observation/full12 ledgers vs immutable v010 contract
trial_024_20260902_clean_v010,P13,rear_right_hip,servo,measured_average_velocity_error_percent,0.7858458914073596,True,,False,raw observation/full12 ledgers vs immutable v010 contract
trial_024_20260902_clean_v010,P13,rear_right_hip,servo,command_peak_velocity_error_percent,9.094947017729282e-11,True,,False,raw observation/full12 ledgers vs immutable v010 contract
trial_024_20260902_clean_v010,P13,rear_right_hip,servo,measured_peak_velocity_error_percent,0.11629035032451315,True,,False,raw observation/full12 ledgers vs immutable v010 contract
trial_024_20260902_clean_v010,P13,rear_right_hip,servo,trajectory_rmse_percent,5.53891009616765,True,,False,raw observation/full12 ledgers vs immutable v010 contract
trial_024_20260902_clean_v010,P13,rear_right_knee,servo,command_endpoint_error_percent,0.0,True,,False,raw observation/full12 ledgers vs immutable v010 contract
trial_024_20260902_clean_v010,P13,rear_right_knee,servo,actual_endpoint_error_percent,8.751983307297833,True,,False,raw observation/full12 ledgers vs immutable v010 contract
trial_024_20260902_clean_v010,P13,rear_right_knee,servo,command_delta_error_percent,0.0,True,,False,raw observation/full12 ledgers vs immutable v010 contract
trial_024_20260902_clean_v010,P13,rear_right_knee,servo,actual_delta_error_percent,8.996339768429726,True,,False,raw observation/full12 ledgers vs immutable v010 contract
trial_024_20260902_clean_v010,P13,rear_right_knee,servo,duration_error_percent,7.959675365755687e-11,True,,False,raw observation/full12 ledgers vs immutable v010 contract
trial_024_20260902_clean_v010,P13,rear_right_knee,servo,command_average_velocity_error_percent,2.844391389089651e-11,True,,False,raw observation/full12 ledgers vs immutable v010 contract
trial_024_20260902_clean_v010,P13,rear_right_knee,servo,measured_average_velocity_error_percent,2.7689652597206975,True,,False,raw observation/full12 ledgers vs immutable v010 contract
trial_024_20260902_clean_v010,P13,rear_right_knee,servo,command_peak_velocity_error_percent,9.094947017729282e-11,True,,False,raw observation/full12 ledgers vs immutable v010 contract
trial_024_20260902_clean_v010,P13,rear_right_knee,servo,measured_peak_velocity_error_percent,8.877903186827774,True,,False,raw observation/full12 ledgers vs immutable v010 contract
trial_024_20260902_clean_v010,P13,rear_right_knee,servo,trajectory_rmse_percent,0.5773569213129205,True,,False,raw observation/full12 ledgers vs immutable v010 contract
trial_024_20260902_clean_v010,P13,front_left_ankle,wheel,duration_error_percent,7.959675365755687e-11,True,,False,raw observation/full12 ledgers vs immutable v010 contract
trial_024_20260902_clean_v010,P13,front_left_ankle,wheel,command_average_velocity_error_percent,1.7789007219444e-12,True,,False,raw observation/full12 ledgers vs immutable v010 contract
trial_024_20260902_clean_v010,P13,front_left_ankle,wheel,measured_average_velocity_error_percent,0.6190998772250731,True,,False,raw observation/full12 ledgers vs immutable v010 contract
trial_024_20260902_clean_v010,P13,front_left_ankle,wheel,command_peak_velocity_error_percent,0.0,True,,False,raw observation/full12 ledgers vs immutable v010 contract
trial_024_20260902_clean_v010,P13,front_left_ankle,wheel,measured_peak_velocity_error_percent,21.8135321439899,True,,False,raw observation/full12 ledgers vs immutable v010 contract
trial_024_20260902_clean_v010,P13,front_left_ankle,wheel,command_wheel_integral_error_percent,7.782826937922564e-11,True,,False,raw observation/full12 ledgers vs immutable v010 contract
trial_024_20260902_clean_v010,P13,front_left_ankle,wheel,actual_wheel_integral_error_percent,0.6870823289161913,True,,False,raw observation/full12 ledgers vs immutable v010 contract
trial_024_20260902_clean_v010,P13,front_right_ankle,wheel,duration_error_percent,7.959675365755687e-11,True,,False,raw observation/full12 ledgers vs immutable v010 contract
trial_024_20260902_clean_v010,P13,front_right_ankle,wheel,command_average_velocity_error_percent,1.9452113168388853e-12,True,,False,raw observation/full12 ledgers vs immutable v010 contract
trial_024_20260902_clean_v010,P13,front_right_ankle,wheel,measured_average_velocity_error_percent,1.9438469954831765,True,,False,raw observation/full12 ledgers vs immutable v010 contract
trial_024_20260902_clean_v010,P13,front_right_ankle,wheel,command_peak_velocity_error_percent,0.0,True,,False,raw observation/full12 ledgers vs immutable v010 contract
trial_024_20260902_clean_v010,P13,front_right_ankle,wheel,measured_peak_velocity_error_percent,13.972763275794062,True,,False,raw observation/full12 ledgers vs immutable v010 contract
trial_024_20260902_clean_v010,P13,front_right_ankle,wheel,command_wheel_integral_error_percent,7.7643318131398e-11,True,,False,raw observation/full12 ledgers vs immutable v010 contract
trial_024_20260902_clean_v010,P13,front_right_ankle,wheel,actual_wheel_integral_error_percent,1.9585351534840199,True,,False,raw observation/full12 ledgers vs immutable v010 contract
trial_024_20260902_clean_v010,P13,rear_left_ankle,wheel,duration_error_percent,7.959675365755687e-11,True,,False,raw observation/full12 ledgers vs immutable v010 contract
trial_024_20260902_clean_v010,P13,rear_left_ankle,wheel,command_average_velocity_error_percent,1.124075348602131e-12,True,,False,raw observation/full12 ledgers vs immutable v010 contract
trial_024_20260902_clean_v010,P13,rear_left_ankle,wheel,measured_average_velocity_error_percent,0.14427962451724272,True,,False,raw observation/full12 ledgers vs immutable v010 contract
trial_024_20260902_clean_v010,P13,rear_left_ankle,wheel,command_peak_velocity_error_percent,0.0,True,,False,raw observation/full12 ledgers vs immutable v010 contract
trial_024_20260902_clean_v010,P13,rear_left_ankle,wheel,measured_peak_velocity_error_percent,20.24406885541824,True,,False,raw observation/full12 ledgers vs immutable v010 contract
trial_024_20260902_clean_v010,P13,rear_left_ankle,wheel,command_wheel_integral_error_percent,7.668520865509359e-11,True,,False,raw observation/full12 ledgers vs immutable v010 contract
trial_024_20260902_clean_v010,P13,rear_left_ankle,wheel,actual_wheel_integral_error_percent,1.4422956167216223,True,,False,raw observation/full12 ledgers vs immutable v010 contract
trial_024_20260902_clean_v010,P13,rear_right_ankle,wheel,duration_error_percent,7.959675365755687e-11,True,,False,raw observation/full12 ledgers vs immutable v010 contract
trial_024_20260902_clean_v010,P13,rear_right_ankle,wheel,command_average_velocity_error_percent,1.1506507392002316e-12,True,,False,raw observation/full12 ledgers vs immutable v010 contract
trial_024_20260902_clean_v010,P13,rear_right_ankle,wheel,measured_average_velocity_error_percent,0.14612525130453038,True,,False,raw observation/full12 ledgers vs immutable v010 contract
trial_024_20260902_clean_v010,P13,rear_right_ankle,wheel,command_peak_velocity_error_percent,0.0,True,,False,raw observation/full12 ledgers vs immutable v010 contract
trial_024_20260902_clean_v010,P13,rear_right_ankle,wheel,measured_peak_velocity_error_percent,12.133288817792504,True,,False,raw observation/full12 ledgers vs immutable v010 contract
trial_024_20260902_clean_v010,P13,rear_right_ankle,wheel,command_wheel_integral_error_percent,7.673247686388065e-11,True,,False,raw observation/full12 ledgers vs immutable v010 contract
trial_024_20260902_clean_v010,P13,rear_right_ankle,wheel,actual_wheel_integral_error_percent,0.5183685304291594,True,,False,raw observation/full12 ledgers vs immutable v010 contract
trial_025_20260902_clean_v010,P01,rear_left_hip,servo,command_endpoint_error_percent,0.0,True,,False,raw observation/full12 ledgers vs immutable v010 contract
trial_025_20260902_clean_v010,P01,rear_left_hip,servo,actual_endpoint_error_percent,0.0002270674591143427,True,,False,raw observation/full12 ledgers vs immutable v010 contract
trial_025_20260902_clean_v010,P01,rear_left_hip,servo,command_delta_error_percent,0.0,True,,False,raw observation/full12 ledgers vs immutable v010 contract
trial_025_20260902_clean_v010,P01,rear_left_hip,servo,actual_delta_error_percent,0.16958809922057566,True,,False,raw observation/full12 ledgers vs immutable v010 contract
trial_025_20260902_clean_v010,P01,rear_left_hip,servo,duration_error_percent,1.82098892079225e-12,True,,False,raw observation/full12 ledgers vs immutable v010 contract
trial_025_20260902_clean_v010,P01,rear_left_hip,servo,command_average_velocity_error_percent,1.545430450278218e-12,True,,False,raw observation/full12 ledgers vs immutable v010 contract
trial_025_20260902_clean_v010,P01,rear_left_hip,servo,measured_average_velocity_error_percent,0.6710921163525798,True,,False,raw observation/full12 ledgers vs immutable v010 contract
trial_025_20260902_clean_v010,P01,rear_left_hip,servo,command_peak_velocity_error_percent,3.600083194517841e-13,True,,False,raw observation/full12 ledgers vs immutable v010 contract
trial_025_20260902_clean_v010,P01,rear_left_hip,servo,measured_peak_velocity_error_percent,0.05156032481585553,True,,False,raw observation/full12 ledgers vs immutable v010 contract
trial_025_20260902_clean_v010,P01,rear_left_hip,servo,trajectory_rmse_percent,0.16545416503777835,True,,False,raw observation/full12 ledgers vs immutable v010 contract
trial_025_20260902_clean_v010,P01,front_left_ankle,wheel,duration_error_percent,1.82098892079225e-12,True,,False,raw observation/full12 ledgers vs immutable v010 contract
trial_025_20260902_clean_v010,P01,front_left_ankle,wheel,command_average_velocity_error_percent,1.3286431901227178e-12,True,,False,raw observation/full12 ledgers vs immutable v010 contract
trial_025_20260902_clean_v010,P01,front_left_ankle,wheel,measured_average_velocity_error_percent,0.11486139789004236,True,,False,raw observation/full12 ledgers vs immutable v010 contract
trial_025_20260902_clean_v010,P01,front_left_ankle,wheel,command_peak_velocity_error_percent,0.0,True,,False,raw observation/full12 ledgers vs immutable v010 contract
trial_025_20260902_clean_v010,P01,front_left_ankle,wheel,measured_peak_velocity_error_percent,3.345216791165559,True,,False,raw observation/full12 ledgers vs immutable v010 contract
trial_025_20260902_clean_v010,P01,front_left_ankle,wheel,command_wheel_integral_error_percent,3.15898510099535e-12,True,,False,raw observation/full12 ledgers vs immutable v010 contract
trial_025_20260902_clean_v010,P01,front_left_ankle,wheel,actual_wheel_integral_error_percent,0.2200239756719921,True,,False,raw observation/full12 ledgers vs immutable v010 contract
trial_025_20260902_clean_v010,P01,front_right_ankle,wheel,duration_error_percent,1.82098892079225e-12,True,,False,raw observation/full12 ledgers vs immutable v010 contract
trial_025_20260902_clean_v010,P01,front_right_ankle,wheel,command_average_velocity_error_percent,1.3286431901227178e-12,True,,False,raw observation/full12 ledgers vs immutable v010 contract
trial_025_20260902_clean_v010,P01,front_right_ankle,wheel,measured_average_velocity_error_percent,0.004696512362258236,True,,False,raw observation/full12 ledgers vs immutable v010 contract
trial_025_20260902_clean_v010,P01,front_right_ankle,wheel,command_peak_velocity_error_percent,0.0,True,,False,raw observation/full12 ledgers vs immutable v010 contract
trial_025_20260902_clean_v010,P01,front_right_ankle,wheel,measured_peak_velocity_error_percent,0.03177411165863816,True,,False,raw observation/full12 ledgers vs immutable v010 contract
trial_025_20260902_clean_v010,P01,front_right_ankle,wheel,command_wheel_integral_error_percent,3.15898510099535e-12,True,,False,raw observation/full12 ledgers vs immutable v010 contract
trial_025_20260902_clean_v010,P01,front_right_ankle,wheel,actual_wheel_integral_error_percent,0.005813707597070396,True,,False,raw observation/full12 ledgers vs immutable v010 contract
trial_025_20260902_clean_v010,P01,rear_left_ankle,wheel,duration_error_percent,1.82098892079225e-12,True,,False,raw observation/full12 ledgers vs immutable v010 contract
trial_025_20260902_clean_v010,P01,rear_left_ankle,wheel,command_average_velocity_error_percent,1.3286431901227178e-12,True,,False,raw observation/full12 ledgers vs immutable v010 contract
trial_025_20260902_clean_v010,P01,rear_left_ankle,wheel,measured_average_velocity_error_percent,0.15766120725747623,True,,False,raw observation/full12 ledgers vs immutable v010 contract
trial_025_20260902_clean_v010,P01,rear_left_ankle,wheel,command_peak_velocity_error_percent,0.0,True,,False,raw observation/full12 ledgers vs immutable v010 contract
trial_025_20260902_clean_v010,P01,rear_left_ankle,wheel,measured_peak_velocity_error_percent,0.2452119378512511,True,,False,raw observation/full12 ledgers vs immutable v010 contract
trial_025_20260902_clean_v010,P01,rear_left_ankle,wheel,command_wheel_integral_error_percent,3.15898510099535e-12,True,,False,raw observation/full12 ledgers vs immutable v010 contract
trial_025_20260902_clean_v010,P01,rear_left_ankle,wheel,actual_wheel_integral_error_percent,0.21285298785039672,True,,False,raw observation/full12 ledgers vs immutable v010 contract
trial_025_20260902_clean_v010,P01,rear_right_ankle,wheel,duration_error_percent,1.82098892079225e-12,True,,False,raw observation/full12 ledgers vs immutable v010 contract
trial_025_20260902_clean_v010,P01,rear_right_ankle,wheel,command_average_velocity_error_percent,1.3286431901227178e-12,True,,False,raw observation/full12 ledgers vs immutable v010 contract
trial_025_20260902_clean_v010,P01,rear_right_ankle,wheel,measured_average_velocity_error_percent,0.22346308392880876,True,,False,raw observation/full12 ledgers vs immutable v010 contract
trial_025_20260902_clean_v010,P01,rear_right_ankle,wheel,command_peak_velocity_error_percent,0.0,True,,False,raw observation/full12 ledgers vs immutable v010 contract
trial_025_20260902_clean_v010,P01,rear_right_ankle,wheel,measured_peak_velocity_error_percent,6.373333749487578,True,,False,raw observation/full12 ledgers vs immutable v010 contract
trial_025_20260902_clean_v010,P01,rear_right_ankle,wheel,command_wheel_integral_error_percent,3.15898510099535e-12,True,,False,raw observation/full12 ledgers vs immutable v010 contract
trial_025_20260902_clean_v010,P01,rear_right_ankle,wheel,actual_wheel_integral_error_percent,0.36678645398598075,True,,False,raw observation/full12 ledgers vs immutable v010 contract
trial_025_20260902_clean_v010,P02,front_right_knee,servo,command_endpoint_error_percent,0.0,True,,False,raw observation/full12 ledgers vs immutable v010 contract
trial_025_20260902_clean_v010,P02,front_right_knee,servo,actual_endpoint_error_percent,0.6811960451639621,True,,False,raw observation/full12 ledgers vs immutable v010 contract
trial_025_20260902_clean_v010,P02,front_right_knee,servo,command_delta_error_percent,0.0,True,,False,raw observation/full12 ledgers vs immutable v010 contract
trial_025_20260902_clean_v010,P02,front_right_knee,servo,actual_delta_error_percent,0.6865636935718967,True,,False,raw observation/full12 ledgers vs immutable v010 contract
trial_025_20260902_clean_v010,P02,front_right_knee,servo,duration_error_percent,4.9484226240438175e-12,True,,False,raw observation/full12 ledgers vs immutable v010 contract
trial_025_20260902_clean_v010,P02,front_right_knee,servo,command_average_velocity_error_percent,4.9557388774434566e-12,True,,False,raw observation/full12 ledgers vs immutable v010 contract
trial_025_20260902_clean_v010,P02,front_right_knee,servo,measured_average_velocity_error_percent,0.005050394485141519,True,,False,raw observation/full12 ledgers vs immutable v010 contract
trial_025_20260902_clean_v010,P02,front_right_knee,servo,command_peak_velocity_error_percent,5.6843418860808015e-12,True,,False,raw observation/full12 ledgers vs immutable v010 contract
trial_025_20260902_clean_v010,P02,front_right_knee,servo,measured_peak_velocity_error_percent,0.010260693785264386,True,,False,raw observation/full12 ledgers vs immutable v010 contract
trial_025_20260902_clean_v010,P02,front_right_knee,servo,trajectory_rmse_percent,1.0581377477323264,True,,False,raw observation/full12 ledgers vs immutable v010 contract
trial_025_20260902_clean_v010,P03,front_left_knee,servo,command_endpoint_error_percent,0.0,True,,False,raw observation/full12 ledgers vs immutable v010 contract
trial_025_20260902_clean_v010,P03,front_left_knee,servo,actual_endpoint_error_percent,1.4888022821412985,True,,False,raw observation/full12 ledgers vs immutable v010 contract
trial_025_20260902_clean_v010,P03,front_left_knee,servo,command_delta_error_percent,0.0,True,,False,raw observation/full12 ledgers vs immutable v010 contract
trial_025_20260902_clean_v010,P03,front_left_knee,servo,actual_delta_error_percent,1.441767806918161,True,,False,raw observation/full12 ledgers vs immutable v010 contract
trial_025_20260902_clean_v010,P03,front_left_knee,servo,duration_error_percent,5.625129991434446e-12,True,,False,raw observation/full12 ledgers vs immutable v010 contract
trial_025_20260902_clean_v010,P03,front_left_knee,servo,command_average_velocity_error_percent,5.622285751952963e-12,True,,False,raw observation/full12 ledgers vs immutable v010 contract
trial_025_20260902_clean_v010,P03,front_left_knee,servo,measured_average_velocity_error_percent,0.49659213265475577,True,,False,raw observation/full12 ledgers vs immutable v010 contract
trial_025_20260902_clean_v010,P03,front_left_knee,servo,command_peak_velocity_error_percent,5.6843418860808015e-12,True,,False,raw observation/full12 ledgers vs immutable v010 contract
trial_025_20260902_clean_v010,P03,front_left_knee,servo,measured_peak_velocity_error_percent,3.223465179533373,True,,False,raw observation/full12 ledgers vs immutable v010 contract
trial_025_20260902_clean_v010,P03,front_left_knee,servo,trajectory_rmse_percent,0.9908904213109763,True,,False,raw observation/full12 ledgers vs immutable v010 contract
trial_025_20260902_clean_v010,P03,rear_left_hip,servo,command_endpoint_error_percent,0.0,True,,False,raw observation/full12 ledgers vs immutable v010 contract
trial_025_20260902_clean_v010,P03,rear_left_hip,servo,actual_endpoint_error_percent,3.104278501469994,True,,False,raw observation/full12 ledgers vs immutable v010 contract
trial_025_20260902_clean_v010,P03,rear_left_hip,servo,command_delta_error_percent,0.0,True,,False,raw observation/full12 ledgers vs immutable v010 contract
trial_025_20260902_clean_v010,P03,rear_left_hip,servo,actual_delta_error_percent,3.0871520569839848,True,,False,raw observation/full12 ledgers vs immutable v010 contract
trial_025_20260902_clean_v010,P03,rear_left_hip,servo,duration_error_percent,5.625129991434446e-12,True,,False,raw observation/full12 ledgers vs immutable v010 contract
trial_025_20260902_clean_v010,P03,rear_left_hip,servo,command_average_velocity_error_percent,5.6207111933258465e-12,True,,False,raw observation/full12 ledgers vs immutable v010 contract
trial_025_20260902_clean_v010,P03,rear_left_hip,servo,measured_average_velocity_error_percent,6.944591922440888,True,,False,raw observation/full12 ledgers vs immutable v010 contract
trial_025_20260902_clean_v010,P03,rear_left_hip,servo,command_peak_velocity_error_percent,5.6843418860808015e-12,True,,False,raw observation/full12 ledgers vs immutable v010 contract
trial_025_20260902_clean_v010,P03,rear_left_hip,servo,measured_peak_velocity_error_percent,4.147375942813861,True,,False,raw observation/full12 ledgers vs immutable v010 contract
trial_025_20260902_clean_v010,P03,rear_left_hip,servo,trajectory_rmse_percent,1.414821924639151,True,,False,raw observation/full12 ledgers vs immutable v010 contract
trial_025_20260902_clean_v010,P03,front_left_ankle,wheel,duration_error_percent,5.625129991434446e-12,True,,False,raw observation/full12 ledgers vs immutable v010 contract
trial_025_20260902_clean_v010,P03,front_left_ankle,wheel,command_average_velocity_error_percent,7.026728003956686e-14,True,,False,raw observation/full12 ledgers vs immutable v010 contract
trial_025_20260902_clean_v010,P03,front_left_ankle,wheel,measured_average_velocity_error_percent,0.4693653201369699,True,,False,raw observation/full12 ledgers vs immutable v010 contract
trial_025_20260902_clean_v010,P03,front_left_ankle,wheel,command_peak_velocity_error_percent,0.0,True,,False,raw observation/full12 ledgers vs immutable v010 contract
trial_025_20260902_clean_v010,P03,front_left_ankle,wheel,measured_peak_velocity_error_percent,29.970202511669367,True,,False,raw observation/full12 ledgers vs immutable v010 contract
trial_025_20260902_clean_v010,P03,front_left_ankle,wheel,command_wheel_integral_error_percent,5.562826336466027e-12,True,,False,raw observation/full12 ledgers vs immutable v010 contract
trial_025_20260902_clean_v010,P03,front_left_ankle,wheel,actual_wheel_integral_error_percent,0.4964997768899391,True,,False,raw observation/full12 ledgers vs immutable v010 contract
trial_025_20260902_clean_v010,P03,rear_left_ankle,wheel,duration_error_percent,5.625129991434446e-12,True,,False,raw observation/full12 ledgers vs immutable v010 contract
trial_025_20260902_clean_v010,P03,rear_left_ankle,wheel,command_average_velocity_error_percent,2.3660490688732845e-13,True,,False,raw observation/full12 ledgers vs immutable v010 contract
trial_025_20260902_clean_v010,P03,rear_left_ankle,wheel,measured_average_velocity_error_percent,7.217470398676378,True,,False,raw observation/full12 ledgers vs immutable v010 contract
trial_025_20260902_clean_v010,P03,rear_left_ankle,wheel,command_peak_velocity_error_percent,0.0,True,,False,raw observation/full12 ledgers vs immutable v010 contract
trial_025_20260902_clean_v010,P03,rear_left_ankle,wheel,measured_peak_velocity_error_percent,3.4248094674479566,True,,False,raw observation/full12 ledgers vs immutable v010 contract
trial_025_20260902_clean_v010,P03,rear_left_ankle,wheel,command_wheel_integral_error_percent,5.399445311018828e-12,True,,False,raw observation/full12 ledgers vs immutable v010 contract
trial_025_20260902_clean_v010,P03,rear_left_ankle,wheel,actual_wheel_integral_error_percent,36.29302387410797,False,REFERENCE_DIVERGENCE_WARNING,False,raw observation/full12 ledgers vs immutable v010 contract
trial_025_20260902_clean_v010,P04,rear_left_hip,servo,command_endpoint_error_percent,0.0,True,,False,raw observation/full12 ledgers vs immutable v010 contract
trial_025_20260902_clean_v010,P04,rear_left_hip,servo,actual_endpoint_error_percent,1.7687290341723143,True,,False,raw observation/full12 ledgers vs immutable v010 contract
trial_025_20260902_clean_v010,P04,rear_left_hip,servo,command_delta_error_percent,0.0,True,,False,raw observation/full12 ledgers vs immutable v010 contract
trial_025_20260902_clean_v010,P04,rear_left_hip,servo,actual_delta_error_percent,4.262875706797492,True,,False,raw observation/full12 ledgers vs immutable v010 contract
trial_025_20260902_clean_v010,P04,rear_left_hip,servo,duration_error_percent,5.6991448597427944e-12,True,,False,raw observation/full12 ledgers vs immutable v010 contract
trial_025_20260902_clean_v010,P04,rear_left_hip,servo,command_average_velocity_error_percent,3.770317391627032e-12,True,,False,raw observation/full12 ledgers vs immutable v010 contract
trial_025_20260902_clean_v010,P04,rear_left_hip,servo,measured_average_velocity_error_percent,7.882140022618737,True,,False,raw observation/full12 ledgers vs immutable v010 contract
trial_025_20260902_clean_v010,P04,rear_left_hip,servo,command_peak_velocity_error_percent,5.6843418860808015e-12,True,,False,raw observation/full12 ledgers vs immutable v010 contract
trial_025_20260902_clean_v010,P04,rear_left_hip,servo,measured_peak_velocity_error_percent,10.888527968401869,True,,False,raw observation/full12 ledgers vs immutable v010 contract
trial_025_20260902_clean_v010,P04,rear_left_hip,servo,trajectory_rmse_percent,4.463016348784499,True,,False,raw observation/full12 ledgers vs immutable v010 contract
trial_025_20260902_clean_v010,P04,front_left_ankle,wheel,duration_error_percent,5.6991448597427944e-12,True,,False,raw observation/full12 ledgers vs immutable v010 contract
trial_025_20260902_clean_v010,P04,front_left_ankle,wheel,command_average_velocity_error_percent,2.422304781000341e-13,True,,False,raw observation/full12 ledgers vs immutable v010 contract
trial_025_20260902_clean_v010,P04,front_left_ankle,wheel,measured_average_velocity_error_percent,0.028944983377740187,True,,False,raw observation/full12 ledgers vs immutable v010 contract
trial_025_20260902_clean_v010,P04,front_left_ankle,wheel,command_peak_velocity_error_percent,0.0,True,,False,raw observation/full12 ledgers vs immutable v010 contract
trial_025_20260902_clean_v010,P04,front_left_ankle,wheel,measured_peak_velocity_error_percent,6.955844667684803,True,,False,raw observation/full12 ledgers vs immutable v010 contract
trial_025_20260902_clean_v010,P04,front_left_ankle,wheel,command_wheel_integral_error_percent,5.938011025647008e-12,True,,False,raw observation/full12 ledgers vs immutable v010 contract
trial_025_20260902_clean_v010,P04,front_left_ankle,wheel,actual_wheel_integral_error_percent,0.19813803243343817,True,,False,raw observation/full12 ledgers vs immutable v010 contract
trial_025_20260902_clean_v010,P04,front_right_ankle,wheel,duration_error_percent,5.6991448597427944e-12,True,,False,raw observation/full12 ledgers vs immutable v010 contract
trial_025_20260902_clean_v010,P04,front_right_ankle,wheel,command_average_velocity_error_percent,2.422304781000341e-13,True,,False,raw observation/full12 ledgers vs immutable v010 contract
trial_025_20260902_clean_v010,P04,front_right_ankle,wheel,measured_average_velocity_error_percent,0.2312568654999354,True,,False,raw observation/full12 ledgers vs immutable v010 contract
trial_025_20260902_clean_v010,P04,front_right_ankle,wheel,command_peak_velocity_error_percent,0.0,True,,False,raw observation/full12 ledgers vs immutable v010 contract
trial_025_20260902_clean_v010,P04,front_right_ankle,wheel,measured_peak_velocity_error_percent,22.1134370106261,True,,False,raw observation/full12 ledgers vs immutable v010 contract
trial_025_20260902_clean_v010,P04,front_right_ankle,wheel,command_wheel_integral_error_percent,5.938011025647008e-12,True,,False,raw observation/full12 ledgers vs immutable v010 contract
trial_025_20260902_clean_v010,P04,front_right_ankle,wheel,actual_wheel_integral_error_percent,0.2579181278383268,True,,False,raw observation/full12 ledgers vs immutable v010 contract
trial_025_20260902_clean_v010,P04,rear_left_ankle,wheel,duration_error_percent,5.6991448597427944e-12,True,,False,raw observation/full12 ledgers vs immutable v010 contract
trial_025_20260902_clean_v010,P04,rear_left_ankle,wheel,command_average_velocity_error_percent,2.422304781000341e-13,True,,False,raw observation/full12 ledgers vs immutable v010 contract
trial_025_20260902_clean_v010,P04,rear_left_ankle,wheel,measured_average_velocity_error_percent,0.06700960624525777,True,,False,raw observation/full12 ledgers vs immutable v010 contract
trial_025_20260902_clean_v010,P04,rear_left_ankle,wheel,command_peak_velocity_error_percent,0.0,True,,False,raw observation/full12 ledgers vs immutable v010 contract
trial_025_20260902_clean_v010,P04,rear_left_ankle,wheel,measured_peak_velocity_error_percent,0.010944949363137686,True,,False,raw observation/full12 ledgers vs immutable v010 contract
trial_025_20260902_clean_v010,P04,rear_left_ankle,wheel,command_wheel_integral_error_percent,5.938011025647008e-12,True,,False,raw observation/full12 ledgers vs immutable v010 contract
trial_025_20260902_clean_v010,P04,rear_left_ankle,wheel,actual_wheel_integral_error_percent,0.07249538422833922,True,,False,raw observation/full12 ledgers vs immutable v010 contract
trial_025_20260902_clean_v010,P04,rear_right_ankle,wheel,duration_error_percent,5.6991448597427944e-12,True,,False,raw observation/full12 ledgers vs immutable v010 contract
trial_025_20260902_clean_v010,P04,rear_right_ankle,wheel,command_average_velocity_error_percent,2.422304781000341e-13,True,,False,raw observation/full12 ledgers vs immutable v010 contract
trial_025_20260902_clean_v010,P04,rear_right_ankle,wheel,measured_average_velocity_error_percent,0.2541871415333448,True,,False,raw observation/full12 ledgers vs immutable v010 contract
trial_025_20260902_clean_v010,P04,rear_right_ankle,wheel,command_peak_velocity_error_percent,0.0,True,,False,raw observation/full12 ledgers vs immutable v010 contract
trial_025_20260902_clean_v010,P04,rear_right_ankle,wheel,measured_peak_velocity_error_percent,7.911536140851661,True,,False,raw observation/full12 ledgers vs immutable v010 contract
trial_025_20260902_clean_v010,P04,rear_right_ankle,wheel,command_wheel_integral_error_percent,5.938011025647008e-12,True,,False,raw observation/full12 ledgers vs immutable v010 contract
trial_025_20260902_clean_v010,P04,rear_right_ankle,wheel,actual_wheel_integral_error_percent,0.36623944678048526,True,,False,raw observation/full12 ledgers vs immutable v010 contract
trial_025_20260902_clean_v010,P05,front_left_hip,servo,command_endpoint_error_percent,0.0,True,,False,raw observation/full12 ledgers vs immutable v010 contract
trial_025_20260902_clean_v010,P05,front_left_hip,servo,actual_endpoint_error_percent,1.6191292954185685,True,,False,raw observation/full12 ledgers vs immutable v010 contract
trial_025_20260902_clean_v010,P05,front_left_hip,servo,command_delta_error_percent,0.0,True,,False,raw observation/full12 ledgers vs immutable v010 contract
trial_025_20260902_clean_v010,P05,front_left_hip,servo,actual_delta_error_percent,2.8826866752891647,True,,False,raw observation/full12 ledgers vs immutable v010 contract
trial_025_20260902_clean_v010,P05,front_left_hip,servo,duration_error_percent,5.657574865213446e-12,True,,False,raw observation/full12 ledgers vs immutable v010 contract
trial_025_20260902_clean_v010,P05,front_left_hip,servo,command_average_velocity_error_percent,5.638002142443955e-12,True,,False,raw observation/full12 ledgers vs immutable v010 contract
trial_025_20260902_clean_v010,P05,front_left_hip,servo,measured_average_velocity_error_percent,0.46116903781060653,True,,False,raw observation/full12 ledgers vs immutable v010 contract
trial_025_20260902_clean_v010,P05,front_left_hip,servo,command_peak_velocity_error_percent,5.760133111228545e-12,True,,False,raw observation/full12 ledgers vs immutable v010 contract
trial_025_20260902_clean_v010,P05,front_left_hip,servo,measured_peak_velocity_error_percent,0.3718832437868297,True,,False,raw observation/full12 ledgers vs immutable v010 contract
trial_025_20260902_clean_v010,P05,front_left_hip,servo,trajectory_rmse_percent,1.2170097161047138,True,,False,raw observation/full12 ledgers vs immutable v010 contract
trial_025_20260902_clean_v010,P05,front_left_knee,servo,command_endpoint_error_percent,0.0,True,,False,raw observation/full12 ledgers vs immutable v010 contract
trial_025_20260902_clean_v010,P05,front_left_knee,servo,actual_endpoint_error_percent,0.14822409208029053,True,,False,raw observation/full12 ledgers vs immutable v010 contract
trial_025_20260902_clean_v010,P05,front_left_knee,servo,command_delta_error_percent,0.0,True,,False,raw observation/full12 ledgers vs immutable v010 contract
trial_025_20260902_clean_v010,P05,front_left_knee,servo,actual_delta_error_percent,0.5611449757716109,True,,False,raw observation/full12 ledgers vs immutable v010 contract
trial_025_20260902_clean_v010,P05,front_left_knee,servo,duration_error_percent,5.657574865213446e-12,True,,False,raw observation/full12 ledgers vs immutable v010 contract
trial_025_20260902_clean_v010,P05,front_left_knee,servo,command_average_velocity_error_percent,5.662316976481448e-12,True,,False,raw observation/full12 ledgers vs immutable v010 contract
trial_025_20260902_clean_v010,P05,front_left_knee,servo,measured_average_velocity_error_percent,0.29612002515111924,True,,False,raw observation/full12 ledgers vs immutable v010 contract
trial_025_20260902_clean_v010,P05,front_left_knee,servo,command_peak_velocity_error_percent,5.6843418860808015e-12,True,,False,raw observation/full12 ledgers vs immutable v010 contract
trial_025_20260902_clean_v010,P05,front_left_knee,servo,measured_peak_velocity_error_percent,0.01806369866010365,True,,False,raw observation/full12 ledgers vs immutable v010 contract
trial_025_20260902_clean_v010,P05,front_left_knee,servo,trajectory_rmse_percent,2.3818519421968642,True,,False,raw observation/full12 ledgers vs immutable v010 contract
trial_025_20260902_clean_v010,P05,front_left_ankle,wheel,duration_error_percent,5.657574865213446e-12,True,,False,raw observation/full12 ledgers vs immutable v010 contract
trial_025_20260902_clean_v010,P05,front_left_ankle,wheel,command_average_velocity_error_percent,1.3837169892279397e-12,True,,False,raw observation/full12 ledgers vs immutable v010 contract
trial_025_20260902_clean_v010,P05,front_left_ankle,wheel,measured_average_velocity_error_percent,0.01761993817549124,True,,False,raw observation/full12 ledgers vs immutable v010 contract
trial_025_20260902_clean_v010,P05,front_left_ankle,wheel,command_peak_velocity_error_percent,0.0,True,,False,raw observation/full12 ledgers vs immutable v010 contract
trial_025_20260902_clean_v010,P05,front_left_ankle,wheel,measured_peak_velocity_error_percent,1.0397704303602713,True,,False,raw observation/full12 ledgers vs immutable v010 contract
trial_025_20260902_clean_v010,P05,front_left_ankle,wheel,command_wheel_integral_error_percent,7.0223862858408205e-12,True,,False,raw observation/full12 ledgers vs immutable v010 contract
trial_025_20260902_clean_v010,P05,front_left_ankle,wheel,actual_wheel_integral_error_percent,0.004670898779899508,True,,False,raw observation/full12 ledgers vs immutable v010 contract
trial_025_20260902_clean_v010,P05,front_right_ankle,wheel,duration_error_percent,5.657574865213446e-12,True,,False,raw observation/full12 ledgers vs immutable v010 contract
trial_025_20260902_clean_v010,P05,front_right_ankle,wheel,command_average_velocity_error_percent,1.3837169892279397e-12,True,,False,raw observation/full12 ledgers vs immutable v010 contract
trial_025_20260902_clean_v010,P05,front_right_ankle,wheel,measured_average_velocity_error_percent,0.759543789884981,True,,False,raw observation/full12 ledgers vs immutable v010 contract
trial_025_20260902_clean_v010,P05,front_right_ankle,wheel,command_peak_velocity_error_percent,0.0,True,,False,raw observation/full12 ledgers vs immutable v010 contract
trial_025_20260902_clean_v010,P05,front_right_ankle,wheel,measured_peak_velocity_error_percent,8.943189910149579,True,,False,raw observation/full12 ledgers vs immutable v010 contract
trial_025_20260902_clean_v010,P05,front_right_ankle,wheel,command_wheel_integral_error_percent,7.0223862858408205e-12,True,,False,raw observation/full12 ledgers vs immutable v010 contract
trial_025_20260902_clean_v010,P05,front_right_ankle,wheel,actual_wheel_integral_error_percent,2.169628375370852,True,,False,raw observation/full12 ledgers vs immutable v010 contract
trial_025_20260902_clean_v010,P05,rear_left_ankle,wheel,duration_error_percent,5.657574865213446e-12,True,,False,raw observation/full12 ledgers vs immutable v010 contract
trial_025_20260902_clean_v010,P05,rear_left_ankle,wheel,command_average_velocity_error_percent,1.3837169892279397e-12,True,,False,raw observation/full12 ledgers vs immutable v010 contract
trial_025_20260902_clean_v010,P05,rear_left_ankle,wheel,measured_average_velocity_error_percent,0.7745949067256829,True,,False,raw observation/full12 ledgers vs immutable v010 contract
trial_025_20260902_clean_v010,P05,rear_left_ankle,wheel,command_peak_velocity_error_percent,0.0,True,,False,raw observation/full12 ledgers vs immutable v010 contract
trial_025_20260902_clean_v010,P05,rear_left_ankle,wheel,measured_peak_velocity_error_percent,6.0995221241824735,True,,False,raw observation/full12 ledgers vs immutable v010 contract
trial_025_20260902_clean_v010,P05,rear_left_ankle,wheel,command_wheel_integral_error_percent,7.0223862858408205e-12,True,,False,raw observation/full12 ledgers vs immutable v010 contract
trial_025_20260902_clean_v010,P05,rear_left_ankle,wheel,actual_wheel_integral_error_percent,2.3856057882243666,True,,False,raw observation/full12 ledgers vs immutable v010 contract
trial_025_20260902_clean_v010,P05,rear_right_ankle,wheel,duration_error_percent,5.657574865213446e-12,True,,False,raw observation/full12 ledgers vs immutable v010 contract
trial_025_20260902_clean_v010,P05,rear_right_ankle,wheel,command_average_velocity_error_percent,1.3837169892279397e-12,True,,False,raw observation/full12 ledgers vs immutable v010 contract
trial_025_20260902_clean_v010,P05,rear_right_ankle,wheel,measured_average_velocity_error_percent,0.2602436750130663,True,,False,raw observation/full12 ledgers vs immutable v010 contract
trial_025_20260902_clean_v010,P05,rear_right_ankle,wheel,command_peak_velocity_error_percent,0.0,True,,False,raw observation/full12 ledgers vs immutable v010 contract
trial_025_20260902_clean_v010,P05,rear_right_ankle,wheel,measured_peak_velocity_error_percent,0.21451435937664246,True,,False,raw observation/full12 ledgers vs immutable v010 contract
trial_025_20260902_clean_v010,P05,rear_right_ankle,wheel,command_wheel_integral_error_percent,7.0223862858408205e-12,True,,False,raw observation/full12 ledgers vs immutable v010 contract
trial_025_20260902_clean_v010,P05,rear_right_ankle,wheel,actual_wheel_integral_error_percent,0.2148916748574892,True,,False,raw observation/full12 ledgers vs immutable v010 contract
trial_025_20260902_clean_v010,P06,front_left_ankle,wheel,duration_error_percent,5.690835096460134e-12,True,,False,raw observation/full12 ledgers vs immutable v010 contract
trial_025_20260902_clean_v010,P06,front_left_ankle,wheel,command_average_velocity_error_percent,4.773959005888173e-12,True,,False,raw observation/full12 ledgers vs immutable v010 contract
trial_025_20260902_clean_v010,P06,front_left_ankle,wheel,measured_average_velocity_error_percent,0.8129841478986377,True,,False,raw observation/full12 ledgers vs immutable v010 contract
trial_025_20260902_clean_v010,P06,front_left_ankle,wheel,command_peak_velocity_error_percent,0.0,True,,False,raw observation/full12 ledgers vs immutable v010 contract
trial_025_20260902_clean_v010,P06,front_left_ankle,wheel,measured_peak_velocity_error_percent,6.582590813291411,True,,False,raw observation/full12 ledgers vs immutable v010 contract
trial_025_20260902_clean_v010,P06,front_left_ankle,wheel,command_wheel_integral_error_percent,9.160064641816435e-13,True,,False,raw observation/full12 ledgers vs immutable v010 contract
trial_025_20260902_clean_v010,P06,front_left_ankle,wheel,actual_wheel_integral_error_percent,0.8217307310342378,True,,False,raw observation/full12 ledgers vs immutable v010 contract
trial_025_20260902_clean_v010,P06,front_right_ankle,wheel,duration_error_percent,5.690835096460134e-12,True,,False,raw observation/full12 ledgers vs immutable v010 contract
trial_025_20260902_clean_v010,P06,front_right_ankle,wheel,command_average_velocity_error_percent,4.773959005888173e-12,True,,False,raw observation/full12 ledgers vs immutable v010 contract
trial_025_20260902_clean_v010,P06,front_right_ankle,wheel,measured_average_velocity_error_percent,2.3824811711242466,True,,False,raw observation/full12 ledgers vs immutable v010 contract
trial_025_20260902_clean_v010,P06,front_right_ankle,wheel,command_peak_velocity_error_percent,0.0,True,,False,raw observation/full12 ledgers vs immutable v010 contract
trial_025_20260902_clean_v010,P06,front_right_ankle,wheel,measured_peak_velocity_error_percent,2.688487783992743,True,,False,raw observation/full12 ledgers vs immutable v010 contract
trial_025_20260902_clean_v010,P06,front_right_ankle,wheel,command_wheel_integral_error_percent,9.160064641816435e-13,True,,False,raw observation/full12 ledgers vs immutable v010 contract
trial_025_20260902_clean_v010,P06,front_right_ankle,wheel,actual_wheel_integral_error_percent,2.3854332891960746,True,,False,raw observation/full12 ledgers vs immutable v010 contract
trial_025_20260902_clean_v010,P06,rear_left_ankle,wheel,duration_error_percent,5.690835096460134e-12,True,,False,raw observation/full12 ledgers vs immutable v010 contract
trial_025_20260902_clean_v010,P06,rear_left_ankle,wheel,command_average_velocity_error_percent,4.773959005888173e-12,True,,False,raw observation/full12 ledgers vs immutable v010 contract
trial_025_20260902_clean_v010,P06,rear_left_ankle,wheel,measured_average_velocity_error_percent,1.2877530929239334,True,,False,raw observation/full12 ledgers vs immutable v010 contract
trial_025_20260902_clean_v010,P06,rear_left_ankle,wheel,command_peak_velocity_error_percent,0.0,True,,False,raw observation/full12 ledgers vs immutable v010 contract
trial_025_20260902_clean_v010,P06,rear_left_ankle,wheel,measured_peak_velocity_error_percent,4.10082766728304,True,,False,raw observation/full12 ledgers vs immutable v010 contract
trial_025_20260902_clean_v010,P06,rear_left_ankle,wheel,command_wheel_integral_error_percent,9.160064641816435e-13,True,,False,raw observation/full12 ledgers vs immutable v010 contract
trial_025_20260902_clean_v010,P06,rear_left_ankle,wheel,actual_wheel_integral_error_percent,1.2871132309518594,True,,False,raw observation/full12 ledgers vs immutable v010 contract
trial_025_20260902_clean_v010,P06,rear_right_ankle,wheel,duration_error_percent,5.690835096460134e-12,True,,False,raw observation/full12 ledgers vs immutable v010 contract
trial_025_20260902_clean_v010,P06,rear_right_ankle,wheel,command_average_velocity_error_percent,4.773959005888173e-12,True,,False,raw observation/full12 ledgers vs immutable v010 contract
trial_025_20260902_clean_v010,P06,rear_right_ankle,wheel,measured_average_velocity_error_percent,0.49904442571544766,True,,False,raw observation/full12 ledgers vs immutable v010 contract
trial_025_20260902_clean_v010,P06,rear_right_ankle,wheel,command_peak_velocity_error_percent,0.0,True,,False,raw observation/full12 ledgers vs immutable v010 contract
trial_025_20260902_clean_v010,P06,rear_right_ankle,wheel,measured_peak_velocity_error_percent,8.873699961934637,True,,False,raw observation/full12 ledgers vs immutable v010 contract
trial_025_20260902_clean_v010,P06,rear_right_ankle,wheel,command_wheel_integral_error_percent,9.160064641816435e-13,True,,False,raw observation/full12 ledgers vs immutable v010 contract
trial_025_20260902_clean_v010,P06,rear_right_ankle,wheel,actual_wheel_integral_error_percent,0.5010679600492728,True,,False,raw observation/full12 ledgers vs immutable v010 contract
trial_025_20260902_clean_v010,P07,front_left_hip,servo,command_endpoint_error_percent,0.0,True,,False,raw observation/full12 ledgers vs immutable v010 contract
trial_025_20260902_clean_v010,P07,front_left_hip,servo,actual_endpoint_error_percent,1.4864523399080787,True,,False,raw observation/full12 ledgers vs immutable v010 contract
trial_025_20260902_clean_v010,P07,front_left_hip,servo,command_delta_error_percent,0.0,True,,False,raw observation/full12 ledgers vs immutable v010 contract
trial_025_20260902_clean_v010,P07,front_left_hip,servo,actual_delta_error_percent,1.6318856558271657,True,,False,raw observation/full12 ledgers vs immutable v010 contract
trial_025_20260902_clean_v010,P07,front_left_hip,servo,duration_error_percent,5.5422333389290965e-12,True,,False,raw observation/full12 ledgers vs immutable v010 contract
trial_025_20260902_clean_v010,P07,front_left_hip,servo,command_average_velocity_error_percent,5.569118739741008e-12,True,,False,raw observation/full12 ledgers vs immutable v010 contract
trial_025_20260902_clean_v010,P07,front_left_hip,servo,measured_average_velocity_error_percent,0.5825655805580202,True,,False,raw observation/full12 ledgers vs immutable v010 contract
trial_025_20260902_clean_v010,P07,front_left_hip,servo,command_peak_velocity_error_percent,5.6843418860808015e-12,True,,False,raw observation/full12 ledgers vs immutable v010 contract
trial_025_20260902_clean_v010,P07,front_left_hip,servo,measured_peak_velocity_error_percent,0.12065027854265335,True,,False,raw observation/full12 ledgers vs immutable v010 contract
trial_025_20260902_clean_v010,P07,front_left_hip,servo,trajectory_rmse_percent,0.555629243215511,True,,False,raw observation/full12 ledgers vs immutable v010 contract
trial_025_20260902_clean_v010,P07,front_right_knee,servo,command_endpoint_error_percent,0.0,True,,False,raw observation/full12 ledgers vs immutable v010 contract
trial_025_20260902_clean_v010,P07,front_right_knee,servo,actual_endpoint_error_percent,0.1739621491646256,True,,False,raw observation/full12 ledgers vs immutable v010 contract
trial_025_20260902_clean_v010,P07,front_right_knee,servo,command_delta_error_percent,0.0,True,,False,raw observation/full12 ledgers vs immutable v010 contract
trial_025_20260902_clean_v010,P07,front_right_knee,servo,actual_delta_error_percent,7.961923825527771,True,,False,raw observation/full12 ledgers vs immutable v010 contract
trial_025_20260902_clean_v010,P07,front_right_knee,servo,duration_error_percent,5.5422333389290965e-12,True,,False,raw observation/full12 ledgers vs immutable v010 contract
trial_025_20260902_clean_v010,P07,front_right_knee,servo,command_average_velocity_error_percent,5.541113113894611e-12,True,,False,raw observation/full12 ledgers vs immutable v010 contract
trial_025_20260902_clean_v010,P07,front_right_knee,servo,measured_average_velocity_error_percent,2.4853567756639814,True,,False,raw observation/full12 ledgers vs immutable v010 contract
trial_025_20260902_clean_v010,P07,front_right_knee,servo,command_peak_velocity_error_percent,5.6843418860808015e-12,True,,False,raw observation/full12 ledgers vs immutable v010 contract
trial_025_20260902_clean_v010,P07,front_right_knee,servo,measured_peak_velocity_error_percent,7.255058959810693,True,,False,raw observation/full12 ledgers vs immutable v010 contract
trial_025_20260902_clean_v010,P07,front_right_knee,servo,trajectory_rmse_percent,6.407166606736771,True,,False,raw observation/full12 ledgers vs immutable v010 contract
trial_025_20260902_clean_v010,P07,front_right_ankle,wheel,duration_error_percent,5.5422333389290965e-12,True,,False,raw observation/full12 ledgers vs immutable v010 contract
trial_025_20260902_clean_v010,P07,front_right_ankle,wheel,command_average_velocity_error_percent,3.3776626410553707e-13,True,,False,raw observation/full12 ledgers vs immutable v010 contract
trial_025_20260902_clean_v010,P07,front_right_ankle,wheel,measured_average_velocity_error_percent,0.2800995895568256,True,,False,raw observation/full12 ledgers vs immutable v010 contract
trial_025_20260902_clean_v010,P07,front_right_ankle,wheel,command_peak_velocity_error_percent,0.0,True,,False,raw observation/full12 ledgers vs immutable v010 contract
trial_025_20260902_clean_v010,P07,front_right_ankle,wheel,measured_peak_velocity_error_percent,8.59273501105341,True,,False,raw observation/full12 ledgers vs immutable v010 contract
trial_025_20260902_clean_v010,P07,front_right_ankle,wheel,command_wheel_integral_error_percent,5.868321701590447e-12,True,,False,raw observation/full12 ledgers vs immutable v010 contract
trial_025_20260902_clean_v010,P07,front_right_ankle,wheel,actual_wheel_integral_error_percent,0.21134595992891356,True,,False,raw observation/full12 ledgers vs immutable v010 contract
trial_025_20260902_clean_v010,P08,rear_left_hip,servo,command_endpoint_error_percent,1.4620220900413587e-14,True,,False,raw observation/full12 ledgers vs immutable v010 contract
trial_025_20260902_clean_v010,P08,rear_left_hip,servo,actual_endpoint_error_percent,1.6806762602129213,True,,False,raw observation/full12 ledgers vs immutable v010 contract
trial_025_20260902_clean_v010,P08,rear_left_hip,servo,command_delta_error_percent,0.0,True,,False,raw observation/full12 ledgers vs immutable v010 contract
trial_025_20260902_clean_v010,P08,rear_left_hip,servo,actual_delta_error_percent,2.497038458788433,True,,False,raw observation/full12 ledgers vs immutable v010 contract
trial_025_20260902_clean_v010,P08,rear_left_hip,servo,duration_error_percent,5.329070518201054e-12,True,,False,raw observation/full12 ledgers vs immutable v010 contract
trial_025_20260902_clean_v010,P08,rear_left_hip,servo,command_average_velocity_error_percent,5.345152761190903e-12,True,,False,raw observation/full12 ledgers vs immutable v010 contract
trial_025_20260902_clean_v010,P08,rear_left_hip,servo,measured_average_velocity_error_percent,1.6352953628462266,True,,False,raw observation/full12 ledgers vs immutable v010 contract
trial_025_20260902_clean_v010,P08,rear_left_hip,servo,command_peak_velocity_error_percent,5.6843418860808015e-12,True,,False,raw observation/full12 ledgers vs immutable v010 contract
trial_025_20260902_clean_v010,P08,rear_left_hip,servo,measured_peak_velocity_error_percent,3.554677360027985,True,,False,raw observation/full12 ledgers vs immutable v010 contract
trial_025_20260902_clean_v010,P08,rear_left_hip,servo,trajectory_rmse_percent,0.5707047736659704,True,,False,raw observation/full12 ledgers vs immutable v010 contract
trial_025_20260902_clean_v010,P09,front_left_hip,servo,command_endpoint_error_percent,0.0,True,,False,raw observation/full12 ledgers vs immutable v010 contract
trial_025_20260902_clean_v010,P09,front_left_hip,servo,actual_endpoint_error_percent,0.5265286371121495,True,,False,raw observation/full12 ledgers vs immutable v010 contract
trial_025_20260902_clean_v010,P09,front_left_hip,servo,command_delta_error_percent,0.0,True,,False,raw observation/full12 ledgers vs immutable v010 contract
trial_025_20260902_clean_v010,P09,front_left_hip,servo,actual_delta_error_percent,0.5267559113577328,True,,False,raw observation/full12 ledgers vs immutable v010 contract
trial_025_20260902_clean_v010,P09,front_left_hip,servo,duration_error_percent,3.1777050127038847e-11,True,,False,raw observation/full12 ledgers vs immutable v010 contract
trial_025_20260902_clean_v010,P09,front_left_hip,servo,command_average_velocity_error_percent,3.178403249875698e-11,True,,False,raw observation/full12 ledgers vs immutable v010 contract
trial_025_20260902_clean_v010,P09,front_left_hip,servo,measured_average_velocity_error_percent,7.3240448499632755,True,,False,raw observation/full12 ledgers vs immutable v010 contract
trial_025_20260902_clean_v010,P09,front_left_hip,servo,command_peak_velocity_error_percent,9.094947017729282e-11,True,,False,raw observation/full12 ledgers vs immutable v010 contract
trial_025_20260902_clean_v010,P09,front_left_hip,servo,measured_peak_velocity_error_percent,2.181878719245566,True,,False,raw observation/full12 ledgers vs immutable v010 contract
trial_025_20260902_clean_v010,P09,front_left_hip,servo,trajectory_rmse_percent,0.7021122898469997,True,,False,raw observation/full12 ledgers vs immutable v010 contract
trial_025_20260902_clean_v010,P09,front_left_knee,servo,command_endpoint_error_percent,0.0,True,,False,raw observation/full12 ledgers vs immutable v010 contract
trial_025_20260902_clean_v010,P09,front_left_knee,servo,actual_endpoint_error_percent,1.8345318928223344,True,,False,raw observation/full12 ledgers vs immutable v010 contract
trial_025_20260902_clean_v010,P09,front_left_knee,servo,command_delta_error_percent,0.0,True,,False,raw observation/full12 ledgers vs immutable v010 contract
trial_025_20260902_clean_v010,P09,front_left_knee,servo,actual_delta_error_percent,0.5350504577320139,True,,False,raw observation/full12 ledgers vs immutable v010 contract
trial_025_20260902_clean_v010,P09,front_left_knee,servo,duration_error_percent,3.1777050127038847e-11,True,,False,raw observation/full12 ledgers vs immutable v010 contract
trial_025_20260902_clean_v010,P09,front_left_knee,servo,command_average_velocity_error_percent,2.383426789265286e-11,True,,False,raw observation/full12 ledgers vs immutable v010 contract
trial_025_20260902_clean_v010,P09,front_left_knee,servo,measured_average_velocity_error_percent,0.0016069458828097008,True,,False,raw observation/full12 ledgers vs immutable v010 contract
trial_025_20260902_clean_v010,P09,front_left_knee,servo,command_peak_velocity_error_percent,9.094947017729282e-11,True,,False,raw observation/full12 ledgers vs immutable v010 contract
trial_025_20260902_clean_v010,P09,front_left_knee,servo,measured_peak_velocity_error_percent,0.2944154430049581,True,,False,raw observation/full12 ledgers vs immutable v010 contract
trial_025_20260902_clean_v010,P09,front_left_knee,servo,trajectory_rmse_percent,3.421814456345642,True,,False,raw observation/full12 ledgers vs immutable v010 contract
trial_025_20260902_clean_v010,P09,rear_left_hip,servo,command_endpoint_error_percent,0.0,True,,False,raw observation/full12 ledgers vs immutable v010 contract
trial_025_20260902_clean_v010,P09,rear_left_hip,servo,actual_endpoint_error_percent,2.3987040772972197,True,,False,raw observation/full12 ledgers vs immutable v010 contract
trial_025_20260902_clean_v010,P09,rear_left_hip,servo,command_delta_error_percent,2.24855296126614e-14,True,,False,raw observation/full12 ledgers vs immutable v010 contract
trial_025_20260902_clean_v010,P09,rear_left_hip,servo,actual_delta_error_percent,2.020666075450627,True,,False,raw observation/full12 ledgers vs immutable v010 contract
trial_025_20260902_clean_v010,P09,rear_left_hip,servo,duration_error_percent,3.1777050127038847e-11,True,,False,raw observation/full12 ledgers vs immutable v010 contract
trial_025_20260902_clean_v010,P09,rear_left_hip,servo,command_average_velocity_error_percent,2.092992446023345e-11,True,,False,raw observation/full12 ledgers vs immutable v010 contract
trial_025_20260902_clean_v010,P09,rear_left_hip,servo,measured_average_velocity_error_percent,1.4107968930174852,True,,False,raw observation/full12 ledgers vs immutable v010 contract
trial_025_20260902_clean_v010,P09,rear_left_hip,servo,command_peak_velocity_error_percent,9.094947017729282e-11,True,,False,raw observation/full12 ledgers vs immutable v010 contract
trial_025_20260902_clean_v010,P09,rear_left_hip,servo,measured_peak_velocity_error_percent,2.3501196252534777,True,,False,raw observation/full12 ledgers vs immutable v010 contract
trial_025_20260902_clean_v010,P09,rear_left_hip,servo,trajectory_rmse_percent,0.349874690364901,True,,False,raw observation/full12 ledgers vs immutable v010 contract
trial_025_20260902_clean_v010,P09,rear_left_knee,servo,command_endpoint_error_percent,0.0,True,,False,raw observation/full12 ledgers vs immutable v010 contract
trial_025_20260902_clean_v010,P09,rear_left_knee,servo,actual_endpoint_error_percent,3.517142540208875,True,,False,raw observation/full12 ledgers vs immutable v010 contract
trial_025_20260902_clean_v010,P09,rear_left_knee,servo,command_delta_error_percent,0.0,True,,False,raw observation/full12 ledgers vs immutable v010 contract
trial_025_20260902_clean_v010,P09,rear_left_knee,servo,actual_delta_error_percent,4.133110519937588,True,,False,raw observation/full12 ledgers vs immutable v010 contract
trial_025_20260902_clean_v010,P09,rear_left_knee,servo,duration_error_percent,3.1777050127038847e-11,True,,False,raw observation/full12 ledgers vs immutable v010 contract
trial_025_20260902_clean_v010,P09,rear_left_knee,servo,command_average_velocity_error_percent,2.5686119897727622e-11,True,,False,raw observation/full12 ledgers vs immutable v010 contract
trial_025_20260902_clean_v010,P09,rear_left_knee,servo,measured_average_velocity_error_percent,1.6185313692488736,True,,False,raw observation/full12 ledgers vs immutable v010 contract
trial_025_20260902_clean_v010,P09,rear_left_knee,servo,command_peak_velocity_error_percent,9.094947017729282e-11,True,,False,raw observation/full12 ledgers vs immutable v010 contract
trial_025_20260902_clean_v010,P09,rear_left_knee,servo,measured_peak_velocity_error_percent,8.757531016216316,True,,False,raw observation/full12 ledgers vs immutable v010 contract
trial_025_20260902_clean_v010,P09,rear_left_knee,servo,trajectory_rmse_percent,0.6516545060338937,True,,False,raw observation/full12 ledgers vs immutable v010 contract
trial_025_20260902_clean_v010,P09,rear_right_hip,servo,command_endpoint_error_percent,0.0,True,,False,raw observation/full12 ledgers vs immutable v010 contract
trial_025_20260902_clean_v010,P09,rear_right_hip,servo,actual_endpoint_error_percent,5.638110809816738,True,,False,raw observation/full12 ledgers vs immutable v010 contract
trial_025_20260902_clean_v010,P09,rear_right_hip,servo,command_delta_error_percent,0.0,True,,False,raw observation/full12 ledgers vs immutable v010 contract
trial_025_20260902_clean_v010,P09,rear_right_hip,servo,actual_delta_error_percent,4.73849361749362,True,,False,raw observation/full12 ledgers vs immutable v010 contract
trial_025_20260902_clean_v010,P09,rear_right_hip,servo,duration_error_percent,3.1777050127038847e-11,True,,False,raw observation/full12 ledgers vs immutable v010 contract
trial_025_20260902_clean_v010,P09,rear_right_hip,servo,command_average_velocity_error_percent,3.179573454653826e-11,True,,False,raw observation/full12 ledgers vs immutable v010 contract
trial_025_20260902_clean_v010,P09,rear_right_hip,servo,measured_average_velocity_error_percent,0.6668414734748094,True,,False,raw observation/full12 ledgers vs immutable v010 contract
trial_025_20260902_clean_v010,P09,rear_right_hip,servo,command_peak_velocity_error_percent,9.094947017729282e-11,True,,False,raw observation/full12 ledgers vs immutable v010 contract
trial_025_20260902_clean_v010,P09,rear_right_hip,servo,measured_peak_velocity_error_percent,1.5721695580316075,True,,False,raw observation/full12 ledgers vs immutable v010 contract
trial_025_20260902_clean_v010,P09,rear_right_hip,servo,trajectory_rmse_percent,1.3051891424193305,True,,False,raw observation/full12 ledgers vs immutable v010 contract
trial_025_20260902_clean_v010,P09,rear_right_knee,servo,command_endpoint_error_percent,0.0,True,,False,raw observation/full12 ledgers vs immutable v010 contract
trial_025_20260902_clean_v010,P09,rear_right_knee,servo,actual_endpoint_error_percent,0.30341940884353014,True,,False,raw observation/full12 ledgers vs immutable v010 contract
trial_025_20260902_clean_v010,P09,rear_right_knee,servo,command_delta_error_percent,0.0,True,,False,raw observation/full12 ledgers vs immutable v010 contract
trial_025_20260902_clean_v010,P09,rear_right_knee,servo,actual_delta_error_percent,0.4355639612873379,True,,False,raw observation/full12 ledgers vs immutable v010 contract
trial_025_20260902_clean_v010,P09,rear_right_knee,servo,duration_error_percent,3.1777050127038847e-11,True,,False,raw observation/full12 ledgers vs immutable v010 contract
trial_025_20260902_clean_v010,P09,rear_right_knee,servo,command_average_velocity_error_percent,3.177141089899741e-11,True,,False,raw observation/full12 ledgers vs immutable v010 contract
trial_025_20260902_clean_v010,P09,rear_right_knee,servo,measured_average_velocity_error_percent,0.15916488661258732,True,,False,raw observation/full12 ledgers vs immutable v010 contract
trial_025_20260902_clean_v010,P09,rear_right_knee,servo,command_peak_velocity_error_percent,5.6843418860808015e-12,True,,False,raw observation/full12 ledgers vs immutable v010 contract
trial_025_20260902_clean_v010,P09,rear_right_knee,servo,measured_peak_velocity_error_percent,1.0456181217287466,True,,False,raw observation/full12 ledgers vs immutable v010 contract
trial_025_20260902_clean_v010,P09,rear_right_knee,servo,trajectory_rmse_percent,3.869090273931964,True,,False,raw observation/full12 ledgers vs immutable v010 contract
trial_025_20260902_clean_v010,P09,front_left_ankle,wheel,duration_error_percent,3.1777050127038847e-11,True,,False,raw observation/full12 ledgers vs immutable v010 contract
trial_025_20260902_clean_v010,P09,front_left_ankle,wheel,command_average_velocity_error_percent,0.3733876442933252,True,,False,raw observation/full12 ledgers vs immutable v010 contract
trial_025_20260902_clean_v010,P09,front_left_ankle,wheel,measured_average_velocity_error_percent,1.3046211112238533,True,,False,raw observation/full12 ledgers vs immutable v010 contract
trial_025_20260902_clean_v010,P09,front_left_ankle,wheel,command_peak_velocity_error_percent,0.0,True,,False,raw observation/full12 ledgers vs immutable v010 contract
trial_025_20260902_clean_v010,P09,front_left_ankle,wheel,measured_peak_velocity_error_percent,25.907079559319314,True,,False,raw observation/full12 ledgers vs immutable v010 contract
trial_025_20260902_clean_v010,P09,front_left_ankle,wheel,command_wheel_integral_error_percent,1.2141280354570065,True,,False,raw observation/full12 ledgers vs immutable v010 contract
trial_025_20260902_clean_v010,P09,front_left_ankle,wheel,actual_wheel_integral_error_percent,16.345044859419914,True,,False,raw observation/full12 ledgers vs immutable v010 contract
trial_025_20260902_clean_v010,P09,front_right_ankle,wheel,duration_error_percent,3.1777050127038847e-11,True,,False,raw observation/full12 ledgers vs immutable v010 contract
trial_025_20260902_clean_v010,P09,front_right_ankle,wheel,command_average_velocity_error_percent,3.780309398848657e-12,True,,False,raw observation/full12 ledgers vs immutable v010 contract
trial_025_20260902_clean_v010,P09,front_right_ankle,wheel,measured_average_velocity_error_percent,1.7360311957697492,True,,False,raw observation/full12 ledgers vs immutable v010 contract
trial_025_20260902_clean_v010,P09,front_right_ankle,wheel,command_peak_velocity_error_percent,0.0,True,,False,raw observation/full12 ledgers vs immutable v010 contract
trial_025_20260902_clean_v010,P09,front_right_ankle,wheel,measured_peak_velocity_error_percent,40.94440145211522,False,REFERENCE_DIVERGENCE_WARNING,False,raw observation/full12 ledgers vs immutable v010 contract
trial_025_20260902_clean_v010,P09,front_right_ankle,wheel,command_wheel_integral_error_percent,2.732019403733724e-11,True,,False,raw observation/full12 ledgers vs immutable v010 contract
trial_025_20260902_clean_v010,P09,front_right_ankle,wheel,actual_wheel_integral_error_percent,0.09141686518611737,True,,False,raw observation/full12 ledgers vs immutable v010 contract
trial_025_20260902_clean_v010,P09,rear_left_ankle,wheel,duration_error_percent,3.1777050127038847e-11,True,,False,raw observation/full12 ledgers vs immutable v010 contract
trial_025_20260902_clean_v010,P09,rear_left_ankle,wheel,command_average_velocity_error_percent,3.780309398848657e-12,True,,False,raw observation/full12 ledgers vs immutable v010 contract
trial_025_20260902_clean_v010,P09,rear_left_ankle,wheel,measured_average_velocity_error_percent,0.24976281122922614,True,,False,raw observation/full12 ledgers vs immutable v010 contract
trial_025_20260902_clean_v010,P09,rear_left_ankle,wheel,command_peak_velocity_error_percent,0.0,True,,False,raw observation/full12 ledgers vs immutable v010 contract
trial_025_20260902_clean_v010,P09,rear_left_ankle,wheel,measured_peak_velocity_error_percent,52.75013911083131,False,REFERENCE_DIVERGENCE_WARNING,False,raw observation/full12 ledgers vs immutable v010 contract
trial_025_20260902_clean_v010,P09,rear_left_ankle,wheel,command_wheel_integral_error_percent,2.732019403733724e-11,True,,False,raw observation/full12 ledgers vs immutable v010 contract
trial_025_20260902_clean_v010,P09,rear_left_ankle,wheel,actual_wheel_integral_error_percent,0.8281425372239332,True,,False,raw observation/full12 ledgers vs immutable v010 contract
trial_025_20260902_clean_v010,P09,rear_right_ankle,wheel,duration_error_percent,3.1777050127038847e-11,True,,False,raw observation/full12 ledgers vs immutable v010 contract
trial_025_20260902_clean_v010,P09,rear_right_ankle,wheel,command_average_velocity_error_percent,3.780309398848657e-12,True,,False,raw observation/full12 ledgers vs immutable v010 contract
trial_025_20260902_clean_v010,P09,rear_right_ankle,wheel,measured_average_velocity_error_percent,1.0699540744949043,True,,False,raw observation/full12 ledgers vs immutable v010 contract
trial_025_20260902_clean_v010,P09,rear_right_ankle,wheel,command_peak_velocity_error_percent,0.0,True,,False,raw observation/full12 ledgers vs immutable v010 contract
trial_025_20260902_clean_v010,P09,rear_right_ankle,wheel,measured_peak_velocity_error_percent,6.4840848048672735,True,,False,raw observation/full12 ledgers vs immutable v010 contract
trial_025_20260902_clean_v010,P09,rear_right_ankle,wheel,command_wheel_integral_error_percent,2.732019403733724e-11,True,,False,raw observation/full12 ledgers vs immutable v010 contract
trial_025_20260902_clean_v010,P09,rear_right_ankle,wheel,actual_wheel_integral_error_percent,0.8218344994556538,True,,False,raw observation/full12 ledgers vs immutable v010 contract
trial_025_20260902_clean_v010,P10,rear_right_knee,servo,command_endpoint_error_percent,0.0,True,,False,raw observation/full12 ledgers vs immutable v010 contract
trial_025_20260902_clean_v010,P10,rear_right_knee,servo,actual_endpoint_error_percent,10.090541308870199,True,,False,raw observation/full12 ledgers vs immutable v010 contract
trial_025_20260902_clean_v010,P10,rear_right_knee,servo,command_delta_error_percent,0.0,True,,False,raw observation/full12 ledgers vs immutable v010 contract
trial_025_20260902_clean_v010,P10,rear_right_knee,servo,actual_delta_error_percent,6.774387813208691,True,,False,raw observation/full12 ledgers vs immutable v010 contract
trial_025_20260902_clean_v010,P10,rear_right_knee,servo,duration_error_percent,8.526512829114417e-11,True,,False,raw observation/full12 ledgers vs immutable v010 contract
trial_025_20260902_clean_v010,P10,rear_right_knee,servo,command_average_velocity_error_percent,8.526512829127989e-11,True,,False,raw observation/full12 ledgers vs immutable v010 contract
trial_025_20260902_clean_v010,P10,rear_right_knee,servo,measured_average_velocity_error_percent,14.492207635654072,True,,False,raw observation/full12 ledgers vs immutable v010 contract
trial_025_20260902_clean_v010,P10,rear_right_knee,servo,command_peak_velocity_error_percent,9.094947017729282e-11,True,,False,raw observation/full12 ledgers vs immutable v010 contract
trial_025_20260902_clean_v010,P10,rear_right_knee,servo,measured_peak_velocity_error_percent,9.997642348937989,True,,False,raw observation/full12 ledgers vs immutable v010 contract
trial_025_20260902_clean_v010,P10,rear_right_knee,servo,trajectory_rmse_percent,3.8162987303447498,True,,False,raw observation/full12 ledgers vs immutable v010 contract
trial_025_20260902_clean_v010,P11,front_right_hip,servo,command_endpoint_error_percent,0.0,True,,False,raw observation/full12 ledgers vs immutable v010 contract
trial_025_20260902_clean_v010,P11,front_right_hip,servo,actual_endpoint_error_percent,3.4641097300376877,True,,False,raw observation/full12 ledgers vs immutable v010 contract
trial_025_20260902_clean_v010,P11,front_right_hip,servo,command_delta_error_percent,0.0,True,,False,raw observation/full12 ledgers vs immutable v010 contract
trial_025_20260902_clean_v010,P11,front_right_hip,servo,actual_delta_error_percent,3.83025456029666,True,,False,raw observation/full12 ledgers vs immutable v010 contract
trial_025_20260902_clean_v010,P11,front_right_hip,servo,duration_error_percent,7.917476198463387e-11,True,,False,raw observation/full12 ledgers vs immutable v010 contract
trial_025_20260902_clean_v010,P11,front_right_hip,servo,command_average_velocity_error_percent,7.91643008080659e-11,True,,False,raw observation/full12 ledgers vs immutable v010 contract
trial_025_20260902_clean_v010,P11,front_right_hip,servo,measured_average_velocity_error_percent,0.4810605735354644,True,,False,raw observation/full12 ledgers vs immutable v010 contract
trial_025_20260902_clean_v010,P11,front_right_hip,servo,command_peak_velocity_error_percent,9.094947017729282e-11,True,,False,raw observation/full12 ledgers vs immutable v010 contract
trial_025_20260902_clean_v010,P11,front_right_hip,servo,measured_peak_velocity_error_percent,0.36829840653909457,True,,False,raw observation/full12 ledgers vs immutable v010 contract
trial_025_20260902_clean_v010,P11,front_right_hip,servo,trajectory_rmse_percent,3.740169733778291,True,,False,raw observation/full12 ledgers vs immutable v010 contract
trial_025_20260902_clean_v010,P12,rear_left_hip,servo,command_endpoint_error_percent,0.0,True,,False,raw observation/full12 ledgers vs immutable v010 contract
trial_025_20260902_clean_v010,P12,rear_left_hip,servo,actual_endpoint_error_percent,4.008922824354148,True,,False,raw observation/full12 ledgers vs immutable v010 contract
trial_025_20260902_clean_v010,P12,rear_left_hip,servo,command_delta_error_percent,0.0,True,,False,raw observation/full12 ledgers vs immutable v010 contract
trial_025_20260902_clean_v010,P12,rear_left_hip,servo,actual_delta_error_percent,2.176188878386844,True,,False,raw observation/full12 ledgers vs immutable v010 contract
trial_025_20260902_clean_v010,P12,rear_left_hip,servo,duration_error_percent,7.97837986152849e-11,True,,False,raw observation/full12 ledgers vs immutable v010 contract
trial_025_20260902_clean_v010,P12,rear_left_hip,servo,command_average_velocity_error_percent,7.97677569908224e-11,True,,False,raw observation/full12 ledgers vs immutable v010 contract
trial_025_20260902_clean_v010,P12,rear_left_hip,servo,measured_average_velocity_error_percent,1.2457818135814858,True,,False,raw observation/full12 ledgers vs immutable v010 contract
trial_025_20260902_clean_v010,P12,rear_left_hip,servo,command_peak_velocity_error_percent,9.123368727159686e-11,True,,False,raw observation/full12 ledgers vs immutable v010 contract
trial_025_20260902_clean_v010,P12,rear_left_hip,servo,measured_peak_velocity_error_percent,0.5415496859025929,True,,False,raw observation/full12 ledgers vs immutable v010 contract
trial_025_20260902_clean_v010,P12,rear_left_hip,servo,trajectory_rmse_percent,2.0518345005585137,True,,False,raw observation/full12 ledgers vs immutable v010 contract
trial_025_20260902_clean_v010,P12,rear_left_knee,servo,command_endpoint_error_percent,9.32470781837402e-15,True,,False,raw observation/full12 ledgers vs immutable v010 contract
trial_025_20260902_clean_v010,P12,rear_left_knee,servo,actual_endpoint_error_percent,0.01833932682656441,True,,False,raw observation/full12 ledgers vs immutable v010 contract
trial_025_20260902_clean_v010,P12,rear_left_knee,servo,command_delta_error_percent,0.0,True,,False,raw observation/full12 ledgers vs immutable v010 contract
trial_025_20260902_clean_v010,P12,rear_left_knee,servo,actual_delta_error_percent,2.9058824699750896,True,,False,raw observation/full12 ledgers vs immutable v010 contract
trial_025_20260902_clean_v010,P12,rear_left_knee,servo,duration_error_percent,7.97837986152849e-11,True,,False,raw observation/full12 ledgers vs immutable v010 contract
trial_025_20260902_clean_v010,P12,rear_left_knee,servo,command_average_velocity_error_percent,7.976579180992765e-11,True,,False,raw observation/full12 ledgers vs immutable v010 contract
trial_025_20260902_clean_v010,P12,rear_left_knee,servo,measured_average_velocity_error_percent,3.2247605718242647,True,,False,raw observation/full12 ledgers vs immutable v010 contract
trial_025_20260902_clean_v010,P12,rear_left_knee,servo,command_peak_velocity_error_percent,9.094947017729282e-11,True,,False,raw observation/full12 ledgers vs immutable v010 contract
trial_025_20260902_clean_v010,P12,rear_left_knee,servo,measured_peak_velocity_error_percent,2.422213563577055,True,,False,raw observation/full12 ledgers vs immutable v010 contract
trial_025_20260902_clean_v010,P12,rear_left_knee,servo,trajectory_rmse_percent,3.0820121083019743,True,,False,raw observation/full12 ledgers vs immutable v010 contract
trial_025_20260902_clean_v010,P12,front_left_ankle,wheel,duration_error_percent,7.97837986152849e-11,True,,False,raw observation/full12 ledgers vs immutable v010 contract
trial_025_20260902_clean_v010,P12,front_left_ankle,wheel,command_average_velocity_error_percent,1.9984014443252815e-13,True,,False,raw observation/full12 ledgers vs immutable v010 contract
trial_025_20260902_clean_v010,P12,front_left_ankle,wheel,measured_average_velocity_error_percent,0.7953463433794299,True,,False,raw observation/full12 ledgers vs immutable v010 contract
trial_025_20260902_clean_v010,P12,front_left_ankle,wheel,command_peak_velocity_error_percent,0.0,True,,False,raw observation/full12 ledgers vs immutable v010 contract
trial_025_20260902_clean_v010,P12,front_left_ankle,wheel,measured_peak_velocity_error_percent,15.659505539236836,True,,False,raw observation/full12 ledgers vs immutable v010 contract
trial_025_20260902_clean_v010,P12,front_left_ankle,wheel,command_wheel_integral_error_percent,7.954916187042709e-11,True,,False,raw observation/full12 ledgers vs immutable v010 contract
trial_025_20260902_clean_v010,P12,front_left_ankle,wheel,actual_wheel_integral_error_percent,16.422564217949468,True,,False,raw observation/full12 ledgers vs immutable v010 contract
trial_025_20260902_clean_v010,P12,front_right_ankle,wheel,duration_error_percent,7.97837986152849e-11,True,,False,raw observation/full12 ledgers vs immutable v010 contract
trial_025_20260902_clean_v010,P12,front_right_ankle,wheel,command_average_velocity_error_percent,1.9984014443252815e-13,True,,False,raw observation/full12 ledgers vs immutable v010 contract
trial_025_20260902_clean_v010,P12,front_right_ankle,wheel,measured_average_velocity_error_percent,12.865914513908681,True,,False,raw observation/full12 ledgers vs immutable v010 contract
trial_025_20260902_clean_v010,P12,front_right_ankle,wheel,command_peak_velocity_error_percent,0.0,True,,False,raw observation/full12 ledgers vs immutable v010 contract
trial_025_20260902_clean_v010,P12,front_right_ankle,wheel,measured_peak_velocity_error_percent,27.859205116656085,True,,False,raw observation/full12 ledgers vs immutable v010 contract
trial_025_20260902_clean_v010,P12,front_right_ankle,wheel,command_wheel_integral_error_percent,7.954916187042709e-11,True,,False,raw observation/full12 ledgers vs immutable v010 contract
trial_025_20260902_clean_v010,P12,front_right_ankle,wheel,actual_wheel_integral_error_percent,0.17301059504966784,True,,False,raw observation/full12 ledgers vs immutable v010 contract
trial_025_20260902_clean_v010,P12,rear_left_ankle,wheel,duration_error_percent,7.97837986152849e-11,True,,False,raw observation/full12 ledgers vs immutable v010 contract
trial_025_20260902_clean_v010,P12,rear_left_ankle,wheel,command_average_velocity_error_percent,1.9984014443252815e-13,True,,False,raw observation/full12 ledgers vs immutable v010 contract
trial_025_20260902_clean_v010,P12,rear_left_ankle,wheel,measured_average_velocity_error_percent,2.434177649959228,True,,False,raw observation/full12 ledgers vs immutable v010 contract
trial_025_20260902_clean_v010,P12,rear_left_ankle,wheel,command_peak_velocity_error_percent,0.0,True,,False,raw observation/full12 ledgers vs immutable v010 contract
trial_025_20260902_clean_v010,P12,rear_left_ankle,wheel,measured_peak_velocity_error_percent,10.501974494170726,True,,False,raw observation/full12 ledgers vs immutable v010 contract
trial_025_20260902_clean_v010,P12,rear_left_ankle,wheel,command_wheel_integral_error_percent,7.954916187042709e-11,True,,False,raw observation/full12 ledgers vs immutable v010 contract
trial_025_20260902_clean_v010,P12,rear_left_ankle,wheel,actual_wheel_integral_error_percent,1.2014287169099862,True,,False,raw observation/full12 ledgers vs immutable v010 contract
trial_025_20260902_clean_v010,P12,rear_right_ankle,wheel,duration_error_percent,7.97837986152849e-11,True,,False,raw observation/full12 ledgers vs immutable v010 contract
trial_025_20260902_clean_v010,P12,rear_right_ankle,wheel,command_average_velocity_error_percent,1.9984014443252815e-13,True,,False,raw observation/full12 ledgers vs immutable v010 contract
trial_025_20260902_clean_v010,P12,rear_right_ankle,wheel,measured_average_velocity_error_percent,1.7126117842041666,True,,False,raw observation/full12 ledgers vs immutable v010 contract
trial_025_20260902_clean_v010,P12,rear_right_ankle,wheel,command_peak_velocity_error_percent,0.0,True,,False,raw observation/full12 ledgers vs immutable v010 contract
trial_025_20260902_clean_v010,P12,rear_right_ankle,wheel,measured_peak_velocity_error_percent,0.5599089339238643,True,,False,raw observation/full12 ledgers vs immutable v010 contract
trial_025_20260902_clean_v010,P12,rear_right_ankle,wheel,command_wheel_integral_error_percent,7.954916187042709e-11,True,,False,raw observation/full12 ledgers vs immutable v010 contract
trial_025_20260902_clean_v010,P12,rear_right_ankle,wheel,actual_wheel_integral_error_percent,1.7770064942019455,True,,False,raw observation/full12 ledgers vs immutable v010 contract
trial_025_20260902_clean_v010,P13,front_left_hip,servo,command_endpoint_error_percent,0.0,True,,False,raw observation/full12 ledgers vs immutable v010 contract
trial_025_20260902_clean_v010,P13,front_left_hip,servo,actual_endpoint_error_percent,7.381320279622933,True,,False,raw observation/full12 ledgers vs immutable v010 contract
trial_025_20260902_clean_v010,P13,front_left_hip,servo,command_delta_error_percent,0.0,True,,False,raw observation/full12 ledgers vs immutable v010 contract
trial_025_20260902_clean_v010,P13,front_left_hip,servo,actual_delta_error_percent,6.620302399718307,True,,False,raw observation/full12 ledgers vs immutable v010 contract
trial_025_20260902_clean_v010,P13,front_left_hip,servo,duration_error_percent,7.959675365755687e-11,True,,False,raw observation/full12 ledgers vs immutable v010 contract
trial_025_20260902_clean_v010,P13,front_left_hip,servo,command_average_velocity_error_percent,2.5486279753295094e-11,True,,False,raw observation/full12 ledgers vs immutable v010 contract
trial_025_20260902_clean_v010,P13,front_left_hip,servo,measured_average_velocity_error_percent,1.5155298768678493,True,,False,raw observation/full12 ledgers vs immutable v010 contract
trial_025_20260902_clean_v010,P13,front_left_hip,servo,command_peak_velocity_error_percent,9.094947017729282e-11,True,,False,raw observation/full12 ledgers vs immutable v010 contract
trial_025_20260902_clean_v010,P13,front_left_hip,servo,measured_peak_velocity_error_percent,0.09320671327702232,True,,False,raw observation/full12 ledgers vs immutable v010 contract
trial_025_20260902_clean_v010,P13,front_left_hip,servo,trajectory_rmse_percent,1.261152423491355,True,,False,raw observation/full12 ledgers vs immutable v010 contract
trial_025_20260902_clean_v010,P13,front_left_knee,servo,command_endpoint_error_percent,2.169816986238091e-15,True,,False,raw observation/full12 ledgers vs immutable v010 contract
trial_025_20260902_clean_v010,P13,front_left_knee,servo,actual_endpoint_error_percent,1.0156180690453536,True,,False,raw observation/full12 ledgers vs immutable v010 contract
trial_025_20260902_clean_v010,P13,front_left_knee,servo,command_delta_error_percent,0.0,True,,False,raw observation/full12 ledgers vs immutable v010 contract
trial_025_20260902_clean_v010,P13,front_left_knee,servo,actual_delta_error_percent,0.44848988620237584,True,,False,raw observation/full12 ledgers vs immutable v010 contract
trial_025_20260902_clean_v010,P13,front_left_knee,servo,duration_error_percent,7.959675365755687e-11,True,,False,raw observation/full12 ledgers vs immutable v010 contract
trial_025_20260902_clean_v010,P13,front_left_knee,servo,command_average_velocity_error_percent,4.118705376754406e-11,True,,False,raw observation/full12 ledgers vs immutable v010 contract
trial_025_20260902_clean_v010,P13,front_left_knee,servo,measured_average_velocity_error_percent,1.825399439255131,True,,False,raw observation/full12 ledgers vs immutable v010 contract
trial_025_20260902_clean_v010,P13,front_left_knee,servo,command_peak_velocity_error_percent,9.094947017729282e-11,True,,False,raw observation/full12 ledgers vs immutable v010 contract
trial_025_20260902_clean_v010,P13,front_left_knee,servo,measured_peak_velocity_error_percent,0.1547512839586315,True,,False,raw observation/full12 ledgers vs immutable v010 contract
trial_025_20260902_clean_v010,P13,front_left_knee,servo,trajectory_rmse_percent,0.33890439588131427,True,,False,raw observation/full12 ledgers vs immutable v010 contract
trial_025_20260902_clean_v010,P13,front_right_knee,servo,command_endpoint_error_percent,4.7012701368491964e-15,True,,False,raw observation/full12 ledgers vs immutable v010 contract
trial_025_20260902_clean_v010,P13,front_right_knee,servo,actual_endpoint_error_percent,2.926377655185445,True,,False,raw observation/full12 ledgers vs immutable v010 contract
trial_025_20260902_clean_v010,P13,front_right_knee,servo,command_delta_error_percent,0.0,True,,False,raw observation/full12 ledgers vs immutable v010 contract
trial_025_20260902_clean_v010,P13,front_right_knee,servo,actual_delta_error_percent,7.237050203871608,True,,False,raw observation/full12 ledgers vs immutable v010 contract
trial_025_20260902_clean_v010,P13,front_right_knee,servo,duration_error_percent,7.959675365755687e-11,True,,False,raw observation/full12 ledgers vs immutable v010 contract
trial_025_20260902_clean_v010,P13,front_right_knee,servo,command_average_velocity_error_percent,4.1180392429396306e-11,True,,False,raw observation/full12 ledgers vs immutable v010 contract
trial_025_20260902_clean_v010,P13,front_right_knee,servo,measured_average_velocity_error_percent,0.5001540628541057,True,,False,raw observation/full12 ledgers vs immutable v010 contract
trial_025_20260902_clean_v010,P13,front_right_knee,servo,command_peak_velocity_error_percent,9.094947017729282e-11,True,,False,raw observation/full12 ledgers vs immutable v010 contract
trial_025_20260902_clean_v010,P13,front_right_knee,servo,measured_peak_velocity_error_percent,0.3355174097182598,True,,False,raw observation/full12 ledgers vs immutable v010 contract
trial_025_20260902_clean_v010,P13,front_right_knee,servo,trajectory_rmse_percent,1.02306807462766,True,,False,raw observation/full12 ledgers vs immutable v010 contract
trial_025_20260902_clean_v010,P13,rear_left_hip,servo,command_endpoint_error_percent,5.921189464667502e-15,True,,False,raw observation/full12 ledgers vs immutable v010 contract
trial_025_20260902_clean_v010,P13,rear_left_hip,servo,actual_endpoint_error_percent,15.519345234603565,True,,False,raw observation/full12 ledgers vs immutable v010 contract
trial_025_20260902_clean_v010,P13,rear_left_hip,servo,command_delta_error_percent,0.0,True,,False,raw observation/full12 ledgers vs immutable v010 contract
trial_025_20260902_clean_v010,P13,rear_left_hip,servo,actual_delta_error_percent,0.9204569254140319,True,,False,raw observation/full12 ledgers vs immutable v010 contract
trial_025_20260902_clean_v010,P13,rear_left_hip,servo,duration_error_percent,7.959675365755687e-11,True,,False,raw observation/full12 ledgers vs immutable v010 contract
trial_025_20260902_clean_v010,P13,rear_left_hip,servo,command_average_velocity_error_percent,1.0061951272177794e-11,True,,False,raw observation/full12 ledgers vs immutable v010 contract
trial_025_20260902_clean_v010,P13,rear_left_hip,servo,measured_average_velocity_error_percent,3.3413304492958393,True,,False,raw observation/full12 ledgers vs immutable v010 contract
trial_025_20260902_clean_v010,P13,rear_left_hip,servo,command_peak_velocity_error_percent,9.094947017729282e-11,True,,False,raw observation/full12 ledgers vs immutable v010 contract
trial_025_20260902_clean_v010,P13,rear_left_hip,servo,measured_peak_velocity_error_percent,6.1263739115659135,True,,False,raw observation/full12 ledgers vs immutable v010 contract
trial_025_20260902_clean_v010,P13,rear_left_hip,servo,trajectory_rmse_percent,14.34668932278561,True,,False,raw observation/full12 ledgers vs immutable v010 contract
trial_025_20260902_clean_v010,P13,rear_left_knee,servo,command_endpoint_error_percent,3.00060276925718e-15,True,,False,raw observation/full12 ledgers vs immutable v010 contract
trial_025_20260902_clean_v010,P13,rear_left_knee,servo,actual_endpoint_error_percent,3.558863144546118,True,,False,raw observation/full12 ledgers vs immutable v010 contract
trial_025_20260902_clean_v010,P13,rear_left_knee,servo,command_delta_error_percent,2.400482215405744e-14,True,,False,raw observation/full12 ledgers vs immutable v010 contract
trial_025_20260902_clean_v010,P13,rear_left_knee,servo,actual_delta_error_percent,3.6609929326085275,True,,False,raw observation/full12 ledgers vs immutable v010 contract
trial_025_20260902_clean_v010,P13,rear_left_knee,servo,duration_error_percent,7.959675365755687e-11,True,,False,raw observation/full12 ledgers vs immutable v010 contract
trial_025_20260902_clean_v010,P13,rear_left_knee,servo,command_average_velocity_error_percent,1.9860779687519425e-11,True,,False,raw observation/full12 ledgers vs immutable v010 contract
trial_025_20260902_clean_v010,P13,rear_left_knee,servo,measured_average_velocity_error_percent,0.8341463527383655,True,,False,raw observation/full12 ledgers vs immutable v010 contract
trial_025_20260902_clean_v010,P13,rear_left_knee,servo,command_peak_velocity_error_percent,9.094947017729282e-11,True,,False,raw observation/full12 ledgers vs immutable v010 contract
trial_025_20260902_clean_v010,P13,rear_left_knee,servo,measured_peak_velocity_error_percent,0.48392980171497857,True,,False,raw observation/full12 ledgers vs immutable v010 contract
trial_025_20260902_clean_v010,P13,rear_left_knee,servo,trajectory_rmse_percent,1.6654691935111487,True,,False,raw observation/full12 ledgers vs immutable v010 contract
trial_025_20260902_clean_v010,P13,rear_right_hip,servo,command_endpoint_error_percent,0.0,True,,False,raw observation/full12 ledgers vs immutable v010 contract
trial_025_20260902_clean_v010,P13,rear_right_hip,servo,actual_endpoint_error_percent,11.579616704668119,True,,False,raw observation/full12 ledgers vs immutable v010 contract
trial_025_20260902_clean_v010,P13,rear_right_hip,servo,command_delta_error_percent,0.0,True,,False,raw observation/full12 ledgers vs immutable v010 contract
trial_025_20260902_clean_v010,P13,rear_right_hip,servo,actual_delta_error_percent,21.62587941944365,True,,False,raw observation/full12 ledgers vs immutable v010 contract
trial_025_20260902_clean_v010,P13,rear_right_hip,servo,duration_error_percent,7.959675365755687e-11,True,,False,raw observation/full12 ledgers vs immutable v010 contract
trial_025_20260902_clean_v010,P13,rear_right_hip,servo,command_average_velocity_error_percent,8.58646487245096e-12,True,,False,raw observation/full12 ledgers vs immutable v010 contract
trial_025_20260902_clean_v010,P13,rear_right_hip,servo,measured_average_velocity_error_percent,0.04195618654606381,True,,False,raw observation/full12 ledgers vs immutable v010 contract
trial_025_20260902_clean_v010,P13,rear_right_hip,servo,command_peak_velocity_error_percent,9.094947017729282e-11,True,,False,raw observation/full12 ledgers vs immutable v010 contract
trial_025_20260902_clean_v010,P13,rear_right_hip,servo,measured_peak_velocity_error_percent,2.0582544794805364,True,,False,raw observation/full12 ledgers vs immutable v010 contract
trial_025_20260902_clean_v010,P13,rear_right_hip,servo,trajectory_rmse_percent,6.100438925061111,True,,False,raw observation/full12 ledgers vs immutable v010 contract
trial_025_20260902_clean_v010,P13,rear_right_knee,servo,command_endpoint_error_percent,0.0,True,,False,raw observation/full12 ledgers vs immutable v010 contract
trial_025_20260902_clean_v010,P13,rear_right_knee,servo,actual_endpoint_error_percent,7.3353553575206965,True,,False,raw observation/full12 ledgers vs immutable v010 contract
trial_025_20260902_clean_v010,P13,rear_right_knee,servo,command_delta_error_percent,0.0,True,,False,raw observation/full12 ledgers vs immutable v010 contract
trial_025_20260902_clean_v010,P13,rear_right_knee,servo,actual_delta_error_percent,7.644840249818538,True,,False,raw observation/full12 ledgers vs immutable v010 contract
trial_025_20260902_clean_v010,P13,rear_right_knee,servo,duration_error_percent,7.959675365755687e-11,True,,False,raw observation/full12 ledgers vs immutable v010 contract
trial_025_20260902_clean_v010,P13,rear_right_knee,servo,command_average_velocity_error_percent,2.844391389089651e-11,True,,False,raw observation/full12 ledgers vs immutable v010 contract
trial_025_20260902_clean_v010,P13,rear_right_knee,servo,measured_average_velocity_error_percent,4.149007963072202,True,,False,raw observation/full12 ledgers vs immutable v010 contract
trial_025_20260902_clean_v010,P13,rear_right_knee,servo,command_peak_velocity_error_percent,9.094947017729282e-11,True,,False,raw observation/full12 ledgers vs immutable v010 contract
trial_025_20260902_clean_v010,P13,rear_right_knee,servo,measured_peak_velocity_error_percent,4.515430338110143,True,,False,raw observation/full12 ledgers vs immutable v010 contract
trial_025_20260902_clean_v010,P13,rear_right_knee,servo,trajectory_rmse_percent,0.5787049138817153,True,,False,raw observation/full12 ledgers vs immutable v010 contract
trial_025_20260902_clean_v010,P13,front_left_ankle,wheel,duration_error_percent,7.959675365755687e-11,True,,False,raw observation/full12 ledgers vs immutable v010 contract
trial_025_20260902_clean_v010,P13,front_left_ankle,wheel,command_average_velocity_error_percent,1.7789007219444e-12,True,,False,raw observation/full12 ledgers vs immutable v010 contract
trial_025_20260902_clean_v010,P13,front_left_ankle,wheel,measured_average_velocity_error_percent,0.7330441625689419,True,,False,raw observation/full12 ledgers vs immutable v010 contract
trial_025_20260902_clean_v010,P13,front_left_ankle,wheel,command_peak_velocity_error_percent,0.0,True,,False,raw observation/full12 ledgers vs immutable v010 contract
trial_025_20260902_clean_v010,P13,front_left_ankle,wheel,measured_peak_velocity_error_percent,14.269934495029366,True,,False,raw observation/full12 ledgers vs immutable v010 contract
trial_025_20260902_clean_v010,P13,front_left_ankle,wheel,command_wheel_integral_error_percent,7.782826937922564e-11,True,,False,raw observation/full12 ledgers vs immutable v010 contract
trial_025_20260902_clean_v010,P13,front_left_ankle,wheel,actual_wheel_integral_error_percent,0.7691568567016918,True,,False,raw observation/full12 ledgers vs immutable v010 contract
trial_025_20260902_clean_v010,P13,front_right_ankle,wheel,duration_error_percent,7.959675365755687e-11,True,,False,raw observation/full12 ledgers vs immutable v010 contract
trial_025_20260902_clean_v010,P13,front_right_ankle,wheel,command_average_velocity_error_percent,1.9452113168388853e-12,True,,False,raw observation/full12 ledgers vs immutable v010 contract
trial_025_20260902_clean_v010,P13,front_right_ankle,wheel,measured_average_velocity_error_percent,2.3146975747331333,True,,False,raw observation/full12 ledgers vs immutable v010 contract
trial_025_20260902_clean_v010,P13,front_right_ankle,wheel,command_peak_velocity_error_percent,0.0,True,,False,raw observation/full12 ledgers vs immutable v010 contract
trial_025_20260902_clean_v010,P13,front_right_ankle,wheel,measured_peak_velocity_error_percent,11.670962542094259,True,,False,raw observation/full12 ledgers vs immutable v010 contract
trial_025_20260902_clean_v010,P13,front_right_ankle,wheel,command_wheel_integral_error_percent,7.7643318131398e-11,True,,False,raw observation/full12 ledgers vs immutable v010 contract
trial_025_20260902_clean_v010,P13,front_right_ankle,wheel,actual_wheel_integral_error_percent,2.2361071026995165,True,,False,raw observation/full12 ledgers vs immutable v010 contract
trial_025_20260902_clean_v010,P13,rear_left_ankle,wheel,duration_error_percent,7.959675365755687e-11,True,,False,raw observation/full12 ledgers vs immutable v010 contract
trial_025_20260902_clean_v010,P13,rear_left_ankle,wheel,command_average_velocity_error_percent,1.124075348602131e-12,True,,False,raw observation/full12 ledgers vs immutable v010 contract
trial_025_20260902_clean_v010,P13,rear_left_ankle,wheel,measured_average_velocity_error_percent,0.5046107771053654,True,,False,raw observation/full12 ledgers vs immutable v010 contract
trial_025_20260902_clean_v010,P13,rear_left_ankle,wheel,command_peak_velocity_error_percent,0.0,True,,False,raw observation/full12 ledgers vs immutable v010 contract
trial_025_20260902_clean_v010,P13,rear_left_ankle,wheel,measured_peak_velocity_error_percent,23.986424728230915,True,,False,raw observation/full12 ledgers vs immutable v010 contract
trial_025_20260902_clean_v010,P13,rear_left_ankle,wheel,command_wheel_integral_error_percent,7.668520865509359e-11,True,,False,raw observation/full12 ledgers vs immutable v010 contract
trial_025_20260902_clean_v010,P13,rear_left_ankle,wheel,actual_wheel_integral_error_percent,1.6486627933162499,True,,False,raw observation/full12 ledgers vs immutable v010 contract
trial_025_20260902_clean_v010,P13,rear_right_ankle,wheel,duration_error_percent,7.959675365755687e-11,True,,False,raw observation/full12 ledgers vs immutable v010 contract
trial_025_20260902_clean_v010,P13,rear_right_ankle,wheel,command_average_velocity_error_percent,1.1506507392002316e-12,True,,False,raw observation/full12 ledgers vs immutable v010 contract
trial_025_20260902_clean_v010,P13,rear_right_ankle,wheel,measured_average_velocity_error_percent,0.1140046677540783,True,,False,raw observation/full12 ledgers vs immutable v010 contract
trial_025_20260902_clean_v010,P13,rear_right_ankle,wheel,command_peak_velocity_error_percent,0.0,True,,False,raw observation/full12 ledgers vs immutable v010 contract
trial_025_20260902_clean_v010,P13,rear_right_ankle,wheel,measured_peak_velocity_error_percent,9.25687876078718,True,,False,raw observation/full12 ledgers vs immutable v010 contract
trial_025_20260902_clean_v010,P13,rear_right_ankle,wheel,command_wheel_integral_error_percent,7.673247686388065e-11,True,,False,raw observation/full12 ledgers vs immutable v010 contract
trial_025_20260902_clean_v010,P13,rear_right_ankle,wheel,actual_wheel_integral_error_percent,0.07340941746122491,True,,False,raw observation/full12 ledgers vs immutable v010 contract
trial_036_20260902_clean_v010,P01,rear_left_hip,servo,command_endpoint_error_percent,0.0,True,,False,raw observation/full12 ledgers vs immutable v010 contract
trial_036_20260902_clean_v010,P01,rear_left_hip,servo,actual_endpoint_error_percent,0.0002270674591143427,True,,False,raw observation/full12 ledgers vs immutable v010 contract
trial_036_20260902_clean_v010,P01,rear_left_hip,servo,command_delta_error_percent,0.0,True,,False,raw observation/full12 ledgers vs immutable v010 contract
trial_036_20260902_clean_v010,P01,rear_left_hip,servo,actual_delta_error_percent,0.16958809922057566,True,,False,raw observation/full12 ledgers vs immutable v010 contract
trial_036_20260902_clean_v010,P01,rear_left_hip,servo,duration_error_percent,1.82098892079225e-12,True,,False,raw observation/full12 ledgers vs immutable v010 contract
trial_036_20260902_clean_v010,P01,rear_left_hip,servo,command_average_velocity_error_percent,1.545430450278218e-12,True,,False,raw observation/full12 ledgers vs immutable v010 contract
trial_036_20260902_clean_v010,P01,rear_left_hip,servo,measured_average_velocity_error_percent,0.6710921163525798,True,,False,raw observation/full12 ledgers vs immutable v010 contract
trial_036_20260902_clean_v010,P01,rear_left_hip,servo,command_peak_velocity_error_percent,3.600083194517841e-13,True,,False,raw observation/full12 ledgers vs immutable v010 contract
trial_036_20260902_clean_v010,P01,rear_left_hip,servo,measured_peak_velocity_error_percent,0.05156032481585553,True,,False,raw observation/full12 ledgers vs immutable v010 contract
trial_036_20260902_clean_v010,P01,rear_left_hip,servo,trajectory_rmse_percent,0.16545416503777835,True,,False,raw observation/full12 ledgers vs immutable v010 contract
trial_036_20260902_clean_v010,P01,front_left_ankle,wheel,duration_error_percent,1.82098892079225e-12,True,,False,raw observation/full12 ledgers vs immutable v010 contract
trial_036_20260902_clean_v010,P01,front_left_ankle,wheel,command_average_velocity_error_percent,1.3286431901227178e-12,True,,False,raw observation/full12 ledgers vs immutable v010 contract
trial_036_20260902_clean_v010,P01,front_left_ankle,wheel,measured_average_velocity_error_percent,0.11486139789004236,True,,False,raw observation/full12 ledgers vs immutable v010 contract
trial_036_20260902_clean_v010,P01,front_left_ankle,wheel,command_peak_velocity_error_percent,0.0,True,,False,raw observation/full12 ledgers vs immutable v010 contract
trial_036_20260902_clean_v010,P01,front_left_ankle,wheel,measured_peak_velocity_error_percent,3.345216791165559,True,,False,raw observation/full12 ledgers vs immutable v010 contract
trial_036_20260902_clean_v010,P01,front_left_ankle,wheel,command_wheel_integral_error_percent,3.15898510099535e-12,True,,False,raw observation/full12 ledgers vs immutable v010 contract
trial_036_20260902_clean_v010,P01,front_left_ankle,wheel,actual_wheel_integral_error_percent,0.2200239756719921,True,,False,raw observation/full12 ledgers vs immutable v010 contract
trial_036_20260902_clean_v010,P01,front_right_ankle,wheel,duration_error_percent,1.82098892079225e-12,True,,False,raw observation/full12 ledgers vs immutable v010 contract
trial_036_20260902_clean_v010,P01,front_right_ankle,wheel,command_average_velocity_error_percent,1.3286431901227178e-12,True,,False,raw observation/full12 ledgers vs immutable v010 contract
trial_036_20260902_clean_v010,P01,front_right_ankle,wheel,measured_average_velocity_error_percent,0.004696512362258236,True,,False,raw observation/full12 ledgers vs immutable v010 contract
trial_036_20260902_clean_v010,P01,front_right_ankle,wheel,command_peak_velocity_error_percent,0.0,True,,False,raw observation/full12 ledgers vs immutable v010 contract
trial_036_20260902_clean_v010,P01,front_right_ankle,wheel,measured_peak_velocity_error_percent,0.03177411165863816,True,,False,raw observation/full12 ledgers vs immutable v010 contract
trial_036_20260902_clean_v010,P01,front_right_ankle,wheel,command_wheel_integral_error_percent,3.15898510099535e-12,True,,False,raw observation/full12 ledgers vs immutable v010 contract
trial_036_20260902_clean_v010,P01,front_right_ankle,wheel,actual_wheel_integral_error_percent,0.005813707597070396,True,,False,raw observation/full12 ledgers vs immutable v010 contract
trial_036_20260902_clean_v010,P01,rear_left_ankle,wheel,duration_error_percent,1.82098892079225e-12,True,,False,raw observation/full12 ledgers vs immutable v010 contract
trial_036_20260902_clean_v010,P01,rear_left_ankle,wheel,command_average_velocity_error_percent,1.3286431901227178e-12,True,,False,raw observation/full12 ledgers vs immutable v010 contract
trial_036_20260902_clean_v010,P01,rear_left_ankle,wheel,measured_average_velocity_error_percent,0.15766120725747623,True,,False,raw observation/full12 ledgers vs immutable v010 contract
trial_036_20260902_clean_v010,P01,rear_left_ankle,wheel,command_peak_velocity_error_percent,0.0,True,,False,raw observation/full12 ledgers vs immutable v010 contract
trial_036_20260902_clean_v010,P01,rear_left_ankle,wheel,measured_peak_velocity_error_percent,0.2452119378512511,True,,False,raw observation/full12 ledgers vs immutable v010 contract
trial_036_20260902_clean_v010,P01,rear_left_ankle,wheel,command_wheel_integral_error_percent,3.15898510099535e-12,True,,False,raw observation/full12 ledgers vs immutable v010 contract
trial_036_20260902_clean_v010,P01,rear_left_ankle,wheel,actual_wheel_integral_error_percent,0.21285298785039672,True,,False,raw observation/full12 ledgers vs immutable v010 contract
trial_036_20260902_clean_v010,P01,rear_right_ankle,wheel,duration_error_percent,1.82098892079225e-12,True,,False,raw observation/full12 ledgers vs immutable v010 contract
trial_036_20260902_clean_v010,P01,rear_right_ankle,wheel,command_average_velocity_error_percent,1.3286431901227178e-12,True,,False,raw observation/full12 ledgers vs immutable v010 contract
trial_036_20260902_clean_v010,P01,rear_right_ankle,wheel,measured_average_velocity_error_percent,0.22346308392880876,True,,False,raw observation/full12 ledgers vs immutable v010 contract
trial_036_20260902_clean_v010,P01,rear_right_ankle,wheel,command_peak_velocity_error_percent,0.0,True,,False,raw observation/full12 ledgers vs immutable v010 contract
trial_036_20260902_clean_v010,P01,rear_right_ankle,wheel,measured_peak_velocity_error_percent,6.373333749487578,True,,False,raw observation/full12 ledgers vs immutable v010 contract
trial_036_20260902_clean_v010,P01,rear_right_ankle,wheel,command_wheel_integral_error_percent,3.15898510099535e-12,True,,False,raw observation/full12 ledgers vs immutable v010 contract
trial_036_20260902_clean_v010,P01,rear_right_ankle,wheel,actual_wheel_integral_error_percent,0.36678645398598075,True,,False,raw observation/full12 ledgers vs immutable v010 contract
trial_036_20260902_clean_v010,P02,front_right_knee,servo,command_endpoint_error_percent,0.0,True,,False,raw observation/full12 ledgers vs immutable v010 contract
trial_036_20260902_clean_v010,P02,front_right_knee,servo,actual_endpoint_error_percent,0.6811960451639621,True,,False,raw observation/full12 ledgers vs immutable v010 contract
trial_036_20260902_clean_v010,P02,front_right_knee,servo,command_delta_error_percent,0.0,True,,False,raw observation/full12 ledgers vs immutable v010 contract
trial_036_20260902_clean_v010,P02,front_right_knee,servo,actual_delta_error_percent,0.6865636935718967,True,,False,raw observation/full12 ledgers vs immutable v010 contract
trial_036_20260902_clean_v010,P02,front_right_knee,servo,duration_error_percent,4.9484226240438175e-12,True,,False,raw observation/full12 ledgers vs immutable v010 contract
trial_036_20260902_clean_v010,P02,front_right_knee,servo,command_average_velocity_error_percent,4.9557388774434566e-12,True,,False,raw observation/full12 ledgers vs immutable v010 contract
trial_036_20260902_clean_v010,P02,front_right_knee,servo,measured_average_velocity_error_percent,0.005050394485141519,True,,False,raw observation/full12 ledgers vs immutable v010 contract
trial_036_20260902_clean_v010,P02,front_right_knee,servo,command_peak_velocity_error_percent,5.6843418860808015e-12,True,,False,raw observation/full12 ledgers vs immutable v010 contract
trial_036_20260902_clean_v010,P02,front_right_knee,servo,measured_peak_velocity_error_percent,0.010260693785264386,True,,False,raw observation/full12 ledgers vs immutable v010 contract
trial_036_20260902_clean_v010,P02,front_right_knee,servo,trajectory_rmse_percent,1.0581377477323264,True,,False,raw observation/full12 ledgers vs immutable v010 contract
trial_036_20260902_clean_v010,P03,front_left_knee,servo,command_endpoint_error_percent,0.0,True,,False,raw observation/full12 ledgers vs immutable v010 contract
trial_036_20260902_clean_v010,P03,front_left_knee,servo,actual_endpoint_error_percent,0.5597175980980782,True,,False,raw observation/full12 ledgers vs immutable v010 contract
trial_036_20260902_clean_v010,P03,front_left_knee,servo,command_delta_error_percent,0.0,True,,False,raw observation/full12 ledgers vs immutable v010 contract
trial_036_20260902_clean_v010,P03,front_left_knee,servo,actual_delta_error_percent,0.5126831228749407,True,,False,raw observation/full12 ledgers vs immutable v010 contract
trial_036_20260902_clean_v010,P03,front_left_knee,servo,duration_error_percent,5.625129991434446e-12,True,,False,raw observation/full12 ledgers vs immutable v010 contract
trial_036_20260902_clean_v010,P03,front_left_knee,servo,command_average_velocity_error_percent,5.622285751952963e-12,True,,False,raw observation/full12 ledgers vs immutable v010 contract
trial_036_20260902_clean_v010,P03,front_left_knee,servo,measured_average_velocity_error_percent,1.7705302896970998,True,,False,raw observation/full12 ledgers vs immutable v010 contract
trial_036_20260902_clean_v010,P03,front_left_knee,servo,command_peak_velocity_error_percent,5.6843418860808015e-12,True,,False,raw observation/full12 ledgers vs immutable v010 contract
trial_036_20260902_clean_v010,P03,front_left_knee,servo,measured_peak_velocity_error_percent,1.9149159292816853,True,,False,raw observation/full12 ledgers vs immutable v010 contract
trial_036_20260902_clean_v010,P03,front_left_knee,servo,trajectory_rmse_percent,0.8869900593000872,True,,False,raw observation/full12 ledgers vs immutable v010 contract
trial_036_20260902_clean_v010,P03,rear_left_hip,servo,command_endpoint_error_percent,0.0,True,,False,raw observation/full12 ledgers vs immutable v010 contract
trial_036_20260902_clean_v010,P03,rear_left_hip,servo,actual_endpoint_error_percent,3.0529756253534477,True,,False,raw observation/full12 ledgers vs immutable v010 contract
trial_036_20260902_clean_v010,P03,rear_left_hip,servo,command_delta_error_percent,0.0,True,,False,raw observation/full12 ledgers vs immutable v010 contract
trial_036_20260902_clean_v010,P03,rear_left_hip,servo,actual_delta_error_percent,3.035849180867438,True,,False,raw observation/full12 ledgers vs immutable v010 contract
trial_036_20260902_clean_v010,P03,rear_left_hip,servo,duration_error_percent,5.625129991434446e-12,True,,False,raw observation/full12 ledgers vs immutable v010 contract
trial_036_20260902_clean_v010,P03,rear_left_hip,servo,command_average_velocity_error_percent,5.6207111933258465e-12,True,,False,raw observation/full12 ledgers vs immutable v010 contract
trial_036_20260902_clean_v010,P03,rear_left_hip,servo,measured_average_velocity_error_percent,8.170260795485724,True,,False,raw observation/full12 ledgers vs immutable v010 contract
trial_036_20260902_clean_v010,P03,rear_left_hip,servo,command_peak_velocity_error_percent,5.6843418860808015e-12,True,,False,raw observation/full12 ledgers vs immutable v010 contract
trial_036_20260902_clean_v010,P03,rear_left_hip,servo,measured_peak_velocity_error_percent,6.612552133586482,True,,False,raw observation/full12 ledgers vs immutable v010 contract
trial_036_20260902_clean_v010,P03,rear_left_hip,servo,trajectory_rmse_percent,1.713774588381896,True,,False,raw observation/full12 ledgers vs immutable v010 contract
trial_036_20260902_clean_v010,P03,front_left_ankle,wheel,duration_error_percent,5.625129991434446e-12,True,,False,raw observation/full12 ledgers vs immutable v010 contract
trial_036_20260902_clean_v010,P03,front_left_ankle,wheel,command_average_velocity_error_percent,7.026728003956686e-14,True,,False,raw observation/full12 ledgers vs immutable v010 contract
trial_036_20260902_clean_v010,P03,front_left_ankle,wheel,measured_average_velocity_error_percent,0.6281527712938126,True,,False,raw observation/full12 ledgers vs immutable v010 contract
trial_036_20260902_clean_v010,P03,front_left_ankle,wheel,command_peak_velocity_error_percent,0.0,True,,False,raw observation/full12 ledgers vs immutable v010 contract
trial_036_20260902_clean_v010,P03,front_left_ankle,wheel,measured_peak_velocity_error_percent,14.445086161370671,True,,False,raw observation/full12 ledgers vs immutable v010 contract
trial_036_20260902_clean_v010,P03,front_left_ankle,wheel,command_wheel_integral_error_percent,5.562826336466027e-12,True,,False,raw observation/full12 ledgers vs immutable v010 contract
trial_036_20260902_clean_v010,P03,front_left_ankle,wheel,actual_wheel_integral_error_percent,0.6288863770472835,True,,False,raw observation/full12 ledgers vs immutable v010 contract
trial_036_20260902_clean_v010,P03,rear_left_ankle,wheel,duration_error_percent,5.625129991434446e-12,True,,False,raw observation/full12 ledgers vs immutable v010 contract
trial_036_20260902_clean_v010,P03,rear_left_ankle,wheel,command_average_velocity_error_percent,14.900000000000077,True,,False,raw observation/full12 ledgers vs immutable v010 contract
trial_036_20260902_clean_v010,P03,rear_left_ankle,wheel,measured_average_velocity_error_percent,18.244515044977753,True,,False,raw observation/full12 ledgers vs immutable v010 contract
trial_036_20260902_clean_v010,P03,rear_left_ankle,wheel,command_peak_velocity_error_percent,14.900000000000004,True,,False,raw observation/full12 ledgers vs immutable v010 contract
trial_036_20260902_clean_v010,P03,rear_left_ankle,wheel,measured_peak_velocity_error_percent,0.41158593354069145,True,,False,raw observation/full12 ledgers vs immutable v010 contract
trial_036_20260902_clean_v010,P03,rear_left_ankle,wheel,command_wheel_integral_error_percent,14.89999999999529,True,,False,raw observation/full12 ledgers vs immutable v010 contract
trial_036_20260902_clean_v010,P03,rear_left_ankle,wheel,actual_wheel_integral_error_percent,13.362475037047743,True,,False,raw observation/full12 ledgers vs immutable v010 contract
trial_036_20260902_clean_v010,P04,rear_left_hip,servo,command_endpoint_error_percent,0.0,True,,False,raw observation/full12 ledgers vs immutable v010 contract
trial_036_20260902_clean_v010,P04,rear_left_hip,servo,actual_endpoint_error_percent,0.17446783916468006,True,,False,raw observation/full12 ledgers vs immutable v010 contract
trial_036_20260902_clean_v010,P04,rear_left_hip,servo,command_delta_error_percent,0.0,True,,False,raw observation/full12 ledgers vs immutable v010 contract
trial_036_20260902_clean_v010,P04,rear_left_hip,servo,actual_delta_error_percent,5.759855032942618,True,,False,raw observation/full12 ledgers vs immutable v010 contract
trial_036_20260902_clean_v010,P04,rear_left_hip,servo,duration_error_percent,5.6991448597427944e-12,True,,False,raw observation/full12 ledgers vs immutable v010 contract
trial_036_20260902_clean_v010,P04,rear_left_hip,servo,command_average_velocity_error_percent,3.770317391627032e-12,True,,False,raw observation/full12 ledgers vs immutable v010 contract
trial_036_20260902_clean_v010,P04,rear_left_hip,servo,measured_average_velocity_error_percent,8.914628727601238,True,,False,raw observation/full12 ledgers vs immutable v010 contract
trial_036_20260902_clean_v010,P04,rear_left_hip,servo,command_peak_velocity_error_percent,5.6843418860808015e-12,True,,False,raw observation/full12 ledgers vs immutable v010 contract
trial_036_20260902_clean_v010,P04,rear_left_hip,servo,measured_peak_velocity_error_percent,10.119260929460237,True,,False,raw observation/full12 ledgers vs immutable v010 contract
trial_036_20260902_clean_v010,P04,rear_left_hip,servo,trajectory_rmse_percent,4.50735691578392,True,,False,raw observation/full12 ledgers vs immutable v010 contract
trial_036_20260902_clean_v010,P04,front_left_ankle,wheel,duration_error_percent,5.6991448597427944e-12,True,,False,raw observation/full12 ledgers vs immutable v010 contract
trial_036_20260902_clean_v010,P04,front_left_ankle,wheel,command_average_velocity_error_percent,2.422304781000341e-13,True,,False,raw observation/full12 ledgers vs immutable v010 contract
trial_036_20260902_clean_v010,P04,front_left_ankle,wheel,measured_average_velocity_error_percent,0.42958795965651825,True,,False,raw observation/full12 ledgers vs immutable v010 contract
trial_036_20260902_clean_v010,P04,front_left_ankle,wheel,command_peak_velocity_error_percent,0.0,True,,False,raw observation/full12 ledgers vs immutable v010 contract
trial_036_20260902_clean_v010,P04,front_left_ankle,wheel,measured_peak_velocity_error_percent,7.601253493407302,True,,False,raw observation/full12 ledgers vs immutable v010 contract
trial_036_20260902_clean_v010,P04,front_left_ankle,wheel,command_wheel_integral_error_percent,5.938011025647008e-12,True,,False,raw observation/full12 ledgers vs immutable v010 contract
trial_036_20260902_clean_v010,P04,front_left_ankle,wheel,actual_wheel_integral_error_percent,0.31857569301646965,True,,False,raw observation/full12 ledgers vs immutable v010 contract
trial_036_20260902_clean_v010,P04,front_right_ankle,wheel,duration_error_percent,5.6991448597427944e-12,True,,False,raw observation/full12 ledgers vs immutable v010 contract
trial_036_20260902_clean_v010,P04,front_right_ankle,wheel,command_average_velocity_error_percent,2.422304781000341e-13,True,,False,raw observation/full12 ledgers vs immutable v010 contract
trial_036_20260902_clean_v010,P04,front_right_ankle,wheel,measured_average_velocity_error_percent,0.08029849733048401,True,,False,raw observation/full12 ledgers vs immutable v010 contract
trial_036_20260902_clean_v010,P04,front_right_ankle,wheel,command_peak_velocity_error_percent,0.0,True,,False,raw observation/full12 ledgers vs immutable v010 contract
trial_036_20260902_clean_v010,P04,front_right_ankle,wheel,measured_peak_velocity_error_percent,24.26166407085502,True,,False,raw observation/full12 ledgers vs immutable v010 contract
trial_036_20260902_clean_v010,P04,front_right_ankle,wheel,command_wheel_integral_error_percent,5.938011025647008e-12,True,,False,raw observation/full12 ledgers vs immutable v010 contract
trial_036_20260902_clean_v010,P04,front_right_ankle,wheel,actual_wheel_integral_error_percent,0.30817927590017,True,,False,raw observation/full12 ledgers vs immutable v010 contract
trial_036_20260902_clean_v010,P04,rear_left_ankle,wheel,duration_error_percent,5.6991448597427944e-12,True,,False,raw observation/full12 ledgers vs immutable v010 contract
trial_036_20260902_clean_v010,P04,rear_left_ankle,wheel,command_average_velocity_error_percent,2.422304781000341e-13,True,,False,raw observation/full12 ledgers vs immutable v010 contract
trial_036_20260902_clean_v010,P04,rear_left_ankle,wheel,measured_average_velocity_error_percent,0.08193004122364549,True,,False,raw observation/full12 ledgers vs immutable v010 contract
trial_036_20260902_clean_v010,P04,rear_left_ankle,wheel,command_peak_velocity_error_percent,0.0,True,,False,raw observation/full12 ledgers vs immutable v010 contract
trial_036_20260902_clean_v010,P04,rear_left_ankle,wheel,measured_peak_velocity_error_percent,0.12192850597802711,True,,False,raw observation/full12 ledgers vs immutable v010 contract
trial_036_20260902_clean_v010,P04,rear_left_ankle,wheel,command_wheel_integral_error_percent,5.938011025647008e-12,True,,False,raw observation/full12 ledgers vs immutable v010 contract
trial_036_20260902_clean_v010,P04,rear_left_ankle,wheel,actual_wheel_integral_error_percent,0.11184002002057761,True,,False,raw observation/full12 ledgers vs immutable v010 contract
trial_036_20260902_clean_v010,P04,rear_right_ankle,wheel,duration_error_percent,5.6991448597427944e-12,True,,False,raw observation/full12 ledgers vs immutable v010 contract
trial_036_20260902_clean_v010,P04,rear_right_ankle,wheel,command_average_velocity_error_percent,2.422304781000341e-13,True,,False,raw observation/full12 ledgers vs immutable v010 contract
trial_036_20260902_clean_v010,P04,rear_right_ankle,wheel,measured_average_velocity_error_percent,0.0059499567672346805,True,,False,raw observation/full12 ledgers vs immutable v010 contract
trial_036_20260902_clean_v010,P04,rear_right_ankle,wheel,command_peak_velocity_error_percent,0.0,True,,False,raw observation/full12 ledgers vs immutable v010 contract
trial_036_20260902_clean_v010,P04,rear_right_ankle,wheel,measured_peak_velocity_error_percent,20.339170292899542,True,,False,raw observation/full12 ledgers vs immutable v010 contract
trial_036_20260902_clean_v010,P04,rear_right_ankle,wheel,command_wheel_integral_error_percent,5.938011025647008e-12,True,,False,raw observation/full12 ledgers vs immutable v010 contract
trial_036_20260902_clean_v010,P04,rear_right_ankle,wheel,actual_wheel_integral_error_percent,0.40466802524457035,True,,False,raw observation/full12 ledgers vs immutable v010 contract
trial_036_20260902_clean_v010,P05,front_left_hip,servo,command_endpoint_error_percent,0.0,True,,False,raw observation/full12 ledgers vs immutable v010 contract
trial_036_20260902_clean_v010,P05,front_left_hip,servo,actual_endpoint_error_percent,1.619428865119014,True,,False,raw observation/full12 ledgers vs immutable v010 contract
trial_036_20260902_clean_v010,P05,front_left_hip,servo,command_delta_error_percent,0.0,True,,False,raw observation/full12 ledgers vs immutable v010 contract
trial_036_20260902_clean_v010,P05,front_left_hip,servo,actual_delta_error_percent,1.9852821064015886,True,,False,raw observation/full12 ledgers vs immutable v010 contract
trial_036_20260902_clean_v010,P05,front_left_hip,servo,duration_error_percent,5.657574865213446e-12,True,,False,raw observation/full12 ledgers vs immutable v010 contract
trial_036_20260902_clean_v010,P05,front_left_hip,servo,command_average_velocity_error_percent,5.638002142443955e-12,True,,False,raw observation/full12 ledgers vs immutable v010 contract
trial_036_20260902_clean_v010,P05,front_left_hip,servo,measured_average_velocity_error_percent,0.28302111682023917,True,,False,raw observation/full12 ledgers vs immutable v010 contract
trial_036_20260902_clean_v010,P05,front_left_hip,servo,command_peak_velocity_error_percent,5.760133111228545e-12,True,,False,raw observation/full12 ledgers vs immutable v010 contract
trial_036_20260902_clean_v010,P05,front_left_hip,servo,measured_peak_velocity_error_percent,0.20614836713671758,True,,False,raw observation/full12 ledgers vs immutable v010 contract
trial_036_20260902_clean_v010,P05,front_left_hip,servo,trajectory_rmse_percent,0.47287801478256974,True,,False,raw observation/full12 ledgers vs immutable v010 contract
trial_036_20260902_clean_v010,P05,front_left_knee,servo,command_endpoint_error_percent,0.0,True,,False,raw observation/full12 ledgers vs immutable v010 contract
trial_036_20260902_clean_v010,P05,front_left_knee,servo,actual_endpoint_error_percent,0.14751411189024569,True,,False,raw observation/full12 ledgers vs immutable v010 contract
trial_036_20260902_clean_v010,P05,front_left_knee,servo,command_delta_error_percent,0.0,True,,False,raw observation/full12 ledgers vs immutable v010 contract
trial_036_20260902_clean_v010,P05,front_left_knee,servo,actual_delta_error_percent,0.24353219227501652,True,,False,raw observation/full12 ledgers vs immutable v010 contract
trial_036_20260902_clean_v010,P05,front_left_knee,servo,duration_error_percent,5.657574865213446e-12,True,,False,raw observation/full12 ledgers vs immutable v010 contract
trial_036_20260902_clean_v010,P05,front_left_knee,servo,command_average_velocity_error_percent,5.662316976481448e-12,True,,False,raw observation/full12 ledgers vs immutable v010 contract
trial_036_20260902_clean_v010,P05,front_left_knee,servo,measured_average_velocity_error_percent,0.015441627480206123,True,,False,raw observation/full12 ledgers vs immutable v010 contract
trial_036_20260902_clean_v010,P05,front_left_knee,servo,command_peak_velocity_error_percent,5.6843418860808015e-12,True,,False,raw observation/full12 ledgers vs immutable v010 contract
trial_036_20260902_clean_v010,P05,front_left_knee,servo,measured_peak_velocity_error_percent,0.38332689447869817,True,,False,raw observation/full12 ledgers vs immutable v010 contract
trial_036_20260902_clean_v010,P05,front_left_knee,servo,trajectory_rmse_percent,2.5549430096222583,True,,False,raw observation/full12 ledgers vs immutable v010 contract
trial_036_20260902_clean_v010,P05,front_left_ankle,wheel,duration_error_percent,5.657574865213446e-12,True,,False,raw observation/full12 ledgers vs immutable v010 contract
trial_036_20260902_clean_v010,P05,front_left_ankle,wheel,command_average_velocity_error_percent,1.3837169892279397e-12,True,,False,raw observation/full12 ledgers vs immutable v010 contract
trial_036_20260902_clean_v010,P05,front_left_ankle,wheel,measured_average_velocity_error_percent,0.019799506494464145,True,,False,raw observation/full12 ledgers vs immutable v010 contract
trial_036_20260902_clean_v010,P05,front_left_ankle,wheel,command_peak_velocity_error_percent,0.0,True,,False,raw observation/full12 ledgers vs immutable v010 contract
trial_036_20260902_clean_v010,P05,front_left_ankle,wheel,measured_peak_velocity_error_percent,0.06478357288896192,True,,False,raw observation/full12 ledgers vs immutable v010 contract
trial_036_20260902_clean_v010,P05,front_left_ankle,wheel,command_wheel_integral_error_percent,7.0223862858408205e-12,True,,False,raw observation/full12 ledgers vs immutable v010 contract
trial_036_20260902_clean_v010,P05,front_left_ankle,wheel,actual_wheel_integral_error_percent,0.04075843866450638,True,,False,raw observation/full12 ledgers vs immutable v010 contract
trial_036_20260902_clean_v010,P05,front_right_ankle,wheel,duration_error_percent,5.657574865213446e-12,True,,False,raw observation/full12 ledgers vs immutable v010 contract
trial_036_20260902_clean_v010,P05,front_right_ankle,wheel,command_average_velocity_error_percent,1.3837169892279397e-12,True,,False,raw observation/full12 ledgers vs immutable v010 contract
trial_036_20260902_clean_v010,P05,front_right_ankle,wheel,measured_average_velocity_error_percent,2.850397329490911,True,,False,raw observation/full12 ledgers vs immutable v010 contract
trial_036_20260902_clean_v010,P05,front_right_ankle,wheel,command_peak_velocity_error_percent,0.0,True,,False,raw observation/full12 ledgers vs immutable v010 contract
trial_036_20260902_clean_v010,P05,front_right_ankle,wheel,measured_peak_velocity_error_percent,3.6801707044179963,True,,False,raw observation/full12 ledgers vs immutable v010 contract
trial_036_20260902_clean_v010,P05,front_right_ankle,wheel,command_wheel_integral_error_percent,7.0223862858408205e-12,True,,False,raw observation/full12 ledgers vs immutable v010 contract
trial_036_20260902_clean_v010,P05,front_right_ankle,wheel,actual_wheel_integral_error_percent,1.2232440168883671,True,,False,raw observation/full12 ledgers vs immutable v010 contract
trial_036_20260902_clean_v010,P05,rear_left_ankle,wheel,duration_error_percent,5.657574865213446e-12,True,,False,raw observation/full12 ledgers vs immutable v010 contract
trial_036_20260902_clean_v010,P05,rear_left_ankle,wheel,command_average_velocity_error_percent,1.3837169892279397e-12,True,,False,raw observation/full12 ledgers vs immutable v010 contract
trial_036_20260902_clean_v010,P05,rear_left_ankle,wheel,measured_average_velocity_error_percent,1.8358516963183216,True,,False,raw observation/full12 ledgers vs immutable v010 contract
trial_036_20260902_clean_v010,P05,rear_left_ankle,wheel,command_peak_velocity_error_percent,0.0,True,,False,raw observation/full12 ledgers vs immutable v010 contract
trial_036_20260902_clean_v010,P05,rear_left_ankle,wheel,measured_peak_velocity_error_percent,3.524476864612725,True,,False,raw observation/full12 ledgers vs immutable v010 contract
trial_036_20260902_clean_v010,P05,rear_left_ankle,wheel,command_wheel_integral_error_percent,7.0223862858408205e-12,True,,False,raw observation/full12 ledgers vs immutable v010 contract
trial_036_20260902_clean_v010,P05,rear_left_ankle,wheel,actual_wheel_integral_error_percent,2.358409983443402,True,,False,raw observation/full12 ledgers vs immutable v010 contract
trial_036_20260902_clean_v010,P05,rear_right_ankle,wheel,duration_error_percent,5.657574865213446e-12,True,,False,raw observation/full12 ledgers vs immutable v010 contract
trial_036_20260902_clean_v010,P05,rear_right_ankle,wheel,command_average_velocity_error_percent,1.3837169892279397e-12,True,,False,raw observation/full12 ledgers vs immutable v010 contract
trial_036_20260902_clean_v010,P05,rear_right_ankle,wheel,measured_average_velocity_error_percent,1.2256433114788465,True,,False,raw observation/full12 ledgers vs immutable v010 contract
trial_036_20260902_clean_v010,P05,rear_right_ankle,wheel,command_peak_velocity_error_percent,0.0,True,,False,raw observation/full12 ledgers vs immutable v010 contract
trial_036_20260902_clean_v010,P05,rear_right_ankle,wheel,measured_peak_velocity_error_percent,0.4765971582383816,True,,False,raw observation/full12 ledgers vs immutable v010 contract
trial_036_20260902_clean_v010,P05,rear_right_ankle,wheel,command_wheel_integral_error_percent,7.0223862858408205e-12,True,,False,raw observation/full12 ledgers vs immutable v010 contract
trial_036_20260902_clean_v010,P05,rear_right_ankle,wheel,actual_wheel_integral_error_percent,2.6666462879369917,True,,False,raw observation/full12 ledgers vs immutable v010 contract
trial_036_20260902_clean_v010,P06,front_left_ankle,wheel,duration_error_percent,5.690835096460134e-12,True,,False,raw observation/full12 ledgers vs immutable v010 contract
trial_036_20260902_clean_v010,P06,front_left_ankle,wheel,command_average_velocity_error_percent,4.773959005888173e-12,True,,False,raw observation/full12 ledgers vs immutable v010 contract
trial_036_20260902_clean_v010,P06,front_left_ankle,wheel,measured_average_velocity_error_percent,0.07029984006987666,True,,False,raw observation/full12 ledgers vs immutable v010 contract
trial_036_20260902_clean_v010,P06,front_left_ankle,wheel,command_peak_velocity_error_percent,0.0,True,,False,raw observation/full12 ledgers vs immutable v010 contract
trial_036_20260902_clean_v010,P06,front_left_ankle,wheel,measured_peak_velocity_error_percent,2.688391903115966,True,,False,raw observation/full12 ledgers vs immutable v010 contract
trial_036_20260902_clean_v010,P06,front_left_ankle,wheel,command_wheel_integral_error_percent,9.160064641816435e-13,True,,False,raw observation/full12 ledgers vs immutable v010 contract
trial_036_20260902_clean_v010,P06,front_left_ankle,wheel,actual_wheel_integral_error_percent,0.07803576623568119,True,,False,raw observation/full12 ledgers vs immutable v010 contract
trial_036_20260902_clean_v010,P06,front_right_ankle,wheel,duration_error_percent,5.690835096460134e-12,True,,False,raw observation/full12 ledgers vs immutable v010 contract
trial_036_20260902_clean_v010,P06,front_right_ankle,wheel,command_average_velocity_error_percent,4.773959005888173e-12,True,,False,raw observation/full12 ledgers vs immutable v010 contract
trial_036_20260902_clean_v010,P06,front_right_ankle,wheel,measured_average_velocity_error_percent,0.10963570179198144,True,,False,raw observation/full12 ledgers vs immutable v010 contract
trial_036_20260902_clean_v010,P06,front_right_ankle,wheel,command_peak_velocity_error_percent,0.0,True,,False,raw observation/full12 ledgers vs immutable v010 contract
trial_036_20260902_clean_v010,P06,front_right_ankle,wheel,measured_peak_velocity_error_percent,6.927080012968492,True,,False,raw observation/full12 ledgers vs immutable v010 contract
trial_036_20260902_clean_v010,P06,front_right_ankle,wheel,command_wheel_integral_error_percent,9.160064641816435e-13,True,,False,raw observation/full12 ledgers vs immutable v010 contract
trial_036_20260902_clean_v010,P06,front_right_ankle,wheel,actual_wheel_integral_error_percent,0.10658622773230186,True,,False,raw observation/full12 ledgers vs immutable v010 contract
trial_036_20260902_clean_v010,P06,rear_left_ankle,wheel,duration_error_percent,5.690835096460134e-12,True,,False,raw observation/full12 ledgers vs immutable v010 contract
trial_036_20260902_clean_v010,P06,rear_left_ankle,wheel,command_average_velocity_error_percent,4.773959005888173e-12,True,,False,raw observation/full12 ledgers vs immutable v010 contract
trial_036_20260902_clean_v010,P06,rear_left_ankle,wheel,measured_average_velocity_error_percent,0.19888125325727746,True,,False,raw observation/full12 ledgers vs immutable v010 contract
trial_036_20260902_clean_v010,P06,rear_left_ankle,wheel,command_peak_velocity_error_percent,0.0,True,,False,raw observation/full12 ledgers vs immutable v010 contract
trial_036_20260902_clean_v010,P06,rear_left_ankle,wheel,measured_peak_velocity_error_percent,2.340910454534315,True,,False,raw observation/full12 ledgers vs immutable v010 contract
trial_036_20260902_clean_v010,P06,rear_left_ankle,wheel,command_wheel_integral_error_percent,9.160064641816435e-13,True,,False,raw observation/full12 ledgers vs immutable v010 contract
trial_036_20260902_clean_v010,P06,rear_left_ankle,wheel,actual_wheel_integral_error_percent,0.19439954973571766,True,,False,raw observation/full12 ledgers vs immutable v010 contract
trial_036_20260902_clean_v010,P06,rear_right_ankle,wheel,duration_error_percent,5.690835096460134e-12,True,,False,raw observation/full12 ledgers vs immutable v010 contract
trial_036_20260902_clean_v010,P06,rear_right_ankle,wheel,command_average_velocity_error_percent,4.773959005888173e-12,True,,False,raw observation/full12 ledgers vs immutable v010 contract
trial_036_20260902_clean_v010,P06,rear_right_ankle,wheel,measured_average_velocity_error_percent,0.15228273136061538,True,,False,raw observation/full12 ledgers vs immutable v010 contract
trial_036_20260902_clean_v010,P06,rear_right_ankle,wheel,command_peak_velocity_error_percent,0.0,True,,False,raw observation/full12 ledgers vs immutable v010 contract
trial_036_20260902_clean_v010,P06,rear_right_ankle,wheel,measured_peak_velocity_error_percent,0.9654514033631753,True,,False,raw observation/full12 ledgers vs immutable v010 contract
trial_036_20260902_clean_v010,P06,rear_right_ankle,wheel,command_wheel_integral_error_percent,9.160064641816435e-13,True,,False,raw observation/full12 ledgers vs immutable v010 contract
trial_036_20260902_clean_v010,P06,rear_right_ankle,wheel,actual_wheel_integral_error_percent,0.15042107965146173,True,,False,raw observation/full12 ledgers vs immutable v010 contract
trial_036_20260902_clean_v010,P07,front_left_hip,servo,command_endpoint_error_percent,0.0,True,,False,raw observation/full12 ledgers vs immutable v010 contract
trial_036_20260902_clean_v010,P07,front_left_hip,servo,actual_endpoint_error_percent,1.4913588365586685,True,,False,raw observation/full12 ledgers vs immutable v010 contract
trial_036_20260902_clean_v010,P07,front_left_hip,servo,command_delta_error_percent,0.0,True,,False,raw observation/full12 ledgers vs immutable v010 contract
trial_036_20260902_clean_v010,P07,front_left_hip,servo,actual_delta_error_percent,1.4782280140245563,True,,False,raw observation/full12 ledgers vs immutable v010 contract
trial_036_20260902_clean_v010,P07,front_left_hip,servo,duration_error_percent,5.5422333389290965e-12,True,,False,raw observation/full12 ledgers vs immutable v010 contract
trial_036_20260902_clean_v010,P07,front_left_hip,servo,command_average_velocity_error_percent,5.569118739741008e-12,True,,False,raw observation/full12 ledgers vs immutable v010 contract
trial_036_20260902_clean_v010,P07,front_left_hip,servo,measured_average_velocity_error_percent,0.3827407195603606,True,,False,raw observation/full12 ledgers vs immutable v010 contract
trial_036_20260902_clean_v010,P07,front_left_hip,servo,command_peak_velocity_error_percent,5.6843418860808015e-12,True,,False,raw observation/full12 ledgers vs immutable v010 contract
trial_036_20260902_clean_v010,P07,front_left_hip,servo,measured_peak_velocity_error_percent,0.20537805797770933,True,,False,raw observation/full12 ledgers vs immutable v010 contract
trial_036_20260902_clean_v010,P07,front_left_hip,servo,trajectory_rmse_percent,0.5781083338864565,True,,False,raw observation/full12 ledgers vs immutable v010 contract
trial_036_20260902_clean_v010,P07,front_right_knee,servo,command_endpoint_error_percent,0.0,True,,False,raw observation/full12 ledgers vs immutable v010 contract
trial_036_20260902_clean_v010,P07,front_right_knee,servo,actual_endpoint_error_percent,8.728727934678767,True,,False,raw observation/full12 ledgers vs immutable v010 contract
trial_036_20260902_clean_v010,P07,front_right_knee,servo,command_delta_error_percent,0.0,True,,False,raw observation/full12 ledgers vs immutable v010 contract
trial_036_20260902_clean_v010,P07,front_right_knee,servo,actual_delta_error_percent,11.897289610589139,True,,False,raw observation/full12 ledgers vs immutable v010 contract
trial_036_20260902_clean_v010,P07,front_right_knee,servo,duration_error_percent,5.5422333389290965e-12,True,,False,raw observation/full12 ledgers vs immutable v010 contract
trial_036_20260902_clean_v010,P07,front_right_knee,servo,command_average_velocity_error_percent,5.541113113894611e-12,True,,False,raw observation/full12 ledgers vs immutable v010 contract
trial_036_20260902_clean_v010,P07,front_right_knee,servo,measured_average_velocity_error_percent,6.17483485378248,True,,False,raw observation/full12 ledgers vs immutable v010 contract
trial_036_20260902_clean_v010,P07,front_right_knee,servo,command_peak_velocity_error_percent,5.6843418860808015e-12,True,,False,raw observation/full12 ledgers vs immutable v010 contract
trial_036_20260902_clean_v010,P07,front_right_knee,servo,measured_peak_velocity_error_percent,9.53917239247474,True,,False,raw observation/full12 ledgers vs immutable v010 contract
trial_036_20260902_clean_v010,P07,front_right_knee,servo,trajectory_rmse_percent,5.246093993053056,True,,False,raw observation/full12 ledgers vs immutable v010 contract
trial_036_20260902_clean_v010,P07,front_right_ankle,wheel,duration_error_percent,5.5422333389290965e-12,True,,False,raw observation/full12 ledgers vs immutable v010 contract
trial_036_20260902_clean_v010,P07,front_right_ankle,wheel,command_average_velocity_error_percent,3.3776626410553707e-13,True,,False,raw observation/full12 ledgers vs immutable v010 contract
trial_036_20260902_clean_v010,P07,front_right_ankle,wheel,measured_average_velocity_error_percent,0.4480424461485085,True,,False,raw observation/full12 ledgers vs immutable v010 contract
trial_036_20260902_clean_v010,P07,front_right_ankle,wheel,command_peak_velocity_error_percent,0.0,True,,False,raw observation/full12 ledgers vs immutable v010 contract
trial_036_20260902_clean_v010,P07,front_right_ankle,wheel,measured_peak_velocity_error_percent,13.934239198466742,True,,False,raw observation/full12 ledgers vs immutable v010 contract
trial_036_20260902_clean_v010,P07,front_right_ankle,wheel,command_wheel_integral_error_percent,5.868321701590447e-12,True,,False,raw observation/full12 ledgers vs immutable v010 contract
trial_036_20260902_clean_v010,P07,front_right_ankle,wheel,actual_wheel_integral_error_percent,1.1208595526636802,True,,False,raw observation/full12 ledgers vs immutable v010 contract
trial_036_20260902_clean_v010,P08,rear_left_hip,servo,command_endpoint_error_percent,1.4620220900413587e-14,True,,False,raw observation/full12 ledgers vs immutable v010 contract
trial_036_20260902_clean_v010,P08,rear_left_hip,servo,actual_endpoint_error_percent,1.5902676039769381,True,,False,raw observation/full12 ledgers vs immutable v010 contract
trial_036_20260902_clean_v010,P08,rear_left_hip,servo,command_delta_error_percent,0.0,True,,False,raw observation/full12 ledgers vs immutable v010 contract
trial_036_20260902_clean_v010,P08,rear_left_hip,servo,actual_delta_error_percent,6.453205943531124,True,,False,raw observation/full12 ledgers vs immutable v010 contract
trial_036_20260902_clean_v010,P08,rear_left_hip,servo,duration_error_percent,5.329070518201054e-12,True,,False,raw observation/full12 ledgers vs immutable v010 contract
trial_036_20260902_clean_v010,P08,rear_left_hip,servo,command_average_velocity_error_percent,5.345152761190903e-12,True,,False,raw observation/full12 ledgers vs immutable v010 contract
trial_036_20260902_clean_v010,P08,rear_left_hip,servo,measured_average_velocity_error_percent,8.214915130641607,True,,False,raw observation/full12 ledgers vs immutable v010 contract
trial_036_20260902_clean_v010,P08,rear_left_hip,servo,command_peak_velocity_error_percent,5.6843418860808015e-12,True,,False,raw observation/full12 ledgers vs immutable v010 contract
trial_036_20260902_clean_v010,P08,rear_left_hip,servo,measured_peak_velocity_error_percent,9.7478935167321,True,,False,raw observation/full12 ledgers vs immutable v010 contract
trial_036_20260902_clean_v010,P08,rear_left_hip,servo,trajectory_rmse_percent,2.9583833055237543,True,,False,raw observation/full12 ledgers vs immutable v010 contract
trial_036_20260902_clean_v010,P09,front_left_hip,servo,command_endpoint_error_percent,0.0,True,,False,raw observation/full12 ledgers vs immutable v010 contract
trial_036_20260902_clean_v010,P09,front_left_hip,servo,actual_endpoint_error_percent,0.44404303821702307,True,,False,raw observation/full12 ledgers vs immutable v010 contract
trial_036_20260902_clean_v010,P09,front_left_hip,servo,command_delta_error_percent,0.0,True,,False,raw observation/full12 ledgers vs immutable v010 contract
trial_036_20260902_clean_v010,P09,front_left_hip,servo,actual_delta_error_percent,0.44330140646825666,True,,False,raw observation/full12 ledgers vs immutable v010 contract
trial_036_20260902_clean_v010,P09,front_left_hip,servo,duration_error_percent,3.1777050127038847e-11,True,,False,raw observation/full12 ledgers vs immutable v010 contract
trial_036_20260902_clean_v010,P09,front_left_hip,servo,command_average_velocity_error_percent,3.178403249875698e-11,True,,False,raw observation/full12 ledgers vs immutable v010 contract
trial_036_20260902_clean_v010,P09,front_left_hip,servo,measured_average_velocity_error_percent,2.2211856931661544,True,,False,raw observation/full12 ledgers vs immutable v010 contract
trial_036_20260902_clean_v010,P09,front_left_hip,servo,command_peak_velocity_error_percent,9.094947017729282e-11,True,,False,raw observation/full12 ledgers vs immutable v010 contract
trial_036_20260902_clean_v010,P09,front_left_hip,servo,measured_peak_velocity_error_percent,4.434272678449841,True,,False,raw observation/full12 ledgers vs immutable v010 contract
trial_036_20260902_clean_v010,P09,front_left_hip,servo,trajectory_rmse_percent,0.6472317563376658,True,,False,raw observation/full12 ledgers vs immutable v010 contract
trial_036_20260902_clean_v010,P09,front_left_knee,servo,command_endpoint_error_percent,0.0,True,,False,raw observation/full12 ledgers vs immutable v010 contract
trial_036_20260902_clean_v010,P09,front_left_knee,servo,actual_endpoint_error_percent,6.40903211669068,True,,False,raw observation/full12 ledgers vs immutable v010 contract
trial_036_20260902_clean_v010,P09,front_left_knee,servo,command_delta_error_percent,0.0,True,,False,raw observation/full12 ledgers vs immutable v010 contract
trial_036_20260902_clean_v010,P09,front_left_knee,servo,actual_delta_error_percent,6.4368841103061945,True,,False,raw observation/full12 ledgers vs immutable v010 contract
trial_036_20260902_clean_v010,P09,front_left_knee,servo,duration_error_percent,3.1777050127038847e-11,True,,False,raw observation/full12 ledgers vs immutable v010 contract
trial_036_20260902_clean_v010,P09,front_left_knee,servo,command_average_velocity_error_percent,2.383426789265286e-11,True,,False,raw observation/full12 ledgers vs immutable v010 contract
trial_036_20260902_clean_v010,P09,front_left_knee,servo,measured_average_velocity_error_percent,3.186921304011658,True,,False,raw observation/full12 ledgers vs immutable v010 contract
trial_036_20260902_clean_v010,P09,front_left_knee,servo,command_peak_velocity_error_percent,9.094947017729282e-11,True,,False,raw observation/full12 ledgers vs immutable v010 contract
trial_036_20260902_clean_v010,P09,front_left_knee,servo,measured_peak_velocity_error_percent,0.6504231277491087,True,,False,raw observation/full12 ledgers vs immutable v010 contract
trial_036_20260902_clean_v010,P09,front_left_knee,servo,trajectory_rmse_percent,4.861838572052814,True,,False,raw observation/full12 ledgers vs immutable v010 contract
trial_036_20260902_clean_v010,P09,rear_left_hip,servo,command_endpoint_error_percent,0.0,True,,False,raw observation/full12 ledgers vs immutable v010 contract
trial_036_20260902_clean_v010,P09,rear_left_hip,servo,actual_endpoint_error_percent,1.0278029756894327,True,,False,raw observation/full12 ledgers vs immutable v010 contract
trial_036_20260902_clean_v010,P09,rear_left_hip,servo,command_delta_error_percent,2.24855296126614e-14,True,,False,raw observation/full12 ledgers vs immutable v010 contract
trial_036_20260902_clean_v010,P09,rear_left_hip,servo,actual_delta_error_percent,0.7888111983070414,True,,False,raw observation/full12 ledgers vs immutable v010 contract
trial_036_20260902_clean_v010,P09,rear_left_hip,servo,duration_error_percent,3.1777050127038847e-11,True,,False,raw observation/full12 ledgers vs immutable v010 contract
trial_036_20260902_clean_v010,P09,rear_left_hip,servo,command_average_velocity_error_percent,2.092992446023345e-11,True,,False,raw observation/full12 ledgers vs immutable v010 contract
trial_036_20260902_clean_v010,P09,rear_left_hip,servo,measured_average_velocity_error_percent,1.8806905883760252,True,,False,raw observation/full12 ledgers vs immutable v010 contract
trial_036_20260902_clean_v010,P09,rear_left_hip,servo,command_peak_velocity_error_percent,9.094947017729282e-11,True,,False,raw observation/full12 ledgers vs immutable v010 contract
trial_036_20260902_clean_v010,P09,rear_left_hip,servo,measured_peak_velocity_error_percent,1.3420542353998772,True,,False,raw observation/full12 ledgers vs immutable v010 contract
trial_036_20260902_clean_v010,P09,rear_left_hip,servo,trajectory_rmse_percent,0.27463643514663927,True,,False,raw observation/full12 ledgers vs immutable v010 contract
trial_036_20260902_clean_v010,P09,rear_left_knee,servo,command_endpoint_error_percent,0.0,True,,False,raw observation/full12 ledgers vs immutable v010 contract
trial_036_20260902_clean_v010,P09,rear_left_knee,servo,actual_endpoint_error_percent,0.5493901386776503,True,,False,raw observation/full12 ledgers vs immutable v010 contract
trial_036_20260902_clean_v010,P09,rear_left_knee,servo,command_delta_error_percent,0.0,True,,False,raw observation/full12 ledgers vs immutable v010 contract
trial_036_20260902_clean_v010,P09,rear_left_knee,servo,actual_delta_error_percent,6.872422084628219,True,,False,raw observation/full12 ledgers vs immutable v010 contract
trial_036_20260902_clean_v010,P09,rear_left_knee,servo,duration_error_percent,3.1777050127038847e-11,True,,False,raw observation/full12 ledgers vs immutable v010 contract
trial_036_20260902_clean_v010,P09,rear_left_knee,servo,command_average_velocity_error_percent,2.5686119897727622e-11,True,,False,raw observation/full12 ledgers vs immutable v010 contract
trial_036_20260902_clean_v010,P09,rear_left_knee,servo,measured_average_velocity_error_percent,11.639848825861877,True,,False,raw observation/full12 ledgers vs immutable v010 contract
trial_036_20260902_clean_v010,P09,rear_left_knee,servo,command_peak_velocity_error_percent,9.094947017729282e-11,True,,False,raw observation/full12 ledgers vs immutable v010 contract
trial_036_20260902_clean_v010,P09,rear_left_knee,servo,measured_peak_velocity_error_percent,5.085363625098651,True,,False,raw observation/full12 ledgers vs immutable v010 contract
trial_036_20260902_clean_v010,P09,rear_left_knee,servo,trajectory_rmse_percent,4.142986662888791,True,,False,raw observation/full12 ledgers vs immutable v010 contract
trial_036_20260902_clean_v010,P09,rear_right_hip,servo,command_endpoint_error_percent,0.0,True,,False,raw observation/full12 ledgers vs immutable v010 contract
trial_036_20260902_clean_v010,P09,rear_right_hip,servo,actual_endpoint_error_percent,5.396016486979986,True,,False,raw observation/full12 ledgers vs immutable v010 contract
trial_036_20260902_clean_v010,P09,rear_right_hip,servo,command_delta_error_percent,0.0,True,,False,raw observation/full12 ledgers vs immutable v010 contract
trial_036_20260902_clean_v010,P09,rear_right_hip,servo,actual_delta_error_percent,4.749382711538945,True,,False,raw observation/full12 ledgers vs immutable v010 contract
trial_036_20260902_clean_v010,P09,rear_right_hip,servo,duration_error_percent,3.1777050127038847e-11,True,,False,raw observation/full12 ledgers vs immutable v010 contract
trial_036_20260902_clean_v010,P09,rear_right_hip,servo,command_average_velocity_error_percent,3.179573454653826e-11,True,,False,raw observation/full12 ledgers vs immutable v010 contract
trial_036_20260902_clean_v010,P09,rear_right_hip,servo,measured_average_velocity_error_percent,0.12482800873749562,True,,False,raw observation/full12 ledgers vs immutable v010 contract
trial_036_20260902_clean_v010,P09,rear_right_hip,servo,command_peak_velocity_error_percent,9.094947017729282e-11,True,,False,raw observation/full12 ledgers vs immutable v010 contract
trial_036_20260902_clean_v010,P09,rear_right_hip,servo,measured_peak_velocity_error_percent,0.5009831612918643,True,,False,raw observation/full12 ledgers vs immutable v010 contract
trial_036_20260902_clean_v010,P09,rear_right_hip,servo,trajectory_rmse_percent,1.2341189346188624,True,,False,raw observation/full12 ledgers vs immutable v010 contract
trial_036_20260902_clean_v010,P09,rear_right_knee,servo,command_endpoint_error_percent,0.0,True,,False,raw observation/full12 ledgers vs immutable v010 contract
trial_036_20260902_clean_v010,P09,rear_right_knee,servo,actual_endpoint_error_percent,4.5818914642916235,True,,False,raw observation/full12 ledgers vs immutable v010 contract
trial_036_20260902_clean_v010,P09,rear_right_knee,servo,command_delta_error_percent,0.0,True,,False,raw observation/full12 ledgers vs immutable v010 contract
trial_036_20260902_clean_v010,P09,rear_right_knee,servo,actual_delta_error_percent,4.56407973864635,True,,False,raw observation/full12 ledgers vs immutable v010 contract
trial_036_20260902_clean_v010,P09,rear_right_knee,servo,duration_error_percent,3.1777050127038847e-11,True,,False,raw observation/full12 ledgers vs immutable v010 contract
trial_036_20260902_clean_v010,P09,rear_right_knee,servo,command_average_velocity_error_percent,3.177141089899741e-11,True,,False,raw observation/full12 ledgers vs immutable v010 contract
trial_036_20260902_clean_v010,P09,rear_right_knee,servo,measured_average_velocity_error_percent,1.717042449491193,True,,False,raw observation/full12 ledgers vs immutable v010 contract
trial_036_20260902_clean_v010,P09,rear_right_knee,servo,command_peak_velocity_error_percent,9.094947017729282e-11,True,,False,raw observation/full12 ledgers vs immutable v010 contract
trial_036_20260902_clean_v010,P09,rear_right_knee,servo,measured_peak_velocity_error_percent,0.5830833299608836,True,,False,raw observation/full12 ledgers vs immutable v010 contract
trial_036_20260902_clean_v010,P09,rear_right_knee,servo,trajectory_rmse_percent,3.2624658065657446,True,,False,raw observation/full12 ledgers vs immutable v010 contract
trial_036_20260902_clean_v010,P09,front_left_ankle,wheel,duration_error_percent,3.1777050127038847e-11,True,,False,raw observation/full12 ledgers vs immutable v010 contract
trial_036_20260902_clean_v010,P09,front_left_ankle,wheel,command_average_velocity_error_percent,0.6704005431391902,True,,False,raw observation/full12 ledgers vs immutable v010 contract
trial_036_20260902_clean_v010,P09,front_left_ankle,wheel,measured_average_velocity_error_percent,1.0603519684788456,True,,False,raw observation/full12 ledgers vs immutable v010 contract
trial_036_20260902_clean_v010,P09,front_left_ankle,wheel,command_peak_velocity_error_percent,0.0,True,,False,raw observation/full12 ledgers vs immutable v010 contract
trial_036_20260902_clean_v010,P09,front_left_ankle,wheel,measured_peak_velocity_error_percent,26.288520414987204,True,,False,raw observation/full12 ledgers vs immutable v010 contract
trial_036_20260902_clean_v010,P09,front_left_ankle,wheel,command_wheel_integral_error_percent,2.179911699915024,True,,False,raw observation/full12 ledgers vs immutable v010 contract
trial_036_20260902_clean_v010,P09,front_left_ankle,wheel,actual_wheel_integral_error_percent,2.9837894751057505,True,,False,raw observation/full12 ledgers vs immutable v010 contract
trial_036_20260902_clean_v010,P09,front_right_ankle,wheel,duration_error_percent,3.1777050127038847e-11,True,,False,raw observation/full12 ledgers vs immutable v010 contract
trial_036_20260902_clean_v010,P09,front_right_ankle,wheel,command_average_velocity_error_percent,3.780309398848657e-12,True,,False,raw observation/full12 ledgers vs immutable v010 contract
trial_036_20260902_clean_v010,P09,front_right_ankle,wheel,measured_average_velocity_error_percent,0.4493020467773417,True,,False,raw observation/full12 ledgers vs immutable v010 contract
trial_036_20260902_clean_v010,P09,front_right_ankle,wheel,command_peak_velocity_error_percent,0.0,True,,False,raw observation/full12 ledgers vs immutable v010 contract
trial_036_20260902_clean_v010,P09,front_right_ankle,wheel,measured_peak_velocity_error_percent,8.556250532473802,True,,False,raw observation/full12 ledgers vs immutable v010 contract
trial_036_20260902_clean_v010,P09,front_right_ankle,wheel,command_wheel_integral_error_percent,2.732019403733724e-11,True,,False,raw observation/full12 ledgers vs immutable v010 contract
trial_036_20260902_clean_v010,P09,front_right_ankle,wheel,actual_wheel_integral_error_percent,5.7453198368201415,True,,False,raw observation/full12 ledgers vs immutable v010 contract
trial_036_20260902_clean_v010,P09,rear_left_ankle,wheel,duration_error_percent,3.1777050127038847e-11,True,,False,raw observation/full12 ledgers vs immutable v010 contract
trial_036_20260902_clean_v010,P09,rear_left_ankle,wheel,command_average_velocity_error_percent,3.780309398848657e-12,True,,False,raw observation/full12 ledgers vs immutable v010 contract
trial_036_20260902_clean_v010,P09,rear_left_ankle,wheel,measured_average_velocity_error_percent,3.5004104860169916,True,,False,raw observation/full12 ledgers vs immutable v010 contract
trial_036_20260902_clean_v010,P09,rear_left_ankle,wheel,command_peak_velocity_error_percent,0.0,True,,False,raw observation/full12 ledgers vs immutable v010 contract
trial_036_20260902_clean_v010,P09,rear_left_ankle,wheel,measured_peak_velocity_error_percent,36.458636795326846,False,REFERENCE_DIVERGENCE_WARNING,False,raw observation/full12 ledgers vs immutable v010 contract
trial_036_20260902_clean_v010,P09,rear_left_ankle,wheel,command_wheel_integral_error_percent,2.732019403733724e-11,True,,False,raw observation/full12 ledgers vs immutable v010 contract
trial_036_20260902_clean_v010,P09,rear_left_ankle,wheel,actual_wheel_integral_error_percent,3.0595729485190346,True,,False,raw observation/full12 ledgers vs immutable v010 contract
trial_036_20260902_clean_v010,P09,rear_right_ankle,wheel,duration_error_percent,3.1777050127038847e-11,True,,False,raw observation/full12 ledgers vs immutable v010 contract
trial_036_20260902_clean_v010,P09,rear_right_ankle,wheel,command_average_velocity_error_percent,3.780309398848657e-12,True,,False,raw observation/full12 ledgers vs immutable v010 contract
trial_036_20260902_clean_v010,P09,rear_right_ankle,wheel,measured_average_velocity_error_percent,1.2394953381780587,True,,False,raw observation/full12 ledgers vs immutable v010 contract
trial_036_20260902_clean_v010,P09,rear_right_ankle,wheel,command_peak_velocity_error_percent,0.0,True,,False,raw observation/full12 ledgers vs immutable v010 contract
trial_036_20260902_clean_v010,P09,rear_right_ankle,wheel,measured_peak_velocity_error_percent,9.917028807039856,True,,False,raw observation/full12 ledgers vs immutable v010 contract
trial_036_20260902_clean_v010,P09,rear_right_ankle,wheel,command_wheel_integral_error_percent,2.732019403733724e-11,True,,False,raw observation/full12 ledgers vs immutable v010 contract
trial_036_20260902_clean_v010,P09,rear_right_ankle,wheel,actual_wheel_integral_error_percent,1.636407266727352,True,,False,raw observation/full12 ledgers vs immutable v010 contract
trial_036_20260902_clean_v010,P10,rear_right_knee,servo,command_endpoint_error_percent,0.0,True,,False,raw observation/full12 ledgers vs immutable v010 contract
trial_036_20260902_clean_v010,P10,rear_right_knee,servo,actual_endpoint_error_percent,6.506270670412241,True,,False,raw observation/full12 ledgers vs immutable v010 contract
trial_036_20260902_clean_v010,P10,rear_right_knee,servo,command_delta_error_percent,0.0,True,,False,raw observation/full12 ledgers vs immutable v010 contract
trial_036_20260902_clean_v010,P10,rear_right_knee,servo,actual_delta_error_percent,25.079616967577326,True,,False,raw observation/full12 ledgers vs immutable v010 contract
trial_036_20260902_clean_v010,P10,rear_right_knee,servo,duration_error_percent,7.460698725475114e-11,True,,False,raw observation/full12 ledgers vs immutable v010 contract
trial_036_20260902_clean_v010,P10,rear_right_knee,servo,command_average_velocity_error_percent,7.46114560771074e-11,True,,False,raw observation/full12 ledgers vs immutable v010 contract
trial_036_20260902_clean_v010,P10,rear_right_knee,servo,measured_average_velocity_error_percent,74.36137831455756,False,REFERENCE_DIVERGENCE_WARNING,False,raw observation/full12 ledgers vs immutable v010 contract
trial_036_20260902_clean_v010,P10,rear_right_knee,servo,command_peak_velocity_error_percent,9.094947017729282e-11,True,,False,raw observation/full12 ledgers vs immutable v010 contract
trial_036_20260902_clean_v010,P10,rear_right_knee,servo,measured_peak_velocity_error_percent,94.6014394766218,False,REFERENCE_DIVERGENCE_WARNING,False,raw observation/full12 ledgers vs immutable v010 contract
trial_036_20260902_clean_v010,P10,rear_right_knee,servo,trajectory_rmse_percent,11.438204266346125,True,,False,raw observation/full12 ledgers vs immutable v010 contract
trial_036_20260902_clean_v010,P11,front_right_hip,servo,command_endpoint_error_percent,0.0,True,,False,raw observation/full12 ledgers vs immutable v010 contract
trial_036_20260902_clean_v010,P11,front_right_hip,servo,actual_endpoint_error_percent,3.567407803497664,True,,False,raw observation/full12 ledgers vs immutable v010 contract
trial_036_20260902_clean_v010,P11,front_right_hip,servo,command_delta_error_percent,0.0,True,,False,raw observation/full12 ledgers vs immutable v010 contract
trial_036_20260902_clean_v010,P11,front_right_hip,servo,actual_delta_error_percent,8.420870058187182,True,,False,raw observation/full12 ledgers vs immutable v010 contract
trial_036_20260902_clean_v010,P11,front_right_hip,servo,duration_error_percent,7.917476198463387e-11,True,,False,raw observation/full12 ledgers vs immutable v010 contract
trial_036_20260902_clean_v010,P11,front_right_hip,servo,command_average_velocity_error_percent,7.91643008080659e-11,True,,False,raw observation/full12 ledgers vs immutable v010 contract
trial_036_20260902_clean_v010,P11,front_right_hip,servo,measured_average_velocity_error_percent,0.17434245079105548,True,,False,raw observation/full12 ledgers vs immutable v010 contract
trial_036_20260902_clean_v010,P11,front_right_hip,servo,command_peak_velocity_error_percent,9.094947017729282e-11,True,,False,raw observation/full12 ledgers vs immutable v010 contract
trial_036_20260902_clean_v010,P11,front_right_hip,servo,measured_peak_velocity_error_percent,0.8632393003088352,True,,False,raw observation/full12 ledgers vs immutable v010 contract
trial_036_20260902_clean_v010,P11,front_right_hip,servo,trajectory_rmse_percent,8.099373395659537,True,,False,raw observation/full12 ledgers vs immutable v010 contract
trial_036_20260902_clean_v010,P12,rear_left_hip,servo,command_endpoint_error_percent,0.0,True,,False,raw observation/full12 ledgers vs immutable v010 contract
trial_036_20260902_clean_v010,P12,rear_left_hip,servo,actual_endpoint_error_percent,0.48184578124603705,True,,False,raw observation/full12 ledgers vs immutable v010 contract
trial_036_20260902_clean_v010,P12,rear_left_hip,servo,command_delta_error_percent,0.0,True,,False,raw observation/full12 ledgers vs immutable v010 contract
trial_036_20260902_clean_v010,P12,rear_left_hip,servo,actual_delta_error_percent,1.8955275328413752,True,,False,raw observation/full12 ledgers vs immutable v010 contract
trial_036_20260902_clean_v010,P12,rear_left_hip,servo,duration_error_percent,7.947928029995939e-11,True,,False,raw observation/full12 ledgers vs immutable v010 contract
trial_036_20260902_clean_v010,P12,rear_left_hip,servo,command_average_velocity_error_percent,7.946249889183814e-11,True,,False,raw observation/full12 ledgers vs immutable v010 contract
trial_036_20260902_clean_v010,P12,rear_left_hip,servo,measured_average_velocity_error_percent,0.20793106058410726,True,,False,raw observation/full12 ledgers vs immutable v010 contract
trial_036_20260902_clean_v010,P12,rear_left_hip,servo,command_peak_velocity_error_percent,9.094947017729282e-11,True,,False,raw observation/full12 ledgers vs immutable v010 contract
trial_036_20260902_clean_v010,P12,rear_left_hip,servo,measured_peak_velocity_error_percent,0.5318147115882166,True,,False,raw observation/full12 ledgers vs immutable v010 contract
trial_036_20260902_clean_v010,P12,rear_left_hip,servo,trajectory_rmse_percent,1.7089793264397557,True,,False,raw observation/full12 ledgers vs immutable v010 contract
trial_036_20260902_clean_v010,P12,rear_left_knee,servo,command_endpoint_error_percent,9.32470781837402e-15,True,,False,raw observation/full12 ledgers vs immutable v010 contract
trial_036_20260902_clean_v010,P12,rear_left_knee,servo,actual_endpoint_error_percent,0.04237495971290337,True,,False,raw observation/full12 ledgers vs immutable v010 contract
trial_036_20260902_clean_v010,P12,rear_left_knee,servo,command_delta_error_percent,0.0,True,,False,raw observation/full12 ledgers vs immutable v010 contract
trial_036_20260902_clean_v010,P12,rear_left_knee,servo,actual_delta_error_percent,0.1872475744902561,True,,False,raw observation/full12 ledgers vs immutable v010 contract
trial_036_20260902_clean_v010,P12,rear_left_knee,servo,duration_error_percent,7.947928029995939e-11,True,,False,raw observation/full12 ledgers vs immutable v010 contract
trial_036_20260902_clean_v010,P12,rear_left_knee,servo,command_average_velocity_error_percent,7.94574494687058e-11,True,,False,raw observation/full12 ledgers vs immutable v010 contract
trial_036_20260902_clean_v010,P12,rear_left_knee,servo,measured_average_velocity_error_percent,4.420291316673545,True,,False,raw observation/full12 ledgers vs immutable v010 contract
trial_036_20260902_clean_v010,P12,rear_left_knee,servo,command_peak_velocity_error_percent,9.094947017729282e-11,True,,False,raw observation/full12 ledgers vs immutable v010 contract
trial_036_20260902_clean_v010,P12,rear_left_knee,servo,measured_peak_velocity_error_percent,0.020616231669343312,True,,False,raw observation/full12 ledgers vs immutable v010 contract
trial_036_20260902_clean_v010,P12,rear_left_knee,servo,trajectory_rmse_percent,0.5710622692286105,True,,False,raw observation/full12 ledgers vs immutable v010 contract
trial_036_20260902_clean_v010,P12,front_left_ankle,wheel,duration_error_percent,7.947928029995939e-11,True,,False,raw observation/full12 ledgers vs immutable v010 contract
trial_036_20260902_clean_v010,P12,front_left_ankle,wheel,command_average_velocity_error_percent,4.996003610813204e-14,True,,False,raw observation/full12 ledgers vs immutable v010 contract
trial_036_20260902_clean_v010,P12,front_left_ankle,wheel,measured_average_velocity_error_percent,0.325152341167037,True,,False,raw observation/full12 ledgers vs immutable v010 contract
trial_036_20260902_clean_v010,P12,front_left_ankle,wheel,command_peak_velocity_error_percent,0.0,True,,False,raw observation/full12 ledgers vs immutable v010 contract
trial_036_20260902_clean_v010,P12,front_left_ankle,wheel,measured_peak_velocity_error_percent,0.5606308836476471,True,,False,raw observation/full12 ledgers vs immutable v010 contract
trial_036_20260902_clean_v010,P12,front_left_ankle,wheel,command_wheel_integral_error_percent,7.954916187042709e-11,True,,False,raw observation/full12 ledgers vs immutable v010 contract
trial_036_20260902_clean_v010,P12,front_left_ankle,wheel,actual_wheel_integral_error_percent,7.646456365355056,True,,False,raw observation/full12 ledgers vs immutable v010 contract
trial_036_20260902_clean_v010,P12,front_right_ankle,wheel,duration_error_percent,7.947928029995939e-11,True,,False,raw observation/full12 ledgers vs immutable v010 contract
trial_036_20260902_clean_v010,P12,front_right_ankle,wheel,command_average_velocity_error_percent,4.996003610813204e-14,True,,False,raw observation/full12 ledgers vs immutable v010 contract
trial_036_20260902_clean_v010,P12,front_right_ankle,wheel,measured_average_velocity_error_percent,9.5313585229089,True,,False,raw observation/full12 ledgers vs immutable v010 contract
trial_036_20260902_clean_v010,P12,front_right_ankle,wheel,command_peak_velocity_error_percent,0.0,True,,False,raw observation/full12 ledgers vs immutable v010 contract
trial_036_20260902_clean_v010,P12,front_right_ankle,wheel,measured_peak_velocity_error_percent,0.8983842170272803,True,,False,raw observation/full12 ledgers vs immutable v010 contract
trial_036_20260902_clean_v010,P12,front_right_ankle,wheel,command_wheel_integral_error_percent,7.954916187042709e-11,True,,False,raw observation/full12 ledgers vs immutable v010 contract
trial_036_20260902_clean_v010,P12,front_right_ankle,wheel,actual_wheel_integral_error_percent,8.560489576603096,True,,False,raw observation/full12 ledgers vs immutable v010 contract
trial_036_20260902_clean_v010,P12,rear_left_ankle,wheel,duration_error_percent,7.947928029995939e-11,True,,False,raw observation/full12 ledgers vs immutable v010 contract
trial_036_20260902_clean_v010,P12,rear_left_ankle,wheel,command_average_velocity_error_percent,4.996003610813204e-14,True,,False,raw observation/full12 ledgers vs immutable v010 contract
trial_036_20260902_clean_v010,P12,rear_left_ankle,wheel,measured_average_velocity_error_percent,7.725198419773895,True,,False,raw observation/full12 ledgers vs immutable v010 contract
trial_036_20260902_clean_v010,P12,rear_left_ankle,wheel,command_peak_velocity_error_percent,0.0,True,,False,raw observation/full12 ledgers vs immutable v010 contract
trial_036_20260902_clean_v010,P12,rear_left_ankle,wheel,measured_peak_velocity_error_percent,27.192343254373647,True,,False,raw observation/full12 ledgers vs immutable v010 contract
trial_036_20260902_clean_v010,P12,rear_left_ankle,wheel,command_wheel_integral_error_percent,7.954916187042709e-11,True,,False,raw observation/full12 ledgers vs immutable v010 contract
trial_036_20260902_clean_v010,P12,rear_left_ankle,wheel,actual_wheel_integral_error_percent,8.21782596439309,True,,False,raw observation/full12 ledgers vs immutable v010 contract
trial_036_20260902_clean_v010,P12,rear_right_ankle,wheel,duration_error_percent,7.947928029995939e-11,True,,False,raw observation/full12 ledgers vs immutable v010 contract
trial_036_20260902_clean_v010,P12,rear_right_ankle,wheel,command_average_velocity_error_percent,4.996003610813204e-14,True,,False,raw observation/full12 ledgers vs immutable v010 contract
trial_036_20260902_clean_v010,P12,rear_right_ankle,wheel,measured_average_velocity_error_percent,0.784355994900224,True,,False,raw observation/full12 ledgers vs immutable v010 contract
trial_036_20260902_clean_v010,P12,rear_right_ankle,wheel,command_peak_velocity_error_percent,0.0,True,,False,raw observation/full12 ledgers vs immutable v010 contract
trial_036_20260902_clean_v010,P12,rear_right_ankle,wheel,measured_peak_velocity_error_percent,2.0030404386748564,True,,False,raw observation/full12 ledgers vs immutable v010 contract
trial_036_20260902_clean_v010,P12,rear_right_ankle,wheel,command_wheel_integral_error_percent,7.954916187042709e-11,True,,False,raw observation/full12 ledgers vs immutable v010 contract
trial_036_20260902_clean_v010,P12,rear_right_ankle,wheel,actual_wheel_integral_error_percent,0.09170598725310661,True,,False,raw observation/full12 ledgers vs immutable v010 contract
trial_036_20260902_clean_v010,P13,front_left_hip,servo,command_endpoint_error_percent,0.0,True,,False,raw observation/full12 ledgers vs immutable v010 contract
trial_036_20260902_clean_v010,P13,front_left_hip,servo,actual_endpoint_error_percent,7.147393040868256,True,,False,raw observation/full12 ledgers vs immutable v010 contract
trial_036_20260902_clean_v010,P13,front_left_hip,servo,command_delta_error_percent,0.0,True,,False,raw observation/full12 ledgers vs immutable v010 contract
trial_036_20260902_clean_v010,P13,front_left_hip,servo,actual_delta_error_percent,6.142141975589594,True,,False,raw observation/full12 ledgers vs immutable v010 contract
trial_036_20260902_clean_v010,P13,front_left_hip,servo,duration_error_percent,7.959675365755687e-11,True,,False,raw observation/full12 ledgers vs immutable v010 contract
trial_036_20260902_clean_v010,P13,front_left_hip,servo,command_average_velocity_error_percent,2.5486279753295094e-11,True,,False,raw observation/full12 ledgers vs immutable v010 contract
trial_036_20260902_clean_v010,P13,front_left_hip,servo,measured_average_velocity_error_percent,0.6302357183047125,True,,False,raw observation/full12 ledgers vs immutable v010 contract
trial_036_20260902_clean_v010,P13,front_left_hip,servo,command_peak_velocity_error_percent,9.094947017729282e-11,True,,False,raw observation/full12 ledgers vs immutable v010 contract
trial_036_20260902_clean_v010,P13,front_left_hip,servo,measured_peak_velocity_error_percent,3.1671375066717204,True,,False,raw observation/full12 ledgers vs immutable v010 contract
trial_036_20260902_clean_v010,P13,front_left_hip,servo,trajectory_rmse_percent,0.5511790231418141,True,,False,raw observation/full12 ledgers vs immutable v010 contract
trial_036_20260902_clean_v010,P13,front_left_knee,servo,command_endpoint_error_percent,2.169816986238091e-15,True,,False,raw observation/full12 ledgers vs immutable v010 contract
trial_036_20260902_clean_v010,P13,front_left_knee,servo,actual_endpoint_error_percent,1.3008069723652884,True,,False,raw observation/full12 ledgers vs immutable v010 contract
trial_036_20260902_clean_v010,P13,front_left_knee,servo,command_delta_error_percent,0.0,True,,False,raw observation/full12 ledgers vs immutable v010 contract
trial_036_20260902_clean_v010,P13,front_left_knee,servo,actual_delta_error_percent,0.7149903240408385,True,,False,raw observation/full12 ledgers vs immutable v010 contract
trial_036_20260902_clean_v010,P13,front_left_knee,servo,duration_error_percent,7.959675365755687e-11,True,,False,raw observation/full12 ledgers vs immutable v010 contract
trial_036_20260902_clean_v010,P13,front_left_knee,servo,command_average_velocity_error_percent,4.118705376754406e-11,True,,False,raw observation/full12 ledgers vs immutable v010 contract
trial_036_20260902_clean_v010,P13,front_left_knee,servo,measured_average_velocity_error_percent,5.946031583842419,True,,False,raw observation/full12 ledgers vs immutable v010 contract
trial_036_20260902_clean_v010,P13,front_left_knee,servo,command_peak_velocity_error_percent,9.094947017729282e-11,True,,False,raw observation/full12 ledgers vs immutable v010 contract
trial_036_20260902_clean_v010,P13,front_left_knee,servo,measured_peak_velocity_error_percent,9.348946903911097,True,,False,raw observation/full12 ledgers vs immutable v010 contract
trial_036_20260902_clean_v010,P13,front_left_knee,servo,trajectory_rmse_percent,0.37764328651807677,True,,False,raw observation/full12 ledgers vs immutable v010 contract
trial_036_20260902_clean_v010,P13,front_right_knee,servo,command_endpoint_error_percent,4.7012701368491964e-15,True,,False,raw observation/full12 ledgers vs immutable v010 contract
trial_036_20260902_clean_v010,P13,front_right_knee,servo,actual_endpoint_error_percent,3.1640670563676876,True,,False,raw observation/full12 ledgers vs immutable v010 contract
trial_036_20260902_clean_v010,P13,front_right_knee,servo,command_delta_error_percent,0.0,True,,False,raw observation/full12 ledgers vs immutable v010 contract
trial_036_20260902_clean_v010,P13,front_right_knee,servo,actual_delta_error_percent,6.912005436416344,True,,False,raw observation/full12 ledgers vs immutable v010 contract
trial_036_20260902_clean_v010,P13,front_right_knee,servo,duration_error_percent,7.959675365755687e-11,True,,False,raw observation/full12 ledgers vs immutable v010 contract
trial_036_20260902_clean_v010,P13,front_right_knee,servo,command_average_velocity_error_percent,4.1180392429396306e-11,True,,False,raw observation/full12 ledgers vs immutable v010 contract
trial_036_20260902_clean_v010,P13,front_right_knee,servo,measured_average_velocity_error_percent,0.03681694714261515,True,,False,raw observation/full12 ledgers vs immutable v010 contract
trial_036_20260902_clean_v010,P13,front_right_knee,servo,command_peak_velocity_error_percent,9.094947017729282e-11,True,,False,raw observation/full12 ledgers vs immutable v010 contract
trial_036_20260902_clean_v010,P13,front_right_knee,servo,measured_peak_velocity_error_percent,1.7840897132975981,True,,False,raw observation/full12 ledgers vs immutable v010 contract
trial_036_20260902_clean_v010,P13,front_right_knee,servo,trajectory_rmse_percent,1.0146537508442737,True,,False,raw observation/full12 ledgers vs immutable v010 contract
trial_036_20260902_clean_v010,P13,rear_left_hip,servo,command_endpoint_error_percent,5.921189464667502e-15,True,,False,raw observation/full12 ledgers vs immutable v010 contract
trial_036_20260902_clean_v010,P13,rear_left_hip,servo,actual_endpoint_error_percent,4.703706532942522,True,,False,raw observation/full12 ledgers vs immutable v010 contract
trial_036_20260902_clean_v010,P13,rear_left_hip,servo,command_delta_error_percent,0.0,True,,False,raw observation/full12 ledgers vs immutable v010 contract
trial_036_20260902_clean_v010,P13,rear_left_hip,servo,actual_delta_error_percent,5.37343148279362,True,,False,raw observation/full12 ledgers vs immutable v010 contract
trial_036_20260902_clean_v010,P13,rear_left_hip,servo,duration_error_percent,7.959675365755687e-11,True,,False,raw observation/full12 ledgers vs immutable v010 contract
trial_036_20260902_clean_v010,P13,rear_left_hip,servo,command_average_velocity_error_percent,1.0061951272177794e-11,True,,False,raw observation/full12 ledgers vs immutable v010 contract
trial_036_20260902_clean_v010,P13,rear_left_hip,servo,measured_average_velocity_error_percent,0.42582897338486003,True,,False,raw observation/full12 ledgers vs immutable v010 contract
trial_036_20260902_clean_v010,P13,rear_left_hip,servo,command_peak_velocity_error_percent,9.094947017729282e-11,True,,False,raw observation/full12 ledgers vs immutable v010 contract
trial_036_20260902_clean_v010,P13,rear_left_hip,servo,measured_peak_velocity_error_percent,5.644028985934838,True,,False,raw observation/full12 ledgers vs immutable v010 contract
trial_036_20260902_clean_v010,P13,rear_left_hip,servo,trajectory_rmse_percent,1.1329017410806446,True,,False,raw observation/full12 ledgers vs immutable v010 contract
trial_036_20260902_clean_v010,P13,rear_left_knee,servo,command_endpoint_error_percent,3.00060276925718e-15,True,,False,raw observation/full12 ledgers vs immutable v010 contract
trial_036_20260902_clean_v010,P13,rear_left_knee,servo,actual_endpoint_error_percent,5.3598467326461785,True,,False,raw observation/full12 ledgers vs immutable v010 contract
trial_036_20260902_clean_v010,P13,rear_left_knee,servo,command_delta_error_percent,2.400482215405744e-14,True,,False,raw observation/full12 ledgers vs immutable v010 contract
trial_036_20260902_clean_v010,P13,rear_left_knee,servo,actual_delta_error_percent,5.523852035098414,True,,False,raw observation/full12 ledgers vs immutable v010 contract
trial_036_20260902_clean_v010,P13,rear_left_knee,servo,duration_error_percent,7.959675365755687e-11,True,,False,raw observation/full12 ledgers vs immutable v010 contract
trial_036_20260902_clean_v010,P13,rear_left_knee,servo,command_average_velocity_error_percent,1.9860779687519425e-11,True,,False,raw observation/full12 ledgers vs immutable v010 contract
trial_036_20260902_clean_v010,P13,rear_left_knee,servo,measured_average_velocity_error_percent,1.389425953596117,True,,False,raw observation/full12 ledgers vs immutable v010 contract
trial_036_20260902_clean_v010,P13,rear_left_knee,servo,command_peak_velocity_error_percent,9.094947017729282e-11,True,,False,raw observation/full12 ledgers vs immutable v010 contract
trial_036_20260902_clean_v010,P13,rear_left_knee,servo,measured_peak_velocity_error_percent,29.976772878440386,True,,False,raw observation/full12 ledgers vs immutable v010 contract
trial_036_20260902_clean_v010,P13,rear_left_knee,servo,trajectory_rmse_percent,1.9254010316478989,True,,False,raw observation/full12 ledgers vs immutable v010 contract
trial_036_20260902_clean_v010,P13,rear_right_hip,servo,command_endpoint_error_percent,0.0,True,,False,raw observation/full12 ledgers vs immutable v010 contract
trial_036_20260902_clean_v010,P13,rear_right_hip,servo,actual_endpoint_error_percent,27.8117768450491,True,,False,raw observation/full12 ledgers vs immutable v010 contract
trial_036_20260902_clean_v010,P13,rear_right_hip,servo,command_delta_error_percent,0.0,True,,False,raw observation/full12 ledgers vs immutable v010 contract
trial_036_20260902_clean_v010,P13,rear_right_hip,servo,actual_delta_error_percent,34.24131352165126,False,REFERENCE_DIVERGENCE_WARNING,False,raw observation/full12 ledgers vs immutable v010 contract
trial_036_20260902_clean_v010,P13,rear_right_hip,servo,duration_error_percent,7.959675365755687e-11,True,,False,raw observation/full12 ledgers vs immutable v010 contract
trial_036_20260902_clean_v010,P13,rear_right_hip,servo,command_average_velocity_error_percent,8.58646487245096e-12,True,,False,raw observation/full12 ledgers vs immutable v010 contract
trial_036_20260902_clean_v010,P13,rear_right_hip,servo,measured_average_velocity_error_percent,0.9707662737997524,True,,False,raw observation/full12 ledgers vs immutable v010 contract
trial_036_20260902_clean_v010,P13,rear_right_hip,servo,command_peak_velocity_error_percent,9.094947017729282e-11,True,,False,raw observation/full12 ledgers vs immutable v010 contract
trial_036_20260902_clean_v010,P13,rear_right_hip,servo,measured_peak_velocity_error_percent,1.8563053765433022,True,,False,raw observation/full12 ledgers vs immutable v010 contract
trial_036_20260902_clean_v010,P13,rear_right_hip,servo,trajectory_rmse_percent,3.0848387971654603,True,,False,raw observation/full12 ledgers vs immutable v010 contract
trial_036_20260902_clean_v010,P13,rear_right_knee,servo,command_endpoint_error_percent,0.0,True,,False,raw observation/full12 ledgers vs immutable v010 contract
trial_036_20260902_clean_v010,P13,rear_right_knee,servo,actual_endpoint_error_percent,7.047232928932956,True,,False,raw observation/full12 ledgers vs immutable v010 contract
trial_036_20260902_clean_v010,P13,rear_right_knee,servo,command_delta_error_percent,0.0,True,,False,raw observation/full12 ledgers vs immutable v010 contract
trial_036_20260902_clean_v010,P13,rear_right_knee,servo,actual_delta_error_percent,6.7032265852404365,True,,False,raw observation/full12 ledgers vs immutable v010 contract
trial_036_20260902_clean_v010,P13,rear_right_knee,servo,duration_error_percent,7.959675365755687e-11,True,,False,raw observation/full12 ledgers vs immutable v010 contract
trial_036_20260902_clean_v010,P13,rear_right_knee,servo,command_average_velocity_error_percent,2.844391389089651e-11,True,,False,raw observation/full12 ledgers vs immutable v010 contract
trial_036_20260902_clean_v010,P13,rear_right_knee,servo,measured_average_velocity_error_percent,4.249144526871495,True,,False,raw observation/full12 ledgers vs immutable v010 contract
trial_036_20260902_clean_v010,P13,rear_right_knee,servo,command_peak_velocity_error_percent,9.094947017729282e-11,True,,False,raw observation/full12 ledgers vs immutable v010 contract
trial_036_20260902_clean_v010,P13,rear_right_knee,servo,measured_peak_velocity_error_percent,8.580532132144087,True,,False,raw observation/full12 ledgers vs immutable v010 contract
trial_036_20260902_clean_v010,P13,rear_right_knee,servo,trajectory_rmse_percent,0.5983987837104999,True,,False,raw observation/full12 ledgers vs immutable v010 contract
trial_036_20260902_clean_v010,P13,front_left_ankle,wheel,duration_error_percent,7.959675365755687e-11,True,,False,raw observation/full12 ledgers vs immutable v010 contract
trial_036_20260902_clean_v010,P13,front_left_ankle,wheel,command_average_velocity_error_percent,1.8435880209241963e-12,True,,False,raw observation/full12 ledgers vs immutable v010 contract
trial_036_20260902_clean_v010,P13,front_left_ankle,wheel,measured_average_velocity_error_percent,0.5818958001364891,True,,False,raw observation/full12 ledgers vs immutable v010 contract
trial_036_20260902_clean_v010,P13,front_left_ankle,wheel,command_peak_velocity_error_percent,0.0,True,,False,raw observation/full12 ledgers vs immutable v010 contract
trial_036_20260902_clean_v010,P13,front_left_ankle,wheel,measured_peak_velocity_error_percent,29.46159400767484,True,,False,raw observation/full12 ledgers vs immutable v010 contract
trial_036_20260902_clean_v010,P13,front_left_ankle,wheel,command_wheel_integral_error_percent,7.775558702082143e-11,True,,False,raw observation/full12 ledgers vs immutable v010 contract
trial_036_20260902_clean_v010,P13,front_left_ankle,wheel,actual_wheel_integral_error_percent,0.6212246652009907,True,,False,raw observation/full12 ledgers vs immutable v010 contract
trial_036_20260902_clean_v010,P13,front_right_ankle,wheel,duration_error_percent,7.959675365755687e-11,True,,False,raw observation/full12 ledgers vs immutable v010 contract
trial_036_20260902_clean_v010,P13,front_right_ankle,wheel,command_average_velocity_error_percent,2.0140683546030937e-12,True,,False,raw observation/full12 ledgers vs immutable v010 contract
trial_036_20260902_clean_v010,P13,front_right_ankle,wheel,measured_average_velocity_error_percent,0.8669323788159736,True,,False,raw observation/full12 ledgers vs immutable v010 contract
trial_036_20260902_clean_v010,P13,front_right_ankle,wheel,command_peak_velocity_error_percent,0.0,True,,False,raw observation/full12 ledgers vs immutable v010 contract
trial_036_20260902_clean_v010,P13,front_right_ankle,wheel,measured_peak_velocity_error_percent,17.986839915275684,True,,False,raw observation/full12 ledgers vs immutable v010 contract
trial_036_20260902_clean_v010,P13,front_right_ankle,wheel,command_wheel_integral_error_percent,7.754004157096783e-11,True,,False,raw observation/full12 ledgers vs immutable v010 contract
trial_036_20260902_clean_v010,P13,front_right_ankle,wheel,actual_wheel_integral_error_percent,1.5559447019742345,True,,False,raw observation/full12 ledgers vs immutable v010 contract
trial_036_20260902_clean_v010,P13,rear_left_ankle,wheel,duration_error_percent,7.959675365755687e-11,True,,False,raw observation/full12 ledgers vs immutable v010 contract
trial_036_20260902_clean_v010,P13,rear_left_ankle,wheel,command_average_velocity_error_percent,1.1965963388345263e-12,True,,False,raw observation/full12 ledgers vs immutable v010 contract
trial_036_20260902_clean_v010,P13,rear_left_ankle,wheel,measured_average_velocity_error_percent,0.21595158708121798,True,,False,raw observation/full12 ledgers vs immutable v010 contract
trial_036_20260902_clean_v010,P13,rear_left_ankle,wheel,command_peak_velocity_error_percent,0.0,True,,False,raw observation/full12 ledgers vs immutable v010 contract
trial_036_20260902_clean_v010,P13,rear_left_ankle,wheel,measured_peak_velocity_error_percent,23.727283790254244,True,,False,raw observation/full12 ledgers vs immutable v010 contract
trial_036_20260902_clean_v010,P13,rear_left_ankle,wheel,command_wheel_integral_error_percent,7.658845719325269e-11,True,,False,raw observation/full12 ledgers vs immutable v010 contract
trial_036_20260902_clean_v010,P13,rear_left_ankle,wheel,actual_wheel_integral_error_percent,0.8380832030459076,True,,False,raw observation/full12 ledgers vs immutable v010 contract
trial_036_20260902_clean_v010,P13,rear_right_ankle,wheel,duration_error_percent,7.959675365755687e-11,True,,False,raw observation/full12 ledgers vs immutable v010 contract
trial_036_20260902_clean_v010,P13,rear_right_ankle,wheel,command_average_velocity_error_percent,1.2419722264383452e-12,True,,False,raw observation/full12 ledgers vs immutable v010 contract
trial_036_20260902_clean_v010,P13,rear_right_ankle,wheel,measured_average_velocity_error_percent,0.18028268935282785,True,,False,raw observation/full12 ledgers vs immutable v010 contract
trial_036_20260902_clean_v010,P13,rear_right_ankle,wheel,command_peak_velocity_error_percent,0.0,True,,False,raw observation/full12 ledgers vs immutable v010 contract
trial_036_20260902_clean_v010,P13,rear_right_ankle,wheel,measured_peak_velocity_error_percent,15.64584617321553,True,,False,raw observation/full12 ledgers vs immutable v010 contract
trial_036_20260902_clean_v010,P13,rear_right_ankle,wheel,command_wheel_integral_error_percent,7.66365612678008e-11,True,,False,raw observation/full12 ledgers vs immutable v010 contract
trial_036_20260902_clean_v010,P13,rear_right_ankle,wheel,actual_wheel_integral_error_percent,0.2566504293663009,True,,False,raw observation/full12 ledgers vs immutable v010 contract
trial_039_20260902_clean_v010,P01,rear_left_hip,servo,command_endpoint_error_percent,0.0,True,,False,raw observation/full12 ledgers vs immutable v010 contract
trial_039_20260902_clean_v010,P01,rear_left_hip,servo,actual_endpoint_error_percent,0.0002270674591143427,True,,False,raw observation/full12 ledgers vs immutable v010 contract
trial_039_20260902_clean_v010,P01,rear_left_hip,servo,command_delta_error_percent,0.0,True,,False,raw observation/full12 ledgers vs immutable v010 contract
trial_039_20260902_clean_v010,P01,rear_left_hip,servo,actual_delta_error_percent,0.16958809922057566,True,,False,raw observation/full12 ledgers vs immutable v010 contract
trial_039_20260902_clean_v010,P01,rear_left_hip,servo,duration_error_percent,1.82098892079225e-12,True,,False,raw observation/full12 ledgers vs immutable v010 contract
trial_039_20260902_clean_v010,P01,rear_left_hip,servo,command_average_velocity_error_percent,1.545430450278218e-12,True,,False,raw observation/full12 ledgers vs immutable v010 contract
trial_039_20260902_clean_v010,P01,rear_left_hip,servo,measured_average_velocity_error_percent,0.6710921163525798,True,,False,raw observation/full12 ledgers vs immutable v010 contract
trial_039_20260902_clean_v010,P01,rear_left_hip,servo,command_peak_velocity_error_percent,3.600083194517841e-13,True,,False,raw observation/full12 ledgers vs immutable v010 contract
trial_039_20260902_clean_v010,P01,rear_left_hip,servo,measured_peak_velocity_error_percent,0.05156032481585553,True,,False,raw observation/full12 ledgers vs immutable v010 contract
trial_039_20260902_clean_v010,P01,rear_left_hip,servo,trajectory_rmse_percent,0.16545416503777835,True,,False,raw observation/full12 ledgers vs immutable v010 contract
trial_039_20260902_clean_v010,P01,front_left_ankle,wheel,duration_error_percent,1.82098892079225e-12,True,,False,raw observation/full12 ledgers vs immutable v010 contract
trial_039_20260902_clean_v010,P01,front_left_ankle,wheel,command_average_velocity_error_percent,1.3286431901227178e-12,True,,False,raw observation/full12 ledgers vs immutable v010 contract
trial_039_20260902_clean_v010,P01,front_left_ankle,wheel,measured_average_velocity_error_percent,0.11486139789004236,True,,False,raw observation/full12 ledgers vs immutable v010 contract
trial_039_20260902_clean_v010,P01,front_left_ankle,wheel,command_peak_velocity_error_percent,0.0,True,,False,raw observation/full12 ledgers vs immutable v010 contract
trial_039_20260902_clean_v010,P01,front_left_ankle,wheel,measured_peak_velocity_error_percent,3.345216791165559,True,,False,raw observation/full12 ledgers vs immutable v010 contract
trial_039_20260902_clean_v010,P01,front_left_ankle,wheel,command_wheel_integral_error_percent,3.15898510099535e-12,True,,False,raw observation/full12 ledgers vs immutable v010 contract
trial_039_20260902_clean_v010,P01,front_left_ankle,wheel,actual_wheel_integral_error_percent,0.2200239756719921,True,,False,raw observation/full12 ledgers vs immutable v010 contract
trial_039_20260902_clean_v010,P01,front_right_ankle,wheel,duration_error_percent,1.82098892079225e-12,True,,False,raw observation/full12 ledgers vs immutable v010 contract
trial_039_20260902_clean_v010,P01,front_right_ankle,wheel,command_average_velocity_error_percent,1.3286431901227178e-12,True,,False,raw observation/full12 ledgers vs immutable v010 contract
trial_039_20260902_clean_v010,P01,front_right_ankle,wheel,measured_average_velocity_error_percent,0.004696512362258236,True,,False,raw observation/full12 ledgers vs immutable v010 contract
trial_039_20260902_clean_v010,P01,front_right_ankle,wheel,command_peak_velocity_error_percent,0.0,True,,False,raw observation/full12 ledgers vs immutable v010 contract
trial_039_20260902_clean_v010,P01,front_right_ankle,wheel,measured_peak_velocity_error_percent,0.03177411165863816,True,,False,raw observation/full12 ledgers vs immutable v010 contract
trial_039_20260902_clean_v010,P01,front_right_ankle,wheel,command_wheel_integral_error_percent,3.15898510099535e-12,True,,False,raw observation/full12 ledgers vs immutable v010 contract
trial_039_20260902_clean_v010,P01,front_right_ankle,wheel,actual_wheel_integral_error_percent,0.005813707597070396,True,,False,raw observation/full12 ledgers vs immutable v010 contract
trial_039_20260902_clean_v010,P01,rear_left_ankle,wheel,duration_error_percent,1.82098892079225e-12,True,,False,raw observation/full12 ledgers vs immutable v010 contract
trial_039_20260902_clean_v010,P01,rear_left_ankle,wheel,command_average_velocity_error_percent,1.3286431901227178e-12,True,,False,raw observation/full12 ledgers vs immutable v010 contract
trial_039_20260902_clean_v010,P01,rear_left_ankle,wheel,measured_average_velocity_error_percent,0.15766120725747623,True,,False,raw observation/full12 ledgers vs immutable v010 contract
trial_039_20260902_clean_v010,P01,rear_left_ankle,wheel,command_peak_velocity_error_percent,0.0,True,,False,raw observation/full12 ledgers vs immutable v010 contract
trial_039_20260902_clean_v010,P01,rear_left_ankle,wheel,measured_peak_velocity_error_percent,0.2452119378512511,True,,False,raw observation/full12 ledgers vs immutable v010 contract
trial_039_20260902_clean_v010,P01,rear_left_ankle,wheel,command_wheel_integral_error_percent,3.15898510099535e-12,True,,False,raw observation/full12 ledgers vs immutable v010 contract
trial_039_20260902_clean_v010,P01,rear_left_ankle,wheel,actual_wheel_integral_error_percent,0.21285298785039672,True,,False,raw observation/full12 ledgers vs immutable v010 contract
trial_039_20260902_clean_v010,P01,rear_right_ankle,wheel,duration_error_percent,1.82098892079225e-12,True,,False,raw observation/full12 ledgers vs immutable v010 contract
trial_039_20260902_clean_v010,P01,rear_right_ankle,wheel,command_average_velocity_error_percent,1.3286431901227178e-12,True,,False,raw observation/full12 ledgers vs immutable v010 contract
trial_039_20260902_clean_v010,P01,rear_right_ankle,wheel,measured_average_velocity_error_percent,0.22346308392880876,True,,False,raw observation/full12 ledgers vs immutable v010 contract
trial_039_20260902_clean_v010,P01,rear_right_ankle,wheel,command_peak_velocity_error_percent,0.0,True,,False,raw observation/full12 ledgers vs immutable v010 contract
trial_039_20260902_clean_v010,P01,rear_right_ankle,wheel,measured_peak_velocity_error_percent,6.373333749487578,True,,False,raw observation/full12 ledgers vs immutable v010 contract
trial_039_20260902_clean_v010,P01,rear_right_ankle,wheel,command_wheel_integral_error_percent,3.15898510099535e-12,True,,False,raw observation/full12 ledgers vs immutable v010 contract
trial_039_20260902_clean_v010,P01,rear_right_ankle,wheel,actual_wheel_integral_error_percent,0.36678645398598075,True,,False,raw observation/full12 ledgers vs immutable v010 contract
trial_039_20260902_clean_v010,P02,front_right_knee,servo,command_endpoint_error_percent,0.0,True,,False,raw observation/full12 ledgers vs immutable v010 contract
trial_039_20260902_clean_v010,P02,front_right_knee,servo,actual_endpoint_error_percent,0.6811960451639621,True,,False,raw observation/full12 ledgers vs immutable v010 contract
trial_039_20260902_clean_v010,P02,front_right_knee,servo,command_delta_error_percent,0.0,True,,False,raw observation/full12 ledgers vs immutable v010 contract
trial_039_20260902_clean_v010,P02,front_right_knee,servo,actual_delta_error_percent,0.6865636935718967,True,,False,raw observation/full12 ledgers vs immutable v010 contract
trial_039_20260902_clean_v010,P02,front_right_knee,servo,duration_error_percent,4.9484226240438175e-12,True,,False,raw observation/full12 ledgers vs immutable v010 contract
trial_039_20260902_clean_v010,P02,front_right_knee,servo,command_average_velocity_error_percent,4.9557388774434566e-12,True,,False,raw observation/full12 ledgers vs immutable v010 contract
trial_039_20260902_clean_v010,P02,front_right_knee,servo,measured_average_velocity_error_percent,0.005050394485141519,True,,False,raw observation/full12 ledgers vs immutable v010 contract
trial_039_20260902_clean_v010,P02,front_right_knee,servo,command_peak_velocity_error_percent,5.6843418860808015e-12,True,,False,raw observation/full12 ledgers vs immutable v010 contract
trial_039_20260902_clean_v010,P02,front_right_knee,servo,measured_peak_velocity_error_percent,0.010260693785264386,True,,False,raw observation/full12 ledgers vs immutable v010 contract
trial_039_20260902_clean_v010,P02,front_right_knee,servo,trajectory_rmse_percent,1.0581377477323264,True,,False,raw observation/full12 ledgers vs immutable v010 contract
trial_039_20260902_clean_v010,P03,front_left_knee,servo,command_endpoint_error_percent,0.0,True,,False,raw observation/full12 ledgers vs immutable v010 contract
trial_039_20260902_clean_v010,P03,front_left_knee,servo,actual_endpoint_error_percent,0.5597175980980782,True,,False,raw observation/full12 ledgers vs immutable v010 contract
trial_039_20260902_clean_v010,P03,front_left_knee,servo,command_delta_error_percent,0.0,True,,False,raw observation/full12 ledgers vs immutable v010 contract
trial_039_20260902_clean_v010,P03,front_left_knee,servo,actual_delta_error_percent,0.5126831228749407,True,,False,raw observation/full12 ledgers vs immutable v010 contract
trial_039_20260902_clean_v010,P03,front_left_knee,servo,duration_error_percent,5.625129991434446e-12,True,,False,raw observation/full12 ledgers vs immutable v010 contract
trial_039_20260902_clean_v010,P03,front_left_knee,servo,command_average_velocity_error_percent,5.622285751952963e-12,True,,False,raw observation/full12 ledgers vs immutable v010 contract
trial_039_20260902_clean_v010,P03,front_left_knee,servo,measured_average_velocity_error_percent,1.7705302896970998,True,,False,raw observation/full12 ledgers vs immutable v010 contract
trial_039_20260902_clean_v010,P03,front_left_knee,servo,command_peak_velocity_error_percent,5.6843418860808015e-12,True,,False,raw observation/full12 ledgers vs immutable v010 contract
trial_039_20260902_clean_v010,P03,front_left_knee,servo,measured_peak_velocity_error_percent,1.9149159292816853,True,,False,raw observation/full12 ledgers vs immutable v010 contract
trial_039_20260902_clean_v010,P03,front_left_knee,servo,trajectory_rmse_percent,0.8869900593000872,True,,False,raw observation/full12 ledgers vs immutable v010 contract
trial_039_20260902_clean_v010,P03,rear_left_hip,servo,command_endpoint_error_percent,0.0,True,,False,raw observation/full12 ledgers vs immutable v010 contract
trial_039_20260902_clean_v010,P03,rear_left_hip,servo,actual_endpoint_error_percent,3.0529756253534477,True,,False,raw observation/full12 ledgers vs immutable v010 contract
trial_039_20260902_clean_v010,P03,rear_left_hip,servo,command_delta_error_percent,0.0,True,,False,raw observation/full12 ledgers vs immutable v010 contract
trial_039_20260902_clean_v010,P03,rear_left_hip,servo,actual_delta_error_percent,3.035849180867438,True,,False,raw observation/full12 ledgers vs immutable v010 contract
trial_039_20260902_clean_v010,P03,rear_left_hip,servo,duration_error_percent,5.625129991434446e-12,True,,False,raw observation/full12 ledgers vs immutable v010 contract
trial_039_20260902_clean_v010,P03,rear_left_hip,servo,command_average_velocity_error_percent,5.6207111933258465e-12,True,,False,raw observation/full12 ledgers vs immutable v010 contract
trial_039_20260902_clean_v010,P03,rear_left_hip,servo,measured_average_velocity_error_percent,8.170260795485724,True,,False,raw observation/full12 ledgers vs immutable v010 contract
trial_039_20260902_clean_v010,P03,rear_left_hip,servo,command_peak_velocity_error_percent,5.6843418860808015e-12,True,,False,raw observation/full12 ledgers vs immutable v010 contract
trial_039_20260902_clean_v010,P03,rear_left_hip,servo,measured_peak_velocity_error_percent,6.612552133586482,True,,False,raw observation/full12 ledgers vs immutable v010 contract
trial_039_20260902_clean_v010,P03,rear_left_hip,servo,trajectory_rmse_percent,1.713774588381896,True,,False,raw observation/full12 ledgers vs immutable v010 contract
trial_039_20260902_clean_v010,P03,front_left_ankle,wheel,duration_error_percent,5.625129991434446e-12,True,,False,raw observation/full12 ledgers vs immutable v010 contract
trial_039_20260902_clean_v010,P03,front_left_ankle,wheel,command_average_velocity_error_percent,7.026728003956686e-14,True,,False,raw observation/full12 ledgers vs immutable v010 contract
trial_039_20260902_clean_v010,P03,front_left_ankle,wheel,measured_average_velocity_error_percent,0.6281527712938126,True,,False,raw observation/full12 ledgers vs immutable v010 contract
trial_039_20260902_clean_v010,P03,front_left_ankle,wheel,command_peak_velocity_error_percent,0.0,True,,False,raw observation/full12 ledgers vs immutable v010 contract
trial_039_20260902_clean_v010,P03,front_left_ankle,wheel,measured_peak_velocity_error_percent,14.445086161370671,True,,False,raw observation/full12 ledgers vs immutable v010 contract
trial_039_20260902_clean_v010,P03,front_left_ankle,wheel,command_wheel_integral_error_percent,5.562826336466027e-12,True,,False,raw observation/full12 ledgers vs immutable v010 contract
trial_039_20260902_clean_v010,P03,front_left_ankle,wheel,actual_wheel_integral_error_percent,0.6288863770472835,True,,False,raw observation/full12 ledgers vs immutable v010 contract
trial_039_20260902_clean_v010,P03,rear_left_ankle,wheel,duration_error_percent,5.625129991434446e-12,True,,False,raw observation/full12 ledgers vs immutable v010 contract
trial_039_20260902_clean_v010,P03,rear_left_ankle,wheel,command_average_velocity_error_percent,14.900000000000077,True,,False,raw observation/full12 ledgers vs immutable v010 contract
trial_039_20260902_clean_v010,P03,rear_left_ankle,wheel,measured_average_velocity_error_percent,18.244515044977753,True,,False,raw observation/full12 ledgers vs immutable v010 contract
trial_039_20260902_clean_v010,P03,rear_left_ankle,wheel,command_peak_velocity_error_percent,14.900000000000004,True,,False,raw observation/full12 ledgers vs immutable v010 contract
trial_039_20260902_clean_v010,P03,rear_left_ankle,wheel,measured_peak_velocity_error_percent,0.41158593354069145,True,,False,raw observation/full12 ledgers vs immutable v010 contract
trial_039_20260902_clean_v010,P03,rear_left_ankle,wheel,command_wheel_integral_error_percent,14.89999999999529,True,,False,raw observation/full12 ledgers vs immutable v010 contract
trial_039_20260902_clean_v010,P03,rear_left_ankle,wheel,actual_wheel_integral_error_percent,13.362475037047743,True,,False,raw observation/full12 ledgers vs immutable v010 contract
trial_039_20260902_clean_v010,P04,rear_left_hip,servo,command_endpoint_error_percent,0.0,True,,False,raw observation/full12 ledgers vs immutable v010 contract
trial_039_20260902_clean_v010,P04,rear_left_hip,servo,actual_endpoint_error_percent,0.17446783916468006,True,,False,raw observation/full12 ledgers vs immutable v010 contract
trial_039_20260902_clean_v010,P04,rear_left_hip,servo,command_delta_error_percent,0.0,True,,False,raw observation/full12 ledgers vs immutable v010 contract
trial_039_20260902_clean_v010,P04,rear_left_hip,servo,actual_delta_error_percent,5.759855032942618,True,,False,raw observation/full12 ledgers vs immutable v010 contract
trial_039_20260902_clean_v010,P04,rear_left_hip,servo,duration_error_percent,5.6991448597427944e-12,True,,False,raw observation/full12 ledgers vs immutable v010 contract
trial_039_20260902_clean_v010,P04,rear_left_hip,servo,command_average_velocity_error_percent,3.770317391627032e-12,True,,False,raw observation/full12 ledgers vs immutable v010 contract
trial_039_20260902_clean_v010,P04,rear_left_hip,servo,measured_average_velocity_error_percent,8.914628727601238,True,,False,raw observation/full12 ledgers vs immutable v010 contract
trial_039_20260902_clean_v010,P04,rear_left_hip,servo,command_peak_velocity_error_percent,5.6843418860808015e-12,True,,False,raw observation/full12 ledgers vs immutable v010 contract
trial_039_20260902_clean_v010,P04,rear_left_hip,servo,measured_peak_velocity_error_percent,10.119260929460237,True,,False,raw observation/full12 ledgers vs immutable v010 contract
trial_039_20260902_clean_v010,P04,rear_left_hip,servo,trajectory_rmse_percent,4.50735691578392,True,,False,raw observation/full12 ledgers vs immutable v010 contract
trial_039_20260902_clean_v010,P04,front_left_ankle,wheel,duration_error_percent,5.6991448597427944e-12,True,,False,raw observation/full12 ledgers vs immutable v010 contract
trial_039_20260902_clean_v010,P04,front_left_ankle,wheel,command_average_velocity_error_percent,2.422304781000341e-13,True,,False,raw observation/full12 ledgers vs immutable v010 contract
trial_039_20260902_clean_v010,P04,front_left_ankle,wheel,measured_average_velocity_error_percent,0.42958795965651825,True,,False,raw observation/full12 ledgers vs immutable v010 contract
trial_039_20260902_clean_v010,P04,front_left_ankle,wheel,command_peak_velocity_error_percent,0.0,True,,False,raw observation/full12 ledgers vs immutable v010 contract
trial_039_20260902_clean_v010,P04,front_left_ankle,wheel,measured_peak_velocity_error_percent,7.601253493407302,True,,False,raw observation/full12 ledgers vs immutable v010 contract
trial_039_20260902_clean_v010,P04,front_left_ankle,wheel,command_wheel_integral_error_percent,5.938011025647008e-12,True,,False,raw observation/full12 ledgers vs immutable v010 contract
trial_039_20260902_clean_v010,P04,front_left_ankle,wheel,actual_wheel_integral_error_percent,0.31857569301646965,True,,False,raw observation/full12 ledgers vs immutable v010 contract
trial_039_20260902_clean_v010,P04,front_right_ankle,wheel,duration_error_percent,5.6991448597427944e-12,True,,False,raw observation/full12 ledgers vs immutable v010 contract
trial_039_20260902_clean_v010,P04,front_right_ankle,wheel,command_average_velocity_error_percent,2.422304781000341e-13,True,,False,raw observation/full12 ledgers vs immutable v010 contract
trial_039_20260902_clean_v010,P04,front_right_ankle,wheel,measured_average_velocity_error_percent,0.08029849733048401,True,,False,raw observation/full12 ledgers vs immutable v010 contract
trial_039_20260902_clean_v010,P04,front_right_ankle,wheel,command_peak_velocity_error_percent,0.0,True,,False,raw observation/full12 ledgers vs immutable v010 contract
trial_039_20260902_clean_v010,P04,front_right_ankle,wheel,measured_peak_velocity_error_percent,24.26166407085502,True,,False,raw observation/full12 ledgers vs immutable v010 contract
trial_039_20260902_clean_v010,P04,front_right_ankle,wheel,command_wheel_integral_error_percent,5.938011025647008e-12,True,,False,raw observation/full12 ledgers vs immutable v010 contract
trial_039_20260902_clean_v010,P04,front_right_ankle,wheel,actual_wheel_integral_error_percent,0.30817927590017,True,,False,raw observation/full12 ledgers vs immutable v010 contract
trial_039_20260902_clean_v010,P04,rear_left_ankle,wheel,duration_error_percent,5.6991448597427944e-12,True,,False,raw observation/full12 ledgers vs immutable v010 contract
trial_039_20260902_clean_v010,P04,rear_left_ankle,wheel,command_average_velocity_error_percent,2.422304781000341e-13,True,,False,raw observation/full12 ledgers vs immutable v010 contract
trial_039_20260902_clean_v010,P04,rear_left_ankle,wheel,measured_average_velocity_error_percent,0.08193004122364549,True,,False,raw observation/full12 ledgers vs immutable v010 contract
trial_039_20260902_clean_v010,P04,rear_left_ankle,wheel,command_peak_velocity_error_percent,0.0,True,,False,raw observation/full12 ledgers vs immutable v010 contract
trial_039_20260902_clean_v010,P04,rear_left_ankle,wheel,measured_peak_velocity_error_percent,0.12192850597802711,True,,False,raw observation/full12 ledgers vs immutable v010 contract
trial_039_20260902_clean_v010,P04,rear_left_ankle,wheel,command_wheel_integral_error_percent,5.938011025647008e-12,True,,False,raw observation/full12 ledgers vs immutable v010 contract
trial_039_20260902_clean_v010,P04,rear_left_ankle,wheel,actual_wheel_integral_error_percent,0.11184002002057761,True,,False,raw observation/full12 ledgers vs immutable v010 contract
trial_039_20260902_clean_v010,P04,rear_right_ankle,wheel,duration_error_percent,5.6991448597427944e-12,True,,False,raw observation/full12 ledgers vs immutable v010 contract
trial_039_20260902_clean_v010,P04,rear_right_ankle,wheel,command_average_velocity_error_percent,2.422304781000341e-13,True,,False,raw observation/full12 ledgers vs immutable v010 contract
trial_039_20260902_clean_v010,P04,rear_right_ankle,wheel,measured_average_velocity_error_percent,0.0059499567672346805,True,,False,raw observation/full12 ledgers vs immutable v010 contract
trial_039_20260902_clean_v010,P04,rear_right_ankle,wheel,command_peak_velocity_error_percent,0.0,True,,False,raw observation/full12 ledgers vs immutable v010 contract
trial_039_20260902_clean_v010,P04,rear_right_ankle,wheel,measured_peak_velocity_error_percent,20.339170292899542,True,,False,raw observation/full12 ledgers vs immutable v010 contract
trial_039_20260902_clean_v010,P04,rear_right_ankle,wheel,command_wheel_integral_error_percent,5.938011025647008e-12,True,,False,raw observation/full12 ledgers vs immutable v010 contract
trial_039_20260902_clean_v010,P04,rear_right_ankle,wheel,actual_wheel_integral_error_percent,0.40466802524457035,True,,False,raw observation/full12 ledgers vs immutable v010 contract
trial_039_20260902_clean_v010,P05,front_left_hip,servo,command_endpoint_error_percent,0.0,True,,False,raw observation/full12 ledgers vs immutable v010 contract
trial_039_20260902_clean_v010,P05,front_left_hip,servo,actual_endpoint_error_percent,1.619428865119014,True,,False,raw observation/full12 ledgers vs immutable v010 contract
trial_039_20260902_clean_v010,P05,front_left_hip,servo,command_delta_error_percent,0.0,True,,False,raw observation/full12 ledgers vs immutable v010 contract
trial_039_20260902_clean_v010,P05,front_left_hip,servo,actual_delta_error_percent,1.9852821064015886,True,,False,raw observation/full12 ledgers vs immutable v010 contract
trial_039_20260902_clean_v010,P05,front_left_hip,servo,duration_error_percent,5.657574865213446e-12,True,,False,raw observation/full12 ledgers vs immutable v010 contract
trial_039_20260902_clean_v010,P05,front_left_hip,servo,command_average_velocity_error_percent,5.638002142443955e-12,True,,False,raw observation/full12 ledgers vs immutable v010 contract
trial_039_20260902_clean_v010,P05,front_left_hip,servo,measured_average_velocity_error_percent,0.28302111682023917,True,,False,raw observation/full12 ledgers vs immutable v010 contract
trial_039_20260902_clean_v010,P05,front_left_hip,servo,command_peak_velocity_error_percent,5.760133111228545e-12,True,,False,raw observation/full12 ledgers vs immutable v010 contract
trial_039_20260902_clean_v010,P05,front_left_hip,servo,measured_peak_velocity_error_percent,0.20614836713671758,True,,False,raw observation/full12 ledgers vs immutable v010 contract
trial_039_20260902_clean_v010,P05,front_left_hip,servo,trajectory_rmse_percent,0.47287801478256974,True,,False,raw observation/full12 ledgers vs immutable v010 contract
trial_039_20260902_clean_v010,P05,front_left_knee,servo,command_endpoint_error_percent,0.0,True,,False,raw observation/full12 ledgers vs immutable v010 contract
trial_039_20260902_clean_v010,P05,front_left_knee,servo,actual_endpoint_error_percent,0.14751411189024569,True,,False,raw observation/full12 ledgers vs immutable v010 contract
trial_039_20260902_clean_v010,P05,front_left_knee,servo,command_delta_error_percent,0.0,True,,False,raw observation/full12 ledgers vs immutable v010 contract
trial_039_20260902_clean_v010,P05,front_left_knee,servo,actual_delta_error_percent,0.24353219227501652,True,,False,raw observation/full12 ledgers vs immutable v010 contract
trial_039_20260902_clean_v010,P05,front_left_knee,servo,duration_error_percent,5.657574865213446e-12,True,,False,raw observation/full12 ledgers vs immutable v010 contract
trial_039_20260902_clean_v010,P05,front_left_knee,servo,command_average_velocity_error_percent,5.662316976481448e-12,True,,False,raw observation/full12 ledgers vs immutable v010 contract
trial_039_20260902_clean_v010,P05,front_left_knee,servo,measured_average_velocity_error_percent,0.015441627480206123,True,,False,raw observation/full12 ledgers vs immutable v010 contract
trial_039_20260902_clean_v010,P05,front_left_knee,servo,command_peak_velocity_error_percent,5.6843418860808015e-12,True,,False,raw observation/full12 ledgers vs immutable v010 contract
trial_039_20260902_clean_v010,P05,front_left_knee,servo,measured_peak_velocity_error_percent,0.38332689447869817,True,,False,raw observation/full12 ledgers vs immutable v010 contract
trial_039_20260902_clean_v010,P05,front_left_knee,servo,trajectory_rmse_percent,2.5549430096222583,True,,False,raw observation/full12 ledgers vs immutable v010 contract
trial_039_20260902_clean_v010,P05,front_left_ankle,wheel,duration_error_percent,5.657574865213446e-12,True,,False,raw observation/full12 ledgers vs immutable v010 contract
trial_039_20260902_clean_v010,P05,front_left_ankle,wheel,command_average_velocity_error_percent,1.3837169892279397e-12,True,,False,raw observation/full12 ledgers vs immutable v010 contract
trial_039_20260902_clean_v010,P05,front_left_ankle,wheel,measured_average_velocity_error_percent,0.019799506494464145,True,,False,raw observation/full12 ledgers vs immutable v010 contract
trial_039_20260902_clean_v010,P05,front_left_ankle,wheel,command_peak_velocity_error_percent,0.0,True,,False,raw observation/full12 ledgers vs immutable v010 contract
trial_039_20260902_clean_v010,P05,front_left_ankle,wheel,measured_peak_velocity_error_percent,0.06478357288896192,True,,False,raw observation/full12 ledgers vs immutable v010 contract
trial_039_20260902_clean_v010,P05,front_left_ankle,wheel,command_wheel_integral_error_percent,7.0223862858408205e-12,True,,False,raw observation/full12 ledgers vs immutable v010 contract
trial_039_20260902_clean_v010,P05,front_left_ankle,wheel,actual_wheel_integral_error_percent,0.04075843866450638,True,,False,raw observation/full12 ledgers vs immutable v010 contract
trial_039_20260902_clean_v010,P05,front_right_ankle,wheel,duration_error_percent,5.657574865213446e-12,True,,False,raw observation/full12 ledgers vs immutable v010 contract
trial_039_20260902_clean_v010,P05,front_right_ankle,wheel,command_average_velocity_error_percent,1.3837169892279397e-12,True,,False,raw observation/full12 ledgers vs immutable v010 contract
trial_039_20260902_clean_v010,P05,front_right_ankle,wheel,measured_average_velocity_error_percent,2.850397329490911,True,,False,raw observation/full12 ledgers vs immutable v010 contract
trial_039_20260902_clean_v010,P05,front_right_ankle,wheel,command_peak_velocity_error_percent,0.0,True,,False,raw observation/full12 ledgers vs immutable v010 contract
trial_039_20260902_clean_v010,P05,front_right_ankle,wheel,measured_peak_velocity_error_percent,3.6801707044179963,True,,False,raw observation/full12 ledgers vs immutable v010 contract
trial_039_20260902_clean_v010,P05,front_right_ankle,wheel,command_wheel_integral_error_percent,7.0223862858408205e-12,True,,False,raw observation/full12 ledgers vs immutable v010 contract
trial_039_20260902_clean_v010,P05,front_right_ankle,wheel,actual_wheel_integral_error_percent,1.2232440168883671,True,,False,raw observation/full12 ledgers vs immutable v010 contract
trial_039_20260902_clean_v010,P05,rear_left_ankle,wheel,duration_error_percent,5.657574865213446e-12,True,,False,raw observation/full12 ledgers vs immutable v010 contract
trial_039_20260902_clean_v010,P05,rear_left_ankle,wheel,command_average_velocity_error_percent,1.3837169892279397e-12,True,,False,raw observation/full12 ledgers vs immutable v010 contract
trial_039_20260902_clean_v010,P05,rear_left_ankle,wheel,measured_average_velocity_error_percent,1.8358516963183216,True,,False,raw observation/full12 ledgers vs immutable v010 contract
trial_039_20260902_clean_v010,P05,rear_left_ankle,wheel,command_peak_velocity_error_percent,0.0,True,,False,raw observation/full12 ledgers vs immutable v010 contract
trial_039_20260902_clean_v010,P05,rear_left_ankle,wheel,measured_peak_velocity_error_percent,3.524476864612725,True,,False,raw observation/full12 ledgers vs immutable v010 contract
trial_039_20260902_clean_v010,P05,rear_left_ankle,wheel,command_wheel_integral_error_percent,7.0223862858408205e-12,True,,False,raw observation/full12 ledgers vs immutable v010 contract
trial_039_20260902_clean_v010,P05,rear_left_ankle,wheel,actual_wheel_integral_error_percent,2.358409983443402,True,,False,raw observation/full12 ledgers vs immutable v010 contract
trial_039_20260902_clean_v010,P05,rear_right_ankle,wheel,duration_error_percent,5.657574865213446e-12,True,,False,raw observation/full12 ledgers vs immutable v010 contract
trial_039_20260902_clean_v010,P05,rear_right_ankle,wheel,command_average_velocity_error_percent,1.3837169892279397e-12,True,,False,raw observation/full12 ledgers vs immutable v010 contract
trial_039_20260902_clean_v010,P05,rear_right_ankle,wheel,measured_average_velocity_error_percent,1.2256433114788465,True,,False,raw observation/full12 ledgers vs immutable v010 contract
trial_039_20260902_clean_v010,P05,rear_right_ankle,wheel,command_peak_velocity_error_percent,0.0,True,,False,raw observation/full12 ledgers vs immutable v010 contract
trial_039_20260902_clean_v010,P05,rear_right_ankle,wheel,measured_peak_velocity_error_percent,0.4765971582383816,True,,False,raw observation/full12 ledgers vs immutable v010 contract
trial_039_20260902_clean_v010,P05,rear_right_ankle,wheel,command_wheel_integral_error_percent,7.0223862858408205e-12,True,,False,raw observation/full12 ledgers vs immutable v010 contract
trial_039_20260902_clean_v010,P05,rear_right_ankle,wheel,actual_wheel_integral_error_percent,2.6666462879369917,True,,False,raw observation/full12 ledgers vs immutable v010 contract
trial_039_20260902_clean_v010,P06,front_left_ankle,wheel,duration_error_percent,5.690835096460134e-12,True,,False,raw observation/full12 ledgers vs immutable v010 contract
trial_039_20260902_clean_v010,P06,front_left_ankle,wheel,command_average_velocity_error_percent,4.773959005888173e-12,True,,False,raw observation/full12 ledgers vs immutable v010 contract
trial_039_20260902_clean_v010,P06,front_left_ankle,wheel,measured_average_velocity_error_percent,0.07029984006987666,True,,False,raw observation/full12 ledgers vs immutable v010 contract
trial_039_20260902_clean_v010,P06,front_left_ankle,wheel,command_peak_velocity_error_percent,0.0,True,,False,raw observation/full12 ledgers vs immutable v010 contract
trial_039_20260902_clean_v010,P06,front_left_ankle,wheel,measured_peak_velocity_error_percent,2.688391903115966,True,,False,raw observation/full12 ledgers vs immutable v010 contract
trial_039_20260902_clean_v010,P06,front_left_ankle,wheel,command_wheel_integral_error_percent,9.160064641816435e-13,True,,False,raw observation/full12 ledgers vs immutable v010 contract
trial_039_20260902_clean_v010,P06,front_left_ankle,wheel,actual_wheel_integral_error_percent,0.07803576623568119,True,,False,raw observation/full12 ledgers vs immutable v010 contract
trial_039_20260902_clean_v010,P06,front_right_ankle,wheel,duration_error_percent,5.690835096460134e-12,True,,False,raw observation/full12 ledgers vs immutable v010 contract
trial_039_20260902_clean_v010,P06,front_right_ankle,wheel,command_average_velocity_error_percent,4.773959005888173e-12,True,,False,raw observation/full12 ledgers vs immutable v010 contract
trial_039_20260902_clean_v010,P06,front_right_ankle,wheel,measured_average_velocity_error_percent,0.10963570179198144,True,,False,raw observation/full12 ledgers vs immutable v010 contract
trial_039_20260902_clean_v010,P06,front_right_ankle,wheel,command_peak_velocity_error_percent,0.0,True,,False,raw observation/full12 ledgers vs immutable v010 contract
trial_039_20260902_clean_v010,P06,front_right_ankle,wheel,measured_peak_velocity_error_percent,6.927080012968492,True,,False,raw observation/full12 ledgers vs immutable v010 contract
trial_039_20260902_clean_v010,P06,front_right_ankle,wheel,command_wheel_integral_error_percent,9.160064641816435e-13,True,,False,raw observation/full12 ledgers vs immutable v010 contract
trial_039_20260902_clean_v010,P06,front_right_ankle,wheel,actual_wheel_integral_error_percent,0.10658622773230186,True,,False,raw observation/full12 ledgers vs immutable v010 contract
trial_039_20260902_clean_v010,P06,rear_left_ankle,wheel,duration_error_percent,5.690835096460134e-12,True,,False,raw observation/full12 ledgers vs immutable v010 contract
trial_039_20260902_clean_v010,P06,rear_left_ankle,wheel,command_average_velocity_error_percent,4.773959005888173e-12,True,,False,raw observation/full12 ledgers vs immutable v010 contract
trial_039_20260902_clean_v010,P06,rear_left_ankle,wheel,measured_average_velocity_error_percent,0.19888125325727746,True,,False,raw observation/full12 ledgers vs immutable v010 contract
trial_039_20260902_clean_v010,P06,rear_left_ankle,wheel,command_peak_velocity_error_percent,0.0,True,,False,raw observation/full12 ledgers vs immutable v010 contract
trial_039_20260902_clean_v010,P06,rear_left_ankle,wheel,measured_peak_velocity_error_percent,2.340910454534315,True,,False,raw observation/full12 ledgers vs immutable v010 contract
trial_039_20260902_clean_v010,P06,rear_left_ankle,wheel,command_wheel_integral_error_percent,9.160064641816435e-13,True,,False,raw observation/full12 ledgers vs immutable v010 contract
trial_039_20260902_clean_v010,P06,rear_left_ankle,wheel,actual_wheel_integral_error_percent,0.19439954973571766,True,,False,raw observation/full12 ledgers vs immutable v010 contract
trial_039_20260902_clean_v010,P06,rear_right_ankle,wheel,duration_error_percent,5.690835096460134e-12,True,,False,raw observation/full12 ledgers vs immutable v010 contract
trial_039_20260902_clean_v010,P06,rear_right_ankle,wheel,command_average_velocity_error_percent,4.773959005888173e-12,True,,False,raw observation/full12 ledgers vs immutable v010 contract
trial_039_20260902_clean_v010,P06,rear_right_ankle,wheel,measured_average_velocity_error_percent,0.15228273136061538,True,,False,raw observation/full12 ledgers vs immutable v010 contract
trial_039_20260902_clean_v010,P06,rear_right_ankle,wheel,command_peak_velocity_error_percent,0.0,True,,False,raw observation/full12 ledgers vs immutable v010 contract
trial_039_20260902_clean_v010,P06,rear_right_ankle,wheel,measured_peak_velocity_error_percent,0.9654514033631753,True,,False,raw observation/full12 ledgers vs immutable v010 contract
trial_039_20260902_clean_v010,P06,rear_right_ankle,wheel,command_wheel_integral_error_percent,9.160064641816435e-13,True,,False,raw observation/full12 ledgers vs immutable v010 contract
trial_039_20260902_clean_v010,P06,rear_right_ankle,wheel,actual_wheel_integral_error_percent,0.15042107965146173,True,,False,raw observation/full12 ledgers vs immutable v010 contract
trial_039_20260902_clean_v010,P07,front_left_hip,servo,command_endpoint_error_percent,0.0,True,,False,raw observation/full12 ledgers vs immutable v010 contract
trial_039_20260902_clean_v010,P07,front_left_hip,servo,actual_endpoint_error_percent,1.4913588365586685,True,,False,raw observation/full12 ledgers vs immutable v010 contract
trial_039_20260902_clean_v010,P07,front_left_hip,servo,command_delta_error_percent,0.0,True,,False,raw observation/full12 ledgers vs immutable v010 contract
trial_039_20260902_clean_v010,P07,front_left_hip,servo,actual_delta_error_percent,1.4782280140245563,True,,False,raw observation/full12 ledgers vs immutable v010 contract
trial_039_20260902_clean_v010,P07,front_left_hip,servo,duration_error_percent,5.5422333389290965e-12,True,,False,raw observation/full12 ledgers vs immutable v010 contract
trial_039_20260902_clean_v010,P07,front_left_hip,servo,command_average_velocity_error_percent,5.569118739741008e-12,True,,False,raw observation/full12 ledgers vs immutable v010 contract
trial_039_20260902_clean_v010,P07,front_left_hip,servo,measured_average_velocity_error_percent,0.3827407195603606,True,,False,raw observation/full12 ledgers vs immutable v010 contract
trial_039_20260902_clean_v010,P07,front_left_hip,servo,command_peak_velocity_error_percent,5.6843418860808015e-12,True,,False,raw observation/full12 ledgers vs immutable v010 contract
trial_039_20260902_clean_v010,P07,front_left_hip,servo,measured_peak_velocity_error_percent,0.20537805797770933,True,,False,raw observation/full12 ledgers vs immutable v010 contract
trial_039_20260902_clean_v010,P07,front_left_hip,servo,trajectory_rmse_percent,0.5781083338864565,True,,False,raw observation/full12 ledgers vs immutable v010 contract
trial_039_20260902_clean_v010,P07,front_right_knee,servo,command_endpoint_error_percent,0.0,True,,False,raw observation/full12 ledgers vs immutable v010 contract
trial_039_20260902_clean_v010,P07,front_right_knee,servo,actual_endpoint_error_percent,8.728727934678767,True,,False,raw observation/full12 ledgers vs immutable v010 contract
trial_039_20260902_clean_v010,P07,front_right_knee,servo,command_delta_error_percent,0.0,True,,False,raw observation/full12 ledgers vs immutable v010 contract
trial_039_20260902_clean_v010,P07,front_right_knee,servo,actual_delta_error_percent,11.897289610589139,True,,False,raw observation/full12 ledgers vs immutable v010 contract
trial_039_20260902_clean_v010,P07,front_right_knee,servo,duration_error_percent,5.5422333389290965e-12,True,,False,raw observation/full12 ledgers vs immutable v010 contract
trial_039_20260902_clean_v010,P07,front_right_knee,servo,command_average_velocity_error_percent,5.541113113894611e-12,True,,False,raw observation/full12 ledgers vs immutable v010 contract
trial_039_20260902_clean_v010,P07,front_right_knee,servo,measured_average_velocity_error_percent,6.17483485378248,True,,False,raw observation/full12 ledgers vs immutable v010 contract
trial_039_20260902_clean_v010,P07,front_right_knee,servo,command_peak_velocity_error_percent,5.6843418860808015e-12,True,,False,raw observation/full12 ledgers vs immutable v010 contract
trial_039_20260902_clean_v010,P07,front_right_knee,servo,measured_peak_velocity_error_percent,9.53917239247474,True,,False,raw observation/full12 ledgers vs immutable v010 contract
trial_039_20260902_clean_v010,P07,front_right_knee,servo,trajectory_rmse_percent,5.246093993053056,True,,False,raw observation/full12 ledgers vs immutable v010 contract
trial_039_20260902_clean_v010,P07,front_right_ankle,wheel,duration_error_percent,5.5422333389290965e-12,True,,False,raw observation/full12 ledgers vs immutable v010 contract
trial_039_20260902_clean_v010,P07,front_right_ankle,wheel,command_average_velocity_error_percent,3.3776626410553707e-13,True,,False,raw observation/full12 ledgers vs immutable v010 contract
trial_039_20260902_clean_v010,P07,front_right_ankle,wheel,measured_average_velocity_error_percent,0.4480424461485085,True,,False,raw observation/full12 ledgers vs immutable v010 contract
trial_039_20260902_clean_v010,P07,front_right_ankle,wheel,command_peak_velocity_error_percent,0.0,True,,False,raw observation/full12 ledgers vs immutable v010 contract
trial_039_20260902_clean_v010,P07,front_right_ankle,wheel,measured_peak_velocity_error_percent,13.934239198466742,True,,False,raw observation/full12 ledgers vs immutable v010 contract
trial_039_20260902_clean_v010,P07,front_right_ankle,wheel,command_wheel_integral_error_percent,5.868321701590447e-12,True,,False,raw observation/full12 ledgers vs immutable v010 contract
trial_039_20260902_clean_v010,P07,front_right_ankle,wheel,actual_wheel_integral_error_percent,1.1208595526636802,True,,False,raw observation/full12 ledgers vs immutable v010 contract
trial_039_20260902_clean_v010,P08,rear_left_hip,servo,command_endpoint_error_percent,1.4620220900413587e-14,True,,False,raw observation/full12 ledgers vs immutable v010 contract
trial_039_20260902_clean_v010,P08,rear_left_hip,servo,actual_endpoint_error_percent,1.5902676039769381,True,,False,raw observation/full12 ledgers vs immutable v010 contract
trial_039_20260902_clean_v010,P08,rear_left_hip,servo,command_delta_error_percent,0.0,True,,False,raw observation/full12 ledgers vs immutable v010 contract
trial_039_20260902_clean_v010,P08,rear_left_hip,servo,actual_delta_error_percent,6.453205943531124,True,,False,raw observation/full12 ledgers vs immutable v010 contract
trial_039_20260902_clean_v010,P08,rear_left_hip,servo,duration_error_percent,5.329070518201054e-12,True,,False,raw observation/full12 ledgers vs immutable v010 contract
trial_039_20260902_clean_v010,P08,rear_left_hip,servo,command_average_velocity_error_percent,5.345152761190903e-12,True,,False,raw observation/full12 ledgers vs immutable v010 contract
trial_039_20260902_clean_v010,P08,rear_left_hip,servo,measured_average_velocity_error_percent,8.214915130641607,True,,False,raw observation/full12 ledgers vs immutable v010 contract
trial_039_20260902_clean_v010,P08,rear_left_hip,servo,command_peak_velocity_error_percent,5.6843418860808015e-12,True,,False,raw observation/full12 ledgers vs immutable v010 contract
trial_039_20260902_clean_v010,P08,rear_left_hip,servo,measured_peak_velocity_error_percent,9.7478935167321,True,,False,raw observation/full12 ledgers vs immutable v010 contract
trial_039_20260902_clean_v010,P08,rear_left_hip,servo,trajectory_rmse_percent,2.9583833055237543,True,,False,raw observation/full12 ledgers vs immutable v010 contract
trial_039_20260902_clean_v010,P09,front_left_hip,servo,command_endpoint_error_percent,0.0,True,,False,raw observation/full12 ledgers vs immutable v010 contract
trial_039_20260902_clean_v010,P09,front_left_hip,servo,actual_endpoint_error_percent,0.3794164103040893,True,,False,raw observation/full12 ledgers vs immutable v010 contract
trial_039_20260902_clean_v010,P09,front_left_hip,servo,command_delta_error_percent,0.0,True,,False,raw observation/full12 ledgers vs immutable v010 contract
trial_039_20260902_clean_v010,P09,front_left_hip,servo,actual_delta_error_percent,0.3786747785553291,True,,False,raw observation/full12 ledgers vs immutable v010 contract
trial_039_20260902_clean_v010,P09,front_left_hip,servo,duration_error_percent,3.1777050127038847e-11,True,,False,raw observation/full12 ledgers vs immutable v010 contract
trial_039_20260902_clean_v010,P09,front_left_hip,servo,command_average_velocity_error_percent,3.178403249875698e-11,True,,False,raw observation/full12 ledgers vs immutable v010 contract
trial_039_20260902_clean_v010,P09,front_left_hip,servo,measured_average_velocity_error_percent,2.2211856931661544,True,,False,raw observation/full12 ledgers vs immutable v010 contract
trial_039_20260902_clean_v010,P09,front_left_hip,servo,command_peak_velocity_error_percent,9.094947017729282e-11,True,,False,raw observation/full12 ledgers vs immutable v010 contract
trial_039_20260902_clean_v010,P09,front_left_hip,servo,measured_peak_velocity_error_percent,4.434272678449841,True,,False,raw observation/full12 ledgers vs immutable v010 contract
trial_039_20260902_clean_v010,P09,front_left_hip,servo,trajectory_rmse_percent,0.6472317563376658,True,,False,raw observation/full12 ledgers vs immutable v010 contract
trial_039_20260902_clean_v010,P09,front_left_knee,servo,command_endpoint_error_percent,0.0,True,,False,raw observation/full12 ledgers vs immutable v010 contract
trial_039_20260902_clean_v010,P09,front_left_knee,servo,actual_endpoint_error_percent,6.209381892701653,True,,False,raw observation/full12 ledgers vs immutable v010 contract
trial_039_20260902_clean_v010,P09,front_left_knee,servo,command_delta_error_percent,0.0,True,,False,raw observation/full12 ledgers vs immutable v010 contract
trial_039_20260902_clean_v010,P09,front_left_knee,servo,actual_delta_error_percent,6.237233886317167,True,,False,raw observation/full12 ledgers vs immutable v010 contract
trial_039_20260902_clean_v010,P09,front_left_knee,servo,duration_error_percent,3.1777050127038847e-11,True,,False,raw observation/full12 ledgers vs immutable v010 contract
trial_039_20260902_clean_v010,P09,front_left_knee,servo,command_average_velocity_error_percent,2.383426789265286e-11,True,,False,raw observation/full12 ledgers vs immutable v010 contract
trial_039_20260902_clean_v010,P09,front_left_knee,servo,measured_average_velocity_error_percent,3.186921304011658,True,,False,raw observation/full12 ledgers vs immutable v010 contract
trial_039_20260902_clean_v010,P09,front_left_knee,servo,command_peak_velocity_error_percent,9.094947017729282e-11,True,,False,raw observation/full12 ledgers vs immutable v010 contract
trial_039_20260902_clean_v010,P09,front_left_knee,servo,measured_peak_velocity_error_percent,0.6504231277491087,True,,False,raw observation/full12 ledgers vs immutable v010 contract
trial_039_20260902_clean_v010,P09,front_left_knee,servo,trajectory_rmse_percent,4.861838572052814,True,,False,raw observation/full12 ledgers vs immutable v010 contract
trial_039_20260902_clean_v010,P09,rear_left_hip,servo,command_endpoint_error_percent,0.0,True,,False,raw observation/full12 ledgers vs immutable v010 contract
trial_039_20260902_clean_v010,P09,rear_left_hip,servo,actual_endpoint_error_percent,1.0165093875839462,True,,False,raw observation/full12 ledgers vs immutable v010 contract
trial_039_20260902_clean_v010,P09,rear_left_hip,servo,command_delta_error_percent,2.24855296126614e-14,True,,False,raw observation/full12 ledgers vs immutable v010 contract
trial_039_20260902_clean_v010,P09,rear_left_hip,servo,actual_delta_error_percent,0.7775176102015551,True,,False,raw observation/full12 ledgers vs immutable v010 contract
trial_039_20260902_clean_v010,P09,rear_left_hip,servo,duration_error_percent,3.1777050127038847e-11,True,,False,raw observation/full12 ledgers vs immutable v010 contract
trial_039_20260902_clean_v010,P09,rear_left_hip,servo,command_average_velocity_error_percent,2.092992446023345e-11,True,,False,raw observation/full12 ledgers vs immutable v010 contract
trial_039_20260902_clean_v010,P09,rear_left_hip,servo,measured_average_velocity_error_percent,1.8806905883760252,True,,False,raw observation/full12 ledgers vs immutable v010 contract
trial_039_20260902_clean_v010,P09,rear_left_hip,servo,command_peak_velocity_error_percent,9.094947017729282e-11,True,,False,raw observation/full12 ledgers vs immutable v010 contract
trial_039_20260902_clean_v010,P09,rear_left_hip,servo,measured_peak_velocity_error_percent,1.3420542353998772,True,,False,raw observation/full12 ledgers vs immutable v010 contract
trial_039_20260902_clean_v010,P09,rear_left_hip,servo,trajectory_rmse_percent,0.27463643514663927,True,,False,raw observation/full12 ledgers vs immutable v010 contract
trial_039_20260902_clean_v010,P09,rear_left_knee,servo,command_endpoint_error_percent,0.0,True,,False,raw observation/full12 ledgers vs immutable v010 contract
trial_039_20260902_clean_v010,P09,rear_left_knee,servo,actual_endpoint_error_percent,0.5339694023041112,True,,False,raw observation/full12 ledgers vs immutable v010 contract
trial_039_20260902_clean_v010,P09,rear_left_knee,servo,command_delta_error_percent,0.0,True,,False,raw observation/full12 ledgers vs immutable v010 contract
trial_039_20260902_clean_v010,P09,rear_left_knee,servo,actual_delta_error_percent,6.887842821001757,True,,False,raw observation/full12 ledgers vs immutable v010 contract
trial_039_20260902_clean_v010,P09,rear_left_knee,servo,duration_error_percent,3.1777050127038847e-11,True,,False,raw observation/full12 ledgers vs immutable v010 contract
trial_039_20260902_clean_v010,P09,rear_left_knee,servo,command_average_velocity_error_percent,2.5686119897727622e-11,True,,False,raw observation/full12 ledgers vs immutable v010 contract
trial_039_20260902_clean_v010,P09,rear_left_knee,servo,measured_average_velocity_error_percent,11.639848825861877,True,,False,raw observation/full12 ledgers vs immutable v010 contract
trial_039_20260902_clean_v010,P09,rear_left_knee,servo,command_peak_velocity_error_percent,9.094947017729282e-11,True,,False,raw observation/full12 ledgers vs immutable v010 contract
trial_039_20260902_clean_v010,P09,rear_left_knee,servo,measured_peak_velocity_error_percent,5.085363625098651,True,,False,raw observation/full12 ledgers vs immutable v010 contract
trial_039_20260902_clean_v010,P09,rear_left_knee,servo,trajectory_rmse_percent,4.142986662888791,True,,False,raw observation/full12 ledgers vs immutable v010 contract
trial_039_20260902_clean_v010,P09,rear_right_hip,servo,command_endpoint_error_percent,0.0,True,,False,raw observation/full12 ledgers vs immutable v010 contract
trial_039_20260902_clean_v010,P09,rear_right_hip,servo,actual_endpoint_error_percent,5.1958189404651,True,,False,raw observation/full12 ledgers vs immutable v010 contract
trial_039_20260902_clean_v010,P09,rear_right_hip,servo,command_delta_error_percent,0.0,True,,False,raw observation/full12 ledgers vs immutable v010 contract
trial_039_20260902_clean_v010,P09,rear_right_hip,servo,actual_delta_error_percent,4.549185165024059,True,,False,raw observation/full12 ledgers vs immutable v010 contract
trial_039_20260902_clean_v010,P09,rear_right_hip,servo,duration_error_percent,3.1777050127038847e-11,True,,False,raw observation/full12 ledgers vs immutable v010 contract
trial_039_20260902_clean_v010,P09,rear_right_hip,servo,command_average_velocity_error_percent,3.179573454653826e-11,True,,False,raw observation/full12 ledgers vs immutable v010 contract
trial_039_20260902_clean_v010,P09,rear_right_hip,servo,measured_average_velocity_error_percent,0.12482800873749562,True,,False,raw observation/full12 ledgers vs immutable v010 contract
trial_039_20260902_clean_v010,P09,rear_right_hip,servo,command_peak_velocity_error_percent,9.094947017729282e-11,True,,False,raw observation/full12 ledgers vs immutable v010 contract
trial_039_20260902_clean_v010,P09,rear_right_hip,servo,measured_peak_velocity_error_percent,0.5009831612918643,True,,False,raw observation/full12 ledgers vs immutable v010 contract
trial_039_20260902_clean_v010,P09,rear_right_hip,servo,trajectory_rmse_percent,1.2341189346188624,True,,False,raw observation/full12 ledgers vs immutable v010 contract
trial_039_20260902_clean_v010,P09,rear_right_knee,servo,command_endpoint_error_percent,0.0,True,,False,raw observation/full12 ledgers vs immutable v010 contract
trial_039_20260902_clean_v010,P09,rear_right_knee,servo,actual_endpoint_error_percent,4.611796128514831,True,,False,raw observation/full12 ledgers vs immutable v010 contract
trial_039_20260902_clean_v010,P09,rear_right_knee,servo,command_delta_error_percent,0.0,True,,False,raw observation/full12 ledgers vs immutable v010 contract
trial_039_20260902_clean_v010,P09,rear_right_knee,servo,actual_delta_error_percent,4.593984402869557,True,,False,raw observation/full12 ledgers vs immutable v010 contract
trial_039_20260902_clean_v010,P09,rear_right_knee,servo,duration_error_percent,3.1777050127038847e-11,True,,False,raw observation/full12 ledgers vs immutable v010 contract
trial_039_20260902_clean_v010,P09,rear_right_knee,servo,command_average_velocity_error_percent,3.177141089899741e-11,True,,False,raw observation/full12 ledgers vs immutable v010 contract
trial_039_20260902_clean_v010,P09,rear_right_knee,servo,measured_average_velocity_error_percent,1.717042449491193,True,,False,raw observation/full12 ledgers vs immutable v010 contract
trial_039_20260902_clean_v010,P09,rear_right_knee,servo,command_peak_velocity_error_percent,9.094947017729282e-11,True,,False,raw observation/full12 ledgers vs immutable v010 contract
trial_039_20260902_clean_v010,P09,rear_right_knee,servo,measured_peak_velocity_error_percent,0.5830833299608836,True,,False,raw observation/full12 ledgers vs immutable v010 contract
trial_039_20260902_clean_v010,P09,rear_right_knee,servo,trajectory_rmse_percent,3.2624658065657446,True,,False,raw observation/full12 ledgers vs immutable v010 contract
trial_039_20260902_clean_v010,P09,front_left_ankle,wheel,duration_error_percent,3.1777050127038847e-11,True,,False,raw observation/full12 ledgers vs immutable v010 contract
trial_039_20260902_clean_v010,P09,front_left_ankle,wheel,command_average_velocity_error_percent,0.6704005431391902,True,,False,raw observation/full12 ledgers vs immutable v010 contract
trial_039_20260902_clean_v010,P09,front_left_ankle,wheel,measured_average_velocity_error_percent,1.0603519684788456,True,,False,raw observation/full12 ledgers vs immutable v010 contract
trial_039_20260902_clean_v010,P09,front_left_ankle,wheel,command_peak_velocity_error_percent,0.0,True,,False,raw observation/full12 ledgers vs immutable v010 contract
trial_039_20260902_clean_v010,P09,front_left_ankle,wheel,measured_peak_velocity_error_percent,26.288520414987204,True,,False,raw observation/full12 ledgers vs immutable v010 contract
trial_039_20260902_clean_v010,P09,front_left_ankle,wheel,command_wheel_integral_error_percent,2.179911699915024,True,,False,raw observation/full12 ledgers vs immutable v010 contract
trial_039_20260902_clean_v010,P09,front_left_ankle,wheel,actual_wheel_integral_error_percent,2.9837894751057505,True,,False,raw observation/full12 ledgers vs immutable v010 contract
trial_039_20260902_clean_v010,P09,front_right_ankle,wheel,duration_error_percent,3.1777050127038847e-11,True,,False,raw observation/full12 ledgers vs immutable v010 contract
trial_039_20260902_clean_v010,P09,front_right_ankle,wheel,command_average_velocity_error_percent,3.780309398848657e-12,True,,False,raw observation/full12 ledgers vs immutable v010 contract
trial_039_20260902_clean_v010,P09,front_right_ankle,wheel,measured_average_velocity_error_percent,0.4493020467773417,True,,False,raw observation/full12 ledgers vs immutable v010 contract
trial_039_20260902_clean_v010,P09,front_right_ankle,wheel,command_peak_velocity_error_percent,0.0,True,,False,raw observation/full12 ledgers vs immutable v010 contract
trial_039_20260902_clean_v010,P09,front_right_ankle,wheel,measured_peak_velocity_error_percent,8.556250532473802,True,,False,raw observation/full12 ledgers vs immutable v010 contract
trial_039_20260902_clean_v010,P09,front_right_ankle,wheel,command_wheel_integral_error_percent,2.732019403733724e-11,True,,False,raw observation/full12 ledgers vs immutable v010 contract
trial_039_20260902_clean_v010,P09,front_right_ankle,wheel,actual_wheel_integral_error_percent,5.7453198368201415,True,,False,raw observation/full12 ledgers vs immutable v010 contract
trial_039_20260902_clean_v010,P09,rear_left_ankle,wheel,duration_error_percent,3.1777050127038847e-11,True,,False,raw observation/full12 ledgers vs immutable v010 contract
trial_039_20260902_clean_v010,P09,rear_left_ankle,wheel,command_average_velocity_error_percent,3.780309398848657e-12,True,,False,raw observation/full12 ledgers vs immutable v010 contract
trial_039_20260902_clean_v010,P09,rear_left_ankle,wheel,measured_average_velocity_error_percent,3.5004104860169916,True,,False,raw observation/full12 ledgers vs immutable v010 contract
trial_039_20260902_clean_v010,P09,rear_left_ankle,wheel,command_peak_velocity_error_percent,0.0,True,,False,raw observation/full12 ledgers vs immutable v010 contract
trial_039_20260902_clean_v010,P09,rear_left_ankle,wheel,measured_peak_velocity_error_percent,36.458636795326846,False,REFERENCE_DIVERGENCE_WARNING,False,raw observation/full12 ledgers vs immutable v010 contract
trial_039_20260902_clean_v010,P09,rear_left_ankle,wheel,command_wheel_integral_error_percent,2.732019403733724e-11,True,,False,raw observation/full12 ledgers vs immutable v010 contract
trial_039_20260902_clean_v010,P09,rear_left_ankle,wheel,actual_wheel_integral_error_percent,3.0595729485190346,True,,False,raw observation/full12 ledgers vs immutable v010 contract
trial_039_20260902_clean_v010,P09,rear_right_ankle,wheel,duration_error_percent,3.1777050127038847e-11,True,,False,raw observation/full12 ledgers vs immutable v010 contract
trial_039_20260902_clean_v010,P09,rear_right_ankle,wheel,command_average_velocity_error_percent,3.780309398848657e-12,True,,False,raw observation/full12 ledgers vs immutable v010 contract
trial_039_20260902_clean_v010,P09,rear_right_ankle,wheel,measured_average_velocity_error_percent,1.2394953381780587,True,,False,raw observation/full12 ledgers vs immutable v010 contract
trial_039_20260902_clean_v010,P09,rear_right_ankle,wheel,command_peak_velocity_error_percent,0.0,True,,False,raw observation/full12 ledgers vs immutable v010 contract
trial_039_20260902_clean_v010,P09,rear_right_ankle,wheel,measured_peak_velocity_error_percent,9.917028807039856,True,,False,raw observation/full12 ledgers vs immutable v010 contract
trial_039_20260902_clean_v010,P09,rear_right_ankle,wheel,command_wheel_integral_error_percent,2.732019403733724e-11,True,,False,raw observation/full12 ledgers vs immutable v010 contract
trial_039_20260902_clean_v010,P09,rear_right_ankle,wheel,actual_wheel_integral_error_percent,1.636407266727352,True,,False,raw observation/full12 ledgers vs immutable v010 contract
trial_039_20260902_clean_v010,P10,rear_right_knee,servo,command_endpoint_error_percent,0.0,True,,False,raw observation/full12 ledgers vs immutable v010 contract
trial_039_20260902_clean_v010,P10,rear_right_knee,servo,actual_endpoint_error_percent,3.1262613495857594,True,,False,raw observation/full12 ledgers vs immutable v010 contract
trial_039_20260902_clean_v010,P10,rear_right_knee,servo,command_delta_error_percent,0.0,True,,False,raw observation/full12 ledgers vs immutable v010 contract
trial_039_20260902_clean_v010,P10,rear_right_knee,servo,actual_delta_error_percent,21.806248807848696,True,,False,raw observation/full12 ledgers vs immutable v010 contract
trial_039_20260902_clean_v010,P10,rear_right_knee,servo,duration_error_percent,7.460698725475114e-11,True,,False,raw observation/full12 ledgers vs immutable v010 contract
trial_039_20260902_clean_v010,P10,rear_right_knee,servo,command_average_velocity_error_percent,7.46114560771074e-11,True,,False,raw observation/full12 ledgers vs immutable v010 contract
trial_039_20260902_clean_v010,P10,rear_right_knee,servo,measured_average_velocity_error_percent,72.33571696751282,False,REFERENCE_DIVERGENCE_WARNING,False,raw observation/full12 ledgers vs immutable v010 contract
trial_039_20260902_clean_v010,P10,rear_right_knee,servo,command_peak_velocity_error_percent,9.094947017729282e-11,True,,False,raw observation/full12 ledgers vs immutable v010 contract
trial_039_20260902_clean_v010,P10,rear_right_knee,servo,measured_peak_velocity_error_percent,75.38560868983663,False,REFERENCE_DIVERGENCE_WARNING,False,raw observation/full12 ledgers vs immutable v010 contract
trial_039_20260902_clean_v010,P10,rear_right_knee,servo,trajectory_rmse_percent,9.844891154274917,True,,False,raw observation/full12 ledgers vs immutable v010 contract
trial_039_20260902_clean_v010,P11,front_right_hip,servo,command_endpoint_error_percent,0.0,True,,False,raw observation/full12 ledgers vs immutable v010 contract
trial_039_20260902_clean_v010,P11,front_right_hip,servo,actual_endpoint_error_percent,3.5925343619068473,True,,False,raw observation/full12 ledgers vs immutable v010 contract
trial_039_20260902_clean_v010,P11,front_right_hip,servo,command_delta_error_percent,0.0,True,,False,raw observation/full12 ledgers vs immutable v010 contract
trial_039_20260902_clean_v010,P11,front_right_hip,servo,actual_delta_error_percent,8.346866692757802,True,,False,raw observation/full12 ledgers vs immutable v010 contract
trial_039_20260902_clean_v010,P11,front_right_hip,servo,duration_error_percent,7.917476198463387e-11,True,,False,raw observation/full12 ledgers vs immutable v010 contract
trial_039_20260902_clean_v010,P11,front_right_hip,servo,command_average_velocity_error_percent,7.91643008080659e-11,True,,False,raw observation/full12 ledgers vs immutable v010 contract
trial_039_20260902_clean_v010,P11,front_right_hip,servo,measured_average_velocity_error_percent,0.38290860995105624,True,,False,raw observation/full12 ledgers vs immutable v010 contract
trial_039_20260902_clean_v010,P11,front_right_hip,servo,command_peak_velocity_error_percent,9.094947017729282e-11,True,,False,raw observation/full12 ledgers vs immutable v010 contract
trial_039_20260902_clean_v010,P11,front_right_hip,servo,measured_peak_velocity_error_percent,0.0019104876322251275,True,,False,raw observation/full12 ledgers vs immutable v010 contract
trial_039_20260902_clean_v010,P11,front_right_hip,servo,trajectory_rmse_percent,8.03701388405071,True,,False,raw observation/full12 ledgers vs immutable v010 contract
trial_039_20260902_clean_v010,P12,rear_left_hip,servo,command_endpoint_error_percent,0.0,True,,False,raw observation/full12 ledgers vs immutable v010 contract
trial_039_20260902_clean_v010,P12,rear_left_hip,servo,actual_endpoint_error_percent,4.204585771959117,True,,False,raw observation/full12 ledgers vs immutable v010 contract
trial_039_20260902_clean_v010,P12,rear_left_hip,servo,command_delta_error_percent,0.0,True,,False,raw observation/full12 ledgers vs immutable v010 contract
trial_039_20260902_clean_v010,P12,rear_left_hip,servo,actual_delta_error_percent,5.616352392081288,True,,False,raw observation/full12 ledgers vs immutable v010 contract
trial_039_20260902_clean_v010,P12,rear_left_hip,servo,duration_error_percent,7.947928029995939e-11,True,,False,raw observation/full12 ledgers vs immutable v010 contract
trial_039_20260902_clean_v010,P12,rear_left_hip,servo,command_average_velocity_error_percent,7.946249889183814e-11,True,,False,raw observation/full12 ledgers vs immutable v010 contract
trial_039_20260902_clean_v010,P12,rear_left_hip,servo,measured_average_velocity_error_percent,0.3626988386009739,True,,False,raw observation/full12 ledgers vs immutable v010 contract
trial_039_20260902_clean_v010,P12,rear_left_hip,servo,command_peak_velocity_error_percent,9.094947017729282e-11,True,,False,raw observation/full12 ledgers vs immutable v010 contract
trial_039_20260902_clean_v010,P12,rear_left_hip,servo,measured_peak_velocity_error_percent,0.4232209446816434,True,,False,raw observation/full12 ledgers vs immutable v010 contract
trial_039_20260902_clean_v010,P12,rear_left_hip,servo,trajectory_rmse_percent,1.8085208758704674,True,,False,raw observation/full12 ledgers vs immutable v010 contract
trial_039_20260902_clean_v010,P12,rear_left_knee,servo,command_endpoint_error_percent,9.32470781837402e-15,True,,False,raw observation/full12 ledgers vs immutable v010 contract
trial_039_20260902_clean_v010,P12,rear_left_knee,servo,actual_endpoint_error_percent,0.055372038842201425,True,,False,raw observation/full12 ledgers vs immutable v010 contract
trial_039_20260902_clean_v010,P12,rear_left_knee,servo,command_delta_error_percent,0.0,True,,False,raw observation/full12 ledgers vs immutable v010 contract
trial_039_20260902_clean_v010,P12,rear_left_knee,servo,actual_delta_error_percent,0.29748521426374075,True,,False,raw observation/full12 ledgers vs immutable v010 contract
trial_039_20260902_clean_v010,P12,rear_left_knee,servo,duration_error_percent,7.947928029995939e-11,True,,False,raw observation/full12 ledgers vs immutable v010 contract
trial_039_20260902_clean_v010,P12,rear_left_knee,servo,command_average_velocity_error_percent,7.94574494687058e-11,True,,False,raw observation/full12 ledgers vs immutable v010 contract
trial_039_20260902_clean_v010,P12,rear_left_knee,servo,measured_average_velocity_error_percent,3.096694607294329,True,,False,raw observation/full12 ledgers vs immutable v010 contract
trial_039_20260902_clean_v010,P12,rear_left_knee,servo,command_peak_velocity_error_percent,9.094947017729282e-11,True,,False,raw observation/full12 ledgers vs immutable v010 contract
trial_039_20260902_clean_v010,P12,rear_left_knee,servo,measured_peak_velocity_error_percent,7.225695947211823,True,,False,raw observation/full12 ledgers vs immutable v010 contract
trial_039_20260902_clean_v010,P12,rear_left_knee,servo,trajectory_rmse_percent,0.5794954019719385,True,,False,raw observation/full12 ledgers vs immutable v010 contract
trial_039_20260902_clean_v010,P12,front_left_ankle,wheel,duration_error_percent,7.947928029995939e-11,True,,False,raw observation/full12 ledgers vs immutable v010 contract
trial_039_20260902_clean_v010,P12,front_left_ankle,wheel,command_average_velocity_error_percent,4.996003610813204e-14,True,,False,raw observation/full12 ledgers vs immutable v010 contract
trial_039_20260902_clean_v010,P12,front_left_ankle,wheel,measured_average_velocity_error_percent,0.3656666800446045,True,,False,raw observation/full12 ledgers vs immutable v010 contract
trial_039_20260902_clean_v010,P12,front_left_ankle,wheel,command_peak_velocity_error_percent,0.0,True,,False,raw observation/full12 ledgers vs immutable v010 contract
trial_039_20260902_clean_v010,P12,front_left_ankle,wheel,measured_peak_velocity_error_percent,19.907282738995747,True,,False,raw observation/full12 ledgers vs immutable v010 contract
trial_039_20260902_clean_v010,P12,front_left_ankle,wheel,command_wheel_integral_error_percent,7.954916187042709e-11,True,,False,raw observation/full12 ledgers vs immutable v010 contract
trial_039_20260902_clean_v010,P12,front_left_ankle,wheel,actual_wheel_integral_error_percent,4.706653793970777,True,,False,raw observation/full12 ledgers vs immutable v010 contract
trial_039_20260902_clean_v010,P12,front_right_ankle,wheel,duration_error_percent,7.947928029995939e-11,True,,False,raw observation/full12 ledgers vs immutable v010 contract
trial_039_20260902_clean_v010,P12,front_right_ankle,wheel,command_average_velocity_error_percent,4.996003610813204e-14,True,,False,raw observation/full12 ledgers vs immutable v010 contract
trial_039_20260902_clean_v010,P12,front_right_ankle,wheel,measured_average_velocity_error_percent,3.446955740114443,True,,False,raw observation/full12 ledgers vs immutable v010 contract
trial_039_20260902_clean_v010,P12,front_right_ankle,wheel,command_peak_velocity_error_percent,0.0,True,,False,raw observation/full12 ledgers vs immutable v010 contract
trial_039_20260902_clean_v010,P12,front_right_ankle,wheel,measured_peak_velocity_error_percent,5.861707898469658,True,,False,raw observation/full12 ledgers vs immutable v010 contract
trial_039_20260902_clean_v010,P12,front_right_ankle,wheel,command_wheel_integral_error_percent,7.954916187042709e-11,True,,False,raw observation/full12 ledgers vs immutable v010 contract
trial_039_20260902_clean_v010,P12,front_right_ankle,wheel,actual_wheel_integral_error_percent,8.63255134243854,True,,False,raw observation/full12 ledgers vs immutable v010 contract
trial_039_20260902_clean_v010,P12,rear_left_ankle,wheel,duration_error_percent,7.947928029995939e-11,True,,False,raw observation/full12 ledgers vs immutable v010 contract
trial_039_20260902_clean_v010,P12,rear_left_ankle,wheel,command_average_velocity_error_percent,4.996003610813204e-14,True,,False,raw observation/full12 ledgers vs immutable v010 contract
trial_039_20260902_clean_v010,P12,rear_left_ankle,wheel,measured_average_velocity_error_percent,5.148101559699645,True,,False,raw observation/full12 ledgers vs immutable v010 contract
trial_039_20260902_clean_v010,P12,rear_left_ankle,wheel,command_peak_velocity_error_percent,0.0,True,,False,raw observation/full12 ledgers vs immutable v010 contract
trial_039_20260902_clean_v010,P12,rear_left_ankle,wheel,measured_peak_velocity_error_percent,50.42511196733367,False,REFERENCE_DIVERGENCE_WARNING,False,raw observation/full12 ledgers vs immutable v010 contract
trial_039_20260902_clean_v010,P12,rear_left_ankle,wheel,command_wheel_integral_error_percent,7.954916187042709e-11,True,,False,raw observation/full12 ledgers vs immutable v010 contract
trial_039_20260902_clean_v010,P12,rear_left_ankle,wheel,actual_wheel_integral_error_percent,7.617410597146318,True,,False,raw observation/full12 ledgers vs immutable v010 contract
trial_039_20260902_clean_v010,P12,rear_right_ankle,wheel,duration_error_percent,7.947928029995939e-11,True,,False,raw observation/full12 ledgers vs immutable v010 contract
trial_039_20260902_clean_v010,P12,rear_right_ankle,wheel,command_average_velocity_error_percent,4.996003610813204e-14,True,,False,raw observation/full12 ledgers vs immutable v010 contract
trial_039_20260902_clean_v010,P12,rear_right_ankle,wheel,measured_average_velocity_error_percent,0.5156918186698733,True,,False,raw observation/full12 ledgers vs immutable v010 contract
trial_039_20260902_clean_v010,P12,rear_right_ankle,wheel,command_peak_velocity_error_percent,0.0,True,,False,raw observation/full12 ledgers vs immutable v010 contract
trial_039_20260902_clean_v010,P12,rear_right_ankle,wheel,measured_peak_velocity_error_percent,5.1399067556782345,True,,False,raw observation/full12 ledgers vs immutable v010 contract
trial_039_20260902_clean_v010,P12,rear_right_ankle,wheel,command_wheel_integral_error_percent,7.954916187042709e-11,True,,False,raw observation/full12 ledgers vs immutable v010 contract
trial_039_20260902_clean_v010,P12,rear_right_ankle,wheel,actual_wheel_integral_error_percent,0.4635817727269859,True,,False,raw observation/full12 ledgers vs immutable v010 contract
trial_039_20260902_clean_v010,P13,front_left_hip,servo,command_endpoint_error_percent,0.0,True,,False,raw observation/full12 ledgers vs immutable v010 contract
trial_039_20260902_clean_v010,P13,front_left_hip,servo,actual_endpoint_error_percent,5.095303146647489,True,,False,raw observation/full12 ledgers vs immutable v010 contract
trial_039_20260902_clean_v010,P13,front_left_hip,servo,command_delta_error_percent,0.0,True,,False,raw observation/full12 ledgers vs immutable v010 contract
trial_039_20260902_clean_v010,P13,front_left_hip,servo,actual_delta_error_percent,6.004724860452654,True,,False,raw observation/full12 ledgers vs immutable v010 contract
trial_039_20260902_clean_v010,P13,front_left_hip,servo,duration_error_percent,7.959675365755687e-11,True,,False,raw observation/full12 ledgers vs immutable v010 contract
trial_039_20260902_clean_v010,P13,front_left_hip,servo,command_average_velocity_error_percent,2.5486279753295094e-11,True,,False,raw observation/full12 ledgers vs immutable v010 contract
trial_039_20260902_clean_v010,P13,front_left_hip,servo,measured_average_velocity_error_percent,1.2601082091527926,True,,False,raw observation/full12 ledgers vs immutable v010 contract
trial_039_20260902_clean_v010,P13,front_left_hip,servo,command_peak_velocity_error_percent,9.094947017729282e-11,True,,False,raw observation/full12 ledgers vs immutable v010 contract
trial_039_20260902_clean_v010,P13,front_left_hip,servo,measured_peak_velocity_error_percent,3.7003911868122032,True,,False,raw observation/full12 ledgers vs immutable v010 contract
trial_039_20260902_clean_v010,P13,front_left_hip,servo,trajectory_rmse_percent,0.5854033921611524,True,,False,raw observation/full12 ledgers vs immutable v010 contract
trial_039_20260902_clean_v010,P13,front_left_knee,servo,command_endpoint_error_percent,2.169816986238091e-15,True,,False,raw observation/full12 ledgers vs immutable v010 contract
trial_039_20260902_clean_v010,P13,front_left_knee,servo,actual_endpoint_error_percent,4.427564972079662,True,,False,raw observation/full12 ledgers vs immutable v010 contract
trial_039_20260902_clean_v010,P13,front_left_knee,servo,command_delta_error_percent,0.0,True,,False,raw observation/full12 ledgers vs immutable v010 contract
trial_039_20260902_clean_v010,P13,front_left_knee,servo,actual_delta_error_percent,5.014772131228626,True,,False,raw observation/full12 ledgers vs immutable v010 contract
trial_039_20260902_clean_v010,P13,front_left_knee,servo,duration_error_percent,7.959675365755687e-11,True,,False,raw observation/full12 ledgers vs immutable v010 contract
trial_039_20260902_clean_v010,P13,front_left_knee,servo,command_average_velocity_error_percent,4.118705376754406e-11,True,,False,raw observation/full12 ledgers vs immutable v010 contract
trial_039_20260902_clean_v010,P13,front_left_knee,servo,measured_average_velocity_error_percent,4.772930948265404,True,,False,raw observation/full12 ledgers vs immutable v010 contract
trial_039_20260902_clean_v010,P13,front_left_knee,servo,command_peak_velocity_error_percent,9.094947017729282e-11,True,,False,raw observation/full12 ledgers vs immutable v010 contract
trial_039_20260902_clean_v010,P13,front_left_knee,servo,measured_peak_velocity_error_percent,6.311306403136083,True,,False,raw observation/full12 ledgers vs immutable v010 contract
trial_039_20260902_clean_v010,P13,front_left_knee,servo,trajectory_rmse_percent,0.3171176614375529,True,,False,raw observation/full12 ledgers vs immutable v010 contract
trial_039_20260902_clean_v010,P13,front_right_knee,servo,command_endpoint_error_percent,4.7012701368491964e-15,True,,False,raw observation/full12 ledgers vs immutable v010 contract
trial_039_20260902_clean_v010,P13,front_right_knee,servo,actual_endpoint_error_percent,4.331722796803063,True,,False,raw observation/full12 ledgers vs immutable v010 contract
trial_039_20260902_clean_v010,P13,front_right_knee,servo,command_delta_error_percent,0.0,True,,False,raw observation/full12 ledgers vs immutable v010 contract
trial_039_20260902_clean_v010,P13,front_right_knee,servo,actual_delta_error_percent,8.168753986399981,True,,False,raw observation/full12 ledgers vs immutable v010 contract
trial_039_20260902_clean_v010,P13,front_right_knee,servo,duration_error_percent,7.959675365755687e-11,True,,False,raw observation/full12 ledgers vs immutable v010 contract
trial_039_20260902_clean_v010,P13,front_right_knee,servo,command_average_velocity_error_percent,4.1180392429396306e-11,True,,False,raw observation/full12 ledgers vs immutable v010 contract
trial_039_20260902_clean_v010,P13,front_right_knee,servo,measured_average_velocity_error_percent,0.8210566734388696,True,,False,raw observation/full12 ledgers vs immutable v010 contract
trial_039_20260902_clean_v010,P13,front_right_knee,servo,command_peak_velocity_error_percent,9.094947017729282e-11,True,,False,raw observation/full12 ledgers vs immutable v010 contract
trial_039_20260902_clean_v010,P13,front_right_knee,servo,measured_peak_velocity_error_percent,0.2568309674548045,True,,False,raw observation/full12 ledgers vs immutable v010 contract
trial_039_20260902_clean_v010,P13,front_right_knee,servo,trajectory_rmse_percent,1.0576566237337706,True,,False,raw observation/full12 ledgers vs immutable v010 contract
trial_039_20260902_clean_v010,P13,rear_left_hip,servo,command_endpoint_error_percent,5.921189464667502e-15,True,,False,raw observation/full12 ledgers vs immutable v010 contract
trial_039_20260902_clean_v010,P13,rear_left_hip,servo,actual_endpoint_error_percent,7.148649585976751,True,,False,raw observation/full12 ledgers vs immutable v010 contract
trial_039_20260902_clean_v010,P13,rear_left_hip,servo,command_delta_error_percent,0.0,True,,False,raw observation/full12 ledgers vs immutable v010 contract
trial_039_20260902_clean_v010,P13,rear_left_hip,servo,actual_delta_error_percent,20.47569050425232,True,,False,raw observation/full12 ledgers vs immutable v010 contract
trial_039_20260902_clean_v010,P13,rear_left_hip,servo,duration_error_percent,7.959675365755687e-11,True,,False,raw observation/full12 ledgers vs immutable v010 contract
trial_039_20260902_clean_v010,P13,rear_left_hip,servo,command_average_velocity_error_percent,1.0061951272177794e-11,True,,False,raw observation/full12 ledgers vs immutable v010 contract
trial_039_20260902_clean_v010,P13,rear_left_hip,servo,measured_average_velocity_error_percent,1.9356264582340017,True,,False,raw observation/full12 ledgers vs immutable v010 contract
trial_039_20260902_clean_v010,P13,rear_left_hip,servo,command_peak_velocity_error_percent,9.094947017729282e-11,True,,False,raw observation/full12 ledgers vs immutable v010 contract
trial_039_20260902_clean_v010,P13,rear_left_hip,servo,measured_peak_velocity_error_percent,1.794656189506769,True,,False,raw observation/full12 ledgers vs immutable v010 contract
trial_039_20260902_clean_v010,P13,rear_left_hip,servo,trajectory_rmse_percent,12.84395740741205,True,,False,raw observation/full12 ledgers vs immutable v010 contract
trial_039_20260902_clean_v010,P13,rear_left_knee,servo,command_endpoint_error_percent,3.00060276925718e-15,True,,False,raw observation/full12 ledgers vs immutable v010 contract
trial_039_20260902_clean_v010,P13,rear_left_knee,servo,actual_endpoint_error_percent,5.212120816881244,True,,False,raw observation/full12 ledgers vs immutable v010 contract
trial_039_20260902_clean_v010,P13,rear_left_knee,servo,command_delta_error_percent,2.400482215405744e-14,True,,False,raw observation/full12 ledgers vs immutable v010 contract
trial_039_20260902_clean_v010,P13,rear_left_knee,servo,actual_delta_error_percent,5.124493643323386,True,,False,raw observation/full12 ledgers vs immutable v010 contract
trial_039_20260902_clean_v010,P13,rear_left_knee,servo,duration_error_percent,7.959675365755687e-11,True,,False,raw observation/full12 ledgers vs immutable v010 contract
trial_039_20260902_clean_v010,P13,rear_left_knee,servo,command_average_velocity_error_percent,1.9860779687519425e-11,True,,False,raw observation/full12 ledgers vs immutable v010 contract
trial_039_20260902_clean_v010,P13,rear_left_knee,servo,measured_average_velocity_error_percent,0.8805045371588607,True,,False,raw observation/full12 ledgers vs immutable v010 contract
trial_039_20260902_clean_v010,P13,rear_left_knee,servo,command_peak_velocity_error_percent,9.094947017729282e-11,True,,False,raw observation/full12 ledgers vs immutable v010 contract
trial_039_20260902_clean_v010,P13,rear_left_knee,servo,measured_peak_velocity_error_percent,3.2432350251138486,True,,False,raw observation/full12 ledgers vs immutable v010 contract
trial_039_20260902_clean_v010,P13,rear_left_knee,servo,trajectory_rmse_percent,1.4320818222932017,True,,False,raw observation/full12 ledgers vs immutable v010 contract
trial_039_20260902_clean_v010,P13,rear_right_hip,servo,command_endpoint_error_percent,0.0,True,,False,raw observation/full12 ledgers vs immutable v010 contract
trial_039_20260902_clean_v010,P13,rear_right_hip,servo,actual_endpoint_error_percent,2.522049485461324,True,,False,raw observation/full12 ledgers vs immutable v010 contract
trial_039_20260902_clean_v010,P13,rear_right_hip,servo,command_delta_error_percent,0.0,True,,False,raw observation/full12 ledgers vs immutable v010 contract
trial_039_20260902_clean_v010,P13,rear_right_hip,servo,actual_delta_error_percent,8.622225902548996,True,,False,raw observation/full12 ledgers vs immutable v010 contract
trial_039_20260902_clean_v010,P13,rear_right_hip,servo,duration_error_percent,7.959675365755687e-11,True,,False,raw observation/full12 ledgers vs immutable v010 contract
trial_039_20260902_clean_v010,P13,rear_right_hip,servo,command_average_velocity_error_percent,8.58646487245096e-12,True,,False,raw observation/full12 ledgers vs immutable v010 contract
trial_039_20260902_clean_v010,P13,rear_right_hip,servo,measured_average_velocity_error_percent,1.7548463840153672,True,,False,raw observation/full12 ledgers vs immutable v010 contract
trial_039_20260902_clean_v010,P13,rear_right_hip,servo,command_peak_velocity_error_percent,9.094947017729282e-11,True,,False,raw observation/full12 ledgers vs immutable v010 contract
trial_039_20260902_clean_v010,P13,rear_right_hip,servo,measured_peak_velocity_error_percent,3.7217703716270334,True,,False,raw observation/full12 ledgers vs immutable v010 contract
trial_039_20260902_clean_v010,P13,rear_right_hip,servo,trajectory_rmse_percent,3.639388671251238,True,,False,raw observation/full12 ledgers vs immutable v010 contract
trial_039_20260902_clean_v010,P13,rear_right_knee,servo,command_endpoint_error_percent,0.0,True,,False,raw observation/full12 ledgers vs immutable v010 contract
trial_039_20260902_clean_v010,P13,rear_right_knee,servo,actual_endpoint_error_percent,6.545036826633079,True,,False,raw observation/full12 ledgers vs immutable v010 contract
trial_039_20260902_clean_v010,P13,rear_right_knee,servo,command_delta_error_percent,0.0,True,,False,raw observation/full12 ledgers vs immutable v010 contract
trial_039_20260902_clean_v010,P13,rear_right_knee,servo,actual_delta_error_percent,6.021488328708552,True,,False,raw observation/full12 ledgers vs immutable v010 contract
trial_039_20260902_clean_v010,P13,rear_right_knee,servo,duration_error_percent,7.959675365755687e-11,True,,False,raw observation/full12 ledgers vs immutable v010 contract
trial_039_20260902_clean_v010,P13,rear_right_knee,servo,command_average_velocity_error_percent,2.844391389089651e-11,True,,False,raw observation/full12 ledgers vs immutable v010 contract
trial_039_20260902_clean_v010,P13,rear_right_knee,servo,measured_average_velocity_error_percent,3.74833191757522,True,,False,raw observation/full12 ledgers vs immutable v010 contract
trial_039_20260902_clean_v010,P13,rear_right_knee,servo,command_peak_velocity_error_percent,9.094947017729282e-11,True,,False,raw observation/full12 ledgers vs immutable v010 contract
trial_039_20260902_clean_v010,P13,rear_right_knee,servo,measured_peak_velocity_error_percent,0.19246195521440806,True,,False,raw observation/full12 ledgers vs immutable v010 contract
trial_039_20260902_clean_v010,P13,rear_right_knee,servo,trajectory_rmse_percent,0.748780909546796,True,,False,raw observation/full12 ledgers vs immutable v010 contract
trial_039_20260902_clean_v010,P13,front_left_ankle,wheel,duration_error_percent,7.959675365755687e-11,True,,False,raw observation/full12 ledgers vs immutable v010 contract
trial_039_20260902_clean_v010,P13,front_left_ankle,wheel,command_average_velocity_error_percent,1.8435880209241963e-12,True,,False,raw observation/full12 ledgers vs immutable v010 contract
trial_039_20260902_clean_v010,P13,front_left_ankle,wheel,measured_average_velocity_error_percent,0.5011526066241554,True,,False,raw observation/full12 ledgers vs immutable v010 contract
trial_039_20260902_clean_v010,P13,front_left_ankle,wheel,command_peak_velocity_error_percent,0.0,True,,False,raw observation/full12 ledgers vs immutable v010 contract
trial_039_20260902_clean_v010,P13,front_left_ankle,wheel,measured_peak_velocity_error_percent,20.9830550642078,True,,False,raw observation/full12 ledgers vs immutable v010 contract
trial_039_20260902_clean_v010,P13,front_left_ankle,wheel,command_wheel_integral_error_percent,7.775558702082143e-11,True,,False,raw observation/full12 ledgers vs immutable v010 contract
trial_039_20260902_clean_v010,P13,front_left_ankle,wheel,actual_wheel_integral_error_percent,0.5248731320437737,True,,False,raw observation/full12 ledgers vs immutable v010 contract
trial_039_20260902_clean_v010,P13,front_right_ankle,wheel,duration_error_percent,7.959675365755687e-11,True,,False,raw observation/full12 ledgers vs immutable v010 contract
trial_039_20260902_clean_v010,P13,front_right_ankle,wheel,command_average_velocity_error_percent,2.0140683546030937e-12,True,,False,raw observation/full12 ledgers vs immutable v010 contract
trial_039_20260902_clean_v010,P13,front_right_ankle,wheel,measured_average_velocity_error_percent,1.2801732546004383,True,,False,raw observation/full12 ledgers vs immutable v010 contract
trial_039_20260902_clean_v010,P13,front_right_ankle,wheel,command_peak_velocity_error_percent,0.0,True,,False,raw observation/full12 ledgers vs immutable v010 contract
trial_039_20260902_clean_v010,P13,front_right_ankle,wheel,measured_peak_velocity_error_percent,0.26868506312143897,True,,False,raw observation/full12 ledgers vs immutable v010 contract
trial_039_20260902_clean_v010,P13,front_right_ankle,wheel,command_wheel_integral_error_percent,7.754004157096783e-11,True,,False,raw observation/full12 ledgers vs immutable v010 contract
trial_039_20260902_clean_v010,P13,front_right_ankle,wheel,actual_wheel_integral_error_percent,3.6167831491686875,True,,False,raw observation/full12 ledgers vs immutable v010 contract
trial_039_20260902_clean_v010,P13,rear_left_ankle,wheel,duration_error_percent,7.959675365755687e-11,True,,False,raw observation/full12 ledgers vs immutable v010 contract
trial_039_20260902_clean_v010,P13,rear_left_ankle,wheel,command_average_velocity_error_percent,1.1965963388345263e-12,True,,False,raw observation/full12 ledgers vs immutable v010 contract
trial_039_20260902_clean_v010,P13,rear_left_ankle,wheel,measured_average_velocity_error_percent,0.5852037168340776,True,,False,raw observation/full12 ledgers vs immutable v010 contract
trial_039_20260902_clean_v010,P13,rear_left_ankle,wheel,command_peak_velocity_error_percent,0.0,True,,False,raw observation/full12 ledgers vs immutable v010 contract
trial_039_20260902_clean_v010,P13,rear_left_ankle,wheel,measured_peak_velocity_error_percent,29.46122662731756,True,,False,raw observation/full12 ledgers vs immutable v010 contract
trial_039_20260902_clean_v010,P13,rear_left_ankle,wheel,command_wheel_integral_error_percent,7.658845719325269e-11,True,,False,raw observation/full12 ledgers vs immutable v010 contract
trial_039_20260902_clean_v010,P13,rear_left_ankle,wheel,actual_wheel_integral_error_percent,1.1615429268117277,True,,False,raw observation/full12 ledgers vs immutable v010 contract
trial_039_20260902_clean_v010,P13,rear_right_ankle,wheel,duration_error_percent,7.959675365755687e-11,True,,False,raw observation/full12 ledgers vs immutable v010 contract
trial_039_20260902_clean_v010,P13,rear_right_ankle,wheel,command_average_velocity_error_percent,1.2419722264383452e-12,True,,False,raw observation/full12 ledgers vs immutable v010 contract
trial_039_20260902_clean_v010,P13,rear_right_ankle,wheel,measured_average_velocity_error_percent,0.22285290070598252,True,,False,raw observation/full12 ledgers vs immutable v010 contract
trial_039_20260902_clean_v010,P13,rear_right_ankle,wheel,command_peak_velocity_error_percent,0.0,True,,False,raw observation/full12 ledgers vs immutable v010 contract
trial_039_20260902_clean_v010,P13,rear_right_ankle,wheel,measured_peak_velocity_error_percent,2.4074092942541228,True,,False,raw observation/full12 ledgers vs immutable v010 contract
trial_039_20260902_clean_v010,P13,rear_right_ankle,wheel,command_wheel_integral_error_percent,7.66365612678008e-11,True,,False,raw observation/full12 ledgers vs immutable v010 contract
trial_039_20260902_clean_v010,P13,rear_right_ankle,wheel,actual_wheel_integral_error_percent,0.8294030387971781,True,,False,raw observation/full12 ledgers vs immutable v010 contract
trial_043_20260902_clean_v010,P01,rear_left_hip,servo,command_endpoint_error_percent,0.0,True,,False,raw observation/full12 ledgers vs immutable v010 contract
trial_043_20260902_clean_v010,P01,rear_left_hip,servo,actual_endpoint_error_percent,0.0002270674591143427,True,,False,raw observation/full12 ledgers vs immutable v010 contract
trial_043_20260902_clean_v010,P01,rear_left_hip,servo,command_delta_error_percent,0.0,True,,False,raw observation/full12 ledgers vs immutable v010 contract
trial_043_20260902_clean_v010,P01,rear_left_hip,servo,actual_delta_error_percent,0.16958809922057566,True,,False,raw observation/full12 ledgers vs immutable v010 contract
trial_043_20260902_clean_v010,P01,rear_left_hip,servo,duration_error_percent,1.82098892079225e-12,True,,False,raw observation/full12 ledgers vs immutable v010 contract
trial_043_20260902_clean_v010,P01,rear_left_hip,servo,command_average_velocity_error_percent,1.545430450278218e-12,True,,False,raw observation/full12 ledgers vs immutable v010 contract
trial_043_20260902_clean_v010,P01,rear_left_hip,servo,measured_average_velocity_error_percent,0.6710921163525798,True,,False,raw observation/full12 ledgers vs immutable v010 contract
trial_043_20260902_clean_v010,P01,rear_left_hip,servo,command_peak_velocity_error_percent,3.600083194517841e-13,True,,False,raw observation/full12 ledgers vs immutable v010 contract
trial_043_20260902_clean_v010,P01,rear_left_hip,servo,measured_peak_velocity_error_percent,0.05156032481585553,True,,False,raw observation/full12 ledgers vs immutable v010 contract
trial_043_20260902_clean_v010,P01,rear_left_hip,servo,trajectory_rmse_percent,0.16545416503777835,True,,False,raw observation/full12 ledgers vs immutable v010 contract
trial_043_20260902_clean_v010,P01,front_left_ankle,wheel,duration_error_percent,1.82098892079225e-12,True,,False,raw observation/full12 ledgers vs immutable v010 contract
trial_043_20260902_clean_v010,P01,front_left_ankle,wheel,command_average_velocity_error_percent,1.3286431901227178e-12,True,,False,raw observation/full12 ledgers vs immutable v010 contract
trial_043_20260902_clean_v010,P01,front_left_ankle,wheel,measured_average_velocity_error_percent,0.11486139789004236,True,,False,raw observation/full12 ledgers vs immutable v010 contract
trial_043_20260902_clean_v010,P01,front_left_ankle,wheel,command_peak_velocity_error_percent,0.0,True,,False,raw observation/full12 ledgers vs immutable v010 contract
trial_043_20260902_clean_v010,P01,front_left_ankle,wheel,measured_peak_velocity_error_percent,3.345216791165559,True,,False,raw observation/full12 ledgers vs immutable v010 contract
trial_043_20260902_clean_v010,P01,front_left_ankle,wheel,command_wheel_integral_error_percent,3.15898510099535e-12,True,,False,raw observation/full12 ledgers vs immutable v010 contract
trial_043_20260902_clean_v010,P01,front_left_ankle,wheel,actual_wheel_integral_error_percent,0.2200239756719921,True,,False,raw observation/full12 ledgers vs immutable v010 contract
trial_043_20260902_clean_v010,P01,front_right_ankle,wheel,duration_error_percent,1.82098892079225e-12,True,,False,raw observation/full12 ledgers vs immutable v010 contract
trial_043_20260902_clean_v010,P01,front_right_ankle,wheel,command_average_velocity_error_percent,1.3286431901227178e-12,True,,False,raw observation/full12 ledgers vs immutable v010 contract
trial_043_20260902_clean_v010,P01,front_right_ankle,wheel,measured_average_velocity_error_percent,0.004696512362258236,True,,False,raw observation/full12 ledgers vs immutable v010 contract
trial_043_20260902_clean_v010,P01,front_right_ankle,wheel,command_peak_velocity_error_percent,0.0,True,,False,raw observation/full12 ledgers vs immutable v010 contract
trial_043_20260902_clean_v010,P01,front_right_ankle,wheel,measured_peak_velocity_error_percent,0.03177411165863816,True,,False,raw observation/full12 ledgers vs immutable v010 contract
trial_043_20260902_clean_v010,P01,front_right_ankle,wheel,command_wheel_integral_error_percent,3.15898510099535e-12,True,,False,raw observation/full12 ledgers vs immutable v010 contract
trial_043_20260902_clean_v010,P01,front_right_ankle,wheel,actual_wheel_integral_error_percent,0.005813707597070396,True,,False,raw observation/full12 ledgers vs immutable v010 contract
trial_043_20260902_clean_v010,P01,rear_left_ankle,wheel,duration_error_percent,1.82098892079225e-12,True,,False,raw observation/full12 ledgers vs immutable v010 contract
trial_043_20260902_clean_v010,P01,rear_left_ankle,wheel,command_average_velocity_error_percent,1.3286431901227178e-12,True,,False,raw observation/full12 ledgers vs immutable v010 contract
trial_043_20260902_clean_v010,P01,rear_left_ankle,wheel,measured_average_velocity_error_percent,0.15766120725747623,True,,False,raw observation/full12 ledgers vs immutable v010 contract
trial_043_20260902_clean_v010,P01,rear_left_ankle,wheel,command_peak_velocity_error_percent,0.0,True,,False,raw observation/full12 ledgers vs immutable v010 contract
trial_043_20260902_clean_v010,P01,rear_left_ankle,wheel,measured_peak_velocity_error_percent,0.2452119378512511,True,,False,raw observation/full12 ledgers vs immutable v010 contract
trial_043_20260902_clean_v010,P01,rear_left_ankle,wheel,command_wheel_integral_error_percent,3.15898510099535e-12,True,,False,raw observation/full12 ledgers vs immutable v010 contract
trial_043_20260902_clean_v010,P01,rear_left_ankle,wheel,actual_wheel_integral_error_percent,0.21285298785039672,True,,False,raw observation/full12 ledgers vs immutable v010 contract
trial_043_20260902_clean_v010,P01,rear_right_ankle,wheel,duration_error_percent,1.82098892079225e-12,True,,False,raw observation/full12 ledgers vs immutable v010 contract
trial_043_20260902_clean_v010,P01,rear_right_ankle,wheel,command_average_velocity_error_percent,1.3286431901227178e-12,True,,False,raw observation/full12 ledgers vs immutable v010 contract
trial_043_20260902_clean_v010,P01,rear_right_ankle,wheel,measured_average_velocity_error_percent,0.22346308392880876,True,,False,raw observation/full12 ledgers vs immutable v010 contract
trial_043_20260902_clean_v010,P01,rear_right_ankle,wheel,command_peak_velocity_error_percent,0.0,True,,False,raw observation/full12 ledgers vs immutable v010 contract
trial_043_20260902_clean_v010,P01,rear_right_ankle,wheel,measured_peak_velocity_error_percent,6.373333749487578,True,,False,raw observation/full12 ledgers vs immutable v010 contract
trial_043_20260902_clean_v010,P01,rear_right_ankle,wheel,command_wheel_integral_error_percent,3.15898510099535e-12,True,,False,raw observation/full12 ledgers vs immutable v010 contract
trial_043_20260902_clean_v010,P01,rear_right_ankle,wheel,actual_wheel_integral_error_percent,0.36678645398598075,True,,False,raw observation/full12 ledgers vs immutable v010 contract
trial_043_20260902_clean_v010,P02,front_right_knee,servo,command_endpoint_error_percent,0.0,True,,False,raw observation/full12 ledgers vs immutable v010 contract
trial_043_20260902_clean_v010,P02,front_right_knee,servo,actual_endpoint_error_percent,0.6811960451639621,True,,False,raw observation/full12 ledgers vs immutable v010 contract
trial_043_20260902_clean_v010,P02,front_right_knee,servo,command_delta_error_percent,0.0,True,,False,raw observation/full12 ledgers vs immutable v010 contract
trial_043_20260902_clean_v010,P02,front_right_knee,servo,actual_delta_error_percent,0.6865636935718967,True,,False,raw observation/full12 ledgers vs immutable v010 contract
trial_043_20260902_clean_v010,P02,front_right_knee,servo,duration_error_percent,4.9484226240438175e-12,True,,False,raw observation/full12 ledgers vs immutable v010 contract
trial_043_20260902_clean_v010,P02,front_right_knee,servo,command_average_velocity_error_percent,4.9557388774434566e-12,True,,False,raw observation/full12 ledgers vs immutable v010 contract
trial_043_20260902_clean_v010,P02,front_right_knee,servo,measured_average_velocity_error_percent,0.005050394485141519,True,,False,raw observation/full12 ledgers vs immutable v010 contract
trial_043_20260902_clean_v010,P02,front_right_knee,servo,command_peak_velocity_error_percent,5.6843418860808015e-12,True,,False,raw observation/full12 ledgers vs immutable v010 contract
trial_043_20260902_clean_v010,P02,front_right_knee,servo,measured_peak_velocity_error_percent,0.010260693785264386,True,,False,raw observation/full12 ledgers vs immutable v010 contract
trial_043_20260902_clean_v010,P02,front_right_knee,servo,trajectory_rmse_percent,1.0581377477323264,True,,False,raw observation/full12 ledgers vs immutable v010 contract
trial_043_20260902_clean_v010,P03,front_left_knee,servo,command_endpoint_error_percent,0.0,True,,False,raw observation/full12 ledgers vs immutable v010 contract
trial_043_20260902_clean_v010,P03,front_left_knee,servo,actual_endpoint_error_percent,0.5597175980980782,True,,False,raw observation/full12 ledgers vs immutable v010 contract
trial_043_20260902_clean_v010,P03,front_left_knee,servo,command_delta_error_percent,0.0,True,,False,raw observation/full12 ledgers vs immutable v010 contract
trial_043_20260902_clean_v010,P03,front_left_knee,servo,actual_delta_error_percent,0.5126831228749407,True,,False,raw observation/full12 ledgers vs immutable v010 contract
trial_043_20260902_clean_v010,P03,front_left_knee,servo,duration_error_percent,5.625129991434446e-12,True,,False,raw observation/full12 ledgers vs immutable v010 contract
trial_043_20260902_clean_v010,P03,front_left_knee,servo,command_average_velocity_error_percent,5.622285751952963e-12,True,,False,raw observation/full12 ledgers vs immutable v010 contract
trial_043_20260902_clean_v010,P03,front_left_knee,servo,measured_average_velocity_error_percent,1.7705302896970998,True,,False,raw observation/full12 ledgers vs immutable v010 contract
trial_043_20260902_clean_v010,P03,front_left_knee,servo,command_peak_velocity_error_percent,5.6843418860808015e-12,True,,False,raw observation/full12 ledgers vs immutable v010 contract
trial_043_20260902_clean_v010,P03,front_left_knee,servo,measured_peak_velocity_error_percent,1.9149159292816853,True,,False,raw observation/full12 ledgers vs immutable v010 contract
trial_043_20260902_clean_v010,P03,front_left_knee,servo,trajectory_rmse_percent,0.8869900593000872,True,,False,raw observation/full12 ledgers vs immutable v010 contract
trial_043_20260902_clean_v010,P03,rear_left_hip,servo,command_endpoint_error_percent,0.0,True,,False,raw observation/full12 ledgers vs immutable v010 contract
trial_043_20260902_clean_v010,P03,rear_left_hip,servo,actual_endpoint_error_percent,3.0529756253534477,True,,False,raw observation/full12 ledgers vs immutable v010 contract
trial_043_20260902_clean_v010,P03,rear_left_hip,servo,command_delta_error_percent,0.0,True,,False,raw observation/full12 ledgers vs immutable v010 contract
trial_043_20260902_clean_v010,P03,rear_left_hip,servo,actual_delta_error_percent,3.035849180867438,True,,False,raw observation/full12 ledgers vs immutable v010 contract
trial_043_20260902_clean_v010,P03,rear_left_hip,servo,duration_error_percent,5.625129991434446e-12,True,,False,raw observation/full12 ledgers vs immutable v010 contract
trial_043_20260902_clean_v010,P03,rear_left_hip,servo,command_average_velocity_error_percent,5.6207111933258465e-12,True,,False,raw observation/full12 ledgers vs immutable v010 contract
trial_043_20260902_clean_v010,P03,rear_left_hip,servo,measured_average_velocity_error_percent,8.170260795485724,True,,False,raw observation/full12 ledgers vs immutable v010 contract
trial_043_20260902_clean_v010,P03,rear_left_hip,servo,command_peak_velocity_error_percent,5.6843418860808015e-12,True,,False,raw observation/full12 ledgers vs immutable v010 contract
trial_043_20260902_clean_v010,P03,rear_left_hip,servo,measured_peak_velocity_error_percent,6.612552133586482,True,,False,raw observation/full12 ledgers vs immutable v010 contract
trial_043_20260902_clean_v010,P03,rear_left_hip,servo,trajectory_rmse_percent,1.713774588381896,True,,False,raw observation/full12 ledgers vs immutable v010 contract
trial_043_20260902_clean_v010,P03,front_left_ankle,wheel,duration_error_percent,5.625129991434446e-12,True,,False,raw observation/full12 ledgers vs immutable v010 contract
trial_043_20260902_clean_v010,P03,front_left_ankle,wheel,command_average_velocity_error_percent,7.026728003956686e-14,True,,False,raw observation/full12 ledgers vs immutable v010 contract
trial_043_20260902_clean_v010,P03,front_left_ankle,wheel,measured_average_velocity_error_percent,0.6281527712938126,True,,False,raw observation/full12 ledgers vs immutable v010 contract
trial_043_20260902_clean_v010,P03,front_left_ankle,wheel,command_peak_velocity_error_percent,0.0,True,,False,raw observation/full12 ledgers vs immutable v010 contract
trial_043_20260902_clean_v010,P03,front_left_ankle,wheel,measured_peak_velocity_error_percent,14.445086161370671,True,,False,raw observation/full12 ledgers vs immutable v010 contract
trial_043_20260902_clean_v010,P03,front_left_ankle,wheel,command_wheel_integral_error_percent,5.562826336466027e-12,True,,False,raw observation/full12 ledgers vs immutable v010 contract
trial_043_20260902_clean_v010,P03,front_left_ankle,wheel,actual_wheel_integral_error_percent,0.6288863770472835,True,,False,raw observation/full12 ledgers vs immutable v010 contract
trial_043_20260902_clean_v010,P03,rear_left_ankle,wheel,duration_error_percent,5.625129991434446e-12,True,,False,raw observation/full12 ledgers vs immutable v010 contract
trial_043_20260902_clean_v010,P03,rear_left_ankle,wheel,command_average_velocity_error_percent,14.900000000000077,True,,False,raw observation/full12 ledgers vs immutable v010 contract
trial_043_20260902_clean_v010,P03,rear_left_ankle,wheel,measured_average_velocity_error_percent,18.244515044977753,True,,False,raw observation/full12 ledgers vs immutable v010 contract
trial_043_20260902_clean_v010,P03,rear_left_ankle,wheel,command_peak_velocity_error_percent,14.900000000000004,True,,False,raw observation/full12 ledgers vs immutable v010 contract
trial_043_20260902_clean_v010,P03,rear_left_ankle,wheel,measured_peak_velocity_error_percent,0.41158593354069145,True,,False,raw observation/full12 ledgers vs immutable v010 contract
trial_043_20260902_clean_v010,P03,rear_left_ankle,wheel,command_wheel_integral_error_percent,14.89999999999529,True,,False,raw observation/full12 ledgers vs immutable v010 contract
trial_043_20260902_clean_v010,P03,rear_left_ankle,wheel,actual_wheel_integral_error_percent,13.362475037047743,True,,False,raw observation/full12 ledgers vs immutable v010 contract
trial_043_20260902_clean_v010,P04,rear_left_hip,servo,command_endpoint_error_percent,0.0,True,,False,raw observation/full12 ledgers vs immutable v010 contract
trial_043_20260902_clean_v010,P04,rear_left_hip,servo,actual_endpoint_error_percent,0.17446783916468006,True,,False,raw observation/full12 ledgers vs immutable v010 contract
trial_043_20260902_clean_v010,P04,rear_left_hip,servo,command_delta_error_percent,0.0,True,,False,raw observation/full12 ledgers vs immutable v010 contract
trial_043_20260902_clean_v010,P04,rear_left_hip,servo,actual_delta_error_percent,5.759855032942618,True,,False,raw observation/full12 ledgers vs immutable v010 contract
trial_043_20260902_clean_v010,P04,rear_left_hip,servo,duration_error_percent,5.6991448597427944e-12,True,,False,raw observation/full12 ledgers vs immutable v010 contract
trial_043_20260902_clean_v010,P04,rear_left_hip,servo,command_average_velocity_error_percent,3.770317391627032e-12,True,,False,raw observation/full12 ledgers vs immutable v010 contract
trial_043_20260902_clean_v010,P04,rear_left_hip,servo,measured_average_velocity_error_percent,8.914628727601238,True,,False,raw observation/full12 ledgers vs immutable v010 contract
trial_043_20260902_clean_v010,P04,rear_left_hip,servo,command_peak_velocity_error_percent,5.6843418860808015e-12,True,,False,raw observation/full12 ledgers vs immutable v010 contract
trial_043_20260902_clean_v010,P04,rear_left_hip,servo,measured_peak_velocity_error_percent,10.119260929460237,True,,False,raw observation/full12 ledgers vs immutable v010 contract
trial_043_20260902_clean_v010,P04,rear_left_hip,servo,trajectory_rmse_percent,4.50735691578392,True,,False,raw observation/full12 ledgers vs immutable v010 contract
trial_043_20260902_clean_v010,P04,front_left_ankle,wheel,duration_error_percent,5.6991448597427944e-12,True,,False,raw observation/full12 ledgers vs immutable v010 contract
trial_043_20260902_clean_v010,P04,front_left_ankle,wheel,command_average_velocity_error_percent,2.422304781000341e-13,True,,False,raw observation/full12 ledgers vs immutable v010 contract
trial_043_20260902_clean_v010,P04,front_left_ankle,wheel,measured_average_velocity_error_percent,0.42958795965651825,True,,False,raw observation/full12 ledgers vs immutable v010 contract
trial_043_20260902_clean_v010,P04,front_left_ankle,wheel,command_peak_velocity_error_percent,0.0,True,,False,raw observation/full12 ledgers vs immutable v010 contract
trial_043_20260902_clean_v010,P04,front_left_ankle,wheel,measured_peak_velocity_error_percent,7.601253493407302,True,,False,raw observation/full12 ledgers vs immutable v010 contract
trial_043_20260902_clean_v010,P04,front_left_ankle,wheel,command_wheel_integral_error_percent,5.938011025647008e-12,True,,False,raw observation/full12 ledgers vs immutable v010 contract
trial_043_20260902_clean_v010,P04,front_left_ankle,wheel,actual_wheel_integral_error_percent,0.31857569301646965,True,,False,raw observation/full12 ledgers vs immutable v010 contract
trial_043_20260902_clean_v010,P04,front_right_ankle,wheel,duration_error_percent,5.6991448597427944e-12,True,,False,raw observation/full12 ledgers vs immutable v010 contract
trial_043_20260902_clean_v010,P04,front_right_ankle,wheel,command_average_velocity_error_percent,2.422304781000341e-13,True,,False,raw observation/full12 ledgers vs immutable v010 contract
trial_043_20260902_clean_v010,P04,front_right_ankle,wheel,measured_average_velocity_error_percent,0.08029849733048401,True,,False,raw observation/full12 ledgers vs immutable v010 contract
trial_043_20260902_clean_v010,P04,front_right_ankle,wheel,command_peak_velocity_error_percent,0.0,True,,False,raw observation/full12 ledgers vs immutable v010 contract
trial_043_20260902_clean_v010,P04,front_right_ankle,wheel,measured_peak_velocity_error_percent,24.26166407085502,True,,False,raw observation/full12 ledgers vs immutable v010 contract
trial_043_20260902_clean_v010,P04,front_right_ankle,wheel,command_wheel_integral_error_percent,5.938011025647008e-12,True,,False,raw observation/full12 ledgers vs immutable v010 contract
trial_043_20260902_clean_v010,P04,front_right_ankle,wheel,actual_wheel_integral_error_percent,0.30817927590017,True,,False,raw observation/full12 ledgers vs immutable v010 contract
trial_043_20260902_clean_v010,P04,rear_left_ankle,wheel,duration_error_percent,5.6991448597427944e-12,True,,False,raw observation/full12 ledgers vs immutable v010 contract
trial_043_20260902_clean_v010,P04,rear_left_ankle,wheel,command_average_velocity_error_percent,2.422304781000341e-13,True,,False,raw observation/full12 ledgers vs immutable v010 contract
trial_043_20260902_clean_v010,P04,rear_left_ankle,wheel,measured_average_velocity_error_percent,0.08193004122364549,True,,False,raw observation/full12 ledgers vs immutable v010 contract
trial_043_20260902_clean_v010,P04,rear_left_ankle,wheel,command_peak_velocity_error_percent,0.0,True,,False,raw observation/full12 ledgers vs immutable v010 contract
trial_043_20260902_clean_v010,P04,rear_left_ankle,wheel,measured_peak_velocity_error_percent,0.12192850597802711,True,,False,raw observation/full12 ledgers vs immutable v010 contract
trial_043_20260902_clean_v010,P04,rear_left_ankle,wheel,command_wheel_integral_error_percent,5.938011025647008e-12,True,,False,raw observation/full12 ledgers vs immutable v010 contract
trial_043_20260902_clean_v010,P04,rear_left_ankle,wheel,actual_wheel_integral_error_percent,0.11184002002057761,True,,False,raw observation/full12 ledgers vs immutable v010 contract
trial_043_20260902_clean_v010,P04,rear_right_ankle,wheel,duration_error_percent,5.6991448597427944e-12,True,,False,raw observation/full12 ledgers vs immutable v010 contract
trial_043_20260902_clean_v010,P04,rear_right_ankle,wheel,command_average_velocity_error_percent,2.422304781000341e-13,True,,False,raw observation/full12 ledgers vs immutable v010 contract
trial_043_20260902_clean_v010,P04,rear_right_ankle,wheel,measured_average_velocity_error_percent,0.0059499567672346805,True,,False,raw observation/full12 ledgers vs immutable v010 contract
trial_043_20260902_clean_v010,P04,rear_right_ankle,wheel,command_peak_velocity_error_percent,0.0,True,,False,raw observation/full12 ledgers vs immutable v010 contract
trial_043_20260902_clean_v010,P04,rear_right_ankle,wheel,measured_peak_velocity_error_percent,20.339170292899542,True,,False,raw observation/full12 ledgers vs immutable v010 contract
trial_043_20260902_clean_v010,P04,rear_right_ankle,wheel,command_wheel_integral_error_percent,5.938011025647008e-12,True,,False,raw observation/full12 ledgers vs immutable v010 contract
trial_043_20260902_clean_v010,P04,rear_right_ankle,wheel,actual_wheel_integral_error_percent,0.40466802524457035,True,,False,raw observation/full12 ledgers vs immutable v010 contract
trial_043_20260902_clean_v010,P05,front_left_hip,servo,command_endpoint_error_percent,0.0,True,,False,raw observation/full12 ledgers vs immutable v010 contract
trial_043_20260902_clean_v010,P05,front_left_hip,servo,actual_endpoint_error_percent,1.619428865119014,True,,False,raw observation/full12 ledgers vs immutable v010 contract
trial_043_20260902_clean_v010,P05,front_left_hip,servo,command_delta_error_percent,0.0,True,,False,raw observation/full12 ledgers vs immutable v010 contract
trial_043_20260902_clean_v010,P05,front_left_hip,servo,actual_delta_error_percent,1.9852821064015886,True,,False,raw observation/full12 ledgers vs immutable v010 contract
trial_043_20260902_clean_v010,P05,front_left_hip,servo,duration_error_percent,5.657574865213446e-12,True,,False,raw observation/full12 ledgers vs immutable v010 contract
trial_043_20260902_clean_v010,P05,front_left_hip,servo,command_average_velocity_error_percent,5.638002142443955e-12,True,,False,raw observation/full12 ledgers vs immutable v010 contract
trial_043_20260902_clean_v010,P05,front_left_hip,servo,measured_average_velocity_error_percent,0.28302111682023917,True,,False,raw observation/full12 ledgers vs immutable v010 contract
trial_043_20260902_clean_v010,P05,front_left_hip,servo,command_peak_velocity_error_percent,5.760133111228545e-12,True,,False,raw observation/full12 ledgers vs immutable v010 contract
trial_043_20260902_clean_v010,P05,front_left_hip,servo,measured_peak_velocity_error_percent,0.20614836713671758,True,,False,raw observation/full12 ledgers vs immutable v010 contract
trial_043_20260902_clean_v010,P05,front_left_hip,servo,trajectory_rmse_percent,0.47287801478256974,True,,False,raw observation/full12 ledgers vs immutable v010 contract
trial_043_20260902_clean_v010,P05,front_left_knee,servo,command_endpoint_error_percent,0.0,True,,False,raw observation/full12 ledgers vs immutable v010 contract
trial_043_20260902_clean_v010,P05,front_left_knee,servo,actual_endpoint_error_percent,0.14751411189024569,True,,False,raw observation/full12 ledgers vs immutable v010 contract
trial_043_20260902_clean_v010,P05,front_left_knee,servo,command_delta_error_percent,0.0,True,,False,raw observation/full12 ledgers vs immutable v010 contract
trial_043_20260902_clean_v010,P05,front_left_knee,servo,actual_delta_error_percent,0.24353219227501652,True,,False,raw observation/full12 ledgers vs immutable v010 contract
trial_043_20260902_clean_v010,P05,front_left_knee,servo,duration_error_percent,5.657574865213446e-12,True,,False,raw observation/full12 ledgers vs immutable v010 contract
trial_043_20260902_clean_v010,P05,front_left_knee,servo,command_average_velocity_error_percent,5.662316976481448e-12,True,,False,raw observation/full12 ledgers vs immutable v010 contract
trial_043_20260902_clean_v010,P05,front_left_knee,servo,measured_average_velocity_error_percent,0.015441627480206123,True,,False,raw observation/full12 ledgers vs immutable v010 contract
trial_043_20260902_clean_v010,P05,front_left_knee,servo,command_peak_velocity_error_percent,5.6843418860808015e-12,True,,False,raw observation/full12 ledgers vs immutable v010 contract
trial_043_20260902_clean_v010,P05,front_left_knee,servo,measured_peak_velocity_error_percent,0.38332689447869817,True,,False,raw observation/full12 ledgers vs immutable v010 contract
trial_043_20260902_clean_v010,P05,front_left_knee,servo,trajectory_rmse_percent,2.5549430096222583,True,,False,raw observation/full12 ledgers vs immutable v010 contract
trial_043_20260902_clean_v010,P05,front_left_ankle,wheel,duration_error_percent,5.657574865213446e-12,True,,False,raw observation/full12 ledgers vs immutable v010 contract
trial_043_20260902_clean_v010,P05,front_left_ankle,wheel,command_average_velocity_error_percent,1.3837169892279397e-12,True,,False,raw observation/full12 ledgers vs immutable v010 contract
trial_043_20260902_clean_v010,P05,front_left_ankle,wheel,measured_average_velocity_error_percent,0.019799506494464145,True,,False,raw observation/full12 ledgers vs immutable v010 contract
trial_043_20260902_clean_v010,P05,front_left_ankle,wheel,command_peak_velocity_error_percent,0.0,True,,False,raw observation/full12 ledgers vs immutable v010 contract
trial_043_20260902_clean_v010,P05,front_left_ankle,wheel,measured_peak_velocity_error_percent,0.06478357288896192,True,,False,raw observation/full12 ledgers vs immutable v010 contract
trial_043_20260902_clean_v010,P05,front_left_ankle,wheel,command_wheel_integral_error_percent,7.0223862858408205e-12,True,,False,raw observation/full12 ledgers vs immutable v010 contract
trial_043_20260902_clean_v010,P05,front_left_ankle,wheel,actual_wheel_integral_error_percent,0.04075843866450638,True,,False,raw observation/full12 ledgers vs immutable v010 contract
trial_043_20260902_clean_v010,P05,front_right_ankle,wheel,duration_error_percent,5.657574865213446e-12,True,,False,raw observation/full12 ledgers vs immutable v010 contract
trial_043_20260902_clean_v010,P05,front_right_ankle,wheel,command_average_velocity_error_percent,1.3837169892279397e-12,True,,False,raw observation/full12 ledgers vs immutable v010 contract
trial_043_20260902_clean_v010,P05,front_right_ankle,wheel,measured_average_velocity_error_percent,2.850397329490911,True,,False,raw observation/full12 ledgers vs immutable v010 contract
trial_043_20260902_clean_v010,P05,front_right_ankle,wheel,command_peak_velocity_error_percent,0.0,True,,False,raw observation/full12 ledgers vs immutable v010 contract
trial_043_20260902_clean_v010,P05,front_right_ankle,wheel,measured_peak_velocity_error_percent,3.6801707044179963,True,,False,raw observation/full12 ledgers vs immutable v010 contract
trial_043_20260902_clean_v010,P05,front_right_ankle,wheel,command_wheel_integral_error_percent,7.0223862858408205e-12,True,,False,raw observation/full12 ledgers vs immutable v010 contract
trial_043_20260902_clean_v010,P05,front_right_ankle,wheel,actual_wheel_integral_error_percent,1.2232440168883671,True,,False,raw observation/full12 ledgers vs immutable v010 contract
trial_043_20260902_clean_v010,P05,rear_left_ankle,wheel,duration_error_percent,5.657574865213446e-12,True,,False,raw observation/full12 ledgers vs immutable v010 contract
trial_043_20260902_clean_v010,P05,rear_left_ankle,wheel,command_average_velocity_error_percent,1.3837169892279397e-12,True,,False,raw observation/full12 ledgers vs immutable v010 contract
trial_043_20260902_clean_v010,P05,rear_left_ankle,wheel,measured_average_velocity_error_percent,1.8358516963183216,True,,False,raw observation/full12 ledgers vs immutable v010 contract
trial_043_20260902_clean_v010,P05,rear_left_ankle,wheel,command_peak_velocity_error_percent,0.0,True,,False,raw observation/full12 ledgers vs immutable v010 contract
trial_043_20260902_clean_v010,P05,rear_left_ankle,wheel,measured_peak_velocity_error_percent,3.524476864612725,True,,False,raw observation/full12 ledgers vs immutable v010 contract
trial_043_20260902_clean_v010,P05,rear_left_ankle,wheel,command_wheel_integral_error_percent,7.0223862858408205e-12,True,,False,raw observation/full12 ledgers vs immutable v010 contract
trial_043_20260902_clean_v010,P05,rear_left_ankle,wheel,actual_wheel_integral_error_percent,2.358409983443402,True,,False,raw observation/full12 ledgers vs immutable v010 contract
trial_043_20260902_clean_v010,P05,rear_right_ankle,wheel,duration_error_percent,5.657574865213446e-12,True,,False,raw observation/full12 ledgers vs immutable v010 contract
trial_043_20260902_clean_v010,P05,rear_right_ankle,wheel,command_average_velocity_error_percent,1.3837169892279397e-12,True,,False,raw observation/full12 ledgers vs immutable v010 contract
trial_043_20260902_clean_v010,P05,rear_right_ankle,wheel,measured_average_velocity_error_percent,1.2256433114788465,True,,False,raw observation/full12 ledgers vs immutable v010 contract
trial_043_20260902_clean_v010,P05,rear_right_ankle,wheel,command_peak_velocity_error_percent,0.0,True,,False,raw observation/full12 ledgers vs immutable v010 contract
trial_043_20260902_clean_v010,P05,rear_right_ankle,wheel,measured_peak_velocity_error_percent,0.4765971582383816,True,,False,raw observation/full12 ledgers vs immutable v010 contract
trial_043_20260902_clean_v010,P05,rear_right_ankle,wheel,command_wheel_integral_error_percent,7.0223862858408205e-12,True,,False,raw observation/full12 ledgers vs immutable v010 contract
trial_043_20260902_clean_v010,P05,rear_right_ankle,wheel,actual_wheel_integral_error_percent,2.6666462879369917,True,,False,raw observation/full12 ledgers vs immutable v010 contract
trial_043_20260902_clean_v010,P06,front_left_ankle,wheel,duration_error_percent,5.690835096460134e-12,True,,False,raw observation/full12 ledgers vs immutable v010 contract
trial_043_20260902_clean_v010,P06,front_left_ankle,wheel,command_average_velocity_error_percent,4.773959005888173e-12,True,,False,raw observation/full12 ledgers vs immutable v010 contract
trial_043_20260902_clean_v010,P06,front_left_ankle,wheel,measured_average_velocity_error_percent,0.07029984006987666,True,,False,raw observation/full12 ledgers vs immutable v010 contract
trial_043_20260902_clean_v010,P06,front_left_ankle,wheel,command_peak_velocity_error_percent,0.0,True,,False,raw observation/full12 ledgers vs immutable v010 contract
trial_043_20260902_clean_v010,P06,front_left_ankle,wheel,measured_peak_velocity_error_percent,2.688391903115966,True,,False,raw observation/full12 ledgers vs immutable v010 contract
trial_043_20260902_clean_v010,P06,front_left_ankle,wheel,command_wheel_integral_error_percent,9.160064641816435e-13,True,,False,raw observation/full12 ledgers vs immutable v010 contract
trial_043_20260902_clean_v010,P06,front_left_ankle,wheel,actual_wheel_integral_error_percent,0.07803576623568119,True,,False,raw observation/full12 ledgers vs immutable v010 contract
trial_043_20260902_clean_v010,P06,front_right_ankle,wheel,duration_error_percent,5.690835096460134e-12,True,,False,raw observation/full12 ledgers vs immutable v010 contract
trial_043_20260902_clean_v010,P06,front_right_ankle,wheel,command_average_velocity_error_percent,4.773959005888173e-12,True,,False,raw observation/full12 ledgers vs immutable v010 contract
trial_043_20260902_clean_v010,P06,front_right_ankle,wheel,measured_average_velocity_error_percent,0.10963570179198144,True,,False,raw observation/full12 ledgers vs immutable v010 contract
trial_043_20260902_clean_v010,P06,front_right_ankle,wheel,command_peak_velocity_error_percent,0.0,True,,False,raw observation/full12 ledgers vs immutable v010 contract
trial_043_20260902_clean_v010,P06,front_right_ankle,wheel,measured_peak_velocity_error_percent,6.927080012968492,True,,False,raw observation/full12 ledgers vs immutable v010 contract
trial_043_20260902_clean_v010,P06,front_right_ankle,wheel,command_wheel_integral_error_percent,9.160064641816435e-13,True,,False,raw observation/full12 ledgers vs immutable v010 contract
trial_043_20260902_clean_v010,P06,front_right_ankle,wheel,actual_wheel_integral_error_percent,0.10658622773230186,True,,False,raw observation/full12 ledgers vs immutable v010 contract
trial_043_20260902_clean_v010,P06,rear_left_ankle,wheel,duration_error_percent,5.690835096460134e-12,True,,False,raw observation/full12 ledgers vs immutable v010 contract
trial_043_20260902_clean_v010,P06,rear_left_ankle,wheel,command_average_velocity_error_percent,4.773959005888173e-12,True,,False,raw observation/full12 ledgers vs immutable v010 contract
trial_043_20260902_clean_v010,P06,rear_left_ankle,wheel,measured_average_velocity_error_percent,0.19888125325727746,True,,False,raw observation/full12 ledgers vs immutable v010 contract
trial_043_20260902_clean_v010,P06,rear_left_ankle,wheel,command_peak_velocity_error_percent,0.0,True,,False,raw observation/full12 ledgers vs immutable v010 contract
trial_043_20260902_clean_v010,P06,rear_left_ankle,wheel,measured_peak_velocity_error_percent,2.340910454534315,True,,False,raw observation/full12 ledgers vs immutable v010 contract
trial_043_20260902_clean_v010,P06,rear_left_ankle,wheel,command_wheel_integral_error_percent,9.160064641816435e-13,True,,False,raw observation/full12 ledgers vs immutable v010 contract
trial_043_20260902_clean_v010,P06,rear_left_ankle,wheel,actual_wheel_integral_error_percent,0.19439954973571766,True,,False,raw observation/full12 ledgers vs immutable v010 contract
trial_043_20260902_clean_v010,P06,rear_right_ankle,wheel,duration_error_percent,5.690835096460134e-12,True,,False,raw observation/full12 ledgers vs immutable v010 contract
trial_043_20260902_clean_v010,P06,rear_right_ankle,wheel,command_average_velocity_error_percent,4.773959005888173e-12,True,,False,raw observation/full12 ledgers vs immutable v010 contract
trial_043_20260902_clean_v010,P06,rear_right_ankle,wheel,measured_average_velocity_error_percent,0.15228273136061538,True,,False,raw observation/full12 ledgers vs immutable v010 contract
trial_043_20260902_clean_v010,P06,rear_right_ankle,wheel,command_peak_velocity_error_percent,0.0,True,,False,raw observation/full12 ledgers vs immutable v010 contract
trial_043_20260902_clean_v010,P06,rear_right_ankle,wheel,measured_peak_velocity_error_percent,0.9654514033631753,True,,False,raw observation/full12 ledgers vs immutable v010 contract
trial_043_20260902_clean_v010,P06,rear_right_ankle,wheel,command_wheel_integral_error_percent,9.160064641816435e-13,True,,False,raw observation/full12 ledgers vs immutable v010 contract
trial_043_20260902_clean_v010,P06,rear_right_ankle,wheel,actual_wheel_integral_error_percent,0.15042107965146173,True,,False,raw observation/full12 ledgers vs immutable v010 contract
trial_043_20260902_clean_v010,P07,front_left_hip,servo,command_endpoint_error_percent,0.0,True,,False,raw observation/full12 ledgers vs immutable v010 contract
trial_043_20260902_clean_v010,P07,front_left_hip,servo,actual_endpoint_error_percent,1.4913588365586685,True,,False,raw observation/full12 ledgers vs immutable v010 contract
trial_043_20260902_clean_v010,P07,front_left_hip,servo,command_delta_error_percent,0.0,True,,False,raw observation/full12 ledgers vs immutable v010 contract
trial_043_20260902_clean_v010,P07,front_left_hip,servo,actual_delta_error_percent,1.4782280140245563,True,,False,raw observation/full12 ledgers vs immutable v010 contract
trial_043_20260902_clean_v010,P07,front_left_hip,servo,duration_error_percent,5.5422333389290965e-12,True,,False,raw observation/full12 ledgers vs immutable v010 contract
trial_043_20260902_clean_v010,P07,front_left_hip,servo,command_average_velocity_error_percent,5.569118739741008e-12,True,,False,raw observation/full12 ledgers vs immutable v010 contract
trial_043_20260902_clean_v010,P07,front_left_hip,servo,measured_average_velocity_error_percent,0.3827407195603606,True,,False,raw observation/full12 ledgers vs immutable v010 contract
trial_043_20260902_clean_v010,P07,front_left_hip,servo,command_peak_velocity_error_percent,5.6843418860808015e-12,True,,False,raw observation/full12 ledgers vs immutable v010 contract
trial_043_20260902_clean_v010,P07,front_left_hip,servo,measured_peak_velocity_error_percent,0.20537805797770933,True,,False,raw observation/full12 ledgers vs immutable v010 contract
trial_043_20260902_clean_v010,P07,front_left_hip,servo,trajectory_rmse_percent,0.5781083338864565,True,,False,raw observation/full12 ledgers vs immutable v010 contract
trial_043_20260902_clean_v010,P07,front_right_knee,servo,command_endpoint_error_percent,0.0,True,,False,raw observation/full12 ledgers vs immutable v010 contract
trial_043_20260902_clean_v010,P07,front_right_knee,servo,actual_endpoint_error_percent,8.728727934678767,True,,False,raw observation/full12 ledgers vs immutable v010 contract
trial_043_20260902_clean_v010,P07,front_right_knee,servo,command_delta_error_percent,0.0,True,,False,raw observation/full12 ledgers vs immutable v010 contract
trial_043_20260902_clean_v010,P07,front_right_knee,servo,actual_delta_error_percent,11.897289610589139,True,,False,raw observation/full12 ledgers vs immutable v010 contract
trial_043_20260902_clean_v010,P07,front_right_knee,servo,duration_error_percent,5.5422333389290965e-12,True,,False,raw observation/full12 ledgers vs immutable v010 contract
trial_043_20260902_clean_v010,P07,front_right_knee,servo,command_average_velocity_error_percent,5.541113113894611e-12,True,,False,raw observation/full12 ledgers vs immutable v010 contract
trial_043_20260902_clean_v010,P07,front_right_knee,servo,measured_average_velocity_error_percent,6.17483485378248,True,,False,raw observation/full12 ledgers vs immutable v010 contract
trial_043_20260902_clean_v010,P07,front_right_knee,servo,command_peak_velocity_error_percent,5.6843418860808015e-12,True,,False,raw observation/full12 ledgers vs immutable v010 contract
trial_043_20260902_clean_v010,P07,front_right_knee,servo,measured_peak_velocity_error_percent,9.53917239247474,True,,False,raw observation/full12 ledgers vs immutable v010 contract
trial_043_20260902_clean_v010,P07,front_right_knee,servo,trajectory_rmse_percent,5.246093993053056,True,,False,raw observation/full12 ledgers vs immutable v010 contract
trial_043_20260902_clean_v010,P07,front_right_ankle,wheel,duration_error_percent,5.5422333389290965e-12,True,,False,raw observation/full12 ledgers vs immutable v010 contract
trial_043_20260902_clean_v010,P07,front_right_ankle,wheel,command_average_velocity_error_percent,3.3776626410553707e-13,True,,False,raw observation/full12 ledgers vs immutable v010 contract
trial_043_20260902_clean_v010,P07,front_right_ankle,wheel,measured_average_velocity_error_percent,0.4480424461485085,True,,False,raw observation/full12 ledgers vs immutable v010 contract
trial_043_20260902_clean_v010,P07,front_right_ankle,wheel,command_peak_velocity_error_percent,0.0,True,,False,raw observation/full12 ledgers vs immutable v010 contract
trial_043_20260902_clean_v010,P07,front_right_ankle,wheel,measured_peak_velocity_error_percent,13.934239198466742,True,,False,raw observation/full12 ledgers vs immutable v010 contract
trial_043_20260902_clean_v010,P07,front_right_ankle,wheel,command_wheel_integral_error_percent,5.868321701590447e-12,True,,False,raw observation/full12 ledgers vs immutable v010 contract
trial_043_20260902_clean_v010,P07,front_right_ankle,wheel,actual_wheel_integral_error_percent,1.1208595526636802,True,,False,raw observation/full12 ledgers vs immutable v010 contract
trial_043_20260902_clean_v010,P08,rear_left_hip,servo,command_endpoint_error_percent,1.4620220900413587e-14,True,,False,raw observation/full12 ledgers vs immutable v010 contract
trial_043_20260902_clean_v010,P08,rear_left_hip,servo,actual_endpoint_error_percent,1.5902676039769381,True,,False,raw observation/full12 ledgers vs immutable v010 contract
trial_043_20260902_clean_v010,P08,rear_left_hip,servo,command_delta_error_percent,0.0,True,,False,raw observation/full12 ledgers vs immutable v010 contract
trial_043_20260902_clean_v010,P08,rear_left_hip,servo,actual_delta_error_percent,6.453205943531124,True,,False,raw observation/full12 ledgers vs immutable v010 contract
trial_043_20260902_clean_v010,P08,rear_left_hip,servo,duration_error_percent,5.329070518201054e-12,True,,False,raw observation/full12 ledgers vs immutable v010 contract
trial_043_20260902_clean_v010,P08,rear_left_hip,servo,command_average_velocity_error_percent,5.345152761190903e-12,True,,False,raw observation/full12 ledgers vs immutable v010 contract
trial_043_20260902_clean_v010,P08,rear_left_hip,servo,measured_average_velocity_error_percent,8.214915130641607,True,,False,raw observation/full12 ledgers vs immutable v010 contract
trial_043_20260902_clean_v010,P08,rear_left_hip,servo,command_peak_velocity_error_percent,5.6843418860808015e-12,True,,False,raw observation/full12 ledgers vs immutable v010 contract
trial_043_20260902_clean_v010,P08,rear_left_hip,servo,measured_peak_velocity_error_percent,9.7478935167321,True,,False,raw observation/full12 ledgers vs immutable v010 contract
trial_043_20260902_clean_v010,P08,rear_left_hip,servo,trajectory_rmse_percent,2.9583833055237543,True,,False,raw observation/full12 ledgers vs immutable v010 contract
trial_043_20260902_clean_v010,P09,front_left_hip,servo,command_endpoint_error_percent,0.0,True,,False,raw observation/full12 ledgers vs immutable v010 contract
trial_043_20260902_clean_v010,P09,front_left_hip,servo,actual_endpoint_error_percent,0.1027907584679695,True,,False,raw observation/full12 ledgers vs immutable v010 contract
trial_043_20260902_clean_v010,P09,front_left_hip,servo,command_delta_error_percent,0.0,True,,False,raw observation/full12 ledgers vs immutable v010 contract
trial_043_20260902_clean_v010,P09,front_left_hip,servo,actual_delta_error_percent,0.10204912671920309,True,,False,raw observation/full12 ledgers vs immutable v010 contract
trial_043_20260902_clean_v010,P09,front_left_hip,servo,duration_error_percent,3.1777050127038847e-11,True,,False,raw observation/full12 ledgers vs immutable v010 contract
trial_043_20260902_clean_v010,P09,front_left_hip,servo,command_average_velocity_error_percent,3.178403249875698e-11,True,,False,raw observation/full12 ledgers vs immutable v010 contract
trial_043_20260902_clean_v010,P09,front_left_hip,servo,measured_average_velocity_error_percent,2.1334116583137948,True,,False,raw observation/full12 ledgers vs immutable v010 contract
trial_043_20260902_clean_v010,P09,front_left_hip,servo,command_peak_velocity_error_percent,9.094947017729282e-11,True,,False,raw observation/full12 ledgers vs immutable v010 contract
trial_043_20260902_clean_v010,P09,front_left_hip,servo,measured_peak_velocity_error_percent,4.434272678449841,True,,False,raw observation/full12 ledgers vs immutable v010 contract
trial_043_20260902_clean_v010,P09,front_left_hip,servo,trajectory_rmse_percent,0.649556809583871,True,,False,raw observation/full12 ledgers vs immutable v010 contract
trial_043_20260902_clean_v010,P09,front_left_knee,servo,command_endpoint_error_percent,0.0,True,,False,raw observation/full12 ledgers vs immutable v010 contract
trial_043_20260902_clean_v010,P09,front_left_knee,servo,actual_endpoint_error_percent,4.538262275771881,True,,False,raw observation/full12 ledgers vs immutable v010 contract
trial_043_20260902_clean_v010,P09,front_left_knee,servo,command_delta_error_percent,0.0,True,,False,raw observation/full12 ledgers vs immutable v010 contract
trial_043_20260902_clean_v010,P09,front_left_knee,servo,actual_delta_error_percent,4.566114269387395,True,,False,raw observation/full12 ledgers vs immutable v010 contract
trial_043_20260902_clean_v010,P09,front_left_knee,servo,duration_error_percent,3.1777050127038847e-11,True,,False,raw observation/full12 ledgers vs immutable v010 contract
trial_043_20260902_clean_v010,P09,front_left_knee,servo,command_average_velocity_error_percent,2.383426789265286e-11,True,,False,raw observation/full12 ledgers vs immutable v010 contract
trial_043_20260902_clean_v010,P09,front_left_knee,servo,measured_average_velocity_error_percent,2.4243428658429553,True,,False,raw observation/full12 ledgers vs immutable v010 contract
trial_043_20260902_clean_v010,P09,front_left_knee,servo,command_peak_velocity_error_percent,9.094947017729282e-11,True,,False,raw observation/full12 ledgers vs immutable v010 contract
trial_043_20260902_clean_v010,P09,front_left_knee,servo,measured_peak_velocity_error_percent,0.6504231277491087,True,,False,raw observation/full12 ledgers vs immutable v010 contract
trial_043_20260902_clean_v010,P09,front_left_knee,servo,trajectory_rmse_percent,4.769995961502091,True,,False,raw observation/full12 ledgers vs immutable v010 contract
trial_043_20260902_clean_v010,P09,rear_left_hip,servo,command_endpoint_error_percent,0.0,True,,False,raw observation/full12 ledgers vs immutable v010 contract
trial_043_20260902_clean_v010,P09,rear_left_hip,servo,actual_endpoint_error_percent,0.9721239652402175,True,,False,raw observation/full12 ledgers vs immutable v010 contract
trial_043_20260902_clean_v010,P09,rear_left_hip,servo,command_delta_error_percent,2.24855296126614e-14,True,,False,raw observation/full12 ledgers vs immutable v010 contract
trial_043_20260902_clean_v010,P09,rear_left_hip,servo,actual_delta_error_percent,0.7331321878578263,True,,False,raw observation/full12 ledgers vs immutable v010 contract
trial_043_20260902_clean_v010,P09,rear_left_hip,servo,duration_error_percent,3.1777050127038847e-11,True,,False,raw observation/full12 ledgers vs immutable v010 contract
trial_043_20260902_clean_v010,P09,rear_left_hip,servo,command_average_velocity_error_percent,2.092992446023345e-11,True,,False,raw observation/full12 ledgers vs immutable v010 contract
trial_043_20260902_clean_v010,P09,rear_left_hip,servo,measured_average_velocity_error_percent,1.8280400745933365,True,,False,raw observation/full12 ledgers vs immutable v010 contract
trial_043_20260902_clean_v010,P09,rear_left_hip,servo,command_peak_velocity_error_percent,9.094947017729282e-11,True,,False,raw observation/full12 ledgers vs immutable v010 contract
trial_043_20260902_clean_v010,P09,rear_left_hip,servo,measured_peak_velocity_error_percent,1.3420542353998772,True,,False,raw observation/full12 ledgers vs immutable v010 contract
trial_043_20260902_clean_v010,P09,rear_left_hip,servo,trajectory_rmse_percent,0.2742360873929314,True,,False,raw observation/full12 ledgers vs immutable v010 contract
trial_043_20260902_clean_v010,P09,rear_left_knee,servo,command_endpoint_error_percent,0.0,True,,False,raw observation/full12 ledgers vs immutable v010 contract
trial_043_20260902_clean_v010,P09,rear_left_knee,servo,actual_endpoint_error_percent,0.47723306288413164,True,,False,raw observation/full12 ledgers vs immutable v010 contract
trial_043_20260902_clean_v010,P09,rear_left_knee,servo,command_delta_error_percent,0.0,True,,False,raw observation/full12 ledgers vs immutable v010 contract
trial_043_20260902_clean_v010,P09,rear_left_knee,servo,actual_delta_error_percent,6.944579160421737,True,,False,raw observation/full12 ledgers vs immutable v010 contract
trial_043_20260902_clean_v010,P09,rear_left_knee,servo,duration_error_percent,3.1777050127038847e-11,True,,False,raw observation/full12 ledgers vs immutable v010 contract
trial_043_20260902_clean_v010,P09,rear_left_knee,servo,command_average_velocity_error_percent,2.5686119897727622e-11,True,,False,raw observation/full12 ledgers vs immutable v010 contract
trial_043_20260902_clean_v010,P09,rear_left_knee,servo,measured_average_velocity_error_percent,11.641155610161634,True,,False,raw observation/full12 ledgers vs immutable v010 contract
trial_043_20260902_clean_v010,P09,rear_left_knee,servo,command_peak_velocity_error_percent,9.094947017729282e-11,True,,False,raw observation/full12 ledgers vs immutable v010 contract
trial_043_20260902_clean_v010,P09,rear_left_knee,servo,measured_peak_velocity_error_percent,5.085363625098651,True,,False,raw observation/full12 ledgers vs immutable v010 contract
trial_043_20260902_clean_v010,P09,rear_left_knee,servo,trajectory_rmse_percent,4.144628687104811,True,,False,raw observation/full12 ledgers vs immutable v010 contract
trial_043_20260902_clean_v010,P09,rear_right_hip,servo,command_endpoint_error_percent,0.0,True,,False,raw observation/full12 ledgers vs immutable v010 contract
trial_043_20260902_clean_v010,P09,rear_right_hip,servo,actual_endpoint_error_percent,3.9172743449066822,True,,False,raw observation/full12 ledgers vs immutable v010 contract
trial_043_20260902_clean_v010,P09,rear_right_hip,servo,command_delta_error_percent,0.0,True,,False,raw observation/full12 ledgers vs immutable v010 contract
trial_043_20260902_clean_v010,P09,rear_right_hip,servo,actual_delta_error_percent,3.2706405694656415,True,,False,raw observation/full12 ledgers vs immutable v010 contract
trial_043_20260902_clean_v010,P09,rear_right_hip,servo,duration_error_percent,3.1777050127038847e-11,True,,False,raw observation/full12 ledgers vs immutable v010 contract
trial_043_20260902_clean_v010,P09,rear_right_hip,servo,command_average_velocity_error_percent,3.179573454653826e-11,True,,False,raw observation/full12 ledgers vs immutable v010 contract
trial_043_20260902_clean_v010,P09,rear_right_hip,servo,measured_average_velocity_error_percent,0.19507774496153926,True,,False,raw observation/full12 ledgers vs immutable v010 contract
trial_043_20260902_clean_v010,P09,rear_right_hip,servo,command_peak_velocity_error_percent,9.094947017729282e-11,True,,False,raw observation/full12 ledgers vs immutable v010 contract
trial_043_20260902_clean_v010,P09,rear_right_hip,servo,measured_peak_velocity_error_percent,0.5009831612918643,True,,False,raw observation/full12 ledgers vs immutable v010 contract
trial_043_20260902_clean_v010,P09,rear_right_hip,servo,trajectory_rmse_percent,1.2406259759818576,True,,False,raw observation/full12 ledgers vs immutable v010 contract
trial_043_20260902_clean_v010,P09,rear_right_knee,servo,command_endpoint_error_percent,0.0,True,,False,raw observation/full12 ledgers vs immutable v010 contract
trial_043_20260902_clean_v010,P09,rear_right_knee,servo,actual_endpoint_error_percent,5.822980202763382,True,,False,raw observation/full12 ledgers vs immutable v010 contract
trial_043_20260902_clean_v010,P09,rear_right_knee,servo,command_delta_error_percent,0.0,True,,False,raw observation/full12 ledgers vs immutable v010 contract
trial_043_20260902_clean_v010,P09,rear_right_knee,servo,actual_delta_error_percent,5.805168477118109,True,,False,raw observation/full12 ledgers vs immutable v010 contract
trial_043_20260902_clean_v010,P09,rear_right_knee,servo,duration_error_percent,3.1777050127038847e-11,True,,False,raw observation/full12 ledgers vs immutable v010 contract
trial_043_20260902_clean_v010,P09,rear_right_knee,servo,command_average_velocity_error_percent,3.177141089899741e-11,True,,False,raw observation/full12 ledgers vs immutable v010 contract
trial_043_20260902_clean_v010,P09,rear_right_knee,servo,measured_average_velocity_error_percent,1.824265454397165,True,,False,raw observation/full12 ledgers vs immutable v010 contract
trial_043_20260902_clean_v010,P09,rear_right_knee,servo,command_peak_velocity_error_percent,9.094947017729282e-11,True,,False,raw observation/full12 ledgers vs immutable v010 contract
trial_043_20260902_clean_v010,P09,rear_right_knee,servo,measured_peak_velocity_error_percent,0.5830833299608836,True,,False,raw observation/full12 ledgers vs immutable v010 contract
trial_043_20260902_clean_v010,P09,rear_right_knee,servo,trajectory_rmse_percent,3.2651720132935957,True,,False,raw observation/full12 ledgers vs immutable v010 contract
trial_043_20260902_clean_v010,P09,front_left_ankle,wheel,duration_error_percent,3.1777050127038847e-11,True,,False,raw observation/full12 ledgers vs immutable v010 contract
trial_043_20260902_clean_v010,P09,front_left_ankle,wheel,command_average_velocity_error_percent,3.006420638576724e-11,True,,False,raw observation/full12 ledgers vs immutable v010 contract
trial_043_20260902_clean_v010,P09,front_left_ankle,wheel,measured_average_velocity_error_percent,0.4985807411850313,True,,False,raw observation/full12 ledgers vs immutable v010 contract
trial_043_20260902_clean_v010,P09,front_left_ankle,wheel,command_peak_velocity_error_percent,0.0,True,,False,raw observation/full12 ledgers vs immutable v010 contract
trial_043_20260902_clean_v010,P09,front_left_ankle,wheel,measured_peak_velocity_error_percent,26.288520414987204,True,,False,raw observation/full12 ledgers vs immutable v010 contract
trial_043_20260902_clean_v010,P09,front_left_ankle,wheel,command_wheel_integral_error_percent,1.386675910225253e-10,True,,False,raw observation/full12 ledgers vs immutable v010 contract
trial_043_20260902_clean_v010,P09,front_left_ankle,wheel,actual_wheel_integral_error_percent,0.3102100469185711,True,,False,raw observation/full12 ledgers vs immutable v010 contract
trial_043_20260902_clean_v010,P09,front_right_ankle,wheel,duration_error_percent,3.1777050127038847e-11,True,,False,raw observation/full12 ledgers vs immutable v010 contract
trial_043_20260902_clean_v010,P09,front_right_ankle,wheel,command_average_velocity_error_percent,3.780309398848657e-12,True,,False,raw observation/full12 ledgers vs immutable v010 contract
trial_043_20260902_clean_v010,P09,front_right_ankle,wheel,measured_average_velocity_error_percent,0.44860616628671074,True,,False,raw observation/full12 ledgers vs immutable v010 contract
trial_043_20260902_clean_v010,P09,front_right_ankle,wheel,command_peak_velocity_error_percent,0.0,True,,False,raw observation/full12 ledgers vs immutable v010 contract
trial_043_20260902_clean_v010,P09,front_right_ankle,wheel,measured_peak_velocity_error_percent,8.556250532473802,True,,False,raw observation/full12 ledgers vs immutable v010 contract
trial_043_20260902_clean_v010,P09,front_right_ankle,wheel,command_wheel_integral_error_percent,2.732019403733724e-11,True,,False,raw observation/full12 ledgers vs immutable v010 contract
trial_043_20260902_clean_v010,P09,front_right_ankle,wheel,actual_wheel_integral_error_percent,5.746963553523089,True,,False,raw observation/full12 ledgers vs immutable v010 contract
trial_043_20260902_clean_v010,P09,rear_left_ankle,wheel,duration_error_percent,3.1777050127038847e-11,True,,False,raw observation/full12 ledgers vs immutable v010 contract
trial_043_20260902_clean_v010,P09,rear_left_ankle,wheel,command_average_velocity_error_percent,3.780309398848657e-12,True,,False,raw observation/full12 ledgers vs immutable v010 contract
trial_043_20260902_clean_v010,P09,rear_left_ankle,wheel,measured_average_velocity_error_percent,3.501803410304169,True,,False,raw observation/full12 ledgers vs immutable v010 contract
trial_043_20260902_clean_v010,P09,rear_left_ankle,wheel,command_peak_velocity_error_percent,0.0,True,,False,raw observation/full12 ledgers vs immutable v010 contract
trial_043_20260902_clean_v010,P09,rear_left_ankle,wheel,measured_peak_velocity_error_percent,36.458636795326846,False,REFERENCE_DIVERGENCE_WARNING,False,raw observation/full12 ledgers vs immutable v010 contract
trial_043_20260902_clean_v010,P09,rear_left_ankle,wheel,command_wheel_integral_error_percent,2.732019403733724e-11,True,,False,raw observation/full12 ledgers vs immutable v010 contract
trial_043_20260902_clean_v010,P09,rear_left_ankle,wheel,actual_wheel_integral_error_percent,3.058336374724423,True,,False,raw observation/full12 ledgers vs immutable v010 contract
trial_043_20260902_clean_v010,P09,rear_right_ankle,wheel,duration_error_percent,3.1777050127038847e-11,True,,False,raw observation/full12 ledgers vs immutable v010 contract
trial_043_20260902_clean_v010,P09,rear_right_ankle,wheel,command_average_velocity_error_percent,3.780309398848657e-12,True,,False,raw observation/full12 ledgers vs immutable v010 contract
trial_043_20260902_clean_v010,P09,rear_right_ankle,wheel,measured_average_velocity_error_percent,1.4182840574331779,True,,False,raw observation/full12 ledgers vs immutable v010 contract
trial_043_20260902_clean_v010,P09,rear_right_ankle,wheel,command_peak_velocity_error_percent,0.0,True,,False,raw observation/full12 ledgers vs immutable v010 contract
trial_043_20260902_clean_v010,P09,rear_right_ankle,wheel,measured_peak_velocity_error_percent,9.917028807039856,True,,False,raw observation/full12 ledgers vs immutable v010 contract
trial_043_20260902_clean_v010,P09,rear_right_ankle,wheel,command_wheel_integral_error_percent,2.732019403733724e-11,True,,False,raw observation/full12 ledgers vs immutable v010 contract
trial_043_20260902_clean_v010,P09,rear_right_ankle,wheel,actual_wheel_integral_error_percent,1.9026087354607242,True,,False,raw observation/full12 ledgers vs immutable v010 contract
trial_043_20260902_clean_v010,P10,rear_right_knee,servo,command_endpoint_error_percent,0.0,True,,False,raw observation/full12 ledgers vs immutable v010 contract
trial_043_20260902_clean_v010,P10,rear_right_knee,servo,actual_endpoint_error_percent,8.971743435672732,True,,False,raw observation/full12 ledgers vs immutable v010 contract
trial_043_20260902_clean_v010,P10,rear_right_knee,servo,command_delta_error_percent,0.0,True,,False,raw observation/full12 ledgers vs immutable v010 contract
trial_043_20260902_clean_v010,P10,rear_right_knee,servo,actual_delta_error_percent,14.959048600657773,True,,False,raw observation/full12 ledgers vs immutable v010 contract
trial_043_20260902_clean_v010,P10,rear_right_knee,servo,duration_error_percent,12.500000000074607,True,,False,raw observation/full12 ledgers vs immutable v010 contract
trial_043_20260902_clean_v010,P10,rear_right_knee,servo,command_average_velocity_error_percent,14.28571428581173,True,,False,raw observation/full12 ledgers vs immutable v010 contract
trial_043_20260902_clean_v010,P10,rear_right_knee,servo,measured_average_velocity_error_percent,16.812829672840515,True,,False,raw observation/full12 ledgers vs immutable v010 contract
trial_043_20260902_clean_v010,P10,rear_right_knee,servo,command_peak_velocity_error_percent,9.094947017729282e-11,True,,False,raw observation/full12 ledgers vs immutable v010 contract
trial_043_20260902_clean_v010,P10,rear_right_knee,servo,measured_peak_velocity_error_percent,0.23703870416370237,True,,False,raw observation/full12 ledgers vs immutable v010 contract
trial_043_20260902_clean_v010,P10,rear_right_knee,servo,trajectory_rmse_percent,5.487851718373382,True,,False,raw observation/full12 ledgers vs immutable v010 contract
trial_043_20260902_clean_v010,P11,front_right_hip,servo,command_endpoint_error_percent,0.0,True,,False,raw observation/full12 ledgers vs immutable v010 contract
trial_043_20260902_clean_v010,P11,front_right_hip,servo,actual_endpoint_error_percent,3.5273999704343106,True,,False,raw observation/full12 ledgers vs immutable v010 contract
trial_043_20260902_clean_v010,P11,front_right_hip,servo,command_delta_error_percent,0.0,True,,False,raw observation/full12 ledgers vs immutable v010 contract
trial_043_20260902_clean_v010,P11,front_right_hip,servo,actual_delta_error_percent,8.294680979249863,True,,False,raw observation/full12 ledgers vs immutable v010 contract
trial_043_20260902_clean_v010,P11,front_right_hip,servo,duration_error_percent,7.917476198463387e-11,True,,False,raw observation/full12 ledgers vs immutable v010 contract
trial_043_20260902_clean_v010,P11,front_right_hip,servo,command_average_velocity_error_percent,7.91643008080659e-11,True,,False,raw observation/full12 ledgers vs immutable v010 contract
trial_043_20260902_clean_v010,P11,front_right_hip,servo,measured_average_velocity_error_percent,5.220179509170887,True,,False,raw observation/full12 ledgers vs immutable v010 contract
trial_043_20260902_clean_v010,P11,front_right_hip,servo,command_peak_velocity_error_percent,9.094947017729282e-11,True,,False,raw observation/full12 ledgers vs immutable v010 contract
trial_043_20260902_clean_v010,P11,front_right_hip,servo,measured_peak_velocity_error_percent,1.8434544357525315,True,,False,raw observation/full12 ledgers vs immutable v010 contract
trial_043_20260902_clean_v010,P11,front_right_hip,servo,trajectory_rmse_percent,8.39386239459489,True,,False,raw observation/full12 ledgers vs immutable v010 contract
trial_043_20260902_clean_v010,P12,rear_left_hip,servo,command_endpoint_error_percent,0.0,True,,False,raw observation/full12 ledgers vs immutable v010 contract
trial_043_20260902_clean_v010,P12,rear_left_hip,servo,actual_endpoint_error_percent,0.34608687801655175,True,,False,raw observation/full12 ledgers vs immutable v010 contract
trial_043_20260902_clean_v010,P12,rear_left_hip,servo,command_delta_error_percent,0.0,True,,False,raw observation/full12 ledgers vs immutable v010 contract
trial_043_20260902_clean_v010,P12,rear_left_hip,servo,actual_delta_error_percent,0.7194628100887908,True,,False,raw observation/full12 ledgers vs immutable v010 contract
trial_043_20260902_clean_v010,P12,rear_left_hip,servo,duration_error_percent,7.947928029995939e-11,True,,False,raw observation/full12 ledgers vs immutable v010 contract
trial_043_20260902_clean_v010,P12,rear_left_hip,servo,command_average_velocity_error_percent,7.946249889183814e-11,True,,False,raw observation/full12 ledgers vs immutable v010 contract
trial_043_20260902_clean_v010,P12,rear_left_hip,servo,measured_average_velocity_error_percent,1.0792891515215632,True,,False,raw observation/full12 ledgers vs immutable v010 contract
trial_043_20260902_clean_v010,P12,rear_left_hip,servo,command_peak_velocity_error_percent,9.094947017729282e-11,True,,False,raw observation/full12 ledgers vs immutable v010 contract
trial_043_20260902_clean_v010,P12,rear_left_hip,servo,measured_peak_velocity_error_percent,0.6158783980984088,True,,False,raw observation/full12 ledgers vs immutable v010 contract
trial_043_20260902_clean_v010,P12,rear_left_hip,servo,trajectory_rmse_percent,1.460548053404158,True,,False,raw observation/full12 ledgers vs immutable v010 contract
trial_043_20260902_clean_v010,P12,rear_left_knee,servo,command_endpoint_error_percent,9.32470781837402e-15,True,,False,raw observation/full12 ledgers vs immutable v010 contract
trial_043_20260902_clean_v010,P12,rear_left_knee,servo,actual_endpoint_error_percent,0.1212582665248445,True,,False,raw observation/full12 ledgers vs immutable v010 contract
trial_043_20260902_clean_v010,P12,rear_left_knee,servo,command_delta_error_percent,0.0,True,,False,raw observation/full12 ledgers vs immutable v010 contract
trial_043_20260902_clean_v010,P12,rear_left_knee,servo,actual_delta_error_percent,0.18468401267577908,True,,False,raw observation/full12 ledgers vs immutable v010 contract
trial_043_20260902_clean_v010,P12,rear_left_knee,servo,duration_error_percent,7.947928029995939e-11,True,,False,raw observation/full12 ledgers vs immutable v010 contract
trial_043_20260902_clean_v010,P12,rear_left_knee,servo,command_average_velocity_error_percent,7.94574494687058e-11,True,,False,raw observation/full12 ledgers vs immutable v010 contract
trial_043_20260902_clean_v010,P12,rear_left_knee,servo,measured_average_velocity_error_percent,0.6590957141971785,True,,False,raw observation/full12 ledgers vs immutable v010 contract
trial_043_20260902_clean_v010,P12,rear_left_knee,servo,command_peak_velocity_error_percent,9.094947017729282e-11,True,,False,raw observation/full12 ledgers vs immutable v010 contract
trial_043_20260902_clean_v010,P12,rear_left_knee,servo,measured_peak_velocity_error_percent,0.0668616595524267,True,,False,raw observation/full12 ledgers vs immutable v010 contract
trial_043_20260902_clean_v010,P12,rear_left_knee,servo,trajectory_rmse_percent,0.5571469752719532,True,,False,raw observation/full12 ledgers vs immutable v010 contract
trial_043_20260902_clean_v010,P12,front_left_ankle,wheel,duration_error_percent,7.947928029995939e-11,True,,False,raw observation/full12 ledgers vs immutable v010 contract
trial_043_20260902_clean_v010,P12,front_left_ankle,wheel,command_average_velocity_error_percent,4.996003610813204e-14,True,,False,raw observation/full12 ledgers vs immutable v010 contract
trial_043_20260902_clean_v010,P12,front_left_ankle,wheel,measured_average_velocity_error_percent,0.24449069506995988,True,,False,raw observation/full12 ledgers vs immutable v010 contract
trial_043_20260902_clean_v010,P12,front_left_ankle,wheel,command_peak_velocity_error_percent,0.0,True,,False,raw observation/full12 ledgers vs immutable v010 contract
trial_043_20260902_clean_v010,P12,front_left_ankle,wheel,measured_peak_velocity_error_percent,10.252513635246956,True,,False,raw observation/full12 ledgers vs immutable v010 contract
trial_043_20260902_clean_v010,P12,front_left_ankle,wheel,command_wheel_integral_error_percent,7.954916187042709e-11,True,,False,raw observation/full12 ledgers vs immutable v010 contract
trial_043_20260902_clean_v010,P12,front_left_ankle,wheel,actual_wheel_integral_error_percent,8.488222227555918,True,,False,raw observation/full12 ledgers vs immutable v010 contract
trial_043_20260902_clean_v010,P12,front_right_ankle,wheel,duration_error_percent,7.947928029995939e-11,True,,False,raw observation/full12 ledgers vs immutable v010 contract
trial_043_20260902_clean_v010,P12,front_right_ankle,wheel,command_average_velocity_error_percent,4.996003610813204e-14,True,,False,raw observation/full12 ledgers vs immutable v010 contract
trial_043_20260902_clean_v010,P12,front_right_ankle,wheel,measured_average_velocity_error_percent,1.9624672858079115,True,,False,raw observation/full12 ledgers vs immutable v010 contract
trial_043_20260902_clean_v010,P12,front_right_ankle,wheel,command_peak_velocity_error_percent,0.0,True,,False,raw observation/full12 ledgers vs immutable v010 contract
trial_043_20260902_clean_v010,P12,front_right_ankle,wheel,measured_peak_velocity_error_percent,2.1831708932958143,True,,False,raw observation/full12 ledgers vs immutable v010 contract
trial_043_20260902_clean_v010,P12,front_right_ankle,wheel,command_wheel_integral_error_percent,7.954916187042709e-11,True,,False,raw observation/full12 ledgers vs immutable v010 contract
trial_043_20260902_clean_v010,P12,front_right_ankle,wheel,actual_wheel_integral_error_percent,9.746496269799556,True,,False,raw observation/full12 ledgers vs immutable v010 contract
trial_043_20260902_clean_v010,P12,rear_left_ankle,wheel,duration_error_percent,7.947928029995939e-11,True,,False,raw observation/full12 ledgers vs immutable v010 contract
trial_043_20260902_clean_v010,P12,rear_left_ankle,wheel,command_average_velocity_error_percent,4.996003610813204e-14,True,,False,raw observation/full12 ledgers vs immutable v010 contract
trial_043_20260902_clean_v010,P12,rear_left_ankle,wheel,measured_average_velocity_error_percent,2.9320348111191685,True,,False,raw observation/full12 ledgers vs immutable v010 contract
trial_043_20260902_clean_v010,P12,rear_left_ankle,wheel,command_peak_velocity_error_percent,0.0,True,,False,raw observation/full12 ledgers vs immutable v010 contract
trial_043_20260902_clean_v010,P12,rear_left_ankle,wheel,measured_peak_velocity_error_percent,13.226005197705678,True,,False,raw observation/full12 ledgers vs immutable v010 contract
trial_043_20260902_clean_v010,P12,rear_left_ankle,wheel,command_wheel_integral_error_percent,7.954916187042709e-11,True,,False,raw observation/full12 ledgers vs immutable v010 contract
trial_043_20260902_clean_v010,P12,rear_left_ankle,wheel,actual_wheel_integral_error_percent,5.069526453179882,True,,False,raw observation/full12 ledgers vs immutable v010 contract
trial_043_20260902_clean_v010,P12,rear_right_ankle,wheel,duration_error_percent,7.947928029995939e-11,True,,False,raw observation/full12 ledgers vs immutable v010 contract
trial_043_20260902_clean_v010,P12,rear_right_ankle,wheel,command_average_velocity_error_percent,4.996003610813204e-14,True,,False,raw observation/full12 ledgers vs immutable v010 contract
trial_043_20260902_clean_v010,P12,rear_right_ankle,wheel,measured_average_velocity_error_percent,3.0013692867712805,True,,False,raw observation/full12 ledgers vs immutable v010 contract
trial_043_20260902_clean_v010,P12,rear_right_ankle,wheel,command_peak_velocity_error_percent,0.0,True,,False,raw observation/full12 ledgers vs immutable v010 contract
trial_043_20260902_clean_v010,P12,rear_right_ankle,wheel,measured_peak_velocity_error_percent,3.967173628239309,True,,False,raw observation/full12 ledgers vs immutable v010 contract
trial_043_20260902_clean_v010,P12,rear_right_ankle,wheel,command_wheel_integral_error_percent,7.954916187042709e-11,True,,False,raw observation/full12 ledgers vs immutable v010 contract
trial_043_20260902_clean_v010,P12,rear_right_ankle,wheel,actual_wheel_integral_error_percent,2.420832801576488,True,,False,raw observation/full12 ledgers vs immutable v010 contract
trial_043_20260902_clean_v010,P13,front_left_hip,servo,command_endpoint_error_percent,0.0,True,,False,raw observation/full12 ledgers vs immutable v010 contract
trial_043_20260902_clean_v010,P13,front_left_hip,servo,actual_endpoint_error_percent,14.463468163121918,True,,False,raw observation/full12 ledgers vs immutable v010 contract
trial_043_20260902_clean_v010,P13,front_left_hip,servo,command_delta_error_percent,0.0,True,,False,raw observation/full12 ledgers vs immutable v010 contract
trial_043_20260902_clean_v010,P13,front_left_hip,servo,actual_delta_error_percent,13.50060021906139,True,,False,raw observation/full12 ledgers vs immutable v010 contract
trial_043_20260902_clean_v010,P13,front_left_hip,servo,duration_error_percent,7.959675365755687e-11,True,,False,raw observation/full12 ledgers vs immutable v010 contract
trial_043_20260902_clean_v010,P13,front_left_hip,servo,command_average_velocity_error_percent,2.5486279753295094e-11,True,,False,raw observation/full12 ledgers vs immutable v010 contract
trial_043_20260902_clean_v010,P13,front_left_hip,servo,measured_average_velocity_error_percent,1.8714437059481437,True,,False,raw observation/full12 ledgers vs immutable v010 contract
trial_043_20260902_clean_v010,P13,front_left_hip,servo,command_peak_velocity_error_percent,9.094947017729282e-11,True,,False,raw observation/full12 ledgers vs immutable v010 contract
trial_043_20260902_clean_v010,P13,front_left_hip,servo,measured_peak_velocity_error_percent,6.502933264477127,True,,False,raw observation/full12 ledgers vs immutable v010 contract
trial_043_20260902_clean_v010,P13,front_left_hip,servo,trajectory_rmse_percent,0.5668589123246061,True,,False,raw observation/full12 ledgers vs immutable v010 contract
trial_043_20260902_clean_v010,P13,front_left_knee,servo,command_endpoint_error_percent,2.169816986238091e-15,True,,False,raw observation/full12 ledgers vs immutable v010 contract
trial_043_20260902_clean_v010,P13,front_left_knee,servo,actual_endpoint_error_percent,2.316324924631277,True,,False,raw observation/full12 ledgers vs immutable v010 contract
trial_043_20260902_clean_v010,P13,front_left_knee,servo,command_delta_error_percent,0.0,True,,False,raw observation/full12 ledgers vs immutable v010 contract
trial_043_20260902_clean_v010,P13,front_left_knee,servo,actual_delta_error_percent,2.9275823590010406,True,,False,raw observation/full12 ledgers vs immutable v010 contract
trial_043_20260902_clean_v010,P13,front_left_knee,servo,duration_error_percent,7.959675365755687e-11,True,,False,raw observation/full12 ledgers vs immutable v010 contract
trial_043_20260902_clean_v010,P13,front_left_knee,servo,command_average_velocity_error_percent,4.118705376754406e-11,True,,False,raw observation/full12 ledgers vs immutable v010 contract
trial_043_20260902_clean_v010,P13,front_left_knee,servo,measured_average_velocity_error_percent,1.4042689284614251,True,,False,raw observation/full12 ledgers vs immutable v010 contract
trial_043_20260902_clean_v010,P13,front_left_knee,servo,command_peak_velocity_error_percent,9.094947017729282e-11,True,,False,raw observation/full12 ledgers vs immutable v010 contract
trial_043_20260902_clean_v010,P13,front_left_knee,servo,measured_peak_velocity_error_percent,2.582409656418826,True,,False,raw observation/full12 ledgers vs immutable v010 contract
trial_043_20260902_clean_v010,P13,front_left_knee,servo,trajectory_rmse_percent,0.2522532702359317,True,,False,raw observation/full12 ledgers vs immutable v010 contract
trial_043_20260902_clean_v010,P13,front_right_knee,servo,command_endpoint_error_percent,4.7012701368491964e-15,True,,False,raw observation/full12 ledgers vs immutable v010 contract
trial_043_20260902_clean_v010,P13,front_right_knee,servo,actual_endpoint_error_percent,0.1310554713965912,True,,False,raw observation/full12 ledgers vs immutable v010 contract
trial_043_20260902_clean_v010,P13,front_right_knee,servo,command_delta_error_percent,0.0,True,,False,raw observation/full12 ledgers vs immutable v010 contract
trial_043_20260902_clean_v010,P13,front_right_knee,servo,actual_delta_error_percent,3.926260095392122,True,,False,raw observation/full12 ledgers vs immutable v010 contract
trial_043_20260902_clean_v010,P13,front_right_knee,servo,duration_error_percent,7.959675365755687e-11,True,,False,raw observation/full12 ledgers vs immutable v010 contract
trial_043_20260902_clean_v010,P13,front_right_knee,servo,command_average_velocity_error_percent,4.1180392429396306e-11,True,,False,raw observation/full12 ledgers vs immutable v010 contract
trial_043_20260902_clean_v010,P13,front_right_knee,servo,measured_average_velocity_error_percent,0.1375491728151746,True,,False,raw observation/full12 ledgers vs immutable v010 contract
trial_043_20260902_clean_v010,P13,front_right_knee,servo,command_peak_velocity_error_percent,9.094947017729282e-11,True,,False,raw observation/full12 ledgers vs immutable v010 contract
trial_043_20260902_clean_v010,P13,front_right_knee,servo,measured_peak_velocity_error_percent,2.5404824792363163,True,,False,raw observation/full12 ledgers vs immutable v010 contract
trial_043_20260902_clean_v010,P13,front_right_knee,servo,trajectory_rmse_percent,0.8317397506124639,True,,False,raw observation/full12 ledgers vs immutable v010 contract
trial_043_20260902_clean_v010,P13,rear_left_hip,servo,command_endpoint_error_percent,5.921189464667502e-15,True,,False,raw observation/full12 ledgers vs immutable v010 contract
trial_043_20260902_clean_v010,P13,rear_left_hip,servo,actual_endpoint_error_percent,9.245611576271754,True,,False,raw observation/full12 ledgers vs immutable v010 contract
trial_043_20260902_clean_v010,P13,rear_left_hip,servo,command_delta_error_percent,0.0,True,,False,raw observation/full12 ledgers vs immutable v010 contract
trial_043_20260902_clean_v010,P13,rear_left_hip,servo,actual_delta_error_percent,7.100365484630047,True,,False,raw observation/full12 ledgers vs immutable v010 contract
trial_043_20260902_clean_v010,P13,rear_left_hip,servo,duration_error_percent,7.959675365755687e-11,True,,False,raw observation/full12 ledgers vs immutable v010 contract
trial_043_20260902_clean_v010,P13,rear_left_hip,servo,command_average_velocity_error_percent,1.0061951272177794e-11,True,,False,raw observation/full12 ledgers vs immutable v010 contract
trial_043_20260902_clean_v010,P13,rear_left_hip,servo,measured_average_velocity_error_percent,0.4664840932806089,True,,False,raw observation/full12 ledgers vs immutable v010 contract
trial_043_20260902_clean_v010,P13,rear_left_hip,servo,command_peak_velocity_error_percent,9.094947017729282e-11,True,,False,raw observation/full12 ledgers vs immutable v010 contract
trial_043_20260902_clean_v010,P13,rear_left_hip,servo,measured_peak_velocity_error_percent,3.7225388426934396,True,,False,raw observation/full12 ledgers vs immutable v010 contract
trial_043_20260902_clean_v010,P13,rear_left_hip,servo,trajectory_rmse_percent,2.3330359868429533,True,,False,raw observation/full12 ledgers vs immutable v010 contract
trial_043_20260902_clean_v010,P13,rear_left_knee,servo,command_endpoint_error_percent,3.00060276925718e-15,True,,False,raw observation/full12 ledgers vs immutable v010 contract
trial_043_20260902_clean_v010,P13,rear_left_knee,servo,actual_endpoint_error_percent,2.724345555262014,True,,False,raw observation/full12 ledgers vs immutable v010 contract
trial_043_20260902_clean_v010,P13,rear_left_knee,servo,command_delta_error_percent,2.400482215405744e-14,True,,False,raw observation/full12 ledgers vs immutable v010 contract
trial_043_20260902_clean_v010,P13,rear_left_knee,servo,actual_delta_error_percent,2.3572690373006564,True,,False,raw observation/full12 ledgers vs immutable v010 contract
trial_043_20260902_clean_v010,P13,rear_left_knee,servo,duration_error_percent,7.959675365755687e-11,True,,False,raw observation/full12 ledgers vs immutable v010 contract
trial_043_20260902_clean_v010,P13,rear_left_knee,servo,command_average_velocity_error_percent,1.9860779687519425e-11,True,,False,raw observation/full12 ledgers vs immutable v010 contract
trial_043_20260902_clean_v010,P13,rear_left_knee,servo,measured_average_velocity_error_percent,2.1345150509323525,True,,False,raw observation/full12 ledgers vs immutable v010 contract
trial_043_20260902_clean_v010,P13,rear_left_knee,servo,command_peak_velocity_error_percent,9.094947017729282e-11,True,,False,raw observation/full12 ledgers vs immutable v010 contract
trial_043_20260902_clean_v010,P13,rear_left_knee,servo,measured_peak_velocity_error_percent,12.94440774383705,True,,False,raw observation/full12 ledgers vs immutable v010 contract
trial_043_20260902_clean_v010,P13,rear_left_knee,servo,trajectory_rmse_percent,2.0198936718234206,True,,False,raw observation/full12 ledgers vs immutable v010 contract
trial_043_20260902_clean_v010,P13,rear_right_hip,servo,command_endpoint_error_percent,0.0,True,,False,raw observation/full12 ledgers vs immutable v010 contract
trial_043_20260902_clean_v010,P13,rear_right_hip,servo,actual_endpoint_error_percent,12.080566257172126,True,,False,raw observation/full12 ledgers vs immutable v010 contract
trial_043_20260902_clean_v010,P13,rear_right_hip,servo,command_delta_error_percent,0.0,True,,False,raw observation/full12 ledgers vs immutable v010 contract
trial_043_20260902_clean_v010,P13,rear_right_hip,servo,actual_delta_error_percent,17.945056324777937,True,,False,raw observation/full12 ledgers vs immutable v010 contract
trial_043_20260902_clean_v010,P13,rear_right_hip,servo,duration_error_percent,7.959675365755687e-11,True,,False,raw observation/full12 ledgers vs immutable v010 contract
trial_043_20260902_clean_v010,P13,rear_right_hip,servo,command_average_velocity_error_percent,8.58646487245096e-12,True,,False,raw observation/full12 ledgers vs immutable v010 contract
trial_043_20260902_clean_v010,P13,rear_right_hip,servo,measured_average_velocity_error_percent,4.391849703116557,True,,False,raw observation/full12 ledgers vs immutable v010 contract
trial_043_20260902_clean_v010,P13,rear_right_hip,servo,command_peak_velocity_error_percent,9.094947017729282e-11,True,,False,raw observation/full12 ledgers vs immutable v010 contract
trial_043_20260902_clean_v010,P13,rear_right_hip,servo,measured_peak_velocity_error_percent,3.9354276753672868,True,,False,raw observation/full12 ledgers vs immutable v010 contract
trial_043_20260902_clean_v010,P13,rear_right_hip,servo,trajectory_rmse_percent,2.479399931021744,True,,False,raw observation/full12 ledgers vs immutable v010 contract
trial_043_20260902_clean_v010,P13,rear_right_knee,servo,command_endpoint_error_percent,0.0,True,,False,raw observation/full12 ledgers vs immutable v010 contract
trial_043_20260902_clean_v010,P13,rear_right_knee,servo,actual_endpoint_error_percent,7.385236680079527,True,,False,raw observation/full12 ledgers vs immutable v010 contract
trial_043_20260902_clean_v010,P13,rear_right_knee,servo,command_delta_error_percent,0.0,True,,False,raw observation/full12 ledgers vs immutable v010 contract
trial_043_20260902_clean_v010,P13,rear_right_knee,servo,actual_delta_error_percent,1.014071661952409,True,,False,raw observation/full12 ledgers vs immutable v010 contract
trial_043_20260902_clean_v010,P13,rear_right_knee,servo,duration_error_percent,7.959675365755687e-11,True,,False,raw observation/full12 ledgers vs immutable v010 contract
trial_043_20260902_clean_v010,P13,rear_right_knee,servo,command_average_velocity_error_percent,2.844391389089651e-11,True,,False,raw observation/full12 ledgers vs immutable v010 contract
trial_043_20260902_clean_v010,P13,rear_right_knee,servo,measured_average_velocity_error_percent,5.40027928634919,True,,False,raw observation/full12 ledgers vs immutable v010 contract
trial_043_20260902_clean_v010,P13,rear_right_knee,servo,command_peak_velocity_error_percent,9.094947017729282e-11,True,,False,raw observation/full12 ledgers vs immutable v010 contract
trial_043_20260902_clean_v010,P13,rear_right_knee,servo,measured_peak_velocity_error_percent,10.570556317935514,True,,False,raw observation/full12 ledgers vs immutable v010 contract
trial_043_20260902_clean_v010,P13,rear_right_knee,servo,trajectory_rmse_percent,1.4468191293720432,True,,False,raw observation/full12 ledgers vs immutable v010 contract
trial_043_20260902_clean_v010,P13,front_left_ankle,wheel,duration_error_percent,7.959675365755687e-11,True,,False,raw observation/full12 ledgers vs immutable v010 contract
trial_043_20260902_clean_v010,P13,front_left_ankle,wheel,command_average_velocity_error_percent,1.8435880209241963e-12,True,,False,raw observation/full12 ledgers vs immutable v010 contract
trial_043_20260902_clean_v010,P13,front_left_ankle,wheel,measured_average_velocity_error_percent,0.3061473221840306,True,,False,raw observation/full12 ledgers vs immutable v010 contract
trial_043_20260902_clean_v010,P13,front_left_ankle,wheel,command_peak_velocity_error_percent,0.0,True,,False,raw observation/full12 ledgers vs immutable v010 contract
trial_043_20260902_clean_v010,P13,front_left_ankle,wheel,measured_peak_velocity_error_percent,8.161300343536881,True,,False,raw observation/full12 ledgers vs immutable v010 contract
trial_043_20260902_clean_v010,P13,front_left_ankle,wheel,command_wheel_integral_error_percent,7.775558702082143e-11,True,,False,raw observation/full12 ledgers vs immutable v010 contract
trial_043_20260902_clean_v010,P13,front_left_ankle,wheel,actual_wheel_integral_error_percent,0.35298673418620613,True,,False,raw observation/full12 ledgers vs immutable v010 contract
trial_043_20260902_clean_v010,P13,front_right_ankle,wheel,duration_error_percent,7.959675365755687e-11,True,,False,raw observation/full12 ledgers vs immutable v010 contract
trial_043_20260902_clean_v010,P13,front_right_ankle,wheel,command_average_velocity_error_percent,2.0140683546030937e-12,True,,False,raw observation/full12 ledgers vs immutable v010 contract
trial_043_20260902_clean_v010,P13,front_right_ankle,wheel,measured_average_velocity_error_percent,1.960776104524546,True,,False,raw observation/full12 ledgers vs immutable v010 contract
trial_043_20260902_clean_v010,P13,front_right_ankle,wheel,command_peak_velocity_error_percent,0.0,True,,False,raw observation/full12 ledgers vs immutable v010 contract
trial_043_20260902_clean_v010,P13,front_right_ankle,wheel,measured_peak_velocity_error_percent,18.988706084601198,True,,False,raw observation/full12 ledgers vs immutable v010 contract
trial_043_20260902_clean_v010,P13,front_right_ankle,wheel,command_wheel_integral_error_percent,7.754004157096783e-11,True,,False,raw observation/full12 ledgers vs immutable v010 contract
trial_043_20260902_clean_v010,P13,front_right_ankle,wheel,actual_wheel_integral_error_percent,2.886930266965604,True,,False,raw observation/full12 ledgers vs immutable v010 contract
trial_043_20260902_clean_v010,P13,rear_left_ankle,wheel,duration_error_percent,7.959675365755687e-11,True,,False,raw observation/full12 ledgers vs immutable v010 contract
trial_043_20260902_clean_v010,P13,rear_left_ankle,wheel,command_average_velocity_error_percent,1.1965963388345263e-12,True,,False,raw observation/full12 ledgers vs immutable v010 contract
trial_043_20260902_clean_v010,P13,rear_left_ankle,wheel,measured_average_velocity_error_percent,0.04431134807612117,True,,False,raw observation/full12 ledgers vs immutable v010 contract
trial_043_20260902_clean_v010,P13,rear_left_ankle,wheel,command_peak_velocity_error_percent,0.0,True,,False,raw observation/full12 ledgers vs immutable v010 contract
trial_043_20260902_clean_v010,P13,rear_left_ankle,wheel,measured_peak_velocity_error_percent,28.15410063877578,True,,False,raw observation/full12 ledgers vs immutable v010 contract
trial_043_20260902_clean_v010,P13,rear_left_ankle,wheel,command_wheel_integral_error_percent,7.658845719325269e-11,True,,False,raw observation/full12 ledgers vs immutable v010 contract
trial_043_20260902_clean_v010,P13,rear_left_ankle,wheel,actual_wheel_integral_error_percent,0.4152809921852617,True,,False,raw observation/full12 ledgers vs immutable v010 contract
trial_043_20260902_clean_v010,P13,rear_right_ankle,wheel,duration_error_percent,7.959675365755687e-11,True,,False,raw observation/full12 ledgers vs immutable v010 contract
trial_043_20260902_clean_v010,P13,rear_right_ankle,wheel,command_average_velocity_error_percent,1.2419722264383452e-12,True,,False,raw observation/full12 ledgers vs immutable v010 contract
trial_043_20260902_clean_v010,P13,rear_right_ankle,wheel,measured_average_velocity_error_percent,0.9717935167036726,True,,False,raw observation/full12 ledgers vs immutable v010 contract
trial_043_20260902_clean_v010,P13,rear_right_ankle,wheel,command_peak_velocity_error_percent,0.0,True,,False,raw observation/full12 ledgers vs immutable v010 contract
trial_043_20260902_clean_v010,P13,rear_right_ankle,wheel,measured_peak_velocity_error_percent,16.53497222557247,True,,False,raw observation/full12 ledgers vs immutable v010 contract
trial_043_20260902_clean_v010,P13,rear_right_ankle,wheel,command_wheel_integral_error_percent,7.66365612678008e-11,True,,False,raw observation/full12 ledgers vs immutable v010 contract
trial_043_20260902_clean_v010,P13,rear_right_ankle,wheel,actual_wheel_integral_error_percent,0.5442439948704428,True,,False,raw observation/full12 ledgers vs immutable v010 contract
