physics_tick,simulation_time_s,body_name,role,obstacle_pair_active,persistent_or_penetrating,body_collision,source,reason
0,0.0,base_link,BODY,False,False,False,body_contacts.jsonl,
1,0.008333333333333333,base_link,BODY,False,False,False,body_contacts.jsonl,
2,0.016666666666666666,base_link,BODY,False,False,False,body_contacts.jsonl,
3,0.025,base_link,BODY,False,False,False,body_contacts.jsonl,
4,0.03333333333333333,base_link,BODY,False,False,False,body_contacts.jsonl,
5,0.041666666666666664,base_link,BODY,False,False,False,body_contacts.jsonl,
6,0.05,base_link,BODY,False,False,False,body_contacts.jsonl,
7,0.058333333333333334,base_link,BODY,False,False,False,body_contacts.jsonl,
8,0.06666666666666667,base_link,BODY,False,False,False,body_contacts.jsonl,
9,0.075,base_link,BODY,False,False,False,body_contacts.jsonl,
10,0.08333333333333333,base_link,BODY,False,False,False,body_contacts.jsonl,
11,0.09166666666666666,base_link,BODY,False,False,False,body_contacts.jsonl,
12,0.1,base_link,BODY,False,False,False,body_contacts.jsonl,
13,0.10833333333333334,base_link,BODY,False,False,False,body_contacts.jsonl,
14,0.11666666666666667,base_link,BODY,False,False,False,body_contacts.jsonl,
15,0.125,base_link,BODY,False,False,False,body_contacts.jsonl,
16,0.13333333333333333,base_link,BODY,False,False,False,body_contacts.jsonl,
17,0.14166666666666666,base_link,BODY,False,False,False,body_contacts.jsonl,
18,0.15,base_link,BODY,False,False,False,body_contacts.jsonl,
19,0.15833333333333333,base_link,BODY,False,False,False,body_contacts.jsonl,
20,0.16666666666666666,base_link,BODY,False,False,False,body_contacts.jsonl,
21,0.175,base_link,BODY,False,False,False,body_contacts.jsonl,
22,0.18333333333333332,base_link,BODY,False,False,False,body_contacts.jsonl,
23,0.19166666666666665,base_link,BODY,False,False,False,body_contacts.jsonl,
24,0.2,base_link,BODY,False,False,False,body_contacts.jsonl,
25,0.20833333333333334,base_link,BODY,False,False,False,body_contacts.jsonl,
26,0.21666666666666667,base_link,BODY,False,False,False,body_contacts.jsonl,
27,0.225,base_link,BODY,False,False,False,body_contacts.jsonl,
28,0.23333333333333334,base_link,BODY,False,False,False,body_contacts.jsonl,
29,0.24166666666666667,base_link,BODY,False,False,False,body_contacts.jsonl,
30,0.25,base_link,BODY,False,False,False,body_contacts.jsonl,
31,0.2583333333333333,base_link,BODY,False,False,False,body_contacts.jsonl,
32,0.26666666666666666,base_link,BODY,False,False,False,body_contacts.jsonl,
33,0.275,base_link,BODY,False,False,False,body_contacts.jsonl,
34,0.2833333333333333,base_link,BODY,False,False,False,body_contacts.jsonl,
35,0.2916666666666667,base_link,BODY,False,False,False,body_contacts.jsonl,
36,0.3,base_link,BODY,False,False,False,body_contacts.jsonl,
37,0.30833333333333335,base_link,BODY,False,False,False,body_contacts.jsonl,
38,0.31666666666666665,base_link,BODY,False,False,False,body_contacts.jsonl,
39,0.325,base_link,BODY,False,False,False,body_contacts.jsonl,
40,0.3333333333333333,base_link,BODY,False,False,False,body_contacts.jsonl,
41,0.3416666666666667,base_link,BODY,False,False,False,body_contacts.jsonl,
42,0.35,base_link,BODY,False,False,False,body_contacts.jsonl,
43,0.35833333333333334,base_link,BODY,False,False,False,body_contacts.jsonl,
44,0.36666666666666664,base_link,BODY,False,False,False,body_contacts.jsonl,
45,0.375,base_link,BODY,False,False,False,body_contacts.jsonl,
46,0.3833333333333333,base_link,BODY,False,False,False,body_contacts.jsonl,
47,0.39166666666666666,base_link,BODY,False,False,False,body_contacts.jsonl,
48,0.4,base_link,BODY,False,False,False,body_contacts.jsonl,
49,0.4083333333333333,base_link,BODY,False,False,False,body_contacts.jsonl,
50,0.4166666666666667,base_link,BODY,False,False,False,body_contacts.jsonl,
51,0.425,base_link,BODY,False,False,False,body_contacts.jsonl,
52,0.43333333333333335,base_link,BODY,False,False,False,body_contacts.jsonl,
53,0.44166666666666665,base_link,BODY,False,False,False,body_contacts.jsonl,
54,0.45,base_link,BODY,False,False,False,body_contacts.jsonl,
55,0.4583333333333333,base_link,BODY,False,False,False,body_contacts.jsonl,
56,0.4666666666666667,base_link,BODY,False,False,False,body_contacts.jsonl,
57,0.475,base_link,BODY,False,False,False,body_contacts.jsonl,
58,0.48333333333333334,base_link,BODY,False,False,False,body_contacts.jsonl,
59,0.49166666666666664,base_link,BODY,False,False,False,body_contacts.jsonl,
60,0.5,base_link,BODY,False,False,False,body_contacts.jsonl,
61,0.5083333333333333,base_link,BODY,False,False,False,body_contacts.jsonl,
62,0.5166666666666666,base_link,BODY,False,False,False,body_contacts.jsonl,
63,0.525,base_link,BODY,False,False,False,body_contacts.jsonl,
64,0.5333333333333333,base_link,BODY,False,False,False,body_contacts.jsonl,
65,0.5416666666666666,base_link,BODY,False,False,False,body_contacts.jsonl,
66,0.55,base_link,BODY,False,False,False,body_contacts.jsonl,
67,0.5583333333333333,base_link,BODY,False,False,False,body_contacts.jsonl,
68,0.5666666666666667,base_link,BODY,False,False,False,body_contacts.jsonl,
69,0.575,base_link,BODY,False,False,False,body_contacts.jsonl,
70,0.5833333333333334,base_link,BODY,False,False,False,body_contacts.jsonl,
71,0.5916666666666667,base_link,BODY,False,False,False,body_contacts.jsonl,
72,0.6,base_link,BODY,False,False,False,body_contacts.jsonl,
73,0.6083333333333333,base_link,BODY,False,False,False,body_contacts.jsonl,
74,0.6166666666666667,base_link,BODY,False,False,False,body_contacts.jsonl,
75,0.625,base_link,BODY,False,False,False,body_contacts.jsonl,
76,0.6333333333333333,base_link,BODY,False,False,False,body_contacts.jsonl,
77,0.6416666666666666,base_link,BODY,False,False,False,body_contacts.jsonl,
78,0.65,base_link,BODY,False,False,False,body_contacts.jsonl,
79,0.6583333333333333,base_link,BODY,False,False,False,body_contacts.jsonl,
80,0.6666666666666666,base_link,BODY,False,False,False,body_contacts.jsonl,
81,0.675,base_link,BODY,False,False,False,body_contacts.jsonl,
82,0.6833333333333333,base_link,BODY,False,False,False,body_contacts.jsonl,
83,0.6916666666666667,base_link,BODY,False,False,False,body_contacts.jsonl,
84,0.7,base_link,BODY,False,False,False,body_contacts.jsonl,
85,0.7083333333333334,base_link,BODY,False,False,False,body_contacts.jsonl,
86,0.7166666666666667,base_link,BODY,False,False,False,body_contacts.jsonl,
87,0.725,base_link,BODY,False,False,False,body_contacts.jsonl,
88,0.7333333333333333,base_link,BODY,False,False,False,body_contacts.jsonl,
89,0.7416666666666667,base_link,BODY,False,False,False,body_contacts.jsonl,
90,0.75,base_link,BODY,False,False,False,body_contacts.jsonl,
91,0.7583333333333333,base_link,BODY,False,False,False,body_contacts.jsonl,
92,0.7666666666666666,base_link,BODY,False,False,False,body_contacts.jsonl,
93,0.775,base_link,BODY,False,False,False,body_contacts.jsonl,
94,0.7833333333333333,base_link,BODY,False,False,False,body_contacts.jsonl,
95,0.7916666666666666,base_link,BODY,False,False,False,body_contacts.jsonl,
96,0.8,base_link,BODY,False,False,False,body_contacts.jsonl,
97,0.8083333333333333,base_link,BODY,False,False,False,body_contacts.jsonl,
98,0.8166666666666667,base_link,BODY,False,False,False,body_contacts.jsonl,
99,0.825,base_link,BODY,False,False,False,body_contacts.jsonl,
100,0.8333333333333334,base_link,BODY,False,False,False,body_contacts.jsonl,
101,0.8416666666666667,base_link,BODY,False,False,False,body_contacts.jsonl,
102,0.85,base_link,BODY,False,False,False,body_contacts.jsonl,
103,0.8583333333333333,base_link,BODY,False,False,False,body_contacts.jsonl,
104,0.8666666666666667,base_link,BODY,False,False,False,body_contacts.jsonl,
105,0.875,base_link,BODY,False,False,False,body_contacts.jsonl,
106,0.8833333333333333,base_link,BODY,False,False,False,body_contacts.jsonl,
107,0.8916666666666666,base_link,BODY,False,False,False,body_contacts.jsonl,
108,0.9,base_link,BODY,False,False,False,body_contacts.jsonl,
109,0.9083333333333333,base_link,BODY,False,False,False,body_contacts.jsonl,
110,0.9166666666666666,base_link,BODY,False,False,False,body_contacts.jsonl,
111,0.9249999999999999,base_link,BODY,False,False,False,body_contacts.jsonl,
112,0.9333333333333333,base_link,BODY,False,False,False,body_contacts.jsonl,
113,0.9416666666666667,base_link,BODY,False,False,False,body_contacts.jsonl,
114,0.95,base_link,BODY,False,False,False,body_contacts.jsonl,
115,0.9583333333333334,base_link,BODY,False,False,False,body_contacts.jsonl,
116,0.9666666666666667,base_link,BODY,False,False,False,body_contacts.jsonl,
117,0.975,base_link,BODY,False,False,False,body_contacts.jsonl,
118,0.9833333333333333,base_link,BODY,False,False,False,body_contacts.jsonl,
119,0.9916666666666667,base_link,BODY,False,False,False,body_contacts.jsonl,
120,1.0,base_link,BODY,False,False,False,body_contacts.jsonl,
121,1.0083333333333333,base_link,BODY,False,False,False,body_contacts.jsonl,
122,1.0166666666666666,base_link,BODY,False,False,False,body_contacts.jsonl,
123,1.025,base_link,BODY,False,False,False,body_contacts.jsonl,
124,1.0333333333333332,base_link,BODY,False,False,False,body_contacts.jsonl,
125,1.0416666666666667,base_link,BODY,False,False,False,body_contacts.jsonl,
126,1.05,base_link,BODY,False,False,False,body_contacts.jsonl,
127,1.0583333333333333,base_link,BODY,False,False,False,body_contacts.jsonl,
128,1.0666666666666667,base_link,BODY,False,False,False,body_contacts.jsonl,
129,1.075,base_link,BODY,False,False,False,body_contacts.jsonl,
130,1.0833333333333333,base_link,BODY,False,False,False,body_contacts.jsonl,
131,1.0916666666666666,base_link,BODY,False,False,False,body_contacts.jsonl,
132,1.1,base_link,BODY,False,False,False,body_contacts.jsonl,
133,1.1083333333333334,base_link,BODY,False,False,False,body_contacts.jsonl,
134,1.1166666666666667,base_link,BODY,False,False,False,body_contacts.jsonl,
135,1.125,base_link,BODY,False,False,False,body_contacts.jsonl,
136,1.1333333333333333,base_link,BODY,False,False,False,body_contacts.jsonl,
137,1.1416666666666666,base_link,BODY,False,False,False,body_contacts.jsonl,
138,1.15,base_link,BODY,False,False,False,body_contacts.jsonl,
139,1.1583333333333332,base_link,BODY,False,False,False,body_contacts.jsonl,
140,1.1666666666666667,base_link,BODY,False,False,False,body_contacts.jsonl,
141,1.175,base_link,BODY,False,False,False,body_contacts.jsonl,
142,1.1833333333333333,base_link,BODY,False,False,False,body_contacts.jsonl,
143,1.1916666666666667,base_link,BODY,False,False,False,body_contacts.jsonl,
144,1.2,base_link,BODY,False,False,False,body_contacts.jsonl,
145,1.2083333333333333,base_link,BODY,False,False,False,body_contacts.jsonl,
146,1.2166666666666666,base_link,BODY,False,False,False,body_contacts.jsonl,
147,1.225,base_link,BODY,False,False,False,body_contacts.jsonl,
148,1.2333333333333334,base_link,BODY,False,False,False,body_contacts.jsonl,
149,1.2416666666666667,base_link,BODY,False,False,False,body_contacts.jsonl,
150,1.25,base_link,BODY,False,False,False,body_contacts.jsonl,
151,1.2583333333333333,base_link,BODY,False,False,False,body_contacts.jsonl,
152,1.2666666666666666,base_link,BODY,False,False,False,body_contacts.jsonl,
153,1.275,base_link,BODY,False,False,False,body_contacts.jsonl,
154,1.2833333333333332,base_link,BODY,False,False,False,body_contacts.jsonl,
155,1.2916666666666667,base_link,BODY,False,False,False,body_contacts.jsonl,
156,1.3,base_link,BODY,False,False,False,body_contacts.jsonl,
157,1.3083333333333333,base_link,BODY,False,False,False,body_contacts.jsonl,
158,1.3166666666666667,base_link,BODY,False,False,False,body_contacts.jsonl,
159,1.325,base_link,BODY,False,False,False,body_contacts.jsonl,
160,1.3333333333333333,base_link,BODY,False,False,False,body_contacts.jsonl,
161,1.3416666666666666,base_link,BODY,False,False,False,body_contacts.jsonl,
162,1.35,base_link,BODY,False,False,False,body_contacts.jsonl,
163,1.3583333333333334,base_link,BODY,False,False,False,body_contacts.jsonl,
164,1.3666666666666667,base_link,BODY,False,False,False,body_contacts.jsonl,
165,1.375,base_link,BODY,False,False,False,body_contacts.jsonl,
166,1.3833333333333333,base_link,BODY,False,False,False,body_contacts.jsonl,
167,1.3916666666666666,base_link,BODY,False,False,False,body_contacts.jsonl,
168,1.4,base_link,BODY,False,False,False,body_contacts.jsonl,
169,1.4083333333333332,base_link,BODY,False,False,False,body_contacts.jsonl,
170,1.4166666666666667,base_link,BODY,False,False,False,body_contacts.jsonl,
171,1.425,base_link,BODY,False,False,False,body_contacts.jsonl,
172,1.4333333333333333,base_link,BODY,False,False,False,body_contacts.jsonl,
173,1.4416666666666667,base_link,BODY,False,False,False,body_contacts.jsonl,
174,1.45,base_link,BODY,False,False,False,body_contacts.jsonl,
175,1.4583333333333333,base_link,BODY,False,False,False,body_contacts.jsonl,
176,1.4666666666666666,base_link,BODY,False,False,False,body_contacts.jsonl,
177,1.475,base_link,BODY,False,False,False,body_contacts.jsonl,
178,1.4833333333333334,base_link,BODY,False,False,False,body_contacts.jsonl,
179,1.4916666666666667,base_link,BODY,False,False,False,body_contacts.jsonl,
180,1.5,base_link,BODY,False,False,False,body_contacts.jsonl,
181,1.5083333333333333,base_link,BODY,False,False,False,body_contacts.jsonl,
182,1.5166666666666666,base_link,BODY,False,False,False,body_contacts.jsonl,
183,1.525,base_link,BODY,False,False,False,body_contacts.jsonl,
184,1.5333333333333332,base_link,BODY,False,False,False,body_contacts.jsonl,
185,1.5416666666666667,base_link,BODY,False,False,False,body_contacts.jsonl,
186,1.55,base_link,BODY,False,False,False,body_contacts.jsonl,
187,1.5583333333333333,base_link,BODY,False,False,False,body_contacts.jsonl,
188,1.5666666666666667,base_link,BODY,False,False,False,body_contacts.jsonl,
189,1.575,base_link,BODY,False,False,False,body_contacts.jsonl,
190,1.5833333333333333,base_link,BODY,False,False,False,body_contacts.jsonl,
191,1.5916666666666666,base_link,BODY,False,False,False,body_contacts.jsonl,
192,1.6,base_link,BODY,False,False,False,body_contacts.jsonl,
193,1.6083333333333334,base_link,BODY,False,False,False,body_contacts.jsonl,
194,1.6166666666666667,base_link,BODY,False,False,False,body_contacts.jsonl,
195,1.625,base_link,BODY,False,False,False,body_contacts.jsonl,
196,1.6333333333333333,base_link,BODY,False,False,False,body_contacts.jsonl,
197,1.6416666666666666,base_link,BODY,False,False,False,body_contacts.jsonl,
198,1.65,base_link,BODY,False,False,False,body_contacts.jsonl,
199,1.6583333333333332,base_link,BODY,False,False,False,body_contacts.jsonl,
200,1.6666666666666667,base_link,BODY,False,False,False,body_contacts.jsonl,
201,1.675,base_link,BODY,False,False,False,body_contacts.jsonl,
202,1.6833333333333333,base_link,BODY,False,False,False,body_contacts.jsonl,
203,1.6916666666666667,base_link,BODY,False,False,False,body_contacts.jsonl,
204,1.7,base_link,BODY,False,False,False,body_contacts.jsonl,
205,1.7083333333333333,base_link,BODY,False,False,False,body_contacts.jsonl,
206,1.7166666666666666,base_link,BODY,False,False,False,body_contacts.jsonl,
207,1.7249999999999999,base_link,BODY,False,False,False,body_contacts.jsonl,
208,1.7333333333333334,base_link,BODY,False,False,False,body_contacts.jsonl,
209,1.7416666666666667,base_link,BODY,False,False,False,body_contacts.jsonl,
210,1.75,base_link,BODY,False,False,False,body_contacts.jsonl,
211,1.7583333333333333,base_link,BODY,False,False,False,body_contacts.jsonl,
212,1.7666666666666666,base_link,BODY,False,False,False,body_contacts.jsonl,
213,1.775,base_link,BODY,False,False,False,body_contacts.jsonl,
214,1.7833333333333332,base_link,BODY,False,False,False,body_contacts.jsonl,
215,1.7916666666666667,base_link,BODY,False,False,False,body_contacts.jsonl,
216,1.8,base_link,BODY,False,False,False,body_contacts.jsonl,
217,1.8083333333333333,base_link,BODY,False,False,False,body_contacts.jsonl,
218,1.8166666666666667,base_link,BODY,False,False,False,body_contacts.jsonl,
219,1.825,base_link,BODY,False,False,False,body_contacts.jsonl,
220,1.8333333333333333,base_link,BODY,False,False,False,body_contacts.jsonl,
221,1.8416666666666666,base_link,BODY,False,False,False,body_contacts.jsonl,
222,1.8499999999999999,base_link,BODY,False,False,False,body_contacts.jsonl,
223,1.8583333333333334,base_link,BODY,False,False,False,body_contacts.jsonl,
224,1.8666666666666667,base_link,BODY,False,False,False,body_contacts.jsonl,
225,1.875,base_link,BODY,False,False,False,body_contacts.jsonl,
226,1.8833333333333333,base_link,BODY,False,False,False,body_contacts.jsonl,
227,1.8916666666666666,base_link,BODY,False,False,False,body_contacts.jsonl,
228,1.9,base_link,BODY,False,False,False,body_contacts.jsonl,
229,1.9083333333333332,base_link,BODY,False,False,False,body_contacts.jsonl,
230,1.9166666666666667,base_link,BODY,False,False,False,body_contacts.jsonl,
231,1.925,base_link,BODY,False,False,False,body_contacts.jsonl,
232,1.9333333333333333,base_link,BODY,False,False,False,body_contacts.jsonl,
233,1.9416666666666667,base_link,BODY,False,False,False,body_contacts.jsonl,
234,1.95,base_link,BODY,False,False,False,body_contacts.jsonl,
235,1.9583333333333333,base_link,BODY,False,False,False,body_contacts.jsonl,
236,1.9666666666666666,base_link,BODY,False,False,False,body_contacts.jsonl,
237,1.9749999999999999,base_link,BODY,False,False,False,body_contacts.jsonl,
238,1.9833333333333334,base_link,BODY,False,False,False,body_contacts.jsonl,
239,1.9916666666666667,base_link,BODY,False,False,False,body_contacts.jsonl,
240,2.0,base_link,BODY,False,False,False,body_contacts.jsonl,
241,2.0083333333333333,base_link,BODY,False,False,False,body_contacts.jsonl,
242,2.0166666666666666,base_link,BODY,False,False,False,body_contacts.jsonl,
243,2.025,base_link,BODY,False,False,False,body_contacts.jsonl,
244,2.033333333333333,base_link,BODY,False,False,False,body_contacts.jsonl,
245,2.0416666666666665,base_link,BODY,False,False,False,body_contacts.jsonl,
246,2.05,base_link,BODY,False,False,False,body_contacts.jsonl,
247,2.058333333333333,base_link,BODY,False,False,False,body_contacts.jsonl,
248,2.0666666666666664,base_link,BODY,False,False,False,body_contacts.jsonl,
249,2.075,base_link,BODY,False,False,False,body_contacts.jsonl,
250,2.0833333333333335,base_link,BODY,False,False,False,body_contacts.jsonl,
251,2.091666666666667,base_link,BODY,False,False,False,body_contacts.jsonl,
252,2.1,base_link,BODY,False,False,False,body_contacts.jsonl,
253,2.1083333333333334,base_link,BODY,False,False,False,body_contacts.jsonl,
254,2.1166666666666667,base_link,BODY,False,False,False,body_contacts.jsonl,
255,2.125,base_link,BODY,False,False,False,body_contacts.jsonl,
256,2.1333333333333333,base_link,BODY,False,False,False,body_contacts.jsonl,
257,2.1416666666666666,base_link,BODY,False,False,False,body_contacts.jsonl,
258,2.15,base_link,BODY,False,False,False,body_contacts.jsonl,
259,2.158333333333333,base_link,BODY,False,False,False,body_contacts.jsonl,
260,2.1666666666666665,base_link,BODY,False,False,False,body_contacts.jsonl,
261,2.175,base_link,BODY,False,False,False,body_contacts.jsonl,
262,2.183333333333333,base_link,BODY,False,False,False,body_contacts.jsonl,
263,2.1916666666666664,base_link,BODY,False,False,False,body_contacts.jsonl,
264,2.2,base_link,BODY,False,False,False,body_contacts.jsonl,
265,2.2083333333333335,base_link,BODY,False,False,False,body_contacts.jsonl,
266,2.216666666666667,base_link,BODY,False,False,False,body_contacts.jsonl,
267,2.225,base_link,BODY,False,False,False,body_contacts.jsonl,
268,2.2333333333333334,base_link,BODY,False,False,False,body_contacts.jsonl,
269,2.2416666666666667,base_link,BODY,False,False,False,body_contacts.jsonl,
270,2.25,base_link,BODY,False,False,False,body_contacts.jsonl,
271,2.2583333333333333,base_link,BODY,False,False,False,body_contacts.jsonl,
272,2.2666666666666666,base_link,BODY,False,False,False,body_contacts.jsonl,
273,2.275,base_link,BODY,False,False,False,body_contacts.jsonl,
274,2.283333333333333,base_link,BODY,False,False,False,body_contacts.jsonl,
275,2.2916666666666665,base_link,BODY,False,False,False,body_contacts.jsonl,
276,2.3,base_link,BODY,False,False,False,body_contacts.jsonl,
277,2.308333333333333,base_link,BODY,False,False,False,body_contacts.jsonl,
278,2.3166666666666664,base_link,BODY,False,False,False,body_contacts.jsonl,
279,2.325,base_link,BODY,False,False,False,body_contacts.jsonl,
280,2.3333333333333335,base_link,BODY,False,False,False,body_contacts.jsonl,
281,2.341666666666667,base_link,BODY,False,False,False,body_contacts.jsonl,
282,2.35,base_link,BODY,False,False,False,body_contacts.jsonl,
283,2.3583333333333334,base_link,BODY,False,False,False,body_contacts.jsonl,
284,2.3666666666666667,base_link,BODY,False,False,False,body_contacts.jsonl,
285,2.375,base_link,BODY,False,False,False,body_contacts.jsonl,
286,2.3833333333333333,base_link,BODY,False,False,False,body_contacts.jsonl,
287,2.3916666666666666,base_link,BODY,False,False,False,body_contacts.jsonl,
288,2.4,base_link,BODY,False,False,False,body_contacts.jsonl,
289,2.408333333333333,base_link,BODY,False,False,False,body_contacts.jsonl,
290,2.4166666666666665,base_link,BODY,False,False,False,body_contacts.jsonl,
291,2.425,base_link,BODY,False,False,False,body_contacts.jsonl,
292,2.433333333333333,base_link,BODY,False,False,False,body_contacts.jsonl,
293,2.4416666666666664,base_link,BODY,False,False,False,body_contacts.jsonl,
294,2.45,base_link,BODY,False,False,False,body_contacts.jsonl,
295,2.4583333333333335,base_link,BODY,False,False,False,body_contacts.jsonl,
296,2.466666666666667,base_link,BODY,False,False,False,body_contacts.jsonl,
297,2.475,base_link,BODY,False,False,False,body_contacts.jsonl,
298,2.4833333333333334,base_link,BODY,False,False,False,body_contacts.jsonl,
299,2.4916666666666667,base_link,BODY,False,False,False,body_contacts.jsonl,
300,2.5,base_link,BODY,False,False,False,body_contacts.jsonl,
301,2.5083333333333333,base_link,BODY,False,False,False,body_contacts.jsonl,
302,2.5166666666666666,base_link,BODY,False,False,False,body_contacts.jsonl,
303,2.525,base_link,BODY,False,False,False,body_contacts.jsonl,
304,2.533333333333333,base_link,BODY,False,False,False,body_contacts.jsonl,
305,2.5416666666666665,base_link,BODY,False,False,False,body_contacts.jsonl,
306,2.55,base_link,BODY,False,False,False,body_contacts.jsonl,
307,2.558333333333333,base_link,BODY,False,False,False,body_contacts.jsonl,
308,2.5666666666666664,base_link,BODY,False,False,False,body_contacts.jsonl,
309,2.575,base_link,BODY,False,False,False,body_contacts.jsonl,
310,2.5833333333333335,base_link,BODY,False,False,False,body_contacts.jsonl,
311,2.591666666666667,base_link,BODY,False,False,False,body_contacts.jsonl,
312,2.6,base_link,BODY,False,False,False,body_contacts.jsonl,
313,2.6083333333333334,base_link,BODY,False,False,False,body_contacts.jsonl,
314,2.6166666666666667,base_link,BODY,False,False,False,body_contacts.jsonl,
315,2.625,base_link,BODY,False,False,False,body_contacts.jsonl,
316,2.6333333333333333,base_link,BODY,False,False,False,body_contacts.jsonl,
317,2.6416666666666666,base_link,BODY,False,False,False,body_contacts.jsonl,
318,2.65,base_link,BODY,False,False,False,body_contacts.jsonl,
319,2.658333333333333,base_link,BODY,False,False,False,body_contacts.jsonl,
320,2.6666666666666665,base_link,BODY,False,False,False,body_contacts.jsonl,
321,2.675,base_link,BODY,False,False,False,body_contacts.jsonl,
322,2.683333333333333,base_link,BODY,False,False,False,body_contacts.jsonl,
323,2.6916666666666664,base_link,BODY,False,False,False,body_contacts.jsonl,
324,2.7,base_link,BODY,False,False,False,body_contacts.jsonl,
325,2.7083333333333335,base_link,BODY,False,False,False,body_contacts.jsonl,
326,2.716666666666667,base_link,BODY,False,False,False,body_contacts.jsonl,
327,2.725,base_link,BODY,False,False,False,body_contacts.jsonl,
328,2.7333333333333334,base_link,BODY,False,False,False,body_contacts.jsonl,
329,2.7416666666666667,base_link,BODY,False,False,False,body_contacts.jsonl,
330,2.75,base_link,BODY,False,False,False,body_contacts.jsonl,
331,2.7583333333333333,base_link,BODY,False,False,False,body_contacts.jsonl,
332,2.7666666666666666,base_link,BODY,False,False,False,body_contacts.jsonl,
333,2.775,base_link,BODY,False,False,False,body_contacts.jsonl,
334,2.783333333333333,base_link,BODY,False,False,False,body_contacts.jsonl,
335,2.7916666666666665,base_link,BODY,False,False,False,body_contacts.jsonl,
336,2.8,base_link,BODY,False,False,False,body_contacts.jsonl,
337,2.808333333333333,base_link,BODY,False,False,False,body_contacts.jsonl,
338,2.8166666666666664,base_link,BODY,False,False,False,body_contacts.jsonl,
339,2.825,base_link,BODY,False,False,False,body_contacts.jsonl,
340,2.8333333333333335,base_link,BODY,False,False,False,body_contacts.jsonl,
341,2.841666666666667,base_link,BODY,False,False,False,body_contacts.jsonl,
342,2.85,base_link,BODY,False,False,False,body_contacts.jsonl,
343,2.8583333333333334,base_link,BODY,False,False,False,body_contacts.jsonl,
344,2.8666666666666667,base_link,BODY,False,False,False,body_contacts.jsonl,
345,2.875,base_link,BODY,False,False,False,body_contacts.jsonl,
346,2.8833333333333333,base_link,BODY,False,False,False,body_contacts.jsonl,
347,2.8916666666666666,base_link,BODY,False,False,False,body_contacts.jsonl,
348,2.9,base_link,BODY,False,False,False,body_contacts.jsonl,
349,2.908333333333333,base_link,BODY,False,False,False,body_contacts.jsonl,
350,2.9166666666666665,base_link,BODY,False,False,False,body_contacts.jsonl,
351,2.925,base_link,BODY,False,False,False,body_contacts.jsonl,
352,2.933333333333333,base_link,BODY,False,False,False,body_contacts.jsonl,
353,2.9416666666666664,base_link,BODY,False,False,False,body_contacts.jsonl,
354,2.95,base_link,BODY,False,False,False,body_contacts.jsonl,
355,2.9583333333333335,base_link,BODY,False,False,False,body_contacts.jsonl,
356,2.966666666666667,base_link,BODY,False,False,False,body_contacts.jsonl,
357,2.975,base_link,BODY,False,False,False,body_contacts.jsonl,
358,2.9833333333333334,base_link,BODY,False,False,False,body_contacts.jsonl,
359,2.9916666666666667,base_link,BODY,False,False,False,body_contacts.jsonl,
360,3.0,base_link,BODY,False,False,False,body_contacts.jsonl,
361,3.0083333333333333,base_link,BODY,False,False,False,body_contacts.jsonl,
362,3.0166666666666666,base_link,BODY,False,False,False,body_contacts.jsonl,
363,3.025,base_link,BODY,False,False,False,body_contacts.jsonl,
364,3.033333333333333,base_link,BODY,False,False,False,body_contacts.jsonl,
365,3.0416666666666665,base_link,BODY,False,False,False,body_contacts.jsonl,
366,3.05,base_link,BODY,False,False,False,body_contacts.jsonl,
367,3.058333333333333,base_link,BODY,False,False,False,body_contacts.jsonl,
368,3.0666666666666664,base_link,BODY,False,False,False,body_contacts.jsonl,
369,3.075,base_link,BODY,False,False,False,body_contacts.jsonl,
370,3.0833333333333335,base_link,BODY,False,False,False,body_contacts.jsonl,
371,3.091666666666667,base_link,BODY,False,False,False,body_contacts.jsonl,
372,3.1,base_link,BODY,False,False,False,body_contacts.jsonl,
373,3.1083333333333334,base_link,BODY,False,False,False,body_contacts.jsonl,
374,3.1166666666666667,base_link,BODY,False,False,False,body_contacts.jsonl,
375,3.125,base_link,BODY,False,False,False,body_contacts.jsonl,
376,3.1333333333333333,base_link,BODY,False,False,False,body_contacts.jsonl,
377,3.1416666666666666,base_link,BODY,False,False,False,body_contacts.jsonl,
378,3.15,base_link,BODY,False,False,False,body_contacts.jsonl,
379,3.158333333333333,base_link,BODY,False,False,False,body_contacts.jsonl,
380,3.1666666666666665,base_link,BODY,False,False,False,body_contacts.jsonl,
381,3.175,base_link,BODY,False,False,False,body_contacts.jsonl,
382,3.183333333333333,base_link,BODY,False,False,False,body_contacts.jsonl,
383,3.1916666666666664,base_link,BODY,False,False,False,body_contacts.jsonl,
384,3.2,base_link,BODY,False,False,False,body_contacts.jsonl,
385,3.2083333333333335,base_link,BODY,False,False,False,body_contacts.jsonl,
386,3.216666666666667,base_link,BODY,False,False,False,body_contacts.jsonl,
387,3.225,base_link,BODY,False,False,False,body_contacts.jsonl,
388,3.2333333333333334,base_link,BODY,False,False,False,body_contacts.jsonl,
389,3.2416666666666667,base_link,BODY,False,False,False,body_contacts.jsonl,
390,3.25,base_link,BODY,False,False,False,body_contacts.jsonl,
391,3.2583333333333333,base_link,BODY,False,False,False,body_contacts.jsonl,
392,3.2666666666666666,base_link,BODY,False,False,False,body_contacts.jsonl,
393,3.275,base_link,BODY,False,False,False,body_contacts.jsonl,
394,3.283333333333333,base_link,BODY,False,False,False,body_contacts.jsonl,
395,3.2916666666666665,base_link,BODY,False,False,False,body_contacts.jsonl,
396,3.3,base_link,BODY,False,False,False,body_contacts.jsonl,
397,3.308333333333333,base_link,BODY,False,False,False,body_contacts.jsonl,
398,3.3166666666666664,base_link,BODY,False,False,False,body_contacts.jsonl,
399,3.3249999999999997,base_link,BODY,False,False,False,body_contacts.jsonl,
400,3.3333333333333335,base_link,BODY,False,False,False,body_contacts.jsonl,
401,3.341666666666667,base_link,BODY,False,False,False,body_contacts.jsonl,
402,3.35,base_link,BODY,False,False,False,body_contacts.jsonl,
403,3.3583333333333334,base_link,BODY,False,False,False,body_contacts.jsonl,
404,3.3666666666666667,base_link,BODY,False,False,False,body_contacts.jsonl,
405,3.375,base_link,BODY,False,False,False,body_contacts.jsonl,
406,3.3833333333333333,base_link,BODY,False,False,False,body_contacts.jsonl,
407,3.3916666666666666,base_link,BODY,False,False,False,body_contacts.jsonl,
408,3.4,base_link,BODY,False,False,False,body_contacts.jsonl,
409,3.408333333333333,base_link,BODY,False,False,False,body_contacts.jsonl,
410,3.4166666666666665,base_link,BODY,False,False,False,body_contacts.jsonl,
411,3.425,base_link,BODY,False,False,False,body_contacts.jsonl,
412,3.433333333333333,base_link,BODY,False,False,False,body_contacts.jsonl,
413,3.4416666666666664,base_link,BODY,False,False,False,body_contacts.jsonl,
414,3.4499999999999997,base_link,BODY,False,False,False,body_contacts.jsonl,
415,3.4583333333333335,base_link,BODY,False,False,False,body_contacts.jsonl,
416,3.466666666666667,base_link,BODY,False,False,False,body_contacts.jsonl,
417,3.475,base_link,BODY,False,False,False,body_contacts.jsonl,
418,3.4833333333333334,base_link,BODY,False,False,False,body_contacts.jsonl,
419,3.4916666666666667,base_link,BODY,False,False,False,body_contacts.jsonl,
420,3.5,base_link,BODY,False,False,False,body_contacts.jsonl,
421,3.5083333333333333,base_link,BODY,False,False,False,body_contacts.jsonl,
422,3.5166666666666666,base_link,BODY,False,False,False,body_contacts.jsonl,
423,3.525,base_link,BODY,False,False,False,body_contacts.jsonl,
424,3.533333333333333,base_link,BODY,False,False,False,body_contacts.jsonl,
425,3.5416666666666665,base_link,BODY,False,False,False,body_contacts.jsonl,
426,3.55,base_link,BODY,False,False,False,body_contacts.jsonl,
427,3.558333333333333,base_link,BODY,False,False,False,body_contacts.jsonl,
428,3.5666666666666664,base_link,BODY,False,False,False,body_contacts.jsonl,
429,3.5749999999999997,base_link,BODY,False,False,False,body_contacts.jsonl,
430,3.5833333333333335,base_link,BODY,False,False,False,body_contacts.jsonl,
431,3.591666666666667,base_link,BODY,False,False,False,body_contacts.jsonl,
432,3.6,base_link,BODY,False,False,False,body_contacts.jsonl,
433,3.6083333333333334,base_link,BODY,False,False,False,body_contacts.jsonl,
434,3.6166666666666667,base_link,BODY,False,False,False,body_contacts.jsonl,
435,3.625,base_link,BODY,False,False,False,body_contacts.jsonl,
436,3.6333333333333333,base_link,BODY,False,False,False,body_contacts.jsonl,
437,3.6416666666666666,base_link,BODY,False,False,False,body_contacts.jsonl,
438,3.65,base_link,BODY,False,False,False,body_contacts.jsonl,
439,3.658333333333333,base_link,BODY,False,False,False,body_contacts.jsonl,
440,3.6666666666666665,base_link,BODY,False,False,False,body_contacts.jsonl,
441,3.675,base_link,BODY,False,False,False,body_contacts.jsonl,
442,3.683333333333333,base_link,BODY,False,False,False,body_contacts.jsonl,
443,3.6916666666666664,base_link,BODY,False,False,False,body_contacts.jsonl,
444,3.6999999999999997,base_link,BODY,False,False,False,body_contacts.jsonl,
445,3.7083333333333335,base_link,BODY,False,False,False,body_contacts.jsonl,
446,3.716666666666667,base_link,BODY,False,False,False,body_contacts.jsonl,
447,3.725,base_link,BODY,False,False,False,body_contacts.jsonl,
448,3.7333333333333334,base_link,BODY,False,False,False,body_contacts.jsonl,
449,3.7416666666666667,base_link,BODY,False,False,False,body_contacts.jsonl,
450,3.75,base_link,BODY,False,False,False,body_contacts.jsonl,
451,3.7583333333333333,base_link,BODY,False,False,False,body_contacts.jsonl,
452,3.7666666666666666,base_link,BODY,False,False,False,body_contacts.jsonl,
453,3.775,base_link,BODY,False,False,False,body_contacts.jsonl,
454,3.783333333333333,base_link,BODY,False,False,False,body_contacts.jsonl,
455,3.7916666666666665,base_link,BODY,False,False,False,body_contacts.jsonl,
456,3.8,base_link,BODY,False,False,False,body_contacts.jsonl,
457,3.808333333333333,base_link,BODY,False,False,False,body_contacts.jsonl,
458,3.8166666666666664,base_link,BODY,False,False,False,body_contacts.jsonl,
459,3.8249999999999997,base_link,BODY,False,False,False,body_contacts.jsonl,
460,3.8333333333333335,base_link,BODY,False,False,False,body_contacts.jsonl,
461,3.841666666666667,base_link,BODY,False,False,False,body_contacts.jsonl,
462,3.85,base_link,BODY,False,False,False,body_contacts.jsonl,
463,3.8583333333333334,base_link,BODY,False,False,False,body_contacts.jsonl,
464,3.8666666666666667,base_link,BODY,False,False,False,body_contacts.jsonl,
465,3.875,base_link,BODY,False,False,False,body_contacts.jsonl,
466,3.8833333333333333,base_link,BODY,False,False,False,body_contacts.jsonl,
467,3.8916666666666666,base_link,BODY,False,False,False,body_contacts.jsonl,
468,3.9,base_link,BODY,False,False,False,body_contacts.jsonl,
469,3.908333333333333,base_link,BODY,False,False,False,body_contacts.jsonl,
470,3.9166666666666665,base_link,BODY,False,False,False,body_contacts.jsonl,
471,3.925,base_link,BODY,False,False,False,body_contacts.jsonl,
472,3.933333333333333,base_link,BODY,False,False,False,body_contacts.jsonl,
473,3.9416666666666664,base_link,BODY,False,False,False,body_contacts.jsonl,
474,3.9499999999999997,base_link,BODY,False,False,False,body_contacts.jsonl,
475,3.9583333333333335,base_link,BODY,False,False,False,body_contacts.jsonl,
476,3.966666666666667,base_link,BODY,False,False,False,body_contacts.jsonl,
477,3.975,base_link,BODY,False,False,False,body_contacts.jsonl,
478,3.9833333333333334,base_link,BODY,False,False,False,body_contacts.jsonl,
479,3.9916666666666667,base_link,BODY,False,False,False,body_contacts.jsonl,
480,4.0,base_link,BODY,False,False,False,body_contacts.jsonl,
481,4.008333333333333,base_link,BODY,False,False,False,body_contacts.jsonl,
482,4.016666666666667,base_link,BODY,False,False,False,body_contacts.jsonl,
483,4.025,base_link,BODY,False,False,False,body_contacts.jsonl,
484,4.033333333333333,base_link,BODY,False,False,False,body_contacts.jsonl,
485,4.041666666666667,base_link,BODY,False,False,False,body_contacts.jsonl,
486,4.05,base_link,BODY,False,False,False,body_contacts.jsonl,
487,4.058333333333334,base_link,BODY,False,False,False,body_contacts.jsonl,
488,4.066666666666666,base_link,BODY,False,False,False,body_contacts.jsonl,
489,4.075,base_link,BODY,False,False,False,body_contacts.jsonl,
490,4.083333333333333,base_link,BODY,False,False,False,body_contacts.jsonl,
491,4.091666666666667,base_link,BODY,False,False,False,body_contacts.jsonl,
492,4.1,base_link,BODY,False,False,False,body_contacts.jsonl,
493,4.108333333333333,base_link,BODY,False,False,False,body_contacts.jsonl,
494,4.116666666666666,base_link,BODY,False,False,False,body_contacts.jsonl,
495,4.125,base_link,BODY,False,False,False,body_contacts.jsonl,
496,4.133333333333333,base_link,BODY,False,False,False,body_contacts.jsonl,
497,4.141666666666667,base_link,BODY,False,False,False,body_contacts.jsonl,
498,4.15,base_link,BODY,False,False,False,body_contacts.jsonl,
499,4.158333333333333,base_link,BODY,False,False,False,body_contacts.jsonl,
500,4.166666666666667,base_link,BODY,False,False,False,body_contacts.jsonl,
501,4.175,base_link,BODY,False,False,False,body_contacts.jsonl,
502,4.183333333333334,base_link,BODY,False,False,False,body_contacts.jsonl,
503,4.191666666666666,base_link,BODY,False,False,False,body_contacts.jsonl,
504,4.2,base_link,BODY,False,False,False,body_contacts.jsonl,
505,4.208333333333333,base_link,BODY,False,False,False,body_contacts.jsonl,
506,4.216666666666667,base_link,BODY,False,False,False,body_contacts.jsonl,
507,4.225,base_link,BODY,False,False,False,body_contacts.jsonl,
508,4.233333333333333,base_link,BODY,False,False,False,body_contacts.jsonl,
509,4.241666666666666,base_link,BODY,False,False,False,body_contacts.jsonl,
510,4.25,base_link,BODY,False,False,False,body_contacts.jsonl,
511,4.258333333333333,base_link,BODY,False,False,False,body_contacts.jsonl,
512,4.266666666666667,base_link,BODY,False,False,False,body_contacts.jsonl,
513,4.275,base_link,BODY,False,False,False,body_contacts.jsonl,
514,4.283333333333333,base_link,BODY,False,False,False,body_contacts.jsonl,
515,4.291666666666667,base_link,BODY,False,False,False,body_contacts.jsonl,
516,4.3,base_link,BODY,False,False,False,body_contacts.jsonl,
517,4.308333333333334,base_link,BODY,False,False,False,body_contacts.jsonl,
518,4.316666666666666,base_link,BODY,False,False,False,body_contacts.jsonl,
519,4.325,base_link,BODY,False,False,False,body_contacts.jsonl,
520,4.333333333333333,base_link,BODY,False,False,False,body_contacts.jsonl,
521,4.341666666666667,base_link,BODY,False,False,False,body_contacts.jsonl,
522,4.35,base_link,BODY,False,False,False,body_contacts.jsonl,
523,4.358333333333333,base_link,BODY,False,False,False,body_contacts.jsonl,
524,4.366666666666666,base_link,BODY,False,False,False,body_contacts.jsonl,
525,4.375,base_link,BODY,False,False,False,body_contacts.jsonl,
526,4.383333333333333,base_link,BODY,False,False,False,body_contacts.jsonl,
527,4.391666666666667,base_link,BODY,False,False,False,body_contacts.jsonl,
528,4.4,base_link,BODY,False,False,False,body_contacts.jsonl,
529,4.408333333333333,base_link,BODY,False,False,False,body_contacts.jsonl,
530,4.416666666666667,base_link,BODY,False,False,False,body_contacts.jsonl,
531,4.425,base_link,BODY,False,False,False,body_contacts.jsonl,
532,4.433333333333334,base_link,BODY,False,False,False,body_contacts.jsonl,
533,4.441666666666666,base_link,BODY,False,False,False,body_contacts.jsonl,
534,4.45,base_link,BODY,False,False,False,body_contacts.jsonl,
535,4.458333333333333,base_link,BODY,False,False,False,body_contacts.jsonl,
536,4.466666666666667,base_link,BODY,False,False,False,body_contacts.jsonl,
537,4.475,base_link,BODY,False,False,False,body_contacts.jsonl,
538,4.483333333333333,base_link,BODY,False,False,False,body_contacts.jsonl,
539,4.491666666666666,base_link,BODY,False,False,False,body_contacts.jsonl,
540,4.5,base_link,BODY,False,False,False,body_contacts.jsonl,
541,4.508333333333333,base_link,BODY,False,False,False,body_contacts.jsonl,
542,4.516666666666667,base_link,BODY,False,False,False,body_contacts.jsonl,
543,4.525,base_link,BODY,False,False,False,body_contacts.jsonl,
544,4.533333333333333,base_link,BODY,False,False,False,body_contacts.jsonl,
545,4.541666666666667,base_link,BODY,False,False,False,body_contacts.jsonl,
546,4.55,base_link,BODY,False,False,False,body_contacts.jsonl,
547,4.558333333333334,base_link,BODY,False,False,False,body_contacts.jsonl,
548,4.566666666666666,base_link,BODY,False,False,False,body_contacts.jsonl,
549,4.575,base_link,BODY,False,False,False,body_contacts.jsonl,
550,4.583333333333333,base_link,BODY,False,False,False,body_contacts.jsonl,
551,4.591666666666667,base_link,BODY,False,False,False,body_contacts.jsonl,
552,4.6,base_link,BODY,False,False,False,body_contacts.jsonl,
553,4.608333333333333,base_link,BODY,False,False,False,body_contacts.jsonl,
554,4.616666666666666,base_link,BODY,False,False,False,body_contacts.jsonl,
555,4.625,base_link,BODY,False,False,False,body_contacts.jsonl,
556,4.633333333333333,base_link,BODY,False,False,False,body_contacts.jsonl,
557,4.641666666666667,base_link,BODY,False,False,False,body_contacts.jsonl,
558,4.65,base_link,BODY,False,False,False,body_contacts.jsonl,
559,4.658333333333333,base_link,BODY,False,False,False,body_contacts.jsonl,
560,4.666666666666667,base_link,BODY,False,False,False,body_contacts.jsonl,
561,4.675,base_link,BODY,False,False,False,body_contacts.jsonl,
562,4.683333333333334,base_link,BODY,False,False,False,body_contacts.jsonl,
563,4.691666666666666,base_link,BODY,False,False,False,body_contacts.jsonl,
564,4.7,base_link,BODY,False,False,False,body_contacts.jsonl,
565,4.708333333333333,base_link,BODY,False,False,False,body_contacts.jsonl,
566,4.716666666666667,base_link,BODY,False,False,False,body_contacts.jsonl,
567,4.725,base_link,BODY,False,False,False,body_contacts.jsonl,
568,4.733333333333333,base_link,BODY,False,False,False,body_contacts.jsonl,
569,4.741666666666666,base_link,BODY,False,False,False,body_contacts.jsonl,
570,4.75,base_link,BODY,False,False,False,body_contacts.jsonl,
571,4.758333333333333,base_link,BODY,False,False,False,body_contacts.jsonl,
572,4.766666666666667,base_link,BODY,False,False,False,body_contacts.jsonl,
573,4.775,base_link,BODY,False,False,False,body_contacts.jsonl,
574,4.783333333333333,base_link,BODY,False,False,False,body_contacts.jsonl,
575,4.791666666666667,base_link,BODY,False,False,False,body_contacts.jsonl,
576,4.8,base_link,BODY,False,False,False,body_contacts.jsonl,
577,4.808333333333334,base_link,BODY,False,False,False,body_contacts.jsonl,
578,4.816666666666666,base_link,BODY,False,False,False,body_contacts.jsonl,
579,4.825,base_link,BODY,False,False,False,body_contacts.jsonl,
580,4.833333333333333,base_link,BODY,False,False,False,body_contacts.jsonl,
581,4.841666666666667,base_link,BODY,False,False,False,body_contacts.jsonl,
582,4.85,base_link,BODY,False,False,False,body_contacts.jsonl,
583,4.858333333333333,base_link,BODY,False,False,False,body_contacts.jsonl,
584,4.866666666666666,base_link,BODY,False,False,False,body_contacts.jsonl,
585,4.875,base_link,BODY,False,False,False,body_contacts.jsonl,
586,4.883333333333333,base_link,BODY,False,False,False,body_contacts.jsonl,
587,4.891666666666667,base_link,BODY,False,False,False,body_contacts.jsonl,
588,4.9,base_link,BODY,False,False,False,body_contacts.jsonl,
589,4.908333333333333,base_link,BODY,False,False,False,body_contacts.jsonl,
590,4.916666666666667,base_link,BODY,False,False,False,body_contacts.jsonl,
591,4.925,base_link,BODY,False,False,False,body_contacts.jsonl,
592,4.933333333333334,base_link,BODY,False,False,False,body_contacts.jsonl,
593,4.941666666666666,base_link,BODY,False,False,False,body_contacts.jsonl,
594,4.95,base_link,BODY,False,False,False,body_contacts.jsonl,
595,4.958333333333333,base_link,BODY,False,False,False,body_contacts.jsonl,
596,4.966666666666667,base_link,BODY,False,False,False,body_contacts.jsonl,
597,4.975,base_link,BODY,False,False,False,body_contacts.jsonl,
598,4.983333333333333,base_link,BODY,False,False,False,body_contacts.jsonl,
599,4.991666666666666,base_link,BODY,False,False,False,body_contacts.jsonl,
600,5.0,base_link,BODY,False,False,False,body_contacts.jsonl,
601,5.008333333333333,base_link,BODY,False,False,False,body_contacts.jsonl,
602,5.016666666666667,base_link,BODY,False,False,False,body_contacts.jsonl,
603,5.025,base_link,BODY,False,False,False,body_contacts.jsonl,
604,5.033333333333333,base_link,BODY,False,False,False,body_contacts.jsonl,
605,5.041666666666667,base_link,BODY,False,False,False,body_contacts.jsonl,
606,5.05,base_link,BODY,False,False,False,body_contacts.jsonl,
607,5.058333333333334,base_link,BODY,False,False,False,body_contacts.jsonl,
608,5.066666666666666,base_link,BODY,False,False,False,body_contacts.jsonl,
609,5.075,base_link,BODY,False,False,False,body_contacts.jsonl,
610,5.083333333333333,base_link,BODY,False,False,False,body_contacts.jsonl,
611,5.091666666666667,base_link,BODY,False,False,False,body_contacts.jsonl,
612,5.1,base_link,BODY,False,False,False,body_contacts.jsonl,
613,5.108333333333333,base_link,BODY,False,False,False,body_contacts.jsonl,
614,5.116666666666666,base_link,BODY,False,False,False,body_contacts.jsonl,
615,5.125,base_link,BODY,False,False,False,body_contacts.jsonl,
616,5.133333333333333,base_link,BODY,False,False,False,body_contacts.jsonl,
617,5.141666666666667,base_link,BODY,False,False,False,body_contacts.jsonl,
618,5.15,base_link,BODY,False,False,False,body_contacts.jsonl,
619,5.158333333333333,base_link,BODY,False,False,False,body_contacts.jsonl,
620,5.166666666666667,base_link,BODY,False,False,False,body_contacts.jsonl,
621,5.175,base_link,BODY,False,False,False,body_contacts.jsonl,
622,5.183333333333334,base_link,BODY,False,False,False,body_contacts.jsonl,
623,5.191666666666666,base_link,BODY,False,False,False,body_contacts.jsonl,
624,5.2,base_link,BODY,False,False,False,body_contacts.jsonl,
625,5.208333333333333,base_link,BODY,False,False,False,body_contacts.jsonl,
626,5.216666666666667,base_link,BODY,False,False,False,body_contacts.jsonl,
627,5.225,base_link,BODY,False,False,False,body_contacts.jsonl,
628,5.233333333333333,base_link,BODY,False,False,False,body_contacts.jsonl,
629,5.241666666666666,base_link,BODY,False,False,False,body_contacts.jsonl,
630,5.25,base_link,BODY,False,False,False,body_contacts.jsonl,
631,5.258333333333333,base_link,BODY,False,False,False,body_contacts.jsonl,
632,5.266666666666667,base_link,BODY,False,False,False,body_contacts.jsonl,
633,5.275,base_link,BODY,False,False,False,body_contacts.jsonl,
634,5.283333333333333,base_link,BODY,False,False,False,body_contacts.jsonl,
635,5.291666666666667,base_link,BODY,False,False,False,body_contacts.jsonl,
636,5.3,base_link,BODY,False,False,False,body_contacts.jsonl,
637,5.308333333333334,base_link,BODY,False,False,False,body_contacts.jsonl,
638,5.316666666666666,base_link,BODY,False,False,False,body_contacts.jsonl,
639,5.325,base_link,BODY,False,False,False,body_contacts.jsonl,
640,5.333333333333333,base_link,BODY,False,False,False,body_contacts.jsonl,
641,5.341666666666667,base_link,BODY,False,False,False,body_contacts.jsonl,
642,5.35,base_link,BODY,False,False,False,body_contacts.jsonl,
643,5.358333333333333,base_link,BODY,False,False,False,body_contacts.jsonl,
644,5.366666666666666,base_link,BODY,False,False,False,body_contacts.jsonl,
645,5.375,base_link,BODY,False,False,False,body_contacts.jsonl,
646,5.383333333333333,base_link,BODY,False,False,False,body_contacts.jsonl,
647,5.391666666666667,base_link,BODY,False,False,False,body_contacts.jsonl,
648,5.4,base_link,BODY,False,False,False,body_contacts.jsonl,
649,5.408333333333333,base_link,BODY,False,False,False,body_contacts.jsonl,
650,5.416666666666667,base_link,BODY,False,False,False,body_contacts.jsonl,
651,5.425,base_link,BODY,False,False,False,body_contacts.jsonl,
652,5.433333333333334,base_link,BODY,False,False,False,body_contacts.jsonl,
653,5.441666666666666,base_link,BODY,False,False,False,body_contacts.jsonl,
654,5.45,base_link,BODY,False,False,False,body_contacts.jsonl,
655,5.458333333333333,base_link,BODY,False,False,False,body_contacts.jsonl,
656,5.466666666666667,base_link,BODY,False,False,False,body_contacts.jsonl,
657,5.475,base_link,BODY,False,False,False,body_contacts.jsonl,
658,5.483333333333333,base_link,BODY,False,False,False,body_contacts.jsonl,
659,5.491666666666666,base_link,BODY,False,False,False,body_contacts.jsonl,
660,5.5,base_link,BODY,False,False,False,body_contacts.jsonl,
661,5.508333333333333,base_link,BODY,False,False,False,body_contacts.jsonl,
662,5.516666666666667,base_link,BODY,False,False,False,body_contacts.jsonl,
663,5.525,base_link,BODY,False,False,False,body_contacts.jsonl,
664,5.533333333333333,base_link,BODY,False,False,False,body_contacts.jsonl,
665,5.541666666666667,base_link,BODY,False,False,False,body_contacts.jsonl,
666,5.55,base_link,BODY,False,False,False,body_contacts.jsonl,
667,5.558333333333334,base_link,BODY,False,False,False,body_contacts.jsonl,
668,5.566666666666666,base_link,BODY,False,False,False,body_contacts.jsonl,
669,5.575,base_link,BODY,False,False,False,body_contacts.jsonl,
670,5.583333333333333,base_link,BODY,False,False,False,body_contacts.jsonl,
671,5.591666666666667,base_link,BODY,False,False,False,body_contacts.jsonl,
672,5.6,base_link,BODY,False,False,False,body_contacts.jsonl,
673,5.608333333333333,base_link,BODY,False,False,False,body_contacts.jsonl,
674,5.616666666666666,base_link,BODY,False,False,False,body_contacts.jsonl,
675,5.625,base_link,BODY,False,False,False,body_contacts.jsonl,
676,5.633333333333333,base_link,BODY,False,False,False,body_contacts.jsonl,
677,5.641666666666667,base_link,BODY,False,False,False,body_contacts.jsonl,
678,5.65,base_link,BODY,False,False,False,body_contacts.jsonl,
679,5.658333333333333,base_link,BODY,False,False,False,body_contacts.jsonl,
680,5.666666666666667,base_link,BODY,False,False,False,body_contacts.jsonl,
681,5.675,base_link,BODY,False,False,False,body_contacts.jsonl,
682,5.683333333333334,base_link,BODY,False,False,False,body_contacts.jsonl,
683,5.691666666666666,base_link,BODY,False,False,False,body_contacts.jsonl,
684,5.7,base_link,BODY,False,False,False,body_contacts.jsonl,
685,5.708333333333333,base_link,BODY,False,False,False,body_contacts.jsonl,
686,5.716666666666667,base_link,BODY,False,False,False,body_contacts.jsonl,
687,5.725,base_link,BODY,False,False,False,body_contacts.jsonl,
688,5.733333333333333,base_link,BODY,False,False,False,body_contacts.jsonl,
689,5.741666666666666,base_link,BODY,False,False,False,body_contacts.jsonl,
690,5.75,base_link,BODY,False,False,False,body_contacts.jsonl,
691,5.758333333333333,base_link,BODY,False,False,False,body_contacts.jsonl,
692,5.766666666666667,base_link,BODY,False,False,False,body_contacts.jsonl,
693,5.775,base_link,BODY,False,False,False,body_contacts.jsonl,
694,5.783333333333333,base_link,BODY,False,False,False,body_contacts.jsonl,
695,5.791666666666667,base_link,BODY,False,False,False,body_contacts.jsonl,
696,5.8,base_link,BODY,False,False,False,body_contacts.jsonl,
697,5.808333333333334,base_link,BODY,False,False,False,body_contacts.jsonl,
698,5.816666666666666,base_link,BODY,False,False,False,body_contacts.jsonl,
699,5.825,base_link,BODY,False,False,False,body_contacts.jsonl,
700,5.833333333333333,base_link,BODY,False,False,False,body_contacts.jsonl,
701,5.841666666666667,base_link,BODY,False,False,False,body_contacts.jsonl,
702,5.85,base_link,BODY,False,False,False,body_contacts.jsonl,
703,5.858333333333333,base_link,BODY,False,False,False,body_contacts.jsonl,
704,5.866666666666666,base_link,BODY,False,False,False,body_contacts.jsonl,
705,5.875,base_link,BODY,False,False,False,body_contacts.jsonl,
706,5.883333333333333,base_link,BODY,False,False,False,body_contacts.jsonl,
707,5.891666666666667,base_link,BODY,False,False,False,body_contacts.jsonl,
708,5.9,base_link,BODY,False,False,False,body_contacts.jsonl,
709,5.908333333333333,base_link,BODY,False,False,False,body_contacts.jsonl,
710,5.916666666666667,base_link,BODY,False,False,False,body_contacts.jsonl,
711,5.925,base_link,BODY,False,False,False,body_contacts.jsonl,
712,5.933333333333334,base_link,BODY,False,False,False,body_contacts.jsonl,
713,5.941666666666666,base_link,BODY,False,False,False,body_contacts.jsonl,
714,5.95,base_link,BODY,False,False,False,body_contacts.jsonl,
715,5.958333333333333,base_link,BODY,False,False,False,body_contacts.jsonl,
716,5.966666666666667,base_link,BODY,False,False,False,body_contacts.jsonl,
717,5.975,base_link,BODY,False,False,False,body_contacts.jsonl,
718,5.983333333333333,base_link,BODY,False,False,False,body_contacts.jsonl,
719,5.991666666666666,base_link,BODY,False,False,False,body_contacts.jsonl,
720,6.0,base_link,BODY,False,False,False,body_contacts.jsonl,
721,6.008333333333333,base_link,BODY,False,False,False,body_contacts.jsonl,
722,6.016666666666667,base_link,BODY,False,False,False,body_contacts.jsonl,
723,6.025,base_link,BODY,False,False,False,body_contacts.jsonl,
724,6.033333333333333,base_link,BODY,False,False,False,body_contacts.jsonl,
725,6.041666666666667,base_link,BODY,False,False,False,body_contacts.jsonl,
726,6.05,base_link,BODY,False,False,False,body_contacts.jsonl,
727,6.058333333333334,base_link,BODY,False,False,False,body_contacts.jsonl,
728,6.066666666666666,base_link,BODY,False,False,False,body_contacts.jsonl,
729,6.075,base_link,BODY,False,False,False,body_contacts.jsonl,
730,6.083333333333333,base_link,BODY,False,False,False,body_contacts.jsonl,
731,6.091666666666667,base_link,BODY,False,False,False,body_contacts.jsonl,
732,6.1,base_link,BODY,False,False,False,body_contacts.jsonl,
733,6.108333333333333,base_link,BODY,False,False,False,body_contacts.jsonl,
734,6.116666666666666,base_link,BODY,False,False,False,body_contacts.jsonl,
735,6.125,base_link,BODY,False,False,False,body_contacts.jsonl,
736,6.133333333333333,base_link,BODY,False,False,False,body_contacts.jsonl,
737,6.141666666666667,base_link,BODY,False,False,False,body_contacts.jsonl,
738,6.15,base_link,BODY,False,False,False,body_contacts.jsonl,
739,6.158333333333333,base_link,BODY,False,False,False,body_contacts.jsonl,
740,6.166666666666667,base_link,BODY,False,False,False,body_contacts.jsonl,
741,6.175,base_link,BODY,False,False,False,body_contacts.jsonl,
742,6.183333333333334,base_link,BODY,False,False,False,body_contacts.jsonl,
743,6.191666666666666,base_link,BODY,False,False,False,body_contacts.jsonl,
744,6.2,base_link,BODY,False,False,False,body_contacts.jsonl,
745,6.208333333333333,base_link,BODY,False,False,False,body_contacts.jsonl,
746,6.216666666666667,base_link,BODY,False,False,False,body_contacts.jsonl,
747,6.225,base_link,BODY,False,False,False,body_contacts.jsonl,
748,6.233333333333333,base_link,BODY,False,False,False,body_contacts.jsonl,
749,6.241666666666666,base_link,BODY,False,False,False,body_contacts.jsonl,
750,6.25,base_link,BODY,False,False,False,body_contacts.jsonl,
751,6.258333333333333,base_link,BODY,False,False,False,body_contacts.jsonl,
752,6.266666666666667,base_link,BODY,False,False,False,body_contacts.jsonl,
753,6.275,base_link,BODY,False,False,False,body_contacts.jsonl,
754,6.283333333333333,base_link,BODY,False,False,False,body_contacts.jsonl,
755,6.291666666666667,base_link,BODY,False,False,False,body_contacts.jsonl,
756,6.3,base_link,BODY,False,False,False,body_contacts.jsonl,
757,6.308333333333334,base_link,BODY,False,False,False,body_contacts.jsonl,
758,6.316666666666666,base_link,BODY,False,False,False,body_contacts.jsonl,
759,6.325,base_link,BODY,False,False,False,body_contacts.jsonl,
760,6.333333333333333,base_link,BODY,False,False,False,body_contacts.jsonl,
761,6.341666666666667,base_link,BODY,False,False,False,body_contacts.jsonl,
762,6.35,base_link,BODY,False,False,False,body_contacts.jsonl,
763,6.358333333333333,base_link,BODY,False,False,False,body_contacts.jsonl,
764,6.366666666666666,base_link,BODY,False,False,False,body_contacts.jsonl,
765,6.375,base_link,BODY,False,False,False,body_contacts.jsonl,
766,6.383333333333333,base_link,BODY,False,False,False,body_contacts.jsonl,
767,6.391666666666667,base_link,BODY,False,False,False,body_contacts.jsonl,
768,6.4,base_link,BODY,False,False,False,body_contacts.jsonl,
769,6.408333333333333,base_link,BODY,False,False,False,body_contacts.jsonl,
770,6.416666666666667,base_link,BODY,False,False,False,body_contacts.jsonl,
771,6.425,base_link,BODY,False,False,False,body_contacts.jsonl,
772,6.433333333333334,base_link,BODY,False,False,False,body_contacts.jsonl,
773,6.441666666666666,base_link,BODY,False,False,False,body_contacts.jsonl,
774,6.45,base_link,BODY,False,False,False,body_contacts.jsonl,
775,6.458333333333333,base_link,BODY,False,False,False,body_contacts.jsonl,
776,6.466666666666667,base_link,BODY,False,False,False,body_contacts.jsonl,
777,6.475,base_link,BODY,False,False,False,body_contacts.jsonl,
778,6.483333333333333,base_link,BODY,False,False,False,body_contacts.jsonl,
779,6.491666666666666,base_link,BODY,False,False,False,body_contacts.jsonl,
780,6.5,base_link,BODY,False,False,False,body_contacts.jsonl,
781,6.508333333333333,base_link,BODY,False,False,False,body_contacts.jsonl,
782,6.516666666666667,base_link,BODY,False,False,False,body_contacts.jsonl,
783,6.5249999999999995,base_link,BODY,False,False,False,body_contacts.jsonl,
784,6.533333333333333,base_link,BODY,False,False,False,body_contacts.jsonl,
785,6.541666666666667,base_link,BODY,False,False,False,body_contacts.jsonl,
786,6.55,base_link,BODY,False,False,False,body_contacts.jsonl,
787,6.558333333333334,base_link,BODY,False,False,False,body_contacts.jsonl,
788,6.566666666666666,base_link,BODY,False,False,False,body_contacts.jsonl,
789,6.575,base_link,BODY,False,False,False,body_contacts.jsonl,
790,6.583333333333333,base_link,BODY,False,False,False,body_contacts.jsonl,
791,6.591666666666667,base_link,BODY,False,False,False,body_contacts.jsonl,
792,6.6,base_link,BODY,False,False,False,body_contacts.jsonl,
793,6.608333333333333,base_link,BODY,False,False,False,body_contacts.jsonl,
794,6.616666666666666,base_link,BODY,False,False,False,body_contacts.jsonl,
795,6.625,base_link,BODY,False,False,False,body_contacts.jsonl,
796,6.633333333333333,base_link,BODY,False,False,False,body_contacts.jsonl,
797,6.641666666666667,base_link,BODY,False,False,False,body_contacts.jsonl,
798,6.6499999999999995,base_link,BODY,False,False,False,body_contacts.jsonl,
799,6.658333333333333,base_link,BODY,False,False,False,body_contacts.jsonl,
800,6.666666666666667,base_link,BODY,False,False,False,body_contacts.jsonl,
801,6.675,base_link,BODY,False,False,False,body_contacts.jsonl,
802,6.683333333333334,base_link,BODY,False,False,False,body_contacts.jsonl,
803,6.691666666666666,base_link,BODY,False,False,False,body_contacts.jsonl,
804,6.7,base_link,BODY,False,False,False,body_contacts.jsonl,
805,6.708333333333333,base_link,BODY,False,False,False,body_contacts.jsonl,
806,6.716666666666667,base_link,BODY,False,False,False,body_contacts.jsonl,
807,6.725,base_link,BODY,False,False,False,body_contacts.jsonl,
808,6.733333333333333,base_link,BODY,False,False,False,body_contacts.jsonl,
809,6.741666666666666,base_link,BODY,False,False,False,body_contacts.jsonl,
810,6.75,base_link,BODY,False,False,False,body_contacts.jsonl,
811,6.758333333333333,base_link,BODY,False,False,False,body_contacts.jsonl,
812,6.766666666666667,base_link,BODY,False,False,False,body_contacts.jsonl,
813,6.7749999999999995,base_link,BODY,False,False,False,body_contacts.jsonl,
814,6.783333333333333,base_link,BODY,False,False,False,body_contacts.jsonl,
815,6.791666666666667,base_link,BODY,False,False,False,body_contacts.jsonl,
816,6.8,base_link,BODY,False,False,False,body_contacts.jsonl,
817,6.808333333333334,base_link,BODY,False,False,False,body_contacts.jsonl,
818,6.816666666666666,base_link,BODY,False,False,False,body_contacts.jsonl,
819,6.825,base_link,BODY,False,False,False,body_contacts.jsonl,
820,6.833333333333333,base_link,BODY,False,False,False,body_contacts.jsonl,
821,6.841666666666667,base_link,BODY,False,False,False,body_contacts.jsonl,
822,6.85,base_link,BODY,False,False,False,body_contacts.jsonl,
823,6.858333333333333,base_link,BODY,False,False,False,body_contacts.jsonl,
824,6.866666666666666,base_link,BODY,False,False,False,body_contacts.jsonl,
825,6.875,base_link,BODY,False,False,False,body_contacts.jsonl,
826,6.883333333333333,base_link,BODY,False,False,False,body_contacts.jsonl,
827,6.891666666666667,base_link,BODY,False,False,False,body_contacts.jsonl,
828,6.8999999999999995,base_link,BODY,False,False,False,body_contacts.jsonl,
829,6.908333333333333,base_link,BODY,False,False,False,body_contacts.jsonl,
830,6.916666666666667,base_link,BODY,False,False,False,body_contacts.jsonl,
831,6.925,base_link,BODY,False,False,False,body_contacts.jsonl,
832,6.933333333333334,base_link,BODY,False,False,False,body_contacts.jsonl,
833,6.941666666666666,base_link,BODY,False,False,False,body_contacts.jsonl,
834,6.95,base_link,BODY,False,False,False,body_contacts.jsonl,
835,6.958333333333333,base_link,BODY,False,False,False,body_contacts.jsonl,
836,6.966666666666667,base_link,BODY,False,False,False,body_contacts.jsonl,
837,6.975,base_link,BODY,False,False,False,body_contacts.jsonl,
838,6.983333333333333,base_link,BODY,False,False,False,body_contacts.jsonl,
839,6.991666666666666,base_link,BODY,False,False,False,body_contacts.jsonl,
840,7.0,base_link,BODY,False,False,False,body_contacts.jsonl,
841,7.008333333333333,base_link,BODY,False,False,False,body_contacts.jsonl,
842,7.016666666666667,base_link,BODY,False,False,False,body_contacts.jsonl,
843,7.0249999999999995,base_link,BODY,False,False,False,body_contacts.jsonl,
844,7.033333333333333,base_link,BODY,False,False,False,body_contacts.jsonl,
845,7.041666666666667,base_link,BODY,False,False,False,body_contacts.jsonl,
846,7.05,base_link,BODY,False,False,False,body_contacts.jsonl,
847,7.058333333333334,base_link,BODY,False,False,False,body_contacts.jsonl,
848,7.066666666666666,base_link,BODY,False,False,False,body_contacts.jsonl,
849,7.075,base_link,BODY,False,False,False,body_contacts.jsonl,
850,7.083333333333333,base_link,BODY,False,False,False,body_contacts.jsonl,
851,7.091666666666667,base_link,BODY,False,False,False,body_contacts.jsonl,
852,7.1,base_link,BODY,False,False,False,body_contacts.jsonl,
853,7.108333333333333,base_link,BODY,False,False,False,body_contacts.jsonl,
854,7.116666666666666,base_link,BODY,False,False,False,body_contacts.jsonl,
855,7.125,base_link,BODY,False,False,False,body_contacts.jsonl,
856,7.133333333333333,base_link,BODY,False,False,False,body_contacts.jsonl,
857,7.141666666666667,base_link,BODY,False,False,False,body_contacts.jsonl,
858,7.1499999999999995,base_link,BODY,False,False,False,body_contacts.jsonl,
859,7.158333333333333,base_link,BODY,False,False,False,body_contacts.jsonl,
860,7.166666666666667,base_link,BODY,False,False,False,body_contacts.jsonl,
861,7.175,base_link,BODY,False,False,False,body_contacts.jsonl,
862,7.183333333333334,base_link,BODY,False,False,False,body_contacts.jsonl,
863,7.191666666666666,base_link,BODY,False,False,False,body_contacts.jsonl,
864,7.2,base_link,BODY,False,False,False,body_contacts.jsonl,
865,7.208333333333333,base_link,BODY,False,False,False,body_contacts.jsonl,
866,7.216666666666667,base_link,BODY,False,False,False,body_contacts.jsonl,
867,7.225,base_link,BODY,False,False,False,body_contacts.jsonl,
868,7.233333333333333,base_link,BODY,False,False,False,body_contacts.jsonl,
869,7.241666666666666,base_link,BODY,False,False,False,body_contacts.jsonl,
870,7.25,base_link,BODY,False,False,False,body_contacts.jsonl,
871,7.258333333333333,base_link,BODY,False,False,False,body_contacts.jsonl,
872,7.266666666666667,base_link,BODY,False,False,False,body_contacts.jsonl,
873,7.2749999999999995,base_link,BODY,False,False,False,body_contacts.jsonl,
874,7.283333333333333,base_link,BODY,False,False,False,body_contacts.jsonl,
875,7.291666666666667,base_link,BODY,False,False,False,body_contacts.jsonl,
876,7.3,base_link,BODY,False,False,False,body_contacts.jsonl,
877,7.308333333333334,base_link,BODY,False,False,False,body_contacts.jsonl,
878,7.316666666666666,base_link,BODY,False,False,False,body_contacts.jsonl,
879,7.325,base_link,BODY,False,False,False,body_contacts.jsonl,
880,7.333333333333333,base_link,BODY,False,False,False,body_contacts.jsonl,
881,7.341666666666667,base_link,BODY,False,False,False,body_contacts.jsonl,
882,7.35,base_link,BODY,False,False,False,body_contacts.jsonl,
883,7.358333333333333,base_link,BODY,False,False,False,body_contacts.jsonl,
884,7.366666666666666,base_link,BODY,False,False,False,body_contacts.jsonl,
885,7.375,base_link,BODY,False,False,False,body_contacts.jsonl,
886,7.383333333333333,base_link,BODY,False,False,False,body_contacts.jsonl,
887,7.391666666666667,base_link,BODY,False,False,False,body_contacts.jsonl,
888,7.3999999999999995,base_link,BODY,False,False,False,body_contacts.jsonl,
889,7.408333333333333,base_link,BODY,False,False,False,body_contacts.jsonl,
890,7.416666666666667,base_link,BODY,False,False,False,body_contacts.jsonl,
891,7.425,base_link,BODY,False,False,False,body_contacts.jsonl,
892,7.433333333333334,base_link,BODY,False,False,False,body_contacts.jsonl,
893,7.441666666666666,base_link,BODY,False,False,False,body_contacts.jsonl,
894,7.45,base_link,BODY,False,False,False,body_contacts.jsonl,
895,7.458333333333333,base_link,BODY,False,False,False,body_contacts.jsonl,
896,7.466666666666667,base_link,BODY,False,False,False,body_contacts.jsonl,
897,7.475,base_link,BODY,False,False,False,body_contacts.jsonl,
898,7.483333333333333,base_link,BODY,False,False,False,body_contacts.jsonl,
899,7.491666666666666,base_link,BODY,False,False,False,body_contacts.jsonl,
900,7.5,base_link,BODY,False,False,False,body_contacts.jsonl,
901,7.508333333333333,base_link,BODY,False,False,False,body_contacts.jsonl,
902,7.516666666666667,base_link,BODY,False,False,False,body_contacts.jsonl,
903,7.5249999999999995,base_link,BODY,False,False,False,body_contacts.jsonl,
904,7.533333333333333,base_link,BODY,False,False,False,body_contacts.jsonl,
905,7.541666666666667,base_link,BODY,False,False,False,body_contacts.jsonl,
906,7.55,base_link,BODY,False,False,False,body_contacts.jsonl,
907,7.558333333333334,base_link,BODY,False,False,False,body_contacts.jsonl,
908,7.566666666666666,base_link,BODY,False,False,False,body_contacts.jsonl,
909,7.575,base_link,BODY,False,False,False,body_contacts.jsonl,
910,7.583333333333333,base_link,BODY,False,False,False,body_contacts.jsonl,
911,7.591666666666667,base_link,BODY,False,False,False,body_contacts.jsonl,
912,7.6,base_link,BODY,False,False,False,body_contacts.jsonl,
913,7.608333333333333,base_link,BODY,False,False,False,body_contacts.jsonl,
914,7.616666666666666,base_link,BODY,False,False,False,body_contacts.jsonl,
915,7.625,base_link,BODY,False,False,False,body_contacts.jsonl,
916,7.633333333333333,base_link,BODY,False,False,False,body_contacts.jsonl,
917,7.641666666666667,base_link,BODY,False,False,False,body_contacts.jsonl,
918,7.6499999999999995,base_link,BODY,False,False,False,body_contacts.jsonl,
919,7.658333333333333,base_link,BODY,False,False,False,body_contacts.jsonl,
920,7.666666666666667,base_link,BODY,False,False,False,body_contacts.jsonl,
921,7.675,base_link,BODY,False,False,False,body_contacts.jsonl,
922,7.683333333333334,base_link,BODY,False,False,False,body_contacts.jsonl,
923,7.691666666666666,base_link,BODY,False,False,False,body_contacts.jsonl,
924,7.7,base_link,BODY,False,False,False,body_contacts.jsonl,
925,7.708333333333333,base_link,BODY,False,False,False,body_contacts.jsonl,
926,7.716666666666667,base_link,BODY,False,False,False,body_contacts.jsonl,
927,7.725,base_link,BODY,False,False,False,body_contacts.jsonl,
928,7.733333333333333,base_link,BODY,False,False,False,body_contacts.jsonl,
929,7.741666666666666,base_link,BODY,False,False,False,body_contacts.jsonl,
930,7.75,base_link,BODY,False,False,False,body_contacts.jsonl,
931,7.758333333333333,base_link,BODY,False,False,False,body_contacts.jsonl,
932,7.766666666666667,base_link,BODY,False,False,False,body_contacts.jsonl,
933,7.7749999999999995,base_link,BODY,False,False,False,body_contacts.jsonl,
934,7.783333333333333,base_link,BODY,False,False,False,body_contacts.jsonl,
935,7.791666666666667,base_link,BODY,False,False,False,body_contacts.jsonl,
936,7.8,base_link,BODY,False,False,False,body_contacts.jsonl,
937,7.808333333333334,base_link,BODY,False,False,False,body_contacts.jsonl,
938,7.816666666666666,base_link,BODY,False,False,False,body_contacts.jsonl,
939,7.825,base_link,BODY,False,False,False,body_contacts.jsonl,
940,7.833333333333333,base_link,BODY,False,False,False,body_contacts.jsonl,
941,7.841666666666667,base_link,BODY,False,False,False,body_contacts.jsonl,
942,7.85,base_link,BODY,False,False,False,body_contacts.jsonl,
943,7.858333333333333,base_link,BODY,False,False,False,body_contacts.jsonl,
944,7.866666666666666,base_link,BODY,False,False,False,body_contacts.jsonl,
945,7.875,base_link,BODY,False,False,False,body_contacts.jsonl,
946,7.883333333333333,base_link,BODY,False,False,False,body_contacts.jsonl,
947,7.891666666666667,base_link,BODY,False,False,False,body_contacts.jsonl,
948,7.8999999999999995,base_link,BODY,False,False,False,body_contacts.jsonl,
949,7.908333333333333,base_link,BODY,False,False,False,body_contacts.jsonl,
950,7.916666666666667,base_link,BODY,False,False,False,body_contacts.jsonl,
951,7.925,base_link,BODY,False,False,False,body_contacts.jsonl,
952,7.933333333333334,base_link,BODY,False,False,False,body_contacts.jsonl,
953,7.941666666666666,base_link,BODY,False,False,False,body_contacts.jsonl,
954,7.95,base_link,BODY,False,False,False,body_contacts.jsonl,
955,7.958333333333333,base_link,BODY,False,False,False,body_contacts.jsonl,
956,7.966666666666667,base_link,BODY,False,False,False,body_contacts.jsonl,
957,7.975,base_link,BODY,False,False,False,body_contacts.jsonl,
958,7.983333333333333,base_link,BODY,False,False,False,body_contacts.jsonl,
959,7.991666666666666,base_link,BODY,False,False,False,body_contacts.jsonl,
960,8.0,base_link,BODY,False,False,False,body_contacts.jsonl,
961,8.008333333333333,base_link,BODY,False,False,False,body_contacts.jsonl,
962,8.016666666666666,base_link,BODY,False,False,False,body_contacts.jsonl,
963,8.025,base_link,BODY,False,False,False,body_contacts.jsonl,
964,8.033333333333333,base_link,BODY,False,False,False,body_contacts.jsonl,
965,8.041666666666666,base_link,BODY,False,False,False,body_contacts.jsonl,
966,8.05,base_link,BODY,False,False,False,body_contacts.jsonl,
967,8.058333333333334,base_link,BODY,False,False,False,body_contacts.jsonl,
968,8.066666666666666,base_link,BODY,False,False,False,body_contacts.jsonl,
969,8.075,base_link,BODY,False,False,False,body_contacts.jsonl,
970,8.083333333333334,base_link,BODY,False,False,False,body_contacts.jsonl,
971,8.091666666666667,base_link,BODY,False,False,False,body_contacts.jsonl,
972,8.1,base_link,BODY,False,False,False,body_contacts.jsonl,
973,8.108333333333333,base_link,BODY,False,False,False,body_contacts.jsonl,
974,8.116666666666667,base_link,BODY,False,False,False,body_contacts.jsonl,
975,8.125,base_link,BODY,False,False,False,body_contacts.jsonl,
976,8.133333333333333,base_link,BODY,False,False,False,body_contacts.jsonl,
977,8.141666666666666,base_link,BODY,False,False,False,body_contacts.jsonl,
978,8.15,base_link,BODY,False,False,False,body_contacts.jsonl,
979,8.158333333333333,base_link,BODY,False,False,False,body_contacts.jsonl,
980,8.166666666666666,base_link,BODY,False,False,False,body_contacts.jsonl,
981,8.175,base_link,BODY,False,False,False,body_contacts.jsonl,
982,8.183333333333334,base_link,BODY,False,False,False,body_contacts.jsonl,
983,8.191666666666666,base_link,BODY,False,False,False,body_contacts.jsonl,
984,8.2,base_link,BODY,False,False,False,body_contacts.jsonl,
985,8.208333333333334,base_link,BODY,False,False,False,body_contacts.jsonl,
986,8.216666666666667,base_link,BODY,False,False,False,body_contacts.jsonl,
987,8.225,base_link,BODY,False,False,False,body_contacts.jsonl,
988,8.233333333333333,base_link,BODY,False,False,False,body_contacts.jsonl,
989,8.241666666666667,base_link,BODY,False,False,False,body_contacts.jsonl,
990,8.25,base_link,BODY,False,False,False,body_contacts.jsonl,
991,8.258333333333333,base_link,BODY,False,False,False,body_contacts.jsonl,
992,8.266666666666666,base_link,BODY,False,False,False,body_contacts.jsonl,
993,8.275,base_link,BODY,False,False,False,body_contacts.jsonl,
994,8.283333333333333,base_link,BODY,False,False,False,body_contacts.jsonl,
995,8.291666666666666,base_link,BODY,False,False,False,body_contacts.jsonl,
996,8.3,base_link,BODY,False,False,False,body_contacts.jsonl,
997,8.308333333333334,base_link,BODY,False,False,False,body_contacts.jsonl,
998,8.316666666666666,base_link,BODY,False,False,False,body_contacts.jsonl,
999,8.325,base_link,BODY,False,False,False,body_contacts.jsonl,
1000,8.333333333333334,base_link,BODY,False,False,False,body_contacts.jsonl,
1001,8.341666666666667,base_link,BODY,False,False,False,body_contacts.jsonl,
1002,8.35,base_link,BODY,False,False,False,body_contacts.jsonl,
1003,8.358333333333333,base_link,BODY,False,False,False,body_contacts.jsonl,
1004,8.366666666666667,base_link,BODY,False,False,False,body_contacts.jsonl,
1005,8.375,base_link,BODY,False,False,False,body_contacts.jsonl,
1006,8.383333333333333,base_link,BODY,False,False,False,body_contacts.jsonl,
1007,8.391666666666666,base_link,BODY,False,False,False,body_contacts.jsonl,
1008,8.4,base_link,BODY,False,False,False,body_contacts.jsonl,
1009,8.408333333333333,base_link,BODY,False,False,False,body_contacts.jsonl,
1010,8.416666666666666,base_link,BODY,False,False,False,body_contacts.jsonl,
1011,8.425,base_link,BODY,False,False,False,body_contacts.jsonl,
1012,8.433333333333334,base_link,BODY,False,False,False,body_contacts.jsonl,
1013,8.441666666666666,base_link,BODY,False,False,False,body_contacts.jsonl,
1014,8.45,base_link,BODY,False,False,False,body_contacts.jsonl,
1015,8.458333333333334,base_link,BODY,False,False,False,body_contacts.jsonl,
1016,8.466666666666667,base_link,BODY,False,False,False,body_contacts.jsonl,
1017,8.475,base_link,BODY,False,False,False,body_contacts.jsonl,
1018,8.483333333333333,base_link,BODY,False,False,False,body_contacts.jsonl,
1019,8.491666666666667,base_link,BODY,False,False,False,body_contacts.jsonl,
1020,8.5,base_link,BODY,False,False,False,body_contacts.jsonl,
1021,8.508333333333333,base_link,BODY,False,False,False,body_contacts.jsonl,
1022,8.516666666666666,base_link,BODY,False,False,False,body_contacts.jsonl,
1023,8.525,base_link,BODY,False,False,False,body_contacts.jsonl,
1024,8.533333333333333,base_link,BODY,False,False,False,body_contacts.jsonl,
1025,8.541666666666666,base_link,BODY,False,False,False,body_contacts.jsonl,
1026,8.55,base_link,BODY,False,False,False,body_contacts.jsonl,
1027,8.558333333333334,base_link,BODY,False,False,False,body_contacts.jsonl,
1028,8.566666666666666,base_link,BODY,False,False,False,body_contacts.jsonl,
1029,8.575,base_link,BODY,False,False,False,body_contacts.jsonl,
1030,8.583333333333334,base_link,BODY,False,False,False,body_contacts.jsonl,
1031,8.591666666666667,base_link,BODY,False,False,False,body_contacts.jsonl,
1032,8.6,base_link,BODY,False,False,False,body_contacts.jsonl,
1033,8.608333333333333,base_link,BODY,False,False,False,body_contacts.jsonl,
1034,8.616666666666667,base_link,BODY,False,False,False,body_contacts.jsonl,
1035,8.625,base_link,BODY,False,False,False,body_contacts.jsonl,
1036,8.633333333333333,base_link,BODY,False,False,False,body_contacts.jsonl,
1037,8.641666666666666,base_link,BODY,False,False,False,body_contacts.jsonl,
1038,8.65,base_link,BODY,False,False,False,body_contacts.jsonl,
1039,8.658333333333333,base_link,BODY,False,False,False,body_contacts.jsonl,
1040,8.666666666666666,base_link,BODY,False,False,False,body_contacts.jsonl,
1041,8.675,base_link,BODY,False,False,False,body_contacts.jsonl,
1042,8.683333333333334,base_link,BODY,False,False,False,body_contacts.jsonl,
1043,8.691666666666666,base_link,BODY,False,False,False,body_contacts.jsonl,
1044,8.7,base_link,BODY,False,False,False,body_contacts.jsonl,
1045,8.708333333333334,base_link,BODY,False,False,False,body_contacts.jsonl,
1046,8.716666666666667,base_link,BODY,False,False,False,body_contacts.jsonl,
1047,8.725,base_link,BODY,False,False,False,body_contacts.jsonl,
1048,8.733333333333333,base_link,BODY,False,False,False,body_contacts.jsonl,
1049,8.741666666666667,base_link,BODY,False,False,False,body_contacts.jsonl,
1050,8.75,base_link,BODY,False,False,False,body_contacts.jsonl,
1051,8.758333333333333,base_link,BODY,False,False,False,body_contacts.jsonl,
1052,8.766666666666666,base_link,BODY,False,False,False,body_contacts.jsonl,
1053,8.775,base_link,BODY,False,False,False,body_contacts.jsonl,
1054,8.783333333333333,base_link,BODY,False,False,False,body_contacts.jsonl,
1055,8.791666666666666,base_link,BODY,False,False,False,body_contacts.jsonl,
1056,8.8,base_link,BODY,False,False,False,body_contacts.jsonl,
1057,8.808333333333334,base_link,BODY,False,False,False,body_contacts.jsonl,
1058,8.816666666666666,base_link,BODY,False,False,False,body_contacts.jsonl,
1059,8.825,base_link,BODY,False,False,False,body_contacts.jsonl,
1060,8.833333333333334,base_link,BODY,False,False,False,body_contacts.jsonl,
1061,8.841666666666667,base_link,BODY,False,False,False,body_contacts.jsonl,
1062,8.85,base_link,BODY,False,False,False,body_contacts.jsonl,
1063,8.858333333333333,base_link,BODY,False,False,False,body_contacts.jsonl,
1064,8.866666666666667,base_link,BODY,False,False,False,body_contacts.jsonl,
1065,8.875,base_link,BODY,False,False,False,body_contacts.jsonl,
1066,8.883333333333333,base_link,BODY,False,False,False,body_contacts.jsonl,
1067,8.891666666666666,base_link,BODY,False,False,False,body_contacts.jsonl,
1068,8.9,base_link,BODY,False,False,False,body_contacts.jsonl,
1069,8.908333333333333,base_link,BODY,False,False,False,body_contacts.jsonl,
1070,8.916666666666666,base_link,BODY,False,False,False,body_contacts.jsonl,
1071,8.925,base_link,BODY,False,False,False,body_contacts.jsonl,
1072,8.933333333333334,base_link,BODY,False,False,False,body_contacts.jsonl,
1073,8.941666666666666,base_link,BODY,False,False,False,body_contacts.jsonl,
1074,8.95,base_link,BODY,False,False,False,body_contacts.jsonl,
1075,8.958333333333334,base_link,BODY,False,False,False,body_contacts.jsonl,
1076,8.966666666666667,base_link,BODY,False,False,False,body_contacts.jsonl,
1077,8.975,base_link,BODY,False,False,False,body_contacts.jsonl,
1078,8.983333333333333,base_link,BODY,False,False,False,body_contacts.jsonl,
1079,8.991666666666667,base_link,BODY,False,False,False,body_contacts.jsonl,
1080,9.0,base_link,BODY,False,False,False,body_contacts.jsonl,
1081,9.008333333333333,base_link,BODY,False,False,False,body_contacts.jsonl,
1082,9.016666666666666,base_link,BODY,False,False,False,body_contacts.jsonl,
1083,9.025,base_link,BODY,False,False,False,body_contacts.jsonl,
1084,9.033333333333333,base_link,BODY,False,False,False,body_contacts.jsonl,
1085,9.041666666666666,base_link,BODY,False,False,False,body_contacts.jsonl,
1086,9.05,base_link,BODY,False,False,False,body_contacts.jsonl,
1087,9.058333333333334,base_link,BODY,False,False,False,body_contacts.jsonl,
1088,9.066666666666666,base_link,BODY,False,False,False,body_contacts.jsonl,
1089,9.075,base_link,BODY,False,False,False,body_contacts.jsonl,
1090,9.083333333333334,base_link,BODY,False,False,False,body_contacts.jsonl,
1091,9.091666666666667,base_link,BODY,False,False,False,body_contacts.jsonl,
1092,9.1,base_link,BODY,False,False,False,body_contacts.jsonl,
1093,9.108333333333333,base_link,BODY,False,False,False,body_contacts.jsonl,
1094,9.116666666666667,base_link,BODY,False,False,False,body_contacts.jsonl,
1095,9.125,base_link,BODY,False,False,False,body_contacts.jsonl,
1096,9.133333333333333,base_link,BODY,False,False,False,body_contacts.jsonl,
1097,9.141666666666666,base_link,BODY,False,False,False,body_contacts.jsonl,
1098,9.15,base_link,BODY,False,False,False,body_contacts.jsonl,
1099,9.158333333333333,base_link,BODY,False,False,False,body_contacts.jsonl,
1100,9.166666666666666,base_link,BODY,False,False,False,body_contacts.jsonl,
1101,9.175,base_link,BODY,False,False,False,body_contacts.jsonl,
1102,9.183333333333334,base_link,BODY,False,False,False,body_contacts.jsonl,
1103,9.191666666666666,base_link,BODY,False,False,False,body_contacts.jsonl,
1104,9.2,base_link,BODY,False,False,False,body_contacts.jsonl,
1105,9.208333333333334,base_link,BODY,False,False,False,body_contacts.jsonl,
1106,9.216666666666667,base_link,BODY,False,False,False,body_contacts.jsonl,
1107,9.225,base_link,BODY,False,False,False,body_contacts.jsonl,
1108,9.233333333333333,base_link,BODY,False,False,False,body_contacts.jsonl,
1109,9.241666666666667,base_link,BODY,False,False,False,body_contacts.jsonl,
1110,9.25,base_link,BODY,False,False,False,body_contacts.jsonl,
1111,9.258333333333333,base_link,BODY,False,False,False,body_contacts.jsonl,
1112,9.266666666666666,base_link,BODY,False,False,False,body_contacts.jsonl,
1113,9.275,base_link,BODY,False,False,False,body_contacts.jsonl,
1114,9.283333333333333,base_link,BODY,False,False,False,body_contacts.jsonl,
1115,9.291666666666666,base_link,BODY,False,False,False,body_contacts.jsonl,
1116,9.3,base_link,BODY,False,False,False,body_contacts.jsonl,
1117,9.308333333333334,base_link,BODY,False,False,False,body_contacts.jsonl,
1118,9.316666666666666,base_link,BODY,False,False,False,body_contacts.jsonl,
1119,9.325,base_link,BODY,False,False,False,body_contacts.jsonl,
1120,9.333333333333334,base_link,BODY,False,False,False,body_contacts.jsonl,
1121,9.341666666666667,base_link,BODY,False,False,False,body_contacts.jsonl,
1122,9.35,base_link,BODY,False,False,False,body_contacts.jsonl,
1123,9.358333333333333,base_link,BODY,False,False,False,body_contacts.jsonl,
1124,9.366666666666667,base_link,BODY,False,False,False,body_contacts.jsonl,
1125,9.375,base_link,BODY,False,False,False,body_contacts.jsonl,
1126,9.383333333333333,base_link,BODY,False,False,False,body_contacts.jsonl,
1127,9.391666666666666,base_link,BODY,False,False,False,body_contacts.jsonl,
1128,9.4,base_link,BODY,False,False,False,body_contacts.jsonl,
1129,9.408333333333333,base_link,BODY,False,False,False,body_contacts.jsonl,
1130,9.416666666666666,base_link,BODY,False,False,False,body_contacts.jsonl,
1131,9.425,base_link,BODY,False,False,False,body_contacts.jsonl,
1132,9.433333333333334,base_link,BODY,False,False,False,body_contacts.jsonl,
1133,9.441666666666666,base_link,BODY,False,False,False,body_contacts.jsonl,
1134,9.45,base_link,BODY,False,False,False,body_contacts.jsonl,
1135,9.458333333333334,base_link,BODY,False,False,False,body_contacts.jsonl,
1136,9.466666666666667,base_link,BODY,False,False,False,body_contacts.jsonl,
1137,9.475,base_link,BODY,False,False,False,body_contacts.jsonl,
1138,9.483333333333333,base_link,BODY,False,False,False,body_contacts.jsonl,
1139,9.491666666666667,base_link,BODY,False,False,False,body_contacts.jsonl,
1140,9.5,base_link,BODY,False,False,False,body_contacts.jsonl,
1141,9.508333333333333,base_link,BODY,False,False,False,body_contacts.jsonl,
1142,9.516666666666666,base_link,BODY,False,False,False,body_contacts.jsonl,
1143,9.525,base_link,BODY,False,False,False,body_contacts.jsonl,
1144,9.533333333333333,base_link,BODY,False,False,False,body_contacts.jsonl,
1145,9.541666666666666,base_link,BODY,False,False,False,body_contacts.jsonl,
1146,9.55,base_link,BODY,False,False,False,body_contacts.jsonl,
1147,9.558333333333334,base_link,BODY,False,False,False,body_contacts.jsonl,
1148,9.566666666666666,base_link,BODY,False,False,False,body_contacts.jsonl,
1149,9.575,base_link,BODY,False,False,False,body_contacts.jsonl,
1150,9.583333333333334,base_link,BODY,False,False,False,body_contacts.jsonl,
1151,9.591666666666667,base_link,BODY,False,False,False,body_contacts.jsonl,
1152,9.6,base_link,BODY,False,False,False,body_contacts.jsonl,
1153,9.608333333333333,base_link,BODY,False,False,False,body_contacts.jsonl,
1154,9.616666666666667,base_link,BODY,False,False,False,body_contacts.jsonl,
1155,9.625,base_link,BODY,False,False,False,body_contacts.jsonl,
1156,9.633333333333333,base_link,BODY,False,False,False,body_contacts.jsonl,
1157,9.641666666666666,base_link,BODY,False,False,False,body_contacts.jsonl,
1158,9.65,base_link,BODY,False,False,False,body_contacts.jsonl,
1159,9.658333333333333,base_link,BODY,False,False,False,body_contacts.jsonl,
1160,9.666666666666666,base_link,BODY,False,False,False,body_contacts.jsonl,
1161,9.675,base_link,BODY,False,False,False,body_contacts.jsonl,
1162,9.683333333333334,base_link,BODY,False,False,False,body_contacts.jsonl,
1163,9.691666666666666,base_link,BODY,False,False,False,body_contacts.jsonl,
1164,9.7,base_link,BODY,False,False,False,body_contacts.jsonl,
1165,9.708333333333334,base_link,BODY,False,False,False,body_contacts.jsonl,
1166,9.716666666666667,base_link,BODY,False,False,False,body_contacts.jsonl,
1167,9.725,base_link,BODY,False,False,False,body_contacts.jsonl,
1168,9.733333333333333,base_link,BODY,False,False,False,body_contacts.jsonl,
1169,9.741666666666667,base_link,BODY,False,False,False,body_contacts.jsonl,
1170,9.75,base_link,BODY,False,False,False,body_contacts.jsonl,
1171,9.758333333333333,base_link,BODY,False,False,False,body_contacts.jsonl,
1172,9.766666666666666,base_link,BODY,False,False,False,body_contacts.jsonl,
1173,9.775,base_link,BODY,False,False,False,body_contacts.jsonl,
1174,9.783333333333333,base_link,BODY,False,False,False,body_contacts.jsonl,
1175,9.791666666666666,base_link,BODY,False,False,False,body_contacts.jsonl,
1176,9.8,base_link,BODY,False,False,False,body_contacts.jsonl,
1177,9.808333333333334,base_link,BODY,False,False,False,body_contacts.jsonl,
1178,9.816666666666666,base_link,BODY,False,False,False,body_contacts.jsonl,
1179,9.825,base_link,BODY,False,False,False,body_contacts.jsonl,
1180,9.833333333333334,base_link,BODY,False,False,False,body_contacts.jsonl,
1181,9.841666666666667,base_link,BODY,False,False,False,body_contacts.jsonl,
1182,9.85,base_link,BODY,False,False,False,body_contacts.jsonl,
1183,9.858333333333333,base_link,BODY,False,False,False,body_contacts.jsonl,
1184,9.866666666666667,base_link,BODY,False,False,False,body_contacts.jsonl,
1185,9.875,base_link,BODY,False,False,False,body_contacts.jsonl,
1186,9.883333333333333,base_link,BODY,False,False,False,body_contacts.jsonl,
1187,9.891666666666666,base_link,BODY,False,False,False,body_contacts.jsonl,
1188,9.9,base_link,BODY,False,False,False,body_contacts.jsonl,
1189,9.908333333333333,base_link,BODY,False,False,False,body_contacts.jsonl,
1190,9.916666666666666,base_link,BODY,False,False,False,body_contacts.jsonl,
1191,9.925,base_link,BODY,False,False,False,body_contacts.jsonl,
1192,9.933333333333334,base_link,BODY,False,False,False,body_contacts.jsonl,
1193,9.941666666666666,base_link,BODY,False,False,False,body_contacts.jsonl,
1194,9.95,base_link,BODY,False,False,False,body_contacts.jsonl,
1195,9.958333333333334,base_link,BODY,False,False,False,body_contacts.jsonl,
1196,9.966666666666667,base_link,BODY,False,False,False,body_contacts.jsonl,
1197,9.975,base_link,BODY,False,False,False,body_contacts.jsonl,
1198,9.983333333333333,base_link,BODY,False,False,False,body_contacts.jsonl,
1199,9.991666666666667,base_link,BODY,False,False,False,body_contacts.jsonl,
1200,10.0,base_link,BODY,False,False,False,body_contacts.jsonl,
1201,10.008333333333333,base_link,BODY,False,False,False,body_contacts.jsonl,
1202,10.016666666666666,base_link,BODY,False,False,False,body_contacts.jsonl,
1203,10.025,base_link,BODY,False,False,False,body_contacts.jsonl,
1204,10.033333333333333,base_link,BODY,False,False,False,body_contacts.jsonl,
1205,10.041666666666666,base_link,BODY,False,False,False,body_contacts.jsonl,
1206,10.05,base_link,BODY,False,False,False,body_contacts.jsonl,
1207,10.058333333333334,base_link,BODY,False,False,False,body_contacts.jsonl,
1208,10.066666666666666,base_link,BODY,False,False,False,body_contacts.jsonl,
1209,10.075,base_link,BODY,False,False,False,body_contacts.jsonl,
1210,10.083333333333334,base_link,BODY,False,False,False,body_contacts.jsonl,
1211,10.091666666666667,base_link,BODY,False,False,False,body_contacts.jsonl,
1212,10.1,base_link,BODY,False,False,False,body_contacts.jsonl,
1213,10.108333333333333,base_link,BODY,False,False,False,body_contacts.jsonl,
1214,10.116666666666667,base_link,BODY,False,False,False,body_contacts.jsonl,
1215,10.125,base_link,BODY,False,False,False,body_contacts.jsonl,
1216,10.133333333333333,base_link,BODY,False,False,False,body_contacts.jsonl,
1217,10.141666666666666,base_link,BODY,False,False,False,body_contacts.jsonl,
1218,10.15,base_link,BODY,False,False,False,body_contacts.jsonl,
1219,10.158333333333333,base_link,BODY,False,False,False,body_contacts.jsonl,
1220,10.166666666666666,base_link,BODY,False,False,False,body_contacts.jsonl,
1221,10.175,base_link,BODY,False,False,False,body_contacts.jsonl,
1222,10.183333333333334,base_link,BODY,False,False,False,body_contacts.jsonl,
1223,10.191666666666666,base_link,BODY,False,False,False,body_contacts.jsonl,
1224,10.2,base_link,BODY,False,False,False,body_contacts.jsonl,
1225,10.208333333333334,base_link,BODY,False,False,False,body_contacts.jsonl,
1226,10.216666666666667,base_link,BODY,False,False,False,body_contacts.jsonl,
1227,10.225,base_link,BODY,False,False,False,body_contacts.jsonl,
1228,10.233333333333333,base_link,BODY,False,False,False,body_contacts.jsonl,
1229,10.241666666666667,base_link,BODY,False,False,False,body_contacts.jsonl,
1230,10.25,base_link,BODY,False,False,False,body_contacts.jsonl,
1231,10.258333333333333,base_link,BODY,False,False,False,body_contacts.jsonl,
1232,10.266666666666666,base_link,BODY,False,False,False,body_contacts.jsonl,
1233,10.275,base_link,BODY,False,False,False,body_contacts.jsonl,
1234,10.283333333333333,base_link,BODY,False,False,False,body_contacts.jsonl,
1235,10.291666666666666,base_link,BODY,False,False,False,body_contacts.jsonl,
1236,10.3,base_link,BODY,False,False,False,body_contacts.jsonl,
1237,10.308333333333334,base_link,BODY,False,False,False,body_contacts.jsonl,
1238,10.316666666666666,base_link,BODY,False,False,False,body_contacts.jsonl,
1239,10.325,base_link,BODY,False,False,False,body_contacts.jsonl,
1240,10.333333333333334,base_link,BODY,False,False,False,body_contacts.jsonl,
1241,10.341666666666667,base_link,BODY,False,False,False,body_contacts.jsonl,
1242,10.35,base_link,BODY,False,False,False,body_contacts.jsonl,
1243,10.358333333333333,base_link,BODY,False,False,False,body_contacts.jsonl,
1244,10.366666666666667,base_link,BODY,False,False,False,body_contacts.jsonl,
1245,10.375,base_link,BODY,False,False,False,body_contacts.jsonl,
1246,10.383333333333333,base_link,BODY,False,False,False,body_contacts.jsonl,
1247,10.391666666666666,base_link,BODY,False,False,False,body_contacts.jsonl,
1248,10.4,base_link,BODY,False,False,False,body_contacts.jsonl,
1249,10.408333333333333,base_link,BODY,False,False,False,body_contacts.jsonl,
1250,10.416666666666666,base_link,BODY,False,False,False,body_contacts.jsonl,
1251,10.425,base_link,BODY,False,False,False,body_contacts.jsonl,
1252,10.433333333333334,base_link,BODY,False,False,False,body_contacts.jsonl,
1253,10.441666666666666,base_link,BODY,False,False,False,body_contacts.jsonl,
1254,10.45,base_link,BODY,False,False,False,body_contacts.jsonl,
1255,10.458333333333334,base_link,BODY,False,False,False,body_contacts.jsonl,
1256,10.466666666666667,base_link,BODY,False,False,False,body_contacts.jsonl,
1257,10.475,base_link,BODY,False,False,False,body_contacts.jsonl,
1258,10.483333333333333,base_link,BODY,False,False,False,body_contacts.jsonl,
1259,10.491666666666667,base_link,BODY,False,False,False,body_contacts.jsonl,
1260,10.5,base_link,BODY,False,False,False,body_contacts.jsonl,
1261,10.508333333333333,base_link,BODY,False,False,False,body_contacts.jsonl,
1262,10.516666666666666,base_link,BODY,False,False,False,body_contacts.jsonl,
1263,10.525,base_link,BODY,False,False,False,body_contacts.jsonl,
1264,10.533333333333333,base_link,BODY,False,False,False,body_contacts.jsonl,
1265,10.541666666666666,base_link,BODY,False,False,False,body_contacts.jsonl,
1266,10.55,base_link,BODY,False,False,False,body_contacts.jsonl,
1267,10.558333333333334,base_link,BODY,False,False,False,body_contacts.jsonl,
1268,10.566666666666666,base_link,BODY,False,False,False,body_contacts.jsonl,
1269,10.575,base_link,BODY,False,False,False,body_contacts.jsonl,
1270,10.583333333333334,base_link,BODY,False,False,False,body_contacts.jsonl,
1271,10.591666666666667,base_link,BODY,False,False,False,body_contacts.jsonl,
1272,10.6,base_link,BODY,False,False,False,body_contacts.jsonl,
1273,10.608333333333333,base_link,BODY,False,False,False,body_contacts.jsonl,
1274,10.616666666666667,base_link,BODY,False,False,False,body_contacts.jsonl,
1275,10.625,base_link,BODY,False,False,False,body_contacts.jsonl,
1276,10.633333333333333,base_link,BODY,False,False,False,body_contacts.jsonl,
1277,10.641666666666666,base_link,BODY,False,False,False,body_contacts.jsonl,
1278,10.65,base_link,BODY,False,False,False,body_contacts.jsonl,
1279,10.658333333333333,base_link,BODY,False,False,False,body_contacts.jsonl,
1280,10.666666666666666,base_link,BODY,False,False,False,body_contacts.jsonl,
1281,10.675,base_link,BODY,False,False,False,body_contacts.jsonl,
1282,10.683333333333334,base_link,BODY,False,False,False,body_contacts.jsonl,
1283,10.691666666666666,base_link,BODY,False,False,False,body_contacts.jsonl,
1284,10.7,base_link,BODY,False,False,False,body_contacts.jsonl,
1285,10.708333333333334,base_link,BODY,False,False,False,body_contacts.jsonl,
1286,10.716666666666667,base_link,BODY,False,False,False,body_contacts.jsonl,
1287,10.725,base_link,BODY,False,False,False,body_contacts.jsonl,
1288,10.733333333333333,base_link,BODY,False,False,False,body_contacts.jsonl,
1289,10.741666666666667,base_link,BODY,False,False,False,body_contacts.jsonl,
1290,10.75,base_link,BODY,False,False,False,body_contacts.jsonl,
1291,10.758333333333333,base_link,BODY,False,False,False,body_contacts.jsonl,
1292,10.766666666666666,base_link,BODY,False,False,False,body_contacts.jsonl,
1293,10.775,base_link,BODY,False,False,False,body_contacts.jsonl,
1294,10.783333333333333,base_link,BODY,False,False,False,body_contacts.jsonl,
1295,10.791666666666666,base_link,BODY,False,False,False,body_contacts.jsonl,
1296,10.8,base_link,BODY,False,False,False,body_contacts.jsonl,
1297,10.808333333333334,base_link,BODY,False,False,False,body_contacts.jsonl,
1298,10.816666666666666,base_link,BODY,False,False,False,body_contacts.jsonl,
1299,10.825,base_link,BODY,False,False,False,body_contacts.jsonl,
1300,10.833333333333334,base_link,BODY,False,False,False,body_contacts.jsonl,
1301,10.841666666666667,base_link,BODY,False,False,False,body_contacts.jsonl,
1302,10.85,base_link,BODY,False,False,False,body_contacts.jsonl,
1303,10.858333333333333,base_link,BODY,False,False,False,body_contacts.jsonl,
1304,10.866666666666667,base_link,BODY,False,False,False,body_contacts.jsonl,
1305,10.875,base_link,BODY,False,False,False,body_contacts.jsonl,
1306,10.883333333333333,base_link,BODY,False,False,False,body_contacts.jsonl,
1307,10.891666666666666,base_link,BODY,False,False,False,body_contacts.jsonl,
1308,10.9,base_link,BODY,False,False,False,body_contacts.jsonl,
1309,10.908333333333333,base_link,BODY,False,False,False,body_contacts.jsonl,
1310,10.916666666666666,base_link,BODY,False,False,False,body_contacts.jsonl,
1311,10.925,base_link,BODY,False,False,False,body_contacts.jsonl,
1312,10.933333333333334,base_link,BODY,False,False,False,body_contacts.jsonl,
1313,10.941666666666666,base_link,BODY,False,False,False,body_contacts.jsonl,
1314,10.95,base_link,BODY,False,False,False,body_contacts.jsonl,
1315,10.958333333333334,base_link,BODY,False,False,False,body_contacts.jsonl,
1316,10.966666666666667,base_link,BODY,False,False,False,body_contacts.jsonl,
1317,10.975,base_link,BODY,False,False,False,body_contacts.jsonl,
1318,10.983333333333333,base_link,BODY,False,False,False,body_contacts.jsonl,
1319,10.991666666666667,base_link,BODY,False,False,False,body_contacts.jsonl,
1320,11.0,base_link,BODY,False,False,False,body_contacts.jsonl,
1321,11.008333333333333,base_link,BODY,False,False,False,body_contacts.jsonl,
1322,11.016666666666666,base_link,BODY,False,False,False,body_contacts.jsonl,
1323,11.025,base_link,BODY,False,False,False,body_contacts.jsonl,
1324,11.033333333333333,base_link,BODY,False,False,False,body_contacts.jsonl,
1325,11.041666666666666,base_link,BODY,False,False,False,body_contacts.jsonl,
1326,11.05,base_link,BODY,False,False,False,body_contacts.jsonl,
1327,11.058333333333334,base_link,BODY,False,False,False,body_contacts.jsonl,
1328,11.066666666666666,base_link,BODY,False,False,False,body_contacts.jsonl,
1329,11.075,base_link,BODY,False,False,False,body_contacts.jsonl,
1330,11.083333333333334,base_link,BODY,False,False,False,body_contacts.jsonl,
1331,11.091666666666667,base_link,BODY,False,False,False,body_contacts.jsonl,
1332,11.1,base_link,BODY,False,False,False,body_contacts.jsonl,
1333,11.108333333333333,base_link,BODY,False,False,False,body_contacts.jsonl,
1334,11.116666666666667,base_link,BODY,False,False,False,body_contacts.jsonl,
1335,11.125,base_link,BODY,False,False,False,body_contacts.jsonl,
1336,11.133333333333333,base_link,BODY,False,False,False,body_contacts.jsonl,
1337,11.141666666666666,base_link,BODY,False,False,False,body_contacts.jsonl,
1338,11.15,base_link,BODY,False,False,False,body_contacts.jsonl,
1339,11.158333333333333,base_link,BODY,False,False,False,body_contacts.jsonl,
1340,11.166666666666666,base_link,BODY,False,False,False,body_contacts.jsonl,
1341,11.175,base_link,BODY,False,False,False,body_contacts.jsonl,
1342,11.183333333333334,base_link,BODY,False,False,False,body_contacts.jsonl,
1343,11.191666666666666,base_link,BODY,False,False,False,body_contacts.jsonl,
1344,11.2,base_link,BODY,False,False,False,body_contacts.jsonl,
1345,11.208333333333334,base_link,BODY,False,False,False,body_contacts.jsonl,
1346,11.216666666666667,base_link,BODY,False,False,False,body_contacts.jsonl,
1347,11.225,base_link,BODY,False,False,False,body_contacts.jsonl,
1348,11.233333333333333,base_link,BODY,False,False,False,body_contacts.jsonl,
1349,11.241666666666667,base_link,BODY,False,False,False,body_contacts.jsonl,
1350,11.25,base_link,BODY,False,False,False,body_contacts.jsonl,
1351,11.258333333333333,base_link,BODY,False,False,False,body_contacts.jsonl,
1352,11.266666666666666,base_link,BODY,False,False,False,body_contacts.jsonl,
1353,11.275,base_link,BODY,False,False,False,body_contacts.jsonl,
1354,11.283333333333333,base_link,BODY,False,False,False,body_contacts.jsonl,
1355,11.291666666666666,base_link,BODY,False,False,False,body_contacts.jsonl,
1356,11.3,base_link,BODY,False,False,False,body_contacts.jsonl,
1357,11.308333333333334,base_link,BODY,False,False,False,body_contacts.jsonl,
1358,11.316666666666666,base_link,BODY,False,False,False,body_contacts.jsonl,
1359,11.325,base_link,BODY,False,False,False,body_contacts.jsonl,
1360,11.333333333333334,base_link,BODY,False,False,False,body_contacts.jsonl,
1361,11.341666666666667,base_link,BODY,False,False,False,body_contacts.jsonl,
1362,11.35,base_link,BODY,False,False,False,body_contacts.jsonl,
1363,11.358333333333333,base_link,BODY,False,False,False,body_contacts.jsonl,
1364,11.366666666666667,base_link,BODY,False,False,False,body_contacts.jsonl,
1365,11.375,base_link,BODY,False,False,False,body_contacts.jsonl,
1366,11.383333333333333,base_link,BODY,False,False,False,body_contacts.jsonl,
1367,11.391666666666666,base_link,BODY,False,False,False,body_contacts.jsonl,
1368,11.4,base_link,BODY,False,False,False,body_contacts.jsonl,
1369,11.408333333333333,base_link,BODY,False,False,False,body_contacts.jsonl,
1370,11.416666666666666,base_link,BODY,False,False,False,body_contacts.jsonl,
1371,11.425,base_link,BODY,False,False,False,body_contacts.jsonl,
1372,11.433333333333334,base_link,BODY,False,False,False,body_contacts.jsonl,
1373,11.441666666666666,base_link,BODY,False,False,False,body_contacts.jsonl,
1374,11.45,base_link,BODY,False,False,False,body_contacts.jsonl,
1375,11.458333333333334,base_link,BODY,False,False,False,body_contacts.jsonl,
1376,11.466666666666667,base_link,BODY,False,False,False,body_contacts.jsonl,
1377,11.475,base_link,BODY,False,False,False,body_contacts.jsonl,
1378,11.483333333333333,base_link,BODY,False,False,False,body_contacts.jsonl,
1379,11.491666666666667,base_link,BODY,False,False,False,body_contacts.jsonl,
1380,11.5,base_link,BODY,False,False,False,body_contacts.jsonl,
1381,11.508333333333333,base_link,BODY,False,False,False,body_contacts.jsonl,
1382,11.516666666666666,base_link,BODY,False,False,False,body_contacts.jsonl,
1383,11.525,base_link,BODY,False,False,False,body_contacts.jsonl,
1384,11.533333333333333,base_link,BODY,False,False,False,body_contacts.jsonl,
1385,11.541666666666666,base_link,BODY,False,False,False,body_contacts.jsonl,
1386,11.55,base_link,BODY,False,False,False,body_contacts.jsonl,
1387,11.558333333333334,base_link,BODY,False,False,False,body_contacts.jsonl,
1388,11.566666666666666,base_link,BODY,False,False,False,body_contacts.jsonl,
1389,11.575,base_link,BODY,False,False,False,body_contacts.jsonl,
1390,11.583333333333334,base_link,BODY,False,False,False,body_contacts.jsonl,
1391,11.591666666666667,base_link,BODY,False,False,False,body_contacts.jsonl,
1392,11.6,base_link,BODY,False,False,False,body_contacts.jsonl,
1393,11.608333333333333,base_link,BODY,False,False,False,body_contacts.jsonl,
1394,11.616666666666667,base_link,BODY,False,False,False,body_contacts.jsonl,
1395,11.625,base_link,BODY,False,False,False,body_contacts.jsonl,
1396,11.633333333333333,base_link,BODY,False,False,False,body_contacts.jsonl,
1397,11.641666666666666,base_link,BODY,False,False,False,body_contacts.jsonl,
1398,11.65,base_link,BODY,False,False,False,body_contacts.jsonl,
1399,11.658333333333333,base_link,BODY,False,False,False,body_contacts.jsonl,
1400,11.666666666666666,base_link,BODY,False,False,False,body_contacts.jsonl,
1401,11.675,base_link,BODY,False,False,False,body_contacts.jsonl,
1402,11.683333333333334,base_link,BODY,False,False,False,body_contacts.jsonl,
1403,11.691666666666666,base_link,BODY,False,False,False,body_contacts.jsonl,
1404,11.7,base_link,BODY,False,False,False,body_contacts.jsonl,
1405,11.708333333333334,base_link,BODY,False,False,False,body_contacts.jsonl,
1406,11.716666666666667,base_link,BODY,False,False,False,body_contacts.jsonl,
1407,11.725,base_link,BODY,False,False,False,body_contacts.jsonl,
1408,11.733333333333333,base_link,BODY,False,False,False,body_contacts.jsonl,
1409,11.741666666666667,base_link,BODY,False,False,False,body_contacts.jsonl,
1410,11.75,base_link,BODY,False,False,False,body_contacts.jsonl,
1411,11.758333333333333,base_link,BODY,False,False,False,body_contacts.jsonl,
1412,11.766666666666666,base_link,BODY,False,False,False,body_contacts.jsonl,
1413,11.775,base_link,BODY,False,False,False,body_contacts.jsonl,
1414,11.783333333333333,base_link,BODY,False,False,False,body_contacts.jsonl,
1415,11.791666666666666,base_link,BODY,False,False,False,body_contacts.jsonl,
1416,11.8,base_link,BODY,False,False,False,body_contacts.jsonl,
1417,11.808333333333334,base_link,BODY,False,False,False,body_contacts.jsonl,
1418,11.816666666666666,base_link,BODY,False,False,False,body_contacts.jsonl,
1419,11.825,base_link,BODY,False,False,False,body_contacts.jsonl,
1420,11.833333333333334,base_link,BODY,False,False,False,body_contacts.jsonl,
1421,11.841666666666667,base_link,BODY,False,False,False,body_contacts.jsonl,
1422,11.85,base_link,BODY,False,False,False,body_contacts.jsonl,
1423,11.858333333333333,base_link,BODY,False,False,False,body_contacts.jsonl,
1424,11.866666666666667,base_link,BODY,False,False,False,body_contacts.jsonl,
1425,11.875,base_link,BODY,False,False,False,body_contacts.jsonl,
1426,11.883333333333333,base_link,BODY,False,False,False,body_contacts.jsonl,
1427,11.891666666666666,base_link,BODY,False,False,False,body_contacts.jsonl,
1428,11.9,base_link,BODY,False,False,False,body_contacts.jsonl,
1429,11.908333333333333,base_link,BODY,False,False,False,body_contacts.jsonl,
1430,11.916666666666666,base_link,BODY,False,False,False,body_contacts.jsonl,
1431,11.925,base_link,BODY,False,False,False,body_contacts.jsonl,
1432,11.933333333333334,base_link,BODY,False,False,False,body_contacts.jsonl,
1433,11.941666666666666,base_link,BODY,False,False,False,body_contacts.jsonl,
1434,11.95,base_link,BODY,False,False,False,body_contacts.jsonl,
1435,11.958333333333334,base_link,BODY,False,False,False,body_contacts.jsonl,
1436,11.966666666666667,base_link,BODY,False,False,False,body_contacts.jsonl,
1437,11.975,base_link,BODY,False,False,False,body_contacts.jsonl,
1438,11.983333333333333,base_link,BODY,False,False,False,body_contacts.jsonl,
1439,11.991666666666667,base_link,BODY,False,False,False,body_contacts.jsonl,
1440,12.0,base_link,BODY,False,False,False,body_contacts.jsonl,
1441,12.008333333333333,base_link,BODY,False,False,False,body_contacts.jsonl,
1442,12.016666666666666,base_link,BODY,False,False,False,body_contacts.jsonl,
1443,12.025,base_link,BODY,False,False,False,body_contacts.jsonl,
1444,12.033333333333333,base_link,BODY,False,False,False,body_contacts.jsonl,
1445,12.041666666666666,base_link,BODY,False,False,False,body_contacts.jsonl,
1446,12.05,base_link,BODY,False,False,False,body_contacts.jsonl,
1447,12.058333333333334,base_link,BODY,False,False,False,body_contacts.jsonl,
1448,12.066666666666666,base_link,BODY,False,False,False,body_contacts.jsonl,
1449,12.075,base_link,BODY,False,False,False,body_contacts.jsonl,
1450,12.083333333333334,base_link,BODY,False,False,False,body_contacts.jsonl,
1451,12.091666666666667,base_link,BODY,False,False,False,body_contacts.jsonl,
1452,12.1,base_link,BODY,False,False,False,body_contacts.jsonl,
1453,12.108333333333333,base_link,BODY,False,False,False,body_contacts.jsonl,
1454,12.116666666666667,base_link,BODY,False,False,False,body_contacts.jsonl,
1455,12.125,base_link,BODY,False,False,False,body_contacts.jsonl,
1456,12.133333333333333,base_link,BODY,False,False,False,body_contacts.jsonl,
1457,12.141666666666666,base_link,BODY,False,False,False,body_contacts.jsonl,
1458,12.15,base_link,BODY,False,False,False,body_contacts.jsonl,
1459,12.158333333333333,base_link,BODY,False,False,False,body_contacts.jsonl,
1460,12.166666666666666,base_link,BODY,False,False,False,body_contacts.jsonl,
1461,12.175,base_link,BODY,False,False,False,body_contacts.jsonl,
1462,12.183333333333334,base_link,BODY,False,False,False,body_contacts.jsonl,
1463,12.191666666666666,base_link,BODY,False,False,False,body_contacts.jsonl,
1464,12.2,base_link,BODY,False,False,False,body_contacts.jsonl,
1465,12.208333333333334,base_link,BODY,False,False,False,body_contacts.jsonl,
1466,12.216666666666667,base_link,BODY,False,False,False,body_contacts.jsonl,
1467,12.225,base_link,BODY,False,False,False,body_contacts.jsonl,
1468,12.233333333333333,base_link,BODY,False,False,False,body_contacts.jsonl,
1469,12.241666666666667,base_link,BODY,False,False,False,body_contacts.jsonl,
1470,12.25,base_link,BODY,False,False,False,body_contacts.jsonl,
1471,12.258333333333333,base_link,BODY,False,False,False,body_contacts.jsonl,
1472,12.266666666666666,base_link,BODY,False,False,False,body_contacts.jsonl,
1473,12.275,base_link,BODY,False,False,False,body_contacts.jsonl,
1474,12.283333333333333,base_link,BODY,False,False,False,body_contacts.jsonl,
1475,12.291666666666666,base_link,BODY,False,False,False,body_contacts.jsonl,
1476,12.3,base_link,BODY,False,False,False,body_contacts.jsonl,
1477,12.308333333333334,base_link,BODY,False,False,False,body_contacts.jsonl,
1478,12.316666666666666,base_link,BODY,False,False,False,body_contacts.jsonl,
1479,12.325,base_link,BODY,False,False,False,body_contacts.jsonl,
1480,12.333333333333334,base_link,BODY,False,False,False,body_contacts.jsonl,
1481,12.341666666666667,base_link,BODY,False,False,False,body_contacts.jsonl,
1482,12.35,base_link,BODY,False,False,False,body_contacts.jsonl,
1483,12.358333333333333,base_link,BODY,False,False,False,body_contacts.jsonl,
1484,12.366666666666667,base_link,BODY,False,False,False,body_contacts.jsonl,
1485,12.375,base_link,BODY,False,False,False,body_contacts.jsonl,
1486,12.383333333333333,base_link,BODY,False,False,False,body_contacts.jsonl,
1487,12.391666666666666,base_link,BODY,False,False,False,body_contacts.jsonl,
1488,12.4,base_link,BODY,False,False,False,body_contacts.jsonl,
1489,12.408333333333333,base_link,BODY,False,False,False,body_contacts.jsonl,
1490,12.416666666666666,base_link,BODY,False,False,False,body_contacts.jsonl,
1491,12.425,base_link,BODY,False,False,False,body_contacts.jsonl,
1492,12.433333333333334,base_link,BODY,False,False,False,body_contacts.jsonl,
1493,12.441666666666666,base_link,BODY,False,False,False,body_contacts.jsonl,
1494,12.45,base_link,BODY,False,False,False,body_contacts.jsonl,
1495,12.458333333333334,base_link,BODY,False,False,False,body_contacts.jsonl,
1496,12.466666666666667,base_link,BODY,False,False,False,body_contacts.jsonl,
1497,12.475,base_link,BODY,False,False,False,body_contacts.jsonl,
1498,12.483333333333333,base_link,BODY,False,False,False,body_contacts.jsonl,
1499,12.491666666666667,base_link,BODY,False,False,False,body_contacts.jsonl,
1500,12.5,base_link,BODY,False,False,False,body_contacts.jsonl,
1501,12.508333333333333,base_link,BODY,False,False,False,body_contacts.jsonl,
1502,12.516666666666666,base_link,BODY,False,False,False,body_contacts.jsonl,
1503,12.525,base_link,BODY,False,False,False,body_contacts.jsonl,
1504,12.533333333333333,base_link,BODY,False,False,False,body_contacts.jsonl,
1505,12.541666666666666,base_link,BODY,False,False,False,body_contacts.jsonl,
1506,12.55,base_link,BODY,False,False,False,body_contacts.jsonl,
1507,12.558333333333334,base_link,BODY,False,False,False,body_contacts.jsonl,
1508,12.566666666666666,base_link,BODY,False,False,False,body_contacts.jsonl,
1509,12.575,base_link,BODY,False,False,False,body_contacts.jsonl,
1510,12.583333333333334,base_link,BODY,False,False,False,body_contacts.jsonl,
1511,12.591666666666667,base_link,BODY,False,False,False,body_contacts.jsonl,
1512,12.6,base_link,BODY,False,False,False,body_contacts.jsonl,
1513,12.608333333333333,base_link,BODY,False,False,False,body_contacts.jsonl,
1514,12.616666666666667,base_link,BODY,False,False,False,body_contacts.jsonl,
1515,12.625,base_link,BODY,False,False,False,body_contacts.jsonl,
1516,12.633333333333333,base_link,BODY,False,False,False,body_contacts.jsonl,
1517,12.641666666666666,base_link,BODY,False,False,False,body_contacts.jsonl,
1518,12.65,base_link,BODY,False,False,False,body_contacts.jsonl,
1519,12.658333333333333,base_link,BODY,False,False,False,body_contacts.jsonl,
1520,12.666666666666666,base_link,BODY,False,False,False,body_contacts.jsonl,
1521,12.675,base_link,BODY,False,False,False,body_contacts.jsonl,
1522,12.683333333333334,base_link,BODY,False,False,False,body_contacts.jsonl,
1523,12.691666666666666,base_link,BODY,False,False,False,body_contacts.jsonl,
1524,12.7,base_link,BODY,False,False,False,body_contacts.jsonl,
1525,12.708333333333334,base_link,BODY,False,False,False,body_contacts.jsonl,
1526,12.716666666666667,base_link,BODY,False,False,False,body_contacts.jsonl,
1527,12.725,base_link,BODY,False,False,False,body_contacts.jsonl,
1528,12.733333333333333,base_link,BODY,False,False,False,body_contacts.jsonl,
1529,12.741666666666667,base_link,BODY,False,False,False,body_contacts.jsonl,
1530,12.75,base_link,BODY,False,False,False,body_contacts.jsonl,
1531,12.758333333333333,base_link,BODY,False,False,False,body_contacts.jsonl,
1532,12.766666666666666,base_link,BODY,False,False,False,body_contacts.jsonl,
1533,12.775,base_link,BODY,False,False,False,body_contacts.jsonl,
1534,12.783333333333333,base_link,BODY,False,False,False,body_contacts.jsonl,
1535,12.791666666666666,base_link,BODY,False,False,False,body_contacts.jsonl,
1536,12.8,base_link,BODY,False,False,False,body_contacts.jsonl,
1537,12.808333333333334,base_link,BODY,False,False,False,body_contacts.jsonl,
1538,12.816666666666666,base_link,BODY,False,False,False,body_contacts.jsonl,
1539,12.825,base_link,BODY,False,False,False,body_contacts.jsonl,
1540,12.833333333333334,base_link,BODY,False,False,False,body_contacts.jsonl,
1541,12.841666666666667,base_link,BODY,False,False,False,body_contacts.jsonl,
1542,12.85,base_link,BODY,False,False,False,body_contacts.jsonl,
1543,12.858333333333333,base_link,BODY,False,False,False,body_contacts.jsonl,
1544,12.866666666666667,base_link,BODY,False,False,False,body_contacts.jsonl,
1545,12.875,base_link,BODY,False,False,False,body_contacts.jsonl,
1546,12.883333333333333,base_link,BODY,False,False,False,body_contacts.jsonl,
1547,12.891666666666666,base_link,BODY,False,False,False,body_contacts.jsonl,
1548,12.9,base_link,BODY,False,False,False,body_contacts.jsonl,
1549,12.908333333333333,base_link,BODY,False,False,False,body_contacts.jsonl,
1550,12.916666666666666,base_link,BODY,False,False,False,body_contacts.jsonl,
1551,12.924999999999999,base_link,BODY,False,False,False,body_contacts.jsonl,
1552,12.933333333333334,base_link,BODY,False,False,False,body_contacts.jsonl,
1553,12.941666666666666,base_link,BODY,False,False,False,body_contacts.jsonl,
1554,12.95,base_link,BODY,False,False,False,body_contacts.jsonl,
1555,12.958333333333334,base_link,BODY,False,False,False,body_contacts.jsonl,
1556,12.966666666666667,base_link,BODY,False,False,False,body_contacts.jsonl,
1557,12.975,base_link,BODY,False,False,False,body_contacts.jsonl,
1558,12.983333333333333,base_link,BODY,False,False,False,body_contacts.jsonl,
1559,12.991666666666667,base_link,BODY,False,False,False,body_contacts.jsonl,
1560,13.0,base_link,BODY,False,False,False,body_contacts.jsonl,
1561,13.008333333333333,base_link,BODY,False,False,False,body_contacts.jsonl,
1562,13.016666666666666,base_link,BODY,False,False,False,body_contacts.jsonl,
1563,13.025,base_link,BODY,False,False,False,body_contacts.jsonl,
1564,13.033333333333333,base_link,BODY,False,False,False,body_contacts.jsonl,
1565,13.041666666666666,base_link,BODY,False,False,False,body_contacts.jsonl,
1566,13.049999999999999,base_link,BODY,False,False,False,body_contacts.jsonl,
1567,13.058333333333334,base_link,BODY,False,False,False,body_contacts.jsonl,
1568,13.066666666666666,base_link,BODY,False,False,False,body_contacts.jsonl,
1569,13.075,base_link,BODY,False,False,False,body_contacts.jsonl,
1570,13.083333333333334,base_link,BODY,False,False,False,body_contacts.jsonl,
1571,13.091666666666667,base_link,BODY,False,False,False,body_contacts.jsonl,
1572,13.1,base_link,BODY,False,False,False,body_contacts.jsonl,
1573,13.108333333333333,base_link,BODY,False,False,False,body_contacts.jsonl,
1574,13.116666666666667,base_link,BODY,False,False,False,body_contacts.jsonl,
1575,13.125,base_link,BODY,False,False,False,body_contacts.jsonl,
1576,13.133333333333333,base_link,BODY,False,False,False,body_contacts.jsonl,
1577,13.141666666666666,base_link,BODY,False,False,False,body_contacts.jsonl,
1578,13.15,base_link,BODY,False,False,False,body_contacts.jsonl,
1579,13.158333333333333,base_link,BODY,False,False,False,body_contacts.jsonl,
1580,13.166666666666666,base_link,BODY,False,False,False,body_contacts.jsonl,
1581,13.174999999999999,base_link,BODY,False,False,False,body_contacts.jsonl,
1582,13.183333333333334,base_link,BODY,False,False,False,body_contacts.jsonl,
1583,13.191666666666666,base_link,BODY,False,False,False,body_contacts.jsonl,
1584,13.2,base_link,BODY,False,False,False,body_contacts.jsonl,
1585,13.208333333333334,base_link,BODY,False,False,False,body_contacts.jsonl,
1586,13.216666666666667,base_link,BODY,False,False,False,body_contacts.jsonl,
1587,13.225,base_link,BODY,False,False,False,body_contacts.jsonl,
1588,13.233333333333333,base_link,BODY,False,False,False,body_contacts.jsonl,
1589,13.241666666666667,base_link,BODY,False,False,False,body_contacts.jsonl,
1590,13.25,base_link,BODY,False,False,False,body_contacts.jsonl,
1591,13.258333333333333,base_link,BODY,False,False,False,body_contacts.jsonl,
1592,13.266666666666666,base_link,BODY,False,False,False,body_contacts.jsonl,
1593,13.275,base_link,BODY,False,False,False,body_contacts.jsonl,
1594,13.283333333333333,base_link,BODY,False,False,False,body_contacts.jsonl,
1595,13.291666666666666,base_link,BODY,False,False,False,body_contacts.jsonl,
1596,13.299999999999999,base_link,BODY,False,False,False,body_contacts.jsonl,
1597,13.308333333333334,base_link,BODY,False,False,False,body_contacts.jsonl,
1598,13.316666666666666,base_link,BODY,False,False,False,body_contacts.jsonl,
1599,13.325,base_link,BODY,False,False,False,body_contacts.jsonl,
1600,13.333333333333334,base_link,BODY,False,False,False,body_contacts.jsonl,
1601,13.341666666666667,base_link,BODY,False,False,False,body_contacts.jsonl,
1602,13.35,base_link,BODY,False,False,False,body_contacts.jsonl,
1603,13.358333333333333,base_link,BODY,False,False,False,body_contacts.jsonl,
1604,13.366666666666667,base_link,BODY,False,False,False,body_contacts.jsonl,
1605,13.375,base_link,BODY,False,False,False,body_contacts.jsonl,
1606,13.383333333333333,base_link,BODY,False,False,False,body_contacts.jsonl,
1607,13.391666666666666,base_link,BODY,False,False,False,body_contacts.jsonl,
1608,13.4,base_link,BODY,False,False,False,body_contacts.jsonl,
1609,13.408333333333333,base_link,BODY,False,False,False,body_contacts.jsonl,
1610,13.416666666666666,base_link,BODY,False,False,False,body_contacts.jsonl,
1611,13.424999999999999,base_link,BODY,False,False,False,body_contacts.jsonl,
1612,13.433333333333334,base_link,BODY,False,False,False,body_contacts.jsonl,
1613,13.441666666666666,base_link,BODY,False,False,False,body_contacts.jsonl,
1614,13.45,base_link,BODY,False,False,False,body_contacts.jsonl,
1615,13.458333333333334,base_link,BODY,False,False,False,body_contacts.jsonl,
1616,13.466666666666667,base_link,BODY,False,False,False,body_contacts.jsonl,
1617,13.475,base_link,BODY,False,False,False,body_contacts.jsonl,
1618,13.483333333333333,base_link,BODY,False,False,False,body_contacts.jsonl,
1619,13.491666666666667,base_link,BODY,False,False,False,body_contacts.jsonl,
1620,13.5,base_link,BODY,False,False,False,body_contacts.jsonl,
1621,13.508333333333333,base_link,BODY,False,False,False,body_contacts.jsonl,
1622,13.516666666666666,base_link,BODY,False,False,False,body_contacts.jsonl,
1623,13.525,base_link,BODY,False,False,False,body_contacts.jsonl,
1624,13.533333333333333,base_link,BODY,False,False,False,body_contacts.jsonl,
1625,13.541666666666666,base_link,BODY,False,False,False,body_contacts.jsonl,
1626,13.549999999999999,base_link,BODY,False,False,False,body_contacts.jsonl,
1627,13.558333333333334,base_link,BODY,False,False,False,body_contacts.jsonl,
1628,13.566666666666666,base_link,BODY,False,False,False,body_contacts.jsonl,
1629,13.575,base_link,BODY,False,False,False,body_contacts.jsonl,
1630,13.583333333333334,base_link,BODY,False,False,False,body_contacts.jsonl,
1631,13.591666666666667,base_link,BODY,False,False,False,body_contacts.jsonl,
1632,13.6,base_link,BODY,False,False,False,body_contacts.jsonl,
1633,13.608333333333333,base_link,BODY,False,False,False,body_contacts.jsonl,
1634,13.616666666666667,base_link,BODY,False,False,False,body_contacts.jsonl,
1635,13.625,base_link,BODY,False,False,False,body_contacts.jsonl,
1636,13.633333333333333,base_link,BODY,False,False,False,body_contacts.jsonl,
1637,13.641666666666666,base_link,BODY,False,False,False,body_contacts.jsonl,
1638,13.65,base_link,BODY,False,False,False,body_contacts.jsonl,
1639,13.658333333333333,base_link,BODY,False,False,False,body_contacts.jsonl,
1640,13.666666666666666,base_link,BODY,False,False,False,body_contacts.jsonl,
1641,13.674999999999999,base_link,BODY,False,False,False,body_contacts.jsonl,
1642,13.683333333333334,base_link,BODY,False,False,False,body_contacts.jsonl,
1643,13.691666666666666,base_link,BODY,False,False,False,body_contacts.jsonl,
1644,13.7,base_link,BODY,False,False,False,body_contacts.jsonl,
1645,13.708333333333334,base_link,BODY,False,False,False,body_contacts.jsonl,
1646,13.716666666666667,base_link,BODY,False,False,False,body_contacts.jsonl,
1647,13.725,base_link,BODY,False,False,False,body_contacts.jsonl,
1648,13.733333333333333,base_link,BODY,False,False,False,body_contacts.jsonl,
1649,13.741666666666667,base_link,BODY,False,False,False,body_contacts.jsonl,
1650,13.75,base_link,BODY,False,False,False,body_contacts.jsonl,
1651,13.758333333333333,base_link,BODY,False,False,False,body_contacts.jsonl,
1652,13.766666666666666,base_link,BODY,False,False,False,body_contacts.jsonl,
1653,13.775,base_link,BODY,False,False,False,body_contacts.jsonl,
1654,13.783333333333333,base_link,BODY,False,False,False,body_contacts.jsonl,
1655,13.791666666666666,base_link,BODY,False,False,False,body_contacts.jsonl,
1656,13.799999999999999,base_link,BODY,False,False,False,body_contacts.jsonl,
1657,13.808333333333334,base_link,BODY,False,False,False,body_contacts.jsonl,
1658,13.816666666666666,base_link,BODY,False,False,False,body_contacts.jsonl,
1659,13.825,base_link,BODY,False,False,False,body_contacts.jsonl,
1660,13.833333333333334,base_link,BODY,False,False,False,body_contacts.jsonl,
1661,13.841666666666667,base_link,BODY,False,False,False,body_contacts.jsonl,
1662,13.85,base_link,BODY,False,False,False,body_contacts.jsonl,
1663,13.858333333333333,base_link,BODY,False,False,False,body_contacts.jsonl,
1664,13.866666666666667,base_link,BODY,False,False,False,body_contacts.jsonl,
1665,13.875,base_link,BODY,False,False,False,body_contacts.jsonl,
1666,13.883333333333333,base_link,BODY,False,False,False,body_contacts.jsonl,
1667,13.891666666666666,base_link,BODY,False,False,False,body_contacts.jsonl,
1668,13.9,base_link,BODY,False,False,False,body_contacts.jsonl,
1669,13.908333333333333,base_link,BODY,False,False,False,body_contacts.jsonl,
1670,13.916666666666666,base_link,BODY,False,False,False,body_contacts.jsonl,
1671,13.924999999999999,base_link,BODY,False,False,False,body_contacts.jsonl,
1672,13.933333333333334,base_link,BODY,False,False,False,body_contacts.jsonl,
1673,13.941666666666666,base_link,BODY,False,False,False,body_contacts.jsonl,
1674,13.95,base_link,BODY,False,False,False,body_contacts.jsonl,
1675,13.958333333333334,base_link,BODY,False,False,False,body_contacts.jsonl,
1676,13.966666666666667,base_link,BODY,False,False,False,body_contacts.jsonl,
1677,13.975,base_link,BODY,False,False,False,body_contacts.jsonl,
1678,13.983333333333333,base_link,BODY,False,False,False,body_contacts.jsonl,
1679,13.991666666666667,base_link,BODY,False,False,False,body_contacts.jsonl,
1680,14.0,base_link,BODY,False,False,False,body_contacts.jsonl,
1681,14.008333333333333,base_link,BODY,False,False,False,body_contacts.jsonl,
1682,14.016666666666666,base_link,BODY,False,False,False,body_contacts.jsonl,
1683,14.025,base_link,BODY,False,False,False,body_contacts.jsonl,
1684,14.033333333333333,base_link,BODY,False,False,False,body_contacts.jsonl,
1685,14.041666666666666,base_link,BODY,False,False,False,body_contacts.jsonl,
1686,14.049999999999999,base_link,BODY,False,False,False,body_contacts.jsonl,
1687,14.058333333333334,base_link,BODY,False,False,False,body_contacts.jsonl,
1688,14.066666666666666,base_link,BODY,False,False,False,body_contacts.jsonl,
1689,14.075,base_link,BODY,False,False,False,body_contacts.jsonl,
1690,14.083333333333334,base_link,BODY,False,False,False,body_contacts.jsonl,
1691,14.091666666666667,base_link,BODY,False,False,False,body_contacts.jsonl,
1692,14.1,base_link,BODY,False,False,False,body_contacts.jsonl,
1693,14.108333333333333,base_link,BODY,False,False,False,body_contacts.jsonl,
1694,14.116666666666667,base_link,BODY,False,False,False,body_contacts.jsonl,
1695,14.125,base_link,BODY,False,False,False,body_contacts.jsonl,
1696,14.133333333333333,base_link,BODY,False,False,False,body_contacts.jsonl,
1697,14.141666666666666,base_link,BODY,False,False,False,body_contacts.jsonl,
1698,14.15,base_link,BODY,False,False,False,body_contacts.jsonl,
1699,14.158333333333333,base_link,BODY,False,False,False,body_contacts.jsonl,
1700,14.166666666666666,base_link,BODY,False,False,False,body_contacts.jsonl,
1701,14.174999999999999,base_link,BODY,False,False,False,body_contacts.jsonl,
1702,14.183333333333334,base_link,BODY,False,False,False,body_contacts.jsonl,
1703,14.191666666666666,base_link,BODY,False,False,False,body_contacts.jsonl,
1704,14.2,base_link,BODY,False,False,False,body_contacts.jsonl,
1705,14.208333333333334,base_link,BODY,False,False,False,body_contacts.jsonl,
1706,14.216666666666667,base_link,BODY,False,False,False,body_contacts.jsonl,
1707,14.225,base_link,BODY,False,False,False,body_contacts.jsonl,
1708,14.233333333333333,base_link,BODY,False,False,False,body_contacts.jsonl,
1709,14.241666666666667,base_link,BODY,False,False,False,body_contacts.jsonl,
1710,14.25,base_link,BODY,False,False,False,body_contacts.jsonl,
1711,14.258333333333333,base_link,BODY,False,False,False,body_contacts.jsonl,
1712,14.266666666666666,base_link,BODY,False,False,False,body_contacts.jsonl,
1713,14.275,base_link,BODY,False,False,False,body_contacts.jsonl,
1714,14.283333333333333,base_link,BODY,False,False,False,body_contacts.jsonl,
1715,14.291666666666666,base_link,BODY,False,False,False,body_contacts.jsonl,
1716,14.299999999999999,base_link,BODY,False,False,False,body_contacts.jsonl,
1717,14.308333333333334,base_link,BODY,False,False,False,body_contacts.jsonl,
1718,14.316666666666666,base_link,BODY,False,False,False,body_contacts.jsonl,
1719,14.325,base_link,BODY,False,False,False,body_contacts.jsonl,
1720,14.333333333333334,base_link,BODY,False,False,False,body_contacts.jsonl,
1721,14.341666666666667,base_link,BODY,False,False,False,body_contacts.jsonl,
1722,14.35,base_link,BODY,False,False,False,body_contacts.jsonl,
1723,14.358333333333333,base_link,BODY,False,False,False,body_contacts.jsonl,
1724,14.366666666666667,base_link,BODY,False,False,False,body_contacts.jsonl,
1725,14.375,base_link,BODY,False,False,False,body_contacts.jsonl,
1726,14.383333333333333,base_link,BODY,False,False,False,body_contacts.jsonl,
1727,14.391666666666666,base_link,BODY,False,False,False,body_contacts.jsonl,
1728,14.4,base_link,BODY,False,False,False,body_contacts.jsonl,
1729,14.408333333333333,base_link,BODY,False,False,False,body_contacts.jsonl,
1730,14.416666666666666,base_link,BODY,False,False,False,body_contacts.jsonl,
1731,14.424999999999999,base_link,BODY,False,False,False,body_contacts.jsonl,
1732,14.433333333333334,base_link,BODY,False,False,False,body_contacts.jsonl,
1733,14.441666666666666,base_link,BODY,False,False,False,body_contacts.jsonl,
1734,14.45,base_link,BODY,False,False,False,body_contacts.jsonl,
1735,14.458333333333334,base_link,BODY,False,False,False,body_contacts.jsonl,
1736,14.466666666666667,base_link,BODY,False,False,False,body_contacts.jsonl,
1737,14.475,base_link,BODY,False,False,False,body_contacts.jsonl,
1738,14.483333333333333,base_link,BODY,False,False,False,body_contacts.jsonl,
1739,14.491666666666667,base_link,BODY,False,False,False,body_contacts.jsonl,
1740,14.5,base_link,BODY,False,False,False,body_contacts.jsonl,
1741,14.508333333333333,base_link,BODY,False,False,False,body_contacts.jsonl,
1742,14.516666666666666,base_link,BODY,False,False,False,body_contacts.jsonl,
1743,14.525,base_link,BODY,False,False,False,body_contacts.jsonl,
1744,14.533333333333333,base_link,BODY,False,False,False,body_contacts.jsonl,
1745,14.541666666666666,base_link,BODY,False,False,False,body_contacts.jsonl,
1746,14.549999999999999,base_link,BODY,False,False,False,body_contacts.jsonl,
1747,14.558333333333334,base_link,BODY,False,False,False,body_contacts.jsonl,
1748,14.566666666666666,base_link,BODY,False,False,False,body_contacts.jsonl,
1749,14.575,base_link,BODY,False,False,False,body_contacts.jsonl,
1750,14.583333333333334,base_link,BODY,False,False,False,body_contacts.jsonl,
1751,14.591666666666667,base_link,BODY,False,False,False,body_contacts.jsonl,
1752,14.6,base_link,BODY,False,False,False,body_contacts.jsonl,
1753,14.608333333333333,base_link,BODY,False,False,False,body_contacts.jsonl,
1754,14.616666666666667,base_link,BODY,False,False,False,body_contacts.jsonl,
1755,14.625,base_link,BODY,False,False,False,body_contacts.jsonl,
1756,14.633333333333333,base_link,BODY,False,False,False,body_contacts.jsonl,
1757,14.641666666666666,base_link,BODY,False,False,False,body_contacts.jsonl,
1758,14.65,base_link,BODY,False,False,False,body_contacts.jsonl,
1759,14.658333333333333,base_link,BODY,False,False,False,body_contacts.jsonl,
1760,14.666666666666666,base_link,BODY,False,False,False,body_contacts.jsonl,
1761,14.674999999999999,base_link,BODY,False,False,False,body_contacts.jsonl,
1762,14.683333333333334,base_link,BODY,False,False,False,body_contacts.jsonl,
1763,14.691666666666666,base_link,BODY,False,False,False,body_contacts.jsonl,
1764,14.7,base_link,BODY,False,False,False,body_contacts.jsonl,
1765,14.708333333333334,base_link,BODY,False,False,False,body_contacts.jsonl,
1766,14.716666666666667,base_link,BODY,False,False,False,body_contacts.jsonl,
1767,14.725,base_link,BODY,False,False,False,body_contacts.jsonl,
1768,14.733333333333333,base_link,BODY,False,False,False,body_contacts.jsonl,
1769,14.741666666666667,base_link,BODY,False,False,False,body_contacts.jsonl,
1770,14.75,base_link,BODY,False,False,False,body_contacts.jsonl,
1771,14.758333333333333,base_link,BODY,False,False,False,body_contacts.jsonl,
1772,14.766666666666666,base_link,BODY,False,False,False,body_contacts.jsonl,
1773,14.775,base_link,BODY,False,False,False,body_contacts.jsonl,
1774,14.783333333333333,base_link,BODY,False,False,False,body_contacts.jsonl,
1775,14.791666666666666,base_link,BODY,False,False,False,body_contacts.jsonl,
1776,14.799999999999999,base_link,BODY,False,False,False,body_contacts.jsonl,
1777,14.808333333333334,base_link,BODY,False,False,False,body_contacts.jsonl,
1778,14.816666666666666,base_link,BODY,False,False,False,body_contacts.jsonl,
1779,14.825,base_link,BODY,False,False,False,body_contacts.jsonl,
1780,14.833333333333334,base_link,BODY,False,False,False,body_contacts.jsonl,
1781,14.841666666666667,base_link,BODY,False,False,False,body_contacts.jsonl,
1782,14.85,base_link,BODY,False,False,False,body_contacts.jsonl,
1783,14.858333333333333,base_link,BODY,False,False,False,body_contacts.jsonl,
1784,14.866666666666667,base_link,BODY,False,False,False,body_contacts.jsonl,
1785,14.875,base_link,BODY,False,False,False,body_contacts.jsonl,
1786,14.883333333333333,base_link,BODY,False,False,False,body_contacts.jsonl,
1787,14.891666666666666,base_link,BODY,False,False,False,body_contacts.jsonl,
1788,14.9,base_link,BODY,False,False,False,body_contacts.jsonl,
1789,14.908333333333333,base_link,BODY,False,False,False,body_contacts.jsonl,
1790,14.916666666666666,base_link,BODY,False,False,False,body_contacts.jsonl,
1791,14.924999999999999,base_link,BODY,False,False,False,body_contacts.jsonl,
1792,14.933333333333334,base_link,BODY,False,False,False,body_contacts.jsonl,
1793,14.941666666666666,base_link,BODY,False,False,False,body_contacts.jsonl,
1794,14.95,base_link,BODY,False,False,False,body_contacts.jsonl,
1795,14.958333333333334,base_link,BODY,False,False,False,body_contacts.jsonl,
1796,14.966666666666667,base_link,BODY,False,False,False,body_contacts.jsonl,
1797,14.975,base_link,BODY,False,False,False,body_contacts.jsonl,
1798,14.983333333333333,base_link,BODY,False,False,False,body_contacts.jsonl,
1799,14.991666666666667,base_link,BODY,False,False,False,body_contacts.jsonl,
1800,15.0,base_link,BODY,False,False,False,body_contacts.jsonl,
1801,15.008333333333333,base_link,BODY,False,False,False,body_contacts.jsonl,
1802,15.016666666666666,base_link,BODY,False,False,False,body_contacts.jsonl,
1803,15.025,base_link,BODY,False,False,False,body_contacts.jsonl,
1804,15.033333333333333,base_link,BODY,False,False,False,body_contacts.jsonl,
1805,15.041666666666666,base_link,BODY,False,False,False,body_contacts.jsonl,
1806,15.049999999999999,base_link,BODY,False,False,False,body_contacts.jsonl,
1807,15.058333333333334,base_link,BODY,False,False,False,body_contacts.jsonl,
1808,15.066666666666666,base_link,BODY,False,False,False,body_contacts.jsonl,
1809,15.075,base_link,BODY,False,False,False,body_contacts.jsonl,
1810,15.083333333333334,base_link,BODY,False,False,False,body_contacts.jsonl,
1811,15.091666666666667,base_link,BODY,False,False,False,body_contacts.jsonl,
1812,15.1,base_link,BODY,False,False,False,body_contacts.jsonl,
1813,15.108333333333333,base_link,BODY,False,False,False,body_contacts.jsonl,
1814,15.116666666666667,base_link,BODY,False,False,False,body_contacts.jsonl,
1815,15.125,base_link,BODY,False,False,False,body_contacts.jsonl,
1816,15.133333333333333,base_link,BODY,False,False,False,body_contacts.jsonl,
1817,15.141666666666666,base_link,BODY,False,False,False,body_contacts.jsonl,
1818,15.15,base_link,BODY,False,False,False,body_contacts.jsonl,
1819,15.158333333333333,base_link,BODY,False,False,False,body_contacts.jsonl,
1820,15.166666666666666,base_link,BODY,False,False,False,body_contacts.jsonl,
1821,15.174999999999999,base_link,BODY,False,False,False,body_contacts.jsonl,
1822,15.183333333333334,base_link,BODY,False,False,False,body_contacts.jsonl,
1823,15.191666666666666,base_link,BODY,False,False,False,body_contacts.jsonl,
1824,15.2,base_link,BODY,False,False,False,body_contacts.jsonl,
1825,15.208333333333334,base_link,BODY,False,False,False,body_contacts.jsonl,
1826,15.216666666666667,base_link,BODY,False,False,False,body_contacts.jsonl,
1827,15.225,base_link,BODY,False,False,False,body_contacts.jsonl,
1828,15.233333333333333,base_link,BODY,False,False,False,body_contacts.jsonl,
1829,15.241666666666667,base_link,BODY,False,False,False,body_contacts.jsonl,
1830,15.25,base_link,BODY,False,False,False,body_contacts.jsonl,
1831,15.258333333333333,base_link,BODY,False,False,False,body_contacts.jsonl,
1832,15.266666666666666,base_link,BODY,False,False,False,body_contacts.jsonl,
1833,15.275,base_link,BODY,False,False,False,body_contacts.jsonl,
1834,15.283333333333333,base_link,BODY,False,False,False,body_contacts.jsonl,
1835,15.291666666666666,base_link,BODY,False,False,False,body_contacts.jsonl,
1836,15.299999999999999,base_link,BODY,False,False,False,body_contacts.jsonl,
1837,15.308333333333334,base_link,BODY,False,False,False,body_contacts.jsonl,
1838,15.316666666666666,base_link,BODY,False,False,False,body_contacts.jsonl,
1839,15.325,base_link,BODY,False,False,False,body_contacts.jsonl,
1840,15.333333333333334,base_link,BODY,False,False,False,body_contacts.jsonl,
1841,15.341666666666667,base_link,BODY,False,False,False,body_contacts.jsonl,
1842,15.35,base_link,BODY,False,False,False,body_contacts.jsonl,
1843,15.358333333333333,base_link,BODY,False,False,False,body_contacts.jsonl,
1844,15.366666666666667,base_link,BODY,False,False,False,body_contacts.jsonl,
1845,15.375,base_link,BODY,False,False,False,body_contacts.jsonl,
1846,15.383333333333333,base_link,BODY,False,False,False,body_contacts.jsonl,
1847,15.391666666666666,base_link,BODY,False,False,False,body_contacts.jsonl,
1848,15.4,base_link,BODY,False,False,False,body_contacts.jsonl,
1849,15.408333333333333,base_link,BODY,False,False,False,body_contacts.jsonl,
1850,15.416666666666666,base_link,BODY,False,False,False,body_contacts.jsonl,
1851,15.424999999999999,base_link,BODY,False,False,False,body_contacts.jsonl,
1852,15.433333333333334,base_link,BODY,False,False,False,body_contacts.jsonl,
1853,15.441666666666666,base_link,BODY,False,False,False,body_contacts.jsonl,
1854,15.45,base_link,BODY,False,False,False,body_contacts.jsonl,
1855,15.458333333333334,base_link,BODY,False,False,False,body_contacts.jsonl,
1856,15.466666666666667,base_link,BODY,False,False,False,body_contacts.jsonl,
1857,15.475,base_link,BODY,False,False,False,body_contacts.jsonl,
1858,15.483333333333333,base_link,BODY,False,False,False,body_contacts.jsonl,
1859,15.491666666666667,base_link,BODY,False,False,False,body_contacts.jsonl,
1860,15.5,base_link,BODY,False,False,False,body_contacts.jsonl,
1861,15.508333333333333,base_link,BODY,False,False,False,body_contacts.jsonl,
1862,15.516666666666666,base_link,BODY,False,False,False,body_contacts.jsonl,
1863,15.525,base_link,BODY,False,False,False,body_contacts.jsonl,
1864,15.533333333333333,base_link,BODY,False,False,False,body_contacts.jsonl,
1865,15.541666666666666,base_link,BODY,False,False,False,body_contacts.jsonl,
1866,15.549999999999999,base_link,BODY,False,False,False,body_contacts.jsonl,
1867,15.558333333333334,base_link,BODY,False,False,False,body_contacts.jsonl,
1868,15.566666666666666,base_link,BODY,False,False,False,body_contacts.jsonl,
1869,15.575,base_link,BODY,False,False,False,body_contacts.jsonl,
1870,15.583333333333334,base_link,BODY,False,False,False,body_contacts.jsonl,
1871,15.591666666666667,base_link,BODY,False,False,False,body_contacts.jsonl,
1872,15.6,base_link,BODY,False,False,False,body_contacts.jsonl,
1873,15.608333333333333,base_link,BODY,False,False,False,body_contacts.jsonl,
1874,15.616666666666667,base_link,BODY,False,False,False,body_contacts.jsonl,
1875,15.625,base_link,BODY,False,False,False,body_contacts.jsonl,
1876,15.633333333333333,base_link,BODY,False,False,False,body_contacts.jsonl,
1877,15.641666666666666,base_link,BODY,False,False,False,body_contacts.jsonl,
1878,15.65,base_link,BODY,False,False,False,body_contacts.jsonl,
1879,15.658333333333333,base_link,BODY,False,False,False,body_contacts.jsonl,
1880,15.666666666666666,base_link,BODY,False,False,False,body_contacts.jsonl,
1881,15.674999999999999,base_link,BODY,False,False,False,body_contacts.jsonl,
1882,15.683333333333334,base_link,BODY,False,False,False,body_contacts.jsonl,
1883,15.691666666666666,base_link,BODY,False,False,False,body_contacts.jsonl,
1884,15.7,base_link,BODY,False,False,False,body_contacts.jsonl,
1885,15.708333333333334,base_link,BODY,False,False,False,body_contacts.jsonl,
1886,15.716666666666667,base_link,BODY,False,False,False,body_contacts.jsonl,
1887,15.725,base_link,BODY,False,False,False,body_contacts.jsonl,
1888,15.733333333333333,base_link,BODY,False,False,False,body_contacts.jsonl,
1889,15.741666666666667,base_link,BODY,False,False,False,body_contacts.jsonl,
1890,15.75,base_link,BODY,False,False,False,body_contacts.jsonl,
1891,15.758333333333333,base_link,BODY,False,False,False,body_contacts.jsonl,
1892,15.766666666666666,base_link,BODY,False,False,False,body_contacts.jsonl,
1893,15.775,base_link,BODY,False,False,False,body_contacts.jsonl,
1894,15.783333333333333,base_link,BODY,False,False,False,body_contacts.jsonl,
1895,15.791666666666666,base_link,BODY,False,False,False,body_contacts.jsonl,
1896,15.799999999999999,base_link,BODY,False,False,False,body_contacts.jsonl,
1897,15.808333333333334,base_link,BODY,False,False,False,body_contacts.jsonl,
1898,15.816666666666666,base_link,BODY,False,False,False,body_contacts.jsonl,
1899,15.825,base_link,BODY,False,False,False,body_contacts.jsonl,
1900,15.833333333333334,base_link,BODY,False,False,False,body_contacts.jsonl,
1901,15.841666666666667,base_link,BODY,False,False,False,body_contacts.jsonl,
1902,15.85,base_link,BODY,False,False,False,body_contacts.jsonl,
1903,15.858333333333333,base_link,BODY,False,False,False,body_contacts.jsonl,
1904,15.866666666666667,base_link,BODY,False,False,False,body_contacts.jsonl,
1905,15.875,base_link,BODY,False,False,False,body_contacts.jsonl,
1906,15.883333333333333,base_link,BODY,False,False,False,body_contacts.jsonl,
1907,15.891666666666666,base_link,BODY,False,False,False,body_contacts.jsonl,
1908,15.9,base_link,BODY,False,False,False,body_contacts.jsonl,
1909,15.908333333333333,base_link,BODY,False,False,False,body_contacts.jsonl,
1910,15.916666666666666,base_link,BODY,False,False,False,body_contacts.jsonl,
1911,15.924999999999999,base_link,BODY,False,False,False,body_contacts.jsonl,
1912,15.933333333333334,base_link,BODY,False,False,False,body_contacts.jsonl,
1913,15.941666666666666,base_link,BODY,False,False,False,body_contacts.jsonl,
1914,15.95,base_link,BODY,False,False,False,body_contacts.jsonl,
1915,15.958333333333334,base_link,BODY,False,False,False,body_contacts.jsonl,
1916,15.966666666666667,base_link,BODY,False,False,False,body_contacts.jsonl,
1917,15.975,base_link,BODY,False,False,False,body_contacts.jsonl,
1918,15.983333333333333,base_link,BODY,False,False,False,body_contacts.jsonl,
1919,15.991666666666667,base_link,BODY,False,False,False,body_contacts.jsonl,
1920,16.0,base_link,BODY,False,False,False,body_contacts.jsonl,
1921,16.008333333333333,base_link,BODY,False,False,False,body_contacts.jsonl,
1922,16.016666666666666,base_link,BODY,False,False,False,body_contacts.jsonl,
1923,16.025,base_link,BODY,False,False,False,body_contacts.jsonl,
1924,16.03333333333333,base_link,BODY,False,False,False,body_contacts.jsonl,
1925,16.041666666666668,base_link,BODY,False,False,False,body_contacts.jsonl,
1926,16.05,base_link,BODY,False,False,False,body_contacts.jsonl,
1927,16.058333333333334,base_link,BODY,False,False,False,body_contacts.jsonl,
1928,16.066666666666666,base_link,BODY,False,False,False,body_contacts.jsonl,
1929,16.075,base_link,BODY,False,False,False,body_contacts.jsonl,
1930,16.083333333333332,base_link,BODY,False,False,False,body_contacts.jsonl,
1931,16.091666666666665,base_link,BODY,False,False,False,body_contacts.jsonl,
1932,16.1,base_link,BODY,False,False,False,body_contacts.jsonl,
1933,16.108333333333334,base_link,BODY,False,False,False,body_contacts.jsonl,
1934,16.116666666666667,base_link,BODY,False,False,False,body_contacts.jsonl,
1935,16.125,base_link,BODY,False,False,False,body_contacts.jsonl,
1936,16.133333333333333,base_link,BODY,False,False,False,body_contacts.jsonl,
1937,16.141666666666666,base_link,BODY,False,False,False,body_contacts.jsonl,
1938,16.15,base_link,BODY,False,False,False,body_contacts.jsonl,
1939,16.15833333333333,base_link,BODY,False,False,False,body_contacts.jsonl,
1940,16.166666666666668,base_link,BODY,False,False,False,body_contacts.jsonl,
1941,16.175,base_link,BODY,False,False,False,body_contacts.jsonl,
1942,16.183333333333334,base_link,BODY,False,False,False,body_contacts.jsonl,
1943,16.191666666666666,base_link,BODY,False,False,False,body_contacts.jsonl,
1944,16.2,base_link,BODY,False,False,False,body_contacts.jsonl,
1945,16.208333333333332,base_link,BODY,False,False,False,body_contacts.jsonl,
1946,16.216666666666665,base_link,BODY,False,False,False,body_contacts.jsonl,
1947,16.225,base_link,BODY,False,False,False,body_contacts.jsonl,
1948,16.233333333333334,base_link,BODY,False,False,False,body_contacts.jsonl,
1949,16.241666666666667,base_link,BODY,False,False,False,body_contacts.jsonl,
1950,16.25,base_link,BODY,False,False,False,body_contacts.jsonl,
1951,16.258333333333333,base_link,BODY,False,False,False,body_contacts.jsonl,
1952,16.266666666666666,base_link,BODY,False,False,False,body_contacts.jsonl,
1953,16.275,base_link,BODY,False,False,False,body_contacts.jsonl,
1954,16.28333333333333,base_link,BODY,False,False,False,body_contacts.jsonl,
1955,16.291666666666668,base_link,BODY,False,False,False,body_contacts.jsonl,
1956,16.3,base_link,BODY,False,False,False,body_contacts.jsonl,
1957,16.308333333333334,base_link,BODY,False,False,False,body_contacts.jsonl,
1958,16.316666666666666,base_link,BODY,False,False,False,body_contacts.jsonl,
1959,16.325,base_link,BODY,False,False,False,body_contacts.jsonl,
1960,16.333333333333332,base_link,BODY,False,False,False,body_contacts.jsonl,
1961,16.341666666666665,base_link,BODY,False,False,False,body_contacts.jsonl,
1962,16.35,base_link,BODY,False,False,False,body_contacts.jsonl,
1963,16.358333333333334,base_link,BODY,False,False,False,body_contacts.jsonl,
1964,16.366666666666667,base_link,BODY,False,False,False,body_contacts.jsonl,
1965,16.375,base_link,BODY,False,False,False,body_contacts.jsonl,
1966,16.383333333333333,base_link,BODY,False,False,False,body_contacts.jsonl,
1967,16.391666666666666,base_link,BODY,False,False,False,body_contacts.jsonl,
1968,16.4,base_link,BODY,False,False,False,body_contacts.jsonl,
1969,16.40833333333333,base_link,BODY,False,False,False,body_contacts.jsonl,
1970,16.416666666666668,base_link,BODY,False,False,False,body_contacts.jsonl,
1971,16.425,base_link,BODY,False,False,False,body_contacts.jsonl,
1972,16.433333333333334,base_link,BODY,False,False,False,body_contacts.jsonl,
1973,16.441666666666666,base_link,BODY,False,False,False,body_contacts.jsonl,
1974,16.45,base_link,BODY,False,False,False,body_contacts.jsonl,
1975,16.458333333333332,base_link,BODY,False,False,False,body_contacts.jsonl,
1976,16.466666666666665,base_link,BODY,False,False,False,body_contacts.jsonl,
1977,16.475,base_link,BODY,False,False,False,body_contacts.jsonl,
1978,16.483333333333334,base_link,BODY,False,False,False,body_contacts.jsonl,
1979,16.491666666666667,base_link,BODY,False,False,False,body_contacts.jsonl,
1980,16.5,base_link,BODY,False,False,False,body_contacts.jsonl,
1981,16.508333333333333,base_link,BODY,False,False,False,body_contacts.jsonl,
1982,16.516666666666666,base_link,BODY,False,False,False,body_contacts.jsonl,
1983,16.525,base_link,BODY,False,False,False,body_contacts.jsonl,
1984,16.53333333333333,base_link,BODY,False,False,False,body_contacts.jsonl,
1985,16.541666666666668,base_link,BODY,False,False,False,body_contacts.jsonl,
1986,16.55,base_link,BODY,False,False,False,body_contacts.jsonl,
1987,16.558333333333334,base_link,BODY,False,False,False,body_contacts.jsonl,
1988,16.566666666666666,base_link,BODY,False,False,False,body_contacts.jsonl,
1989,16.575,base_link,BODY,False,False,False,body_contacts.jsonl,
1990,16.583333333333332,base_link,BODY,False,False,False,body_contacts.jsonl,
1991,16.591666666666665,base_link,BODY,False,False,False,body_contacts.jsonl,
1992,16.6,base_link,BODY,False,False,False,body_contacts.jsonl,
1993,16.608333333333334,base_link,BODY,False,False,False,body_contacts.jsonl,
1994,16.616666666666667,base_link,BODY,False,False,False,body_contacts.jsonl,
1995,16.625,base_link,BODY,False,False,False,body_contacts.jsonl,
1996,16.633333333333333,base_link,BODY,False,False,False,body_contacts.jsonl,
1997,16.641666666666666,base_link,BODY,False,False,False,body_contacts.jsonl,
1998,16.65,base_link,BODY,False,False,False,body_contacts.jsonl,
1999,16.65833333333333,base_link,BODY,False,False,False,body_contacts.jsonl,
2000,16.666666666666668,base_link,BODY,False,False,False,body_contacts.jsonl,
2001,16.675,base_link,BODY,False,False,False,body_contacts.jsonl,
2002,16.683333333333334,base_link,BODY,False,False,False,body_contacts.jsonl,
2003,16.691666666666666,base_link,BODY,False,False,False,body_contacts.jsonl,
2004,16.7,base_link,BODY,False,False,False,body_contacts.jsonl,
2005,16.708333333333332,base_link,BODY,False,False,False,body_contacts.jsonl,
2006,16.716666666666665,base_link,BODY,False,False,False,body_contacts.jsonl,
2007,16.725,base_link,BODY,False,False,False,body_contacts.jsonl,
2008,16.733333333333334,base_link,BODY,False,False,False,body_contacts.jsonl,
2009,16.741666666666667,base_link,BODY,False,False,False,body_contacts.jsonl,
2010,16.75,base_link,BODY,False,False,False,body_contacts.jsonl,
2011,16.758333333333333,base_link,BODY,False,False,False,body_contacts.jsonl,
2012,16.766666666666666,base_link,BODY,False,False,False,body_contacts.jsonl,
2013,16.775,base_link,BODY,False,False,False,body_contacts.jsonl,
2014,16.78333333333333,base_link,BODY,False,False,False,body_contacts.jsonl,
2015,16.791666666666668,base_link,BODY,False,False,False,body_contacts.jsonl,
2016,16.8,base_link,BODY,False,False,False,body_contacts.jsonl,
2017,16.808333333333334,base_link,BODY,False,False,False,body_contacts.jsonl,
2018,16.816666666666666,base_link,BODY,False,False,False,body_contacts.jsonl,
2019,16.825,base_link,BODY,False,False,False,body_contacts.jsonl,
2020,16.833333333333332,base_link,BODY,False,False,False,body_contacts.jsonl,
2021,16.841666666666665,base_link,BODY,False,False,False,body_contacts.jsonl,
2022,16.85,base_link,BODY,False,False,False,body_contacts.jsonl,
2023,16.858333333333334,base_link,BODY,False,False,False,body_contacts.jsonl,
2024,16.866666666666667,base_link,BODY,False,False,False,body_contacts.jsonl,
2025,16.875,base_link,BODY,False,False,False,body_contacts.jsonl,
2026,16.883333333333333,base_link,BODY,False,False,False,body_contacts.jsonl,
2027,16.891666666666666,base_link,BODY,False,False,False,body_contacts.jsonl,
2028,16.9,base_link,BODY,False,False,False,body_contacts.jsonl,
2029,16.90833333333333,base_link,BODY,False,False,False,body_contacts.jsonl,
2030,16.916666666666668,base_link,BODY,False,False,False,body_contacts.jsonl,
2031,16.925,base_link,BODY,False,False,False,body_contacts.jsonl,
2032,16.933333333333334,base_link,BODY,False,False,False,body_contacts.jsonl,
2033,16.941666666666666,base_link,BODY,False,False,False,body_contacts.jsonl,
2034,16.95,base_link,BODY,False,False,False,body_contacts.jsonl,
2035,16.958333333333332,base_link,BODY,False,False,False,body_contacts.jsonl,
2036,16.966666666666665,base_link,BODY,False,False,False,body_contacts.jsonl,
2037,16.975,base_link,BODY,False,False,False,body_contacts.jsonl,
2038,16.983333333333334,base_link,BODY,False,False,False,body_contacts.jsonl,
2039,16.991666666666667,base_link,BODY,False,False,False,body_contacts.jsonl,
2040,17.0,base_link,BODY,False,False,False,body_contacts.jsonl,
2041,17.008333333333333,base_link,BODY,False,False,False,body_contacts.jsonl,
2042,17.016666666666666,base_link,BODY,False,False,False,body_contacts.jsonl,
2043,17.025,base_link,BODY,False,False,False,body_contacts.jsonl,
2044,17.03333333333333,base_link,BODY,False,False,False,body_contacts.jsonl,
2045,17.041666666666668,base_link,BODY,False,False,False,body_contacts.jsonl,
2046,17.05,base_link,BODY,False,False,False,body_contacts.jsonl,
2047,17.058333333333334,base_link,BODY,False,False,False,body_contacts.jsonl,
2048,17.066666666666666,base_link,BODY,False,False,False,body_contacts.jsonl,
2049,17.075,base_link,BODY,False,False,False,body_contacts.jsonl,
2050,17.083333333333332,base_link,BODY,False,False,False,body_contacts.jsonl,
2051,17.091666666666665,base_link,BODY,False,False,False,body_contacts.jsonl,
2052,17.1,base_link,BODY,False,False,False,body_contacts.jsonl,
2053,17.108333333333334,base_link,BODY,False,False,False,body_contacts.jsonl,
2054,17.116666666666667,base_link,BODY,False,False,False,body_contacts.jsonl,
2055,17.125,base_link,BODY,False,False,False,body_contacts.jsonl,
2056,17.133333333333333,base_link,BODY,False,False,False,body_contacts.jsonl,
2057,17.141666666666666,base_link,BODY,False,False,False,body_contacts.jsonl,
2058,17.15,base_link,BODY,False,False,False,body_contacts.jsonl,
2059,17.15833333333333,base_link,BODY,False,False,False,body_contacts.jsonl,
2060,17.166666666666668,base_link,BODY,False,False,False,body_contacts.jsonl,
2061,17.175,base_link,BODY,False,False,False,body_contacts.jsonl,
2062,17.183333333333334,base_link,BODY,False,False,False,body_contacts.jsonl,
2063,17.191666666666666,base_link,BODY,False,False,False,body_contacts.jsonl,
2064,17.2,base_link,BODY,False,False,False,body_contacts.jsonl,
2065,17.208333333333332,base_link,BODY,False,False,False,body_contacts.jsonl,
2066,17.216666666666665,base_link,BODY,False,False,False,body_contacts.jsonl,
2067,17.225,base_link,BODY,False,False,False,body_contacts.jsonl,
2068,17.233333333333334,base_link,BODY,False,False,False,body_contacts.jsonl,
2069,17.241666666666667,base_link,BODY,False,False,False,body_contacts.jsonl,
2070,17.25,base_link,BODY,False,False,False,body_contacts.jsonl,
2071,17.258333333333333,base_link,BODY,False,False,False,body_contacts.jsonl,
2072,17.266666666666666,base_link,BODY,False,False,False,body_contacts.jsonl,
2073,17.275,base_link,BODY,False,False,False,body_contacts.jsonl,
2074,17.28333333333333,base_link,BODY,False,False,False,body_contacts.jsonl,
2075,17.291666666666668,base_link,BODY,False,False,False,body_contacts.jsonl,
2076,17.3,base_link,BODY,False,False,False,body_contacts.jsonl,
2077,17.308333333333334,base_link,BODY,False,False,False,body_contacts.jsonl,
2078,17.316666666666666,base_link,BODY,False,False,False,body_contacts.jsonl,
2079,17.325,base_link,BODY,False,False,False,body_contacts.jsonl,
2080,17.333333333333332,base_link,BODY,False,False,False,body_contacts.jsonl,
2081,17.341666666666665,base_link,BODY,False,False,False,body_contacts.jsonl,
2082,17.35,base_link,BODY,False,False,False,body_contacts.jsonl,
2083,17.358333333333334,base_link,BODY,False,False,False,body_contacts.jsonl,
2084,17.366666666666667,base_link,BODY,False,False,False,body_contacts.jsonl,
2085,17.375,base_link,BODY,False,False,False,body_contacts.jsonl,
2086,17.383333333333333,base_link,BODY,False,False,False,body_contacts.jsonl,
2087,17.391666666666666,base_link,BODY,False,False,False,body_contacts.jsonl,
2088,17.4,base_link,BODY,False,False,False,body_contacts.jsonl,
2089,17.40833333333333,base_link,BODY,False,False,False,body_contacts.jsonl,
2090,17.416666666666668,base_link,BODY,False,False,False,body_contacts.jsonl,
2091,17.425,base_link,BODY,False,False,False,body_contacts.jsonl,
2092,17.433333333333334,base_link,BODY,False,False,False,body_contacts.jsonl,
2093,17.441666666666666,base_link,BODY,False,False,False,body_contacts.jsonl,
2094,17.45,base_link,BODY,False,False,False,body_contacts.jsonl,
2095,17.458333333333332,base_link,BODY,False,False,False,body_contacts.jsonl,
2096,17.466666666666665,base_link,BODY,False,False,False,body_contacts.jsonl,
2097,17.475,base_link,BODY,False,False,False,body_contacts.jsonl,
2098,17.483333333333334,base_link,BODY,False,False,False,body_contacts.jsonl,
2099,17.491666666666667,base_link,BODY,False,False,False,body_contacts.jsonl,
2100,17.5,base_link,BODY,False,False,False,body_contacts.jsonl,
2101,17.508333333333333,base_link,BODY,False,False,False,body_contacts.jsonl,
2102,17.516666666666666,base_link,BODY,False,False,False,body_contacts.jsonl,
2103,17.525,base_link,BODY,False,False,False,body_contacts.jsonl,
2104,17.53333333333333,base_link,BODY,False,False,False,body_contacts.jsonl,
2105,17.541666666666668,base_link,BODY,False,False,False,body_contacts.jsonl,
2106,17.55,base_link,BODY,False,False,False,body_contacts.jsonl,
2107,17.558333333333334,base_link,BODY,False,False,False,body_contacts.jsonl,
2108,17.566666666666666,base_link,BODY,False,False,False,body_contacts.jsonl,
2109,17.575,base_link,BODY,False,False,False,body_contacts.jsonl,
2110,17.583333333333332,base_link,BODY,False,False,False,body_contacts.jsonl,
2111,17.591666666666665,base_link,BODY,False,False,False,body_contacts.jsonl,
2112,17.6,base_link,BODY,False,False,False,body_contacts.jsonl,
2113,17.608333333333334,base_link,BODY,False,False,False,body_contacts.jsonl,
2114,17.616666666666667,base_link,BODY,False,False,False,body_contacts.jsonl,
2115,17.625,base_link,BODY,False,False,False,body_contacts.jsonl,
2116,17.633333333333333,base_link,BODY,False,False,False,body_contacts.jsonl,
2117,17.641666666666666,base_link,BODY,False,False,False,body_contacts.jsonl,
2118,17.65,base_link,BODY,False,False,False,body_contacts.jsonl,
2119,17.65833333333333,base_link,BODY,False,False,False,body_contacts.jsonl,
2120,17.666666666666668,base_link,BODY,False,False,False,body_contacts.jsonl,
2121,17.675,base_link,BODY,False,False,False,body_contacts.jsonl,
2122,17.683333333333334,base_link,BODY,False,False,False,body_contacts.jsonl,
2123,17.691666666666666,base_link,BODY,False,False,False,body_contacts.jsonl,
2124,17.7,base_link,BODY,False,False,False,body_contacts.jsonl,
2125,17.708333333333332,base_link,BODY,False,False,False,body_contacts.jsonl,
2126,17.716666666666665,base_link,BODY,False,False,False,body_contacts.jsonl,
2127,17.725,base_link,BODY,False,False,False,body_contacts.jsonl,
2128,17.733333333333334,base_link,BODY,False,False,False,body_contacts.jsonl,
2129,17.741666666666667,base_link,BODY,False,False,False,body_contacts.jsonl,
2130,17.75,base_link,BODY,False,False,False,body_contacts.jsonl,
2131,17.758333333333333,base_link,BODY,False,False,False,body_contacts.jsonl,
2132,17.766666666666666,base_link,BODY,False,False,False,body_contacts.jsonl,
2133,17.775,base_link,BODY,False,False,False,body_contacts.jsonl,
2134,17.78333333333333,base_link,BODY,False,False,False,body_contacts.jsonl,
2135,17.791666666666668,base_link,BODY,False,False,False,body_contacts.jsonl,
2136,17.8,base_link,BODY,False,False,False,body_contacts.jsonl,
2137,17.808333333333334,base_link,BODY,False,False,False,body_contacts.jsonl,
2138,17.816666666666666,base_link,BODY,False,False,False,body_contacts.jsonl,
2139,17.825,base_link,BODY,False,False,False,body_contacts.jsonl,
2140,17.833333333333332,base_link,BODY,False,False,False,body_contacts.jsonl,
2141,17.841666666666665,base_link,BODY,False,False,False,body_contacts.jsonl,
2142,17.85,base_link,BODY,False,False,False,body_contacts.jsonl,
2143,17.858333333333334,base_link,BODY,False,False,False,body_contacts.jsonl,
2144,17.866666666666667,base_link,BODY,False,False,False,body_contacts.jsonl,
2145,17.875,base_link,BODY,False,False,False,body_contacts.jsonl,
2146,17.883333333333333,base_link,BODY,False,False,False,body_contacts.jsonl,
2147,17.891666666666666,base_link,BODY,False,False,False,body_contacts.jsonl,
2148,17.9,base_link,BODY,False,False,False,body_contacts.jsonl,
2149,17.90833333333333,base_link,BODY,False,False,False,body_contacts.jsonl,
2150,17.916666666666668,base_link,BODY,False,False,False,body_contacts.jsonl,
2151,17.925,base_link,BODY,False,False,False,body_contacts.jsonl,
2152,17.933333333333334,base_link,BODY,False,False,False,body_contacts.jsonl,
2153,17.941666666666666,base_link,BODY,False,False,False,body_contacts.jsonl,
2154,17.95,base_link,BODY,False,False,False,body_contacts.jsonl,
2155,17.958333333333332,base_link,BODY,False,False,False,body_contacts.jsonl,
2156,17.966666666666665,base_link,BODY,False,False,False,body_contacts.jsonl,
2157,17.975,base_link,BODY,False,False,False,body_contacts.jsonl,
2158,17.983333333333334,base_link,BODY,False,False,False,body_contacts.jsonl,
2159,17.991666666666667,base_link,BODY,False,False,False,body_contacts.jsonl,
2160,18.0,base_link,BODY,False,False,False,body_contacts.jsonl,
2161,18.008333333333333,base_link,BODY,False,False,False,body_contacts.jsonl,
2162,18.016666666666666,base_link,BODY,False,False,False,body_contacts.jsonl,
2163,18.025,base_link,BODY,False,False,False,body_contacts.jsonl,
2164,18.03333333333333,base_link,BODY,False,False,False,body_contacts.jsonl,
2165,18.041666666666668,base_link,BODY,False,False,False,body_contacts.jsonl,
2166,18.05,base_link,BODY,False,False,False,body_contacts.jsonl,
2167,18.058333333333334,base_link,BODY,False,False,False,body_contacts.jsonl,
2168,18.066666666666666,base_link,BODY,False,False,False,body_contacts.jsonl,
2169,18.075,base_link,BODY,False,False,False,body_contacts.jsonl,
2170,18.083333333333332,base_link,BODY,False,False,False,body_contacts.jsonl,
2171,18.091666666666665,base_link,BODY,False,False,False,body_contacts.jsonl,
2172,18.1,base_link,BODY,False,False,False,body_contacts.jsonl,
2173,18.108333333333334,base_link,BODY,False,False,False,body_contacts.jsonl,
2174,18.116666666666667,base_link,BODY,False,False,False,body_contacts.jsonl,
2175,18.125,base_link,BODY,False,False,False,body_contacts.jsonl,
2176,18.133333333333333,base_link,BODY,False,False,False,body_contacts.jsonl,
2177,18.141666666666666,base_link,BODY,False,False,False,body_contacts.jsonl,
2178,18.15,base_link,BODY,False,False,False,body_contacts.jsonl,
2179,18.15833333333333,base_link,BODY,False,False,False,body_contacts.jsonl,
2180,18.166666666666668,base_link,BODY,False,False,False,body_contacts.jsonl,
2181,18.175,base_link,BODY,False,False,False,body_contacts.jsonl,
2182,18.183333333333334,base_link,BODY,False,False,False,body_contacts.jsonl,
2183,18.191666666666666,base_link,BODY,False,False,False,body_contacts.jsonl,
2184,18.2,base_link,BODY,False,False,False,body_contacts.jsonl,
2185,18.208333333333332,base_link,BODY,False,False,False,body_contacts.jsonl,
2186,18.216666666666665,base_link,BODY,False,False,False,body_contacts.jsonl,
2187,18.225,base_link,BODY,False,False,False,body_contacts.jsonl,
2188,18.233333333333334,base_link,BODY,False,False,False,body_contacts.jsonl,
2189,18.241666666666667,base_link,BODY,False,False,False,body_contacts.jsonl,
2190,18.25,base_link,BODY,False,False,False,body_contacts.jsonl,
2191,18.258333333333333,base_link,BODY,False,False,False,body_contacts.jsonl,
2192,18.266666666666666,base_link,BODY,False,False,False,body_contacts.jsonl,
2193,18.275,base_link,BODY,False,False,False,body_contacts.jsonl,
2194,18.28333333333333,base_link,BODY,False,False,False,body_contacts.jsonl,
2195,18.291666666666668,base_link,BODY,False,False,False,body_contacts.jsonl,
2196,18.3,base_link,BODY,False,False,False,body_contacts.jsonl,
2197,18.308333333333334,base_link,BODY,False,False,False,body_contacts.jsonl,
2198,18.316666666666666,base_link,BODY,False,False,False,body_contacts.jsonl,
2199,18.325,base_link,BODY,False,False,False,body_contacts.jsonl,
2200,18.333333333333332,base_link,BODY,False,False,False,body_contacts.jsonl,
2201,18.341666666666665,base_link,BODY,False,False,False,body_contacts.jsonl,
2202,18.35,base_link,BODY,False,False,False,body_contacts.jsonl,
2203,18.358333333333334,base_link,BODY,False,False,False,body_contacts.jsonl,
2204,18.366666666666667,base_link,BODY,False,False,False,body_contacts.jsonl,
2205,18.375,base_link,BODY,False,False,False,body_contacts.jsonl,
2206,18.383333333333333,base_link,BODY,False,False,False,body_contacts.jsonl,
2207,18.391666666666666,base_link,BODY,False,False,False,body_contacts.jsonl,
2208,18.4,base_link,BODY,False,False,False,body_contacts.jsonl,
2209,18.40833333333333,base_link,BODY,False,False,False,body_contacts.jsonl,
2210,18.416666666666668,base_link,BODY,False,False,False,body_contacts.jsonl,
2211,18.425,base_link,BODY,False,False,False,body_contacts.jsonl,
2212,18.433333333333334,base_link,BODY,False,False,False,body_contacts.jsonl,
2213,18.441666666666666,base_link,BODY,False,False,False,body_contacts.jsonl,
2214,18.45,base_link,BODY,False,False,False,body_contacts.jsonl,
2215,18.458333333333332,base_link,BODY,False,False,False,body_contacts.jsonl,
2216,18.466666666666665,base_link,BODY,False,False,False,body_contacts.jsonl,
2217,18.475,base_link,BODY,False,False,False,body_contacts.jsonl,
2218,18.483333333333334,base_link,BODY,False,False,False,body_contacts.jsonl,
2219,18.491666666666667,base_link,BODY,False,False,False,body_contacts.jsonl,
2220,18.5,base_link,BODY,False,False,False,body_contacts.jsonl,
2221,18.508333333333333,base_link,BODY,False,False,False,body_contacts.jsonl,
2222,18.516666666666666,base_link,BODY,False,False,False,body_contacts.jsonl,
2223,18.525,base_link,BODY,False,False,False,body_contacts.jsonl,
2224,18.53333333333333,base_link,BODY,False,False,False,body_contacts.jsonl,
2225,18.541666666666668,base_link,BODY,False,False,False,body_contacts.jsonl,
2226,18.55,base_link,BODY,False,False,False,body_contacts.jsonl,
2227,18.558333333333334,base_link,BODY,False,False,False,body_contacts.jsonl,
2228,18.566666666666666,base_link,BODY,False,False,False,body_contacts.jsonl,
2229,18.575,base_link,BODY,False,False,False,body_contacts.jsonl,
2230,18.583333333333332,base_link,BODY,False,False,False,body_contacts.jsonl,
2231,18.591666666666665,base_link,BODY,False,False,False,body_contacts.jsonl,
2232,18.6,base_link,BODY,False,False,False,body_contacts.jsonl,
2233,18.608333333333334,base_link,BODY,False,False,False,body_contacts.jsonl,
2234,18.616666666666667,base_link,BODY,False,False,False,body_contacts.jsonl,
2235,18.625,base_link,BODY,False,False,False,body_contacts.jsonl,
2236,18.633333333333333,base_link,BODY,False,False,False,body_contacts.jsonl,
2237,18.641666666666666,base_link,BODY,False,False,False,body_contacts.jsonl,
2238,18.65,base_link,BODY,False,False,False,body_contacts.jsonl,
2239,18.65833333333333,base_link,BODY,False,False,False,body_contacts.jsonl,
2240,18.666666666666668,base_link,BODY,False,False,False,body_contacts.jsonl,
2241,18.675,base_link,BODY,False,False,False,body_contacts.jsonl,
2242,18.683333333333334,base_link,BODY,False,False,False,body_contacts.jsonl,
2243,18.691666666666666,base_link,BODY,False,False,False,body_contacts.jsonl,
2244,18.7,base_link,BODY,False,False,False,body_contacts.jsonl,
2245,18.708333333333332,base_link,BODY,False,False,False,body_contacts.jsonl,
2246,18.716666666666665,base_link,BODY,False,False,False,body_contacts.jsonl,
2247,18.725,base_link,BODY,False,False,False,body_contacts.jsonl,
2248,18.733333333333334,base_link,BODY,False,False,False,body_contacts.jsonl,
2249,18.741666666666667,base_link,BODY,False,False,False,body_contacts.jsonl,
2250,18.75,base_link,BODY,False,False,False,body_contacts.jsonl,
2251,18.758333333333333,base_link,BODY,False,False,False,body_contacts.jsonl,
2252,18.766666666666666,base_link,BODY,False,False,False,body_contacts.jsonl,
2253,18.775,base_link,BODY,False,False,False,body_contacts.jsonl,
2254,18.78333333333333,base_link,BODY,False,False,False,body_contacts.jsonl,
2255,18.791666666666668,base_link,BODY,False,False,False,body_contacts.jsonl,
2256,18.8,base_link,BODY,False,False,False,body_contacts.jsonl,
2257,18.808333333333334,base_link,BODY,False,False,False,body_contacts.jsonl,
2258,18.816666666666666,base_link,BODY,False,False,False,body_contacts.jsonl,
2259,18.825,base_link,BODY,False,False,False,body_contacts.jsonl,
2260,18.833333333333332,base_link,BODY,False,False,False,body_contacts.jsonl,
2261,18.841666666666665,base_link,BODY,False,False,False,body_contacts.jsonl,
2262,18.85,base_link,BODY,False,False,False,body_contacts.jsonl,
2263,18.858333333333334,base_link,BODY,False,False,False,body_contacts.jsonl,
2264,18.866666666666667,base_link,BODY,False,False,False,body_contacts.jsonl,
2265,18.875,base_link,BODY,False,False,False,body_contacts.jsonl,
2266,18.883333333333333,base_link,BODY,False,False,False,body_contacts.jsonl,
2267,18.891666666666666,base_link,BODY,False,False,False,body_contacts.jsonl,
2268,18.9,base_link,BODY,False,False,False,body_contacts.jsonl,
2269,18.90833333333333,base_link,BODY,False,False,False,body_contacts.jsonl,
2270,18.916666666666668,base_link,BODY,False,False,False,body_contacts.jsonl,
2271,18.925,base_link,BODY,False,False,False,body_contacts.jsonl,
2272,18.933333333333334,base_link,BODY,False,False,False,body_contacts.jsonl,
2273,18.941666666666666,base_link,BODY,False,False,False,body_contacts.jsonl,
2274,18.95,base_link,BODY,False,False,False,body_contacts.jsonl,
2275,18.958333333333332,base_link,BODY,False,False,False,body_contacts.jsonl,
2276,18.966666666666665,base_link,BODY,False,False,False,body_contacts.jsonl,
2277,18.975,base_link,BODY,False,False,False,body_contacts.jsonl,
2278,18.983333333333334,base_link,BODY,False,False,False,body_contacts.jsonl,
2279,18.991666666666667,base_link,BODY,False,False,False,body_contacts.jsonl,
2280,19.0,base_link,BODY,False,False,False,body_contacts.jsonl,
2281,19.008333333333333,base_link,BODY,False,False,False,body_contacts.jsonl,
2282,19.016666666666666,base_link,BODY,False,False,False,body_contacts.jsonl,
2283,19.025,base_link,BODY,False,False,False,body_contacts.jsonl,
2284,19.03333333333333,base_link,BODY,False,False,False,body_contacts.jsonl,
2285,19.041666666666668,base_link,BODY,False,False,False,body_contacts.jsonl,
2286,19.05,base_link,BODY,False,False,False,body_contacts.jsonl,
2287,19.058333333333334,base_link,BODY,False,False,False,body_contacts.jsonl,
2288,19.066666666666666,base_link,BODY,False,False,False,body_contacts.jsonl,
2289,19.075,base_link,BODY,False,False,False,body_contacts.jsonl,
2290,19.083333333333332,base_link,BODY,False,False,False,body_contacts.jsonl,
2291,19.091666666666665,base_link,BODY,False,False,False,body_contacts.jsonl,
2292,19.1,base_link,BODY,False,False,False,body_contacts.jsonl,
2293,19.108333333333334,base_link,BODY,False,False,False,body_contacts.jsonl,
2294,19.116666666666667,base_link,BODY,False,False,False,body_contacts.jsonl,
2295,19.125,base_link,BODY,False,False,False,body_contacts.jsonl,
2296,19.133333333333333,base_link,BODY,False,False,False,body_contacts.jsonl,
2297,19.141666666666666,base_link,BODY,False,False,False,body_contacts.jsonl,
2298,19.15,base_link,BODY,False,False,False,body_contacts.jsonl,
2299,19.15833333333333,base_link,BODY,False,False,False,body_contacts.jsonl,
2300,19.166666666666668,base_link,BODY,False,False,False,body_contacts.jsonl,
2301,19.175,base_link,BODY,False,False,False,body_contacts.jsonl,
2302,19.183333333333334,base_link,BODY,False,False,False,body_contacts.jsonl,
2303,19.191666666666666,base_link,BODY,False,False,False,body_contacts.jsonl,
2304,19.2,base_link,BODY,False,False,False,body_contacts.jsonl,
2305,19.208333333333332,base_link,BODY,False,False,False,body_contacts.jsonl,
2306,19.216666666666665,base_link,BODY,False,False,False,body_contacts.jsonl,
2307,19.225,base_link,BODY,False,False,False,body_contacts.jsonl,
2308,19.233333333333334,base_link,BODY,False,False,False,body_contacts.jsonl,
2309,19.241666666666667,base_link,BODY,False,False,False,body_contacts.jsonl,
2310,19.25,base_link,BODY,False,False,False,body_contacts.jsonl,
2311,19.258333333333333,base_link,BODY,False,False,False,body_contacts.jsonl,
2312,19.266666666666666,base_link,BODY,False,False,False,body_contacts.jsonl,
2313,19.275,base_link,BODY,False,False,False,body_contacts.jsonl,
2314,19.28333333333333,base_link,BODY,False,False,False,body_contacts.jsonl,
2315,19.291666666666668,base_link,BODY,False,False,False,body_contacts.jsonl,
2316,19.3,base_link,BODY,False,False,False,body_contacts.jsonl,
2317,19.308333333333334,base_link,BODY,False,False,False,body_contacts.jsonl,
2318,19.316666666666666,base_link,BODY,False,False,False,body_contacts.jsonl,
2319,19.325,base_link,BODY,False,False,False,body_contacts.jsonl,
2320,19.333333333333332,base_link,BODY,False,False,False,body_contacts.jsonl,
2321,19.341666666666665,base_link,BODY,False,False,False,body_contacts.jsonl,
2322,19.35,base_link,BODY,False,False,False,body_contacts.jsonl,
2323,19.358333333333334,base_link,BODY,False,False,False,body_contacts.jsonl,
2324,19.366666666666667,base_link,BODY,False,False,False,body_contacts.jsonl,
2325,19.375,base_link,BODY,False,False,False,body_contacts.jsonl,
2326,19.383333333333333,base_link,BODY,False,False,False,body_contacts.jsonl,
2327,19.391666666666666,base_link,BODY,False,False,False,body_contacts.jsonl,
2328,19.4,base_link,BODY,False,False,False,body_contacts.jsonl,
2329,19.40833333333333,base_link,BODY,False,False,False,body_contacts.jsonl,
2330,19.416666666666668,base_link,BODY,False,False,False,body_contacts.jsonl,
2331,19.425,base_link,BODY,False,False,False,body_contacts.jsonl,
2332,19.433333333333334,base_link,BODY,False,False,False,body_contacts.jsonl,
2333,19.441666666666666,base_link,BODY,False,False,False,body_contacts.jsonl,
2334,19.45,base_link,BODY,False,False,False,body_contacts.jsonl,
2335,19.458333333333332,base_link,BODY,False,False,False,body_contacts.jsonl,
2336,19.466666666666665,base_link,BODY,False,False,False,body_contacts.jsonl,
2337,19.475,base_link,BODY,False,False,False,body_contacts.jsonl,
2338,19.483333333333334,base_link,BODY,False,False,False,body_contacts.jsonl,
2339,19.491666666666667,base_link,BODY,False,False,False,body_contacts.jsonl,
2340,19.5,base_link,BODY,False,False,False,body_contacts.jsonl,
2341,19.508333333333333,base_link,BODY,False,False,False,body_contacts.jsonl,
2342,19.516666666666666,base_link,BODY,False,False,False,body_contacts.jsonl,
2343,19.525,base_link,BODY,False,False,False,body_contacts.jsonl,
2344,19.53333333333333,base_link,BODY,False,False,False,body_contacts.jsonl,
2345,19.541666666666668,base_link,BODY,False,False,False,body_contacts.jsonl,
2346,19.55,base_link,BODY,False,False,False,body_contacts.jsonl,
2347,19.558333333333334,base_link,BODY,False,False,False,body_contacts.jsonl,
2348,19.566666666666666,base_link,BODY,False,False,False,body_contacts.jsonl,
2349,19.575,base_link,BODY,False,False,False,body_contacts.jsonl,
2350,19.583333333333332,base_link,BODY,False,False,False,body_contacts.jsonl,
2351,19.591666666666665,base_link,BODY,False,False,False,body_contacts.jsonl,
2352,19.6,base_link,BODY,False,False,False,body_contacts.jsonl,
2353,19.608333333333334,base_link,BODY,False,False,False,body_contacts.jsonl,
2354,19.616666666666667,base_link,BODY,False,False,False,body_contacts.jsonl,
2355,19.625,base_link,BODY,False,False,False,body_contacts.jsonl,
2356,19.633333333333333,base_link,BODY,False,False,False,body_contacts.jsonl,
2357,19.641666666666666,base_link,BODY,False,False,False,body_contacts.jsonl,
2358,19.65,base_link,BODY,False,False,False,body_contacts.jsonl,
2359,19.65833333333333,base_link,BODY,False,False,False,body_contacts.jsonl,
2360,19.666666666666668,base_link,BODY,False,False,False,body_contacts.jsonl,
2361,19.675,base_link,BODY,False,False,False,body_contacts.jsonl,
2362,19.683333333333334,base_link,BODY,False,False,False,body_contacts.jsonl,
2363,19.691666666666666,base_link,BODY,False,False,False,body_contacts.jsonl,
2364,19.7,base_link,BODY,False,False,False,body_contacts.jsonl,
2365,19.708333333333332,base_link,BODY,False,False,False,body_contacts.jsonl,
2366,19.716666666666665,base_link,BODY,False,False,False,body_contacts.jsonl,
2367,19.725,base_link,BODY,False,False,False,body_contacts.jsonl,
2368,19.733333333333334,base_link,BODY,False,False,False,body_contacts.jsonl,
2369,19.741666666666667,base_link,BODY,False,False,False,body_contacts.jsonl,
2370,19.75,base_link,BODY,False,False,False,body_contacts.jsonl,
2371,19.758333333333333,base_link,BODY,False,False,False,body_contacts.jsonl,
2372,19.766666666666666,base_link,BODY,False,False,False,body_contacts.jsonl,
2373,19.775,base_link,BODY,False,False,False,body_contacts.jsonl,
2374,19.78333333333333,base_link,BODY,False,False,False,body_contacts.jsonl,
2375,19.791666666666668,base_link,BODY,False,False,False,body_contacts.jsonl,
2376,19.8,base_link,BODY,False,False,False,body_contacts.jsonl,
2377,19.808333333333334,base_link,BODY,False,False,False,body_contacts.jsonl,
2378,19.816666666666666,base_link,BODY,False,False,False,body_contacts.jsonl,
2379,19.825,base_link,BODY,False,False,False,body_contacts.jsonl,
2380,19.833333333333332,base_link,BODY,False,False,False,body_contacts.jsonl,
2381,19.841666666666665,base_link,BODY,False,False,False,body_contacts.jsonl,
2382,19.85,base_link,BODY,False,False,False,body_contacts.jsonl,
2383,19.858333333333334,base_link,BODY,False,False,False,body_contacts.jsonl,
2384,19.866666666666667,base_link,BODY,False,False,False,body_contacts.jsonl,
2385,19.875,base_link,BODY,False,False,False,body_contacts.jsonl,
2386,19.883333333333333,base_link,BODY,False,False,False,body_contacts.jsonl,
2387,19.891666666666666,base_link,BODY,False,False,False,body_contacts.jsonl,
2388,19.9,base_link,BODY,False,False,False,body_contacts.jsonl,
2389,19.90833333333333,base_link,BODY,False,False,False,body_contacts.jsonl,
2390,19.916666666666668,base_link,BODY,False,False,False,body_contacts.jsonl,
2391,19.925,base_link,BODY,False,False,False,body_contacts.jsonl,
2392,19.933333333333334,base_link,BODY,False,False,False,body_contacts.jsonl,
2393,19.941666666666666,base_link,BODY,False,False,False,body_contacts.jsonl,
2394,19.95,base_link,BODY,False,False,False,body_contacts.jsonl,
2395,19.958333333333332,base_link,BODY,False,False,False,body_contacts.jsonl,
2396,19.966666666666665,base_link,BODY,False,False,False,body_contacts.jsonl,
2397,19.975,base_link,BODY,False,False,False,body_contacts.jsonl,
2398,19.983333333333334,base_link,BODY,False,False,False,body_contacts.jsonl,
2399,19.991666666666667,base_link,BODY,False,False,False,body_contacts.jsonl,
2400,20.0,base_link,BODY,False,False,False,body_contacts.jsonl,
2401,20.008333333333333,base_link,BODY,False,False,False,body_contacts.jsonl,
2402,20.016666666666666,base_link,BODY,False,False,False,body_contacts.jsonl,
2403,20.025,base_link,BODY,False,False,False,body_contacts.jsonl,
2404,20.03333333333333,base_link,BODY,False,False,False,body_contacts.jsonl,
2405,20.041666666666668,base_link,BODY,False,False,False,body_contacts.jsonl,
2406,20.05,base_link,BODY,False,False,False,body_contacts.jsonl,
2407,20.058333333333334,base_link,BODY,False,False,False,body_contacts.jsonl,
2408,20.066666666666666,base_link,BODY,False,False,False,body_contacts.jsonl,
2409,20.075,base_link,BODY,False,False,False,body_contacts.jsonl,
2410,20.083333333333332,base_link,BODY,False,False,False,body_contacts.jsonl,
2411,20.091666666666665,base_link,BODY,False,False,False,body_contacts.jsonl,
2412,20.1,base_link,BODY,False,False,False,body_contacts.jsonl,
2413,20.108333333333334,base_link,BODY,False,False,False,body_contacts.jsonl,
2414,20.116666666666667,base_link,BODY,False,False,False,body_contacts.jsonl,
2415,20.125,base_link,BODY,False,False,False,body_contacts.jsonl,
2416,20.133333333333333,base_link,BODY,False,False,False,body_contacts.jsonl,
2417,20.141666666666666,base_link,BODY,False,False,False,body_contacts.jsonl,
2418,20.15,base_link,BODY,False,False,False,body_contacts.jsonl,
2419,20.15833333333333,base_link,BODY,False,False,False,body_contacts.jsonl,
2420,20.166666666666668,base_link,BODY,False,False,False,body_contacts.jsonl,
2421,20.175,base_link,BODY,False,False,False,body_contacts.jsonl,
2422,20.183333333333334,base_link,BODY,False,False,False,body_contacts.jsonl,
2423,20.191666666666666,base_link,BODY,False,False,False,body_contacts.jsonl,
2424,20.2,base_link,BODY,False,False,False,body_contacts.jsonl,
2425,20.208333333333332,base_link,BODY,False,False,False,body_contacts.jsonl,
2426,20.216666666666665,base_link,BODY,False,False,False,body_contacts.jsonl,
2427,20.225,base_link,BODY,False,False,False,body_contacts.jsonl,
2428,20.233333333333334,base_link,BODY,False,False,False,body_contacts.jsonl,
2429,20.241666666666667,base_link,BODY,False,False,False,body_contacts.jsonl,
2430,20.25,base_link,BODY,False,False,False,body_contacts.jsonl,
2431,20.258333333333333,base_link,BODY,False,False,False,body_contacts.jsonl,
2432,20.266666666666666,base_link,BODY,False,False,False,body_contacts.jsonl,
2433,20.275,base_link,BODY,False,False,False,body_contacts.jsonl,
2434,20.28333333333333,base_link,BODY,False,False,False,body_contacts.jsonl,
2435,20.291666666666668,base_link,BODY,False,False,False,body_contacts.jsonl,
2436,20.3,base_link,BODY,False,False,False,body_contacts.jsonl,
2437,20.308333333333334,base_link,BODY,False,False,False,body_contacts.jsonl,
2438,20.316666666666666,base_link,BODY,False,False,False,body_contacts.jsonl,
2439,20.325,base_link,BODY,False,False,False,body_contacts.jsonl,
2440,20.333333333333332,base_link,BODY,False,False,False,body_contacts.jsonl,
2441,20.341666666666665,base_link,BODY,False,False,False,body_contacts.jsonl,
2442,20.35,base_link,BODY,False,False,False,body_contacts.jsonl,
2443,20.358333333333334,base_link,BODY,False,False,False,body_contacts.jsonl,
2444,20.366666666666667,base_link,BODY,False,False,False,body_contacts.jsonl,
2445,20.375,base_link,BODY,False,False,False,body_contacts.jsonl,
2446,20.383333333333333,base_link,BODY,False,False,False,body_contacts.jsonl,
2447,20.391666666666666,base_link,BODY,False,False,False,body_contacts.jsonl,
2448,20.4,base_link,BODY,False,False,False,body_contacts.jsonl,
2449,20.40833333333333,base_link,BODY,False,False,False,body_contacts.jsonl,
2450,20.416666666666668,base_link,BODY,False,False,False,body_contacts.jsonl,
2451,20.425,base_link,BODY,False,False,False,body_contacts.jsonl,
2452,20.433333333333334,base_link,BODY,False,False,False,body_contacts.jsonl,
2453,20.441666666666666,base_link,BODY,False,False,False,body_contacts.jsonl,
2454,20.45,base_link,BODY,False,False,False,body_contacts.jsonl,
2455,20.458333333333332,base_link,BODY,False,False,False,body_contacts.jsonl,
2456,20.466666666666665,base_link,BODY,False,False,False,body_contacts.jsonl,
2457,20.475,base_link,BODY,False,False,False,body_contacts.jsonl,
2458,20.483333333333334,base_link,BODY,False,False,False,body_contacts.jsonl,
2459,20.491666666666667,base_link,BODY,False,False,False,body_contacts.jsonl,
2460,20.5,base_link,BODY,False,False,False,body_contacts.jsonl,
2461,20.508333333333333,base_link,BODY,False,False,False,body_contacts.jsonl,
2462,20.516666666666666,base_link,BODY,False,False,False,body_contacts.jsonl,
2463,20.525,base_link,BODY,False,False,False,body_contacts.jsonl,
2464,20.53333333333333,base_link,BODY,False,False,False,body_contacts.jsonl,
2465,20.541666666666668,base_link,BODY,False,False,False,body_contacts.jsonl,
2466,20.55,base_link,BODY,False,False,False,body_contacts.jsonl,
2467,20.558333333333334,base_link,BODY,False,False,False,body_contacts.jsonl,
2468,20.566666666666666,base_link,BODY,False,False,False,body_contacts.jsonl,
2469,20.575,base_link,BODY,False,False,False,body_contacts.jsonl,
2470,20.583333333333332,base_link,BODY,False,False,False,body_contacts.jsonl,
2471,20.591666666666665,base_link,BODY,False,False,False,body_contacts.jsonl,
2472,20.6,base_link,BODY,False,False,False,body_contacts.jsonl,
2473,20.608333333333334,base_link,BODY,False,False,False,body_contacts.jsonl,
2474,20.616666666666667,base_link,BODY,False,False,False,body_contacts.jsonl,
2475,20.625,base_link,BODY,False,False,False,body_contacts.jsonl,
2476,20.633333333333333,base_link,BODY,False,False,False,body_contacts.jsonl,
2477,20.641666666666666,base_link,BODY,False,False,False,body_contacts.jsonl,
2478,20.65,base_link,BODY,False,False,False,body_contacts.jsonl,
2479,20.65833333333333,base_link,BODY,False,False,False,body_contacts.jsonl,
2480,20.666666666666668,base_link,BODY,False,False,False,body_contacts.jsonl,
2481,20.675,base_link,BODY,False,False,False,body_contacts.jsonl,
2482,20.683333333333334,base_link,BODY,False,False,False,body_contacts.jsonl,
2483,20.691666666666666,base_link,BODY,False,False,False,body_contacts.jsonl,
2484,20.7,base_link,BODY,False,False,False,body_contacts.jsonl,
2485,20.708333333333332,base_link,BODY,False,False,False,body_contacts.jsonl,
2486,20.716666666666665,base_link,BODY,False,False,False,body_contacts.jsonl,
2487,20.725,base_link,BODY,False,False,False,body_contacts.jsonl,
2488,20.733333333333334,base_link,BODY,False,False,False,body_contacts.jsonl,
2489,20.741666666666667,base_link,BODY,False,False,False,body_contacts.jsonl,
2490,20.75,base_link,BODY,False,False,False,body_contacts.jsonl,
2491,20.758333333333333,base_link,BODY,False,False,False,body_contacts.jsonl,
2492,20.766666666666666,base_link,BODY,False,False,False,body_contacts.jsonl,
2493,20.775,base_link,BODY,False,False,False,body_contacts.jsonl,
2494,20.78333333333333,base_link,BODY,False,False,False,body_contacts.jsonl,
2495,20.791666666666668,base_link,BODY,False,False,False,body_contacts.jsonl,
2496,20.8,base_link,BODY,False,False,False,body_contacts.jsonl,
2497,20.808333333333334,base_link,BODY,False,False,False,body_contacts.jsonl,
2498,20.816666666666666,base_link,BODY,False,False,False,body_contacts.jsonl,
2499,20.825,base_link,BODY,False,False,False,body_contacts.jsonl,
2500,20.833333333333332,base_link,BODY,False,False,False,body_contacts.jsonl,
2501,20.841666666666665,base_link,BODY,False,False,False,body_contacts.jsonl,
2502,20.85,base_link,BODY,False,False,False,body_contacts.jsonl,
2503,20.858333333333334,base_link,BODY,False,False,False,body_contacts.jsonl,
2504,20.866666666666667,base_link,BODY,False,False,False,body_contacts.jsonl,
2505,20.875,base_link,BODY,False,False,False,body_contacts.jsonl,
2506,20.883333333333333,base_link,BODY,False,False,False,body_contacts.jsonl,
2507,20.891666666666666,base_link,BODY,False,False,False,body_contacts.jsonl,
2508,20.9,base_link,BODY,False,False,False,body_contacts.jsonl,
2509,20.90833333333333,base_link,BODY,False,False,False,body_contacts.jsonl,
2510,20.916666666666668,base_link,BODY,False,False,False,body_contacts.jsonl,
2511,20.925,base_link,BODY,False,False,False,body_contacts.jsonl,
2512,20.933333333333334,base_link,BODY,False,False,False,body_contacts.jsonl,
2513,20.941666666666666,base_link,BODY,False,False,False,body_contacts.jsonl,
2514,20.95,base_link,BODY,False,False,False,body_contacts.jsonl,
2515,20.958333333333332,base_link,BODY,False,False,False,body_contacts.jsonl,
2516,20.966666666666665,base_link,BODY,False,False,False,body_contacts.jsonl,
2517,20.975,base_link,BODY,False,False,False,body_contacts.jsonl,
2518,20.983333333333334,base_link,BODY,False,False,False,body_contacts.jsonl,
2519,20.991666666666667,base_link,BODY,False,False,False,body_contacts.jsonl,
2520,21.0,base_link,BODY,False,False,False,body_contacts.jsonl,
2521,21.008333333333333,base_link,BODY,False,False,False,body_contacts.jsonl,
2522,21.016666666666666,base_link,BODY,False,False,False,body_contacts.jsonl,
2523,21.025,base_link,BODY,False,False,False,body_contacts.jsonl,
2524,21.03333333333333,base_link,BODY,False,False,False,body_contacts.jsonl,
2525,21.041666666666668,base_link,BODY,False,False,False,body_contacts.jsonl,
2526,21.05,base_link,BODY,False,False,False,body_contacts.jsonl,
2527,21.058333333333334,base_link,BODY,False,False,False,body_contacts.jsonl,
2528,21.066666666666666,base_link,BODY,False,False,False,body_contacts.jsonl,
2529,21.075,base_link,BODY,False,False,False,body_contacts.jsonl,
2530,21.083333333333332,base_link,BODY,False,False,False,body_contacts.jsonl,
2531,21.091666666666665,base_link,BODY,False,False,False,body_contacts.jsonl,
2532,21.1,base_link,BODY,False,False,False,body_contacts.jsonl,
2533,21.108333333333334,base_link,BODY,False,False,False,body_contacts.jsonl,
2534,21.116666666666667,base_link,BODY,False,False,False,body_contacts.jsonl,
2535,21.125,base_link,BODY,False,False,False,body_contacts.jsonl,
2536,21.133333333333333,base_link,BODY,False,False,False,body_contacts.jsonl,
2537,21.141666666666666,base_link,BODY,False,False,False,body_contacts.jsonl,
2538,21.15,base_link,BODY,False,False,False,body_contacts.jsonl,
2539,21.15833333333333,base_link,BODY,False,False,False,body_contacts.jsonl,
2540,21.166666666666668,base_link,BODY,False,False,False,body_contacts.jsonl,
2541,21.175,base_link,BODY,False,False,False,body_contacts.jsonl,
2542,21.183333333333334,base_link,BODY,False,False,False,body_contacts.jsonl,
2543,21.191666666666666,base_link,BODY,False,False,False,body_contacts.jsonl,
2544,21.2,base_link,BODY,False,False,False,body_contacts.jsonl,
2545,21.208333333333332,base_link,BODY,False,False,False,body_contacts.jsonl,
2546,21.216666666666665,base_link,BODY,False,False,False,body_contacts.jsonl,
2547,21.225,base_link,BODY,False,False,False,body_contacts.jsonl,
2548,21.233333333333334,base_link,BODY,False,False,False,body_contacts.jsonl,
2549,21.241666666666667,base_link,BODY,False,False,False,body_contacts.jsonl,
2550,21.25,base_link,BODY,False,False,False,body_contacts.jsonl,
2551,21.258333333333333,base_link,BODY,False,False,False,body_contacts.jsonl,
2552,21.266666666666666,base_link,BODY,False,False,False,body_contacts.jsonl,
2553,21.275,base_link,BODY,False,False,False,body_contacts.jsonl,
2554,21.28333333333333,base_link,BODY,False,False,False,body_contacts.jsonl,
2555,21.291666666666668,base_link,BODY,False,False,False,body_contacts.jsonl,
2556,21.3,base_link,BODY,False,False,False,body_contacts.jsonl,
2557,21.308333333333334,base_link,BODY,False,False,False,body_contacts.jsonl,
2558,21.316666666666666,base_link,BODY,False,False,False,body_contacts.jsonl,
2559,21.325,base_link,BODY,False,False,False,body_contacts.jsonl,
2560,21.333333333333332,base_link,BODY,False,False,False,body_contacts.jsonl,
2561,21.341666666666665,base_link,BODY,False,False,False,body_contacts.jsonl,
2562,21.35,base_link,BODY,False,False,False,body_contacts.jsonl,
2563,21.358333333333334,base_link,BODY,False,False,False,body_contacts.jsonl,
2564,21.366666666666667,base_link,BODY,False,False,False,body_contacts.jsonl,
2565,21.375,base_link,BODY,False,False,False,body_contacts.jsonl,
2566,21.383333333333333,base_link,BODY,False,False,False,body_contacts.jsonl,
2567,21.391666666666666,base_link,BODY,False,False,False,body_contacts.jsonl,
2568,21.4,base_link,BODY,False,False,False,body_contacts.jsonl,
2569,21.40833333333333,base_link,BODY,False,False,False,body_contacts.jsonl,
2570,21.416666666666668,base_link,BODY,False,False,False,body_contacts.jsonl,
2571,21.425,base_link,BODY,False,False,False,body_contacts.jsonl,
2572,21.433333333333334,base_link,BODY,False,False,False,body_contacts.jsonl,
2573,21.441666666666666,base_link,BODY,False,False,False,body_contacts.jsonl,
2574,21.45,base_link,BODY,False,False,False,body_contacts.jsonl,
2575,21.458333333333332,base_link,BODY,False,False,False,body_contacts.jsonl,
2576,21.466666666666665,base_link,BODY,False,False,False,body_contacts.jsonl,
2577,21.475,base_link,BODY,False,False,False,body_contacts.jsonl,
2578,21.483333333333334,base_link,BODY,False,False,False,body_contacts.jsonl,
2579,21.491666666666667,base_link,BODY,False,False,False,body_contacts.jsonl,
2580,21.5,base_link,BODY,False,False,False,body_contacts.jsonl,
2581,21.508333333333333,base_link,BODY,False,False,False,body_contacts.jsonl,
2582,21.516666666666666,base_link,BODY,False,False,False,body_contacts.jsonl,
2583,21.525,base_link,BODY,False,False,False,body_contacts.jsonl,
2584,21.53333333333333,base_link,BODY,False,False,False,body_contacts.jsonl,
2585,21.541666666666668,base_link,BODY,False,False,False,body_contacts.jsonl,
2586,21.55,base_link,BODY,False,False,False,body_contacts.jsonl,
2587,21.558333333333334,base_link,BODY,False,False,False,body_contacts.jsonl,
2588,21.566666666666666,base_link,BODY,False,False,False,body_contacts.jsonl,
2589,21.575,base_link,BODY,False,False,False,body_contacts.jsonl,
2590,21.583333333333332,base_link,BODY,False,False,False,body_contacts.jsonl,
2591,21.591666666666665,base_link,BODY,False,False,False,body_contacts.jsonl,
2592,21.6,base_link,BODY,False,False,False,body_contacts.jsonl,
2593,21.608333333333334,base_link,BODY,False,False,False,body_contacts.jsonl,
2594,21.616666666666667,base_link,BODY,False,False,False,body_contacts.jsonl,
2595,21.625,base_link,BODY,False,False,False,body_contacts.jsonl,
2596,21.633333333333333,base_link,BODY,False,False,False,body_contacts.jsonl,
2597,21.641666666666666,base_link,BODY,False,False,False,body_contacts.jsonl,
2598,21.65,base_link,BODY,False,False,False,body_contacts.jsonl,
2599,21.65833333333333,base_link,BODY,False,False,False,body_contacts.jsonl,
2600,21.666666666666668,base_link,BODY,False,False,False,body_contacts.jsonl,
2601,21.675,base_link,BODY,False,False,False,body_contacts.jsonl,
2602,21.683333333333334,base_link,BODY,False,False,False,body_contacts.jsonl,
2603,21.691666666666666,base_link,BODY,False,False,False,body_contacts.jsonl,
2604,21.7,base_link,BODY,False,False,False,body_contacts.jsonl,
2605,21.708333333333332,base_link,BODY,False,False,False,body_contacts.jsonl,
2606,21.716666666666665,base_link,BODY,False,False,False,body_contacts.jsonl,
2607,21.725,base_link,BODY,False,False,False,body_contacts.jsonl,
2608,21.733333333333334,base_link,BODY,False,False,False,body_contacts.jsonl,
2609,21.741666666666667,base_link,BODY,False,False,False,body_contacts.jsonl,
2610,21.75,base_link,BODY,False,False,False,body_contacts.jsonl,
2611,21.758333333333333,base_link,BODY,False,False,False,body_contacts.jsonl,
2612,21.766666666666666,base_link,BODY,False,False,False,body_contacts.jsonl,
2613,21.775,base_link,BODY,False,False,False,body_contacts.jsonl,
2614,21.78333333333333,base_link,BODY,False,False,False,body_contacts.jsonl,
2615,21.791666666666668,base_link,BODY,False,False,False,body_contacts.jsonl,
2616,21.8,base_link,BODY,False,False,False,body_contacts.jsonl,
2617,21.808333333333334,base_link,BODY,False,False,False,body_contacts.jsonl,
2618,21.816666666666666,base_link,BODY,False,False,False,body_contacts.jsonl,
2619,21.825,base_link,BODY,False,False,False,body_contacts.jsonl,
2620,21.833333333333332,base_link,BODY,False,False,False,body_contacts.jsonl,
2621,21.841666666666665,base_link,BODY,False,False,False,body_contacts.jsonl,
2622,21.85,base_link,BODY,False,False,False,body_contacts.jsonl,
2623,21.858333333333334,base_link,BODY,False,False,False,body_contacts.jsonl,
2624,21.866666666666667,base_link,BODY,False,False,False,body_contacts.jsonl,
2625,21.875,base_link,BODY,False,False,False,body_contacts.jsonl,
2626,21.883333333333333,base_link,BODY,False,False,False,body_contacts.jsonl,
2627,21.891666666666666,base_link,BODY,False,False,False,body_contacts.jsonl,
2628,21.9,base_link,BODY,False,False,False,body_contacts.jsonl,
2629,21.90833333333333,base_link,BODY,False,False,False,body_contacts.jsonl,
2630,21.916666666666668,base_link,BODY,False,False,False,body_contacts.jsonl,
2631,21.925,base_link,BODY,False,False,False,body_contacts.jsonl,
2632,21.933333333333334,base_link,BODY,False,False,False,body_contacts.jsonl,
2633,21.941666666666666,base_link,BODY,False,False,False,body_contacts.jsonl,
2634,21.95,base_link,BODY,False,False,False,body_contacts.jsonl,
2635,21.958333333333332,base_link,BODY,False,False,False,body_contacts.jsonl,
2636,21.966666666666665,base_link,BODY,False,False,False,body_contacts.jsonl,
2637,21.975,base_link,BODY,False,False,False,body_contacts.jsonl,
2638,21.983333333333334,base_link,BODY,False,False,False,body_contacts.jsonl,
2639,21.991666666666667,base_link,BODY,False,False,False,body_contacts.jsonl,
2640,22.0,base_link,BODY,False,False,False,body_contacts.jsonl,
2641,22.008333333333333,base_link,BODY,False,False,False,body_contacts.jsonl,
2642,22.016666666666666,base_link,BODY,False,False,False,body_contacts.jsonl,
2643,22.025,base_link,BODY,False,False,False,body_contacts.jsonl,
2644,22.03333333333333,base_link,BODY,False,False,False,body_contacts.jsonl,
2645,22.041666666666668,base_link,BODY,False,False,False,body_contacts.jsonl,
2646,22.05,base_link,BODY,False,False,False,body_contacts.jsonl,
2647,22.058333333333334,base_link,BODY,False,False,False,body_contacts.jsonl,
2648,22.066666666666666,base_link,BODY,False,False,False,body_contacts.jsonl,
2649,22.075,base_link,BODY,False,False,False,body_contacts.jsonl,
2650,22.083333333333332,base_link,BODY,False,False,False,body_contacts.jsonl,
2651,22.091666666666665,base_link,BODY,False,False,False,body_contacts.jsonl,
2652,22.1,base_link,BODY,False,False,False,body_contacts.jsonl,
2653,22.108333333333334,base_link,BODY,False,False,False,body_contacts.jsonl,
2654,22.116666666666667,base_link,BODY,False,False,False,body_contacts.jsonl,
2655,22.125,base_link,BODY,False,False,False,body_contacts.jsonl,
2656,22.133333333333333,base_link,BODY,False,False,False,body_contacts.jsonl,
2657,22.141666666666666,base_link,BODY,False,False,False,body_contacts.jsonl,
2658,22.15,base_link,BODY,False,False,False,body_contacts.jsonl,
2659,22.15833333333333,base_link,BODY,False,False,False,body_contacts.jsonl,
2660,22.166666666666668,base_link,BODY,False,False,False,body_contacts.jsonl,
2661,22.175,base_link,BODY,False,False,False,body_contacts.jsonl,
2662,22.183333333333334,base_link,BODY,False,False,False,body_contacts.jsonl,
2663,22.191666666666666,base_link,BODY,False,False,False,body_contacts.jsonl,
2664,22.2,base_link,BODY,False,False,False,body_contacts.jsonl,
2665,22.208333333333332,base_link,BODY,False,False,False,body_contacts.jsonl,
2666,22.216666666666665,base_link,BODY,False,False,False,body_contacts.jsonl,
2667,22.225,base_link,BODY,False,False,False,body_contacts.jsonl,
2668,22.233333333333334,base_link,BODY,False,False,False,body_contacts.jsonl,
2669,22.241666666666667,base_link,BODY,False,False,False,body_contacts.jsonl,
2670,22.25,base_link,BODY,False,False,False,body_contacts.jsonl,
2671,22.258333333333333,base_link,BODY,False,False,False,body_contacts.jsonl,
2672,22.266666666666666,base_link,BODY,False,False,False,body_contacts.jsonl,
2673,22.275,base_link,BODY,False,False,False,body_contacts.jsonl,
2674,22.28333333333333,base_link,BODY,False,False,False,body_contacts.jsonl,
2675,22.291666666666668,base_link,BODY,False,False,False,body_contacts.jsonl,
2676,22.3,base_link,BODY,False,False,False,body_contacts.jsonl,
2677,22.308333333333334,base_link,BODY,False,False,False,body_contacts.jsonl,
2678,22.316666666666666,base_link,BODY,False,False,False,body_contacts.jsonl,
2679,22.325,base_link,BODY,False,False,False,body_contacts.jsonl,
2680,22.333333333333332,base_link,BODY,False,False,False,body_contacts.jsonl,
2681,22.341666666666665,base_link,BODY,False,False,False,body_contacts.jsonl,
2682,22.35,base_link,BODY,False,False,False,body_contacts.jsonl,
2683,22.358333333333334,base_link,BODY,False,False,False,body_contacts.jsonl,
2684,22.366666666666667,base_link,BODY,False,False,False,body_contacts.jsonl,
2685,22.375,base_link,BODY,False,False,False,body_contacts.jsonl,
2686,22.383333333333333,base_link,BODY,False,False,False,body_contacts.jsonl,
2687,22.391666666666666,base_link,BODY,False,False,False,body_contacts.jsonl,
2688,22.4,base_link,BODY,False,False,False,body_contacts.jsonl,
2689,22.40833333333333,base_link,BODY,False,False,False,body_contacts.jsonl,
2690,22.416666666666668,base_link,BODY,False,False,False,body_contacts.jsonl,
2691,22.425,base_link,BODY,False,False,False,body_contacts.jsonl,
2692,22.433333333333334,base_link,BODY,False,False,False,body_contacts.jsonl,
2693,22.441666666666666,base_link,BODY,False,False,False,body_contacts.jsonl,
2694,22.45,base_link,BODY,False,False,False,body_contacts.jsonl,
2695,22.458333333333332,base_link,BODY,False,False,False,body_contacts.jsonl,
2696,22.466666666666665,base_link,BODY,False,False,False,body_contacts.jsonl,
2697,22.475,base_link,BODY,False,False,False,body_contacts.jsonl,
2698,22.483333333333334,base_link,BODY,False,False,False,body_contacts.jsonl,
2699,22.491666666666667,base_link,BODY,False,False,False,body_contacts.jsonl,
2700,22.5,base_link,BODY,False,False,False,body_contacts.jsonl,
2701,22.508333333333333,base_link,BODY,False,False,False,body_contacts.jsonl,
2702,22.516666666666666,base_link,BODY,False,False,False,body_contacts.jsonl,
2703,22.525,base_link,BODY,False,False,False,body_contacts.jsonl,
2704,22.53333333333333,base_link,BODY,False,False,False,body_contacts.jsonl,
2705,22.541666666666668,base_link,BODY,False,False,False,body_contacts.jsonl,
2706,22.55,base_link,BODY,False,False,False,body_contacts.jsonl,
2707,22.558333333333334,base_link,BODY,False,False,False,body_contacts.jsonl,
2708,22.566666666666666,base_link,BODY,False,False,False,body_contacts.jsonl,
2709,22.575,base_link,BODY,False,False,False,body_contacts.jsonl,
2710,22.583333333333332,base_link,BODY,False,False,False,body_contacts.jsonl,
2711,22.591666666666665,base_link,BODY,False,False,False,body_contacts.jsonl,
2712,22.6,base_link,BODY,False,False,False,body_contacts.jsonl,
2713,22.608333333333334,base_link,BODY,False,False,False,body_contacts.jsonl,
2714,22.616666666666667,base_link,BODY,False,False,False,body_contacts.jsonl,
2715,22.625,base_link,BODY,False,False,False,body_contacts.jsonl,
2716,22.633333333333333,base_link,BODY,False,False,False,body_contacts.jsonl,
2717,22.641666666666666,base_link,BODY,False,False,False,body_contacts.jsonl,
2718,22.65,base_link,BODY,False,False,False,body_contacts.jsonl,
2719,22.65833333333333,base_link,BODY,False,False,False,body_contacts.jsonl,
2720,22.666666666666668,base_link,BODY,False,False,False,body_contacts.jsonl,
2721,22.675,base_link,BODY,False,False,False,body_contacts.jsonl,
2722,22.683333333333334,base_link,BODY,False,False,False,body_contacts.jsonl,
2723,22.691666666666666,base_link,BODY,False,False,False,body_contacts.jsonl,
2724,22.7,base_link,BODY,False,False,False,body_contacts.jsonl,
2725,22.708333333333332,base_link,BODY,False,False,False,body_contacts.jsonl,
2726,22.716666666666665,base_link,BODY,False,False,False,body_contacts.jsonl,
2727,22.725,base_link,BODY,False,False,False,body_contacts.jsonl,
2728,22.733333333333334,base_link,BODY,False,False,False,body_contacts.jsonl,
2729,22.741666666666667,base_link,BODY,False,False,False,body_contacts.jsonl,
2730,22.75,base_link,BODY,False,False,False,body_contacts.jsonl,
2731,22.758333333333333,base_link,BODY,False,False,False,body_contacts.jsonl,
2732,22.766666666666666,base_link,BODY,False,False,False,body_contacts.jsonl,
2733,22.775,base_link,BODY,False,False,False,body_contacts.jsonl,
2734,22.78333333333333,base_link,BODY,False,False,False,body_contacts.jsonl,
2735,22.791666666666668,base_link,BODY,False,False,False,body_contacts.jsonl,
2736,22.8,base_link,BODY,False,False,False,body_contacts.jsonl,
2737,22.808333333333334,base_link,BODY,False,False,False,body_contacts.jsonl,
2738,22.816666666666666,base_link,BODY,False,False,False,body_contacts.jsonl,
2739,22.825,base_link,BODY,False,False,False,body_contacts.jsonl,
2740,22.833333333333332,base_link,BODY,False,False,False,body_contacts.jsonl,
2741,22.841666666666665,base_link,BODY,False,False,False,body_contacts.jsonl,
2742,22.85,base_link,BODY,False,False,False,body_contacts.jsonl,
2743,22.858333333333334,base_link,BODY,False,False,False,body_contacts.jsonl,
2744,22.866666666666667,base_link,BODY,False,False,False,body_contacts.jsonl,
2745,22.875,base_link,BODY,False,False,False,body_contacts.jsonl,
2746,22.883333333333333,base_link,BODY,False,False,False,body_contacts.jsonl,
2747,22.891666666666666,base_link,BODY,False,False,False,body_contacts.jsonl,
2748,22.9,base_link,BODY,False,False,False,body_contacts.jsonl,
2749,22.90833333333333,base_link,BODY,False,False,False,body_contacts.jsonl,
2750,22.916666666666668,base_link,BODY,False,False,False,body_contacts.jsonl,
2751,22.925,base_link,BODY,False,False,False,body_contacts.jsonl,
2752,22.933333333333334,base_link,BODY,False,False,False,body_contacts.jsonl,
2753,22.941666666666666,base_link,BODY,False,False,False,body_contacts.jsonl,
2754,22.95,base_link,BODY,False,False,False,body_contacts.jsonl,
2755,22.958333333333332,base_link,BODY,False,False,False,body_contacts.jsonl,
2756,22.966666666666665,base_link,BODY,False,False,False,body_contacts.jsonl,
2757,22.975,base_link,BODY,False,False,False,body_contacts.jsonl,
2758,22.983333333333334,base_link,BODY,False,False,False,body_contacts.jsonl,
2759,22.991666666666667,base_link,BODY,False,False,False,body_contacts.jsonl,
2760,23.0,base_link,BODY,False,False,False,body_contacts.jsonl,
2761,23.008333333333333,base_link,BODY,False,False,False,body_contacts.jsonl,
2762,23.016666666666666,base_link,BODY,False,False,False,body_contacts.jsonl,
2763,23.025,base_link,BODY,False,False,False,body_contacts.jsonl,
2764,23.03333333333333,base_link,BODY,False,False,False,body_contacts.jsonl,
2765,23.041666666666668,base_link,BODY,False,False,False,body_contacts.jsonl,
2766,23.05,base_link,BODY,False,False,False,body_contacts.jsonl,
2767,23.058333333333334,base_link,BODY,False,False,False,body_contacts.jsonl,
2768,23.066666666666666,base_link,BODY,False,False,False,body_contacts.jsonl,
2769,23.075,base_link,BODY,False,False,False,body_contacts.jsonl,
2770,23.083333333333332,base_link,BODY,False,False,False,body_contacts.jsonl,
2771,23.091666666666665,base_link,BODY,False,False,False,body_contacts.jsonl,
2772,23.1,base_link,BODY,False,False,False,body_contacts.jsonl,
2773,23.108333333333334,base_link,BODY,False,False,False,body_contacts.jsonl,
2774,23.116666666666667,base_link,BODY,False,False,False,body_contacts.jsonl,
2775,23.125,base_link,BODY,False,False,False,body_contacts.jsonl,
2776,23.133333333333333,base_link,BODY,False,False,False,body_contacts.jsonl,
2777,23.141666666666666,base_link,BODY,False,False,False,body_contacts.jsonl,
2778,23.15,base_link,BODY,False,False,False,body_contacts.jsonl,
2779,23.15833333333333,base_link,BODY,False,False,False,body_contacts.jsonl,
2780,23.166666666666668,base_link,BODY,False,False,False,body_contacts.jsonl,
2781,23.175,base_link,BODY,False,False,False,body_contacts.jsonl,
2782,23.183333333333334,base_link,BODY,False,False,False,body_contacts.jsonl,
2783,23.191666666666666,base_link,BODY,False,False,False,body_contacts.jsonl,
2784,23.2,base_link,BODY,False,False,False,body_contacts.jsonl,
2785,23.208333333333332,base_link,BODY,False,False,False,body_contacts.jsonl,
2786,23.216666666666665,base_link,BODY,False,False,False,body_contacts.jsonl,
2787,23.225,base_link,BODY,False,False,False,body_contacts.jsonl,
2788,23.233333333333334,base_link,BODY,False,False,False,body_contacts.jsonl,
2789,23.241666666666667,base_link,BODY,False,False,False,body_contacts.jsonl,
2790,23.25,base_link,BODY,False,False,False,body_contacts.jsonl,
2791,23.258333333333333,base_link,BODY,False,False,False,body_contacts.jsonl,
2792,23.266666666666666,base_link,BODY,False,False,False,body_contacts.jsonl,
2793,23.275,base_link,BODY,False,False,False,body_contacts.jsonl,
2794,23.28333333333333,base_link,BODY,False,False,False,body_contacts.jsonl,
2795,23.291666666666668,base_link,BODY,False,False,False,body_contacts.jsonl,
2796,23.3,base_link,BODY,False,False,False,body_contacts.jsonl,
2797,23.308333333333334,base_link,BODY,False,False,False,body_contacts.jsonl,
2798,23.316666666666666,base_link,BODY,False,False,False,body_contacts.jsonl,
2799,23.325,base_link,BODY,False,False,False,body_contacts.jsonl,
2800,23.333333333333332,base_link,BODY,False,False,False,body_contacts.jsonl,
2801,23.341666666666665,base_link,BODY,False,False,False,body_contacts.jsonl,
2802,23.35,base_link,BODY,False,False,False,body_contacts.jsonl,
2803,23.358333333333334,base_link,BODY,False,False,False,body_contacts.jsonl,
2804,23.366666666666667,base_link,BODY,False,False,False,body_contacts.jsonl,
2805,23.375,base_link,BODY,False,False,False,body_contacts.jsonl,
2806,23.383333333333333,base_link,BODY,False,False,False,body_contacts.jsonl,
2807,23.391666666666666,base_link,BODY,False,False,False,body_contacts.jsonl,
2808,23.4,base_link,BODY,False,False,False,body_contacts.jsonl,
2809,23.40833333333333,base_link,BODY,False,False,False,body_contacts.jsonl,
2810,23.416666666666668,base_link,BODY,False,False,False,body_contacts.jsonl,
2811,23.425,base_link,BODY,False,False,False,body_contacts.jsonl,
2812,23.433333333333334,base_link,BODY,False,False,False,body_contacts.jsonl,
2813,23.441666666666666,base_link,BODY,False,False,False,body_contacts.jsonl,
2814,23.45,base_link,BODY,False,False,False,body_contacts.jsonl,
2815,23.458333333333332,base_link,BODY,False,False,False,body_contacts.jsonl,
2816,23.466666666666665,base_link,BODY,False,False,False,body_contacts.jsonl,
2817,23.475,base_link,BODY,False,False,False,body_contacts.jsonl,
2818,23.483333333333334,base_link,BODY,False,False,False,body_contacts.jsonl,
2819,23.491666666666667,base_link,BODY,False,False,False,body_contacts.jsonl,
2820,23.5,base_link,BODY,False,False,False,body_contacts.jsonl,
2821,23.508333333333333,base_link,BODY,False,False,False,body_contacts.jsonl,
2822,23.516666666666666,base_link,BODY,False,False,False,body_contacts.jsonl,
2823,23.525,base_link,BODY,False,False,False,body_contacts.jsonl,
2824,23.53333333333333,base_link,BODY,False,False,False,body_contacts.jsonl,
2825,23.541666666666668,base_link,BODY,False,False,False,body_contacts.jsonl,
2826,23.55,base_link,BODY,False,False,False,body_contacts.jsonl,
2827,23.558333333333334,base_link,BODY,False,False,False,body_contacts.jsonl,
2828,23.566666666666666,base_link,BODY,False,False,False,body_contacts.jsonl,
2829,23.575,base_link,BODY,False,False,False,body_contacts.jsonl,
2830,23.583333333333332,base_link,BODY,False,False,False,body_contacts.jsonl,
2831,23.591666666666665,base_link,BODY,False,False,False,body_contacts.jsonl,
2832,23.6,base_link,BODY,False,False,False,body_contacts.jsonl,
2833,23.608333333333334,base_link,BODY,False,False,False,body_contacts.jsonl,
2834,23.616666666666667,base_link,BODY,False,False,False,body_contacts.jsonl,
2835,23.625,base_link,BODY,False,False,False,body_contacts.jsonl,
2836,23.633333333333333,base_link,BODY,False,False,False,body_contacts.jsonl,
2837,23.641666666666666,base_link,BODY,False,False,False,body_contacts.jsonl,
2838,23.65,base_link,BODY,False,False,False,body_contacts.jsonl,
2839,23.65833333333333,base_link,BODY,False,False,False,body_contacts.jsonl,
2840,23.666666666666668,base_link,BODY,False,False,False,body_contacts.jsonl,
2841,23.675,base_link,BODY,False,False,False,body_contacts.jsonl,
2842,23.683333333333334,base_link,BODY,False,False,False,body_contacts.jsonl,
2843,23.691666666666666,base_link,BODY,False,False,False,body_contacts.jsonl,
2844,23.7,base_link,BODY,False,False,False,body_contacts.jsonl,
2845,23.708333333333332,base_link,BODY,False,False,False,body_contacts.jsonl,
2846,23.716666666666665,base_link,BODY,False,False,False,body_contacts.jsonl,
2847,23.725,base_link,BODY,False,False,False,body_contacts.jsonl,
2848,23.733333333333334,base_link,BODY,False,False,False,body_contacts.jsonl,
2849,23.741666666666667,base_link,BODY,False,False,False,body_contacts.jsonl,
2850,23.75,base_link,BODY,False,False,False,body_contacts.jsonl,
2851,23.758333333333333,base_link,BODY,False,False,False,body_contacts.jsonl,
2852,23.766666666666666,base_link,BODY,False,False,False,body_contacts.jsonl,
2853,23.775,base_link,BODY,False,False,False,body_contacts.jsonl,
2854,23.78333333333333,base_link,BODY,False,False,False,body_contacts.jsonl,
2855,23.791666666666668,base_link,BODY,False,False,False,body_contacts.jsonl,
2856,23.8,base_link,BODY,False,False,False,body_contacts.jsonl,
2857,23.808333333333334,base_link,BODY,False,False,False,body_contacts.jsonl,
2858,23.816666666666666,base_link,BODY,False,False,False,body_contacts.jsonl,
2859,23.825,base_link,BODY,False,False,False,body_contacts.jsonl,
2860,23.833333333333332,base_link,BODY,False,False,False,body_contacts.jsonl,
2861,23.841666666666665,base_link,BODY,False,False,False,body_contacts.jsonl,
2862,23.85,base_link,BODY,False,False,False,body_contacts.jsonl,
2863,23.858333333333334,base_link,BODY,False,False,False,body_contacts.jsonl,
2864,23.866666666666667,base_link,BODY,False,False,False,body_contacts.jsonl,
2865,23.875,base_link,BODY,False,False,False,body_contacts.jsonl,
2866,23.883333333333333,base_link,BODY,False,False,False,body_contacts.jsonl,
2867,23.891666666666666,base_link,BODY,False,False,False,body_contacts.jsonl,
2868,23.9,base_link,BODY,False,False,False,body_contacts.jsonl,
2869,23.90833333333333,base_link,BODY,False,False,False,body_contacts.jsonl,
2870,23.916666666666668,base_link,BODY,False,False,False,body_contacts.jsonl,
2871,23.925,base_link,BODY,False,False,False,body_contacts.jsonl,
2872,23.933333333333334,base_link,BODY,False,False,False,body_contacts.jsonl,
2873,23.941666666666666,base_link,BODY,False,False,False,body_contacts.jsonl,
2874,23.95,base_link,BODY,False,False,False,body_contacts.jsonl,
2875,23.958333333333332,base_link,BODY,False,False,False,body_contacts.jsonl,
2876,23.966666666666665,base_link,BODY,False,False,False,body_contacts.jsonl,
2877,23.975,base_link,BODY,False,False,False,body_contacts.jsonl,
2878,23.983333333333334,base_link,BODY,False,False,False,body_contacts.jsonl,
2879,23.991666666666667,base_link,BODY,False,False,False,body_contacts.jsonl,
2880,24.0,base_link,BODY,False,False,False,body_contacts.jsonl,
2881,24.008333333333333,base_link,BODY,False,False,False,body_contacts.jsonl,
2882,24.016666666666666,base_link,BODY,False,False,False,body_contacts.jsonl,
2883,24.025,base_link,BODY,False,False,False,body_contacts.jsonl,
2884,24.03333333333333,base_link,BODY,False,False,False,body_contacts.jsonl,
2885,24.041666666666668,base_link,BODY,False,False,False,body_contacts.jsonl,
2886,24.05,base_link,BODY,False,False,False,body_contacts.jsonl,
2887,24.058333333333334,base_link,BODY,False,False,False,body_contacts.jsonl,
2888,24.066666666666666,base_link,BODY,False,False,False,body_contacts.jsonl,
2889,24.075,base_link,BODY,False,False,False,body_contacts.jsonl,
2890,24.083333333333332,base_link,BODY,False,False,False,body_contacts.jsonl,
2891,24.091666666666665,base_link,BODY,False,False,False,body_contacts.jsonl,
2892,24.1,base_link,BODY,False,False,False,body_contacts.jsonl,
2893,24.108333333333334,base_link,BODY,False,False,False,body_contacts.jsonl,
2894,24.116666666666667,base_link,BODY,False,False,False,body_contacts.jsonl,
2895,24.125,base_link,BODY,False,False,False,body_contacts.jsonl,
2896,24.133333333333333,base_link,BODY,False,False,False,body_contacts.jsonl,
2897,24.141666666666666,base_link,BODY,False,False,False,body_contacts.jsonl,
2898,24.15,base_link,BODY,False,False,False,body_contacts.jsonl,
2899,24.15833333333333,base_link,BODY,False,False,False,body_contacts.jsonl,
2900,24.166666666666668,base_link,BODY,False,False,False,body_contacts.jsonl,
2901,24.175,base_link,BODY,False,False,False,body_contacts.jsonl,
2902,24.183333333333334,base_link,BODY,False,False,False,body_contacts.jsonl,
2903,24.191666666666666,base_link,BODY,False,False,False,body_contacts.jsonl,
2904,24.2,base_link,BODY,False,False,False,body_contacts.jsonl,
2905,24.208333333333332,base_link,BODY,False,False,False,body_contacts.jsonl,
2906,24.216666666666665,base_link,BODY,False,False,False,body_contacts.jsonl,
2907,24.225,base_link,BODY,False,False,False,body_contacts.jsonl,
2908,24.233333333333334,base_link,BODY,False,False,False,body_contacts.jsonl,
2909,24.241666666666667,base_link,BODY,False,False,False,body_contacts.jsonl,
2910,24.25,base_link,BODY,False,False,False,body_contacts.jsonl,
2911,24.258333333333333,base_link,BODY,False,False,False,body_contacts.jsonl,
2912,24.266666666666666,base_link,BODY,False,False,False,body_contacts.jsonl,
2913,24.275,base_link,BODY,False,False,False,body_contacts.jsonl,
2914,24.28333333333333,base_link,BODY,False,False,False,body_contacts.jsonl,
2915,24.291666666666668,base_link,BODY,False,False,False,body_contacts.jsonl,
2916,24.3,base_link,BODY,False,False,False,body_contacts.jsonl,
2917,24.308333333333334,base_link,BODY,False,False,False,body_contacts.jsonl,
2918,24.316666666666666,base_link,BODY,False,False,False,body_contacts.jsonl,
2919,24.325,base_link,BODY,False,False,False,body_contacts.jsonl,
2920,24.333333333333332,base_link,BODY,False,False,False,body_contacts.jsonl,
2921,24.341666666666665,base_link,BODY,False,False,False,body_contacts.jsonl,
2922,24.35,base_link,BODY,False,False,False,body_contacts.jsonl,
2923,24.358333333333334,base_link,BODY,False,False,False,body_contacts.jsonl,
2924,24.366666666666667,base_link,BODY,False,False,False,body_contacts.jsonl,
2925,24.375,base_link,BODY,False,False,False,body_contacts.jsonl,
2926,24.383333333333333,base_link,BODY,False,False,False,body_contacts.jsonl,
2927,24.391666666666666,base_link,BODY,False,False,False,body_contacts.jsonl,
2928,24.4,base_link,BODY,False,False,False,body_contacts.jsonl,
2929,24.40833333333333,base_link,BODY,False,False,False,body_contacts.jsonl,
2930,24.416666666666668,base_link,BODY,False,False,False,body_contacts.jsonl,
2931,24.425,base_link,BODY,False,False,False,body_contacts.jsonl,
2932,24.433333333333334,base_link,BODY,False,False,False,body_contacts.jsonl,
2933,24.441666666666666,base_link,BODY,False,False,False,body_contacts.jsonl,
2934,24.45,base_link,BODY,False,False,False,body_contacts.jsonl,
2935,24.458333333333332,base_link,BODY,False,False,False,body_contacts.jsonl,
2936,24.466666666666665,base_link,BODY,False,False,False,body_contacts.jsonl,
2937,24.475,base_link,BODY,False,False,False,body_contacts.jsonl,
2938,24.483333333333334,base_link,BODY,False,False,False,body_contacts.jsonl,
2939,24.491666666666667,base_link,BODY,False,False,False,body_contacts.jsonl,
2940,24.5,base_link,BODY,False,False,False,body_contacts.jsonl,
2941,24.508333333333333,base_link,BODY,False,False,False,body_contacts.jsonl,
2942,24.516666666666666,base_link,BODY,False,False,False,body_contacts.jsonl,
2943,24.525,base_link,BODY,False,False,False,body_contacts.jsonl,
2944,24.53333333333333,base_link,BODY,False,False,False,body_contacts.jsonl,
2945,24.541666666666668,base_link,BODY,False,False,False,body_contacts.jsonl,
2946,24.55,base_link,BODY,False,False,False,body_contacts.jsonl,
2947,24.558333333333334,base_link,BODY,False,False,False,body_contacts.jsonl,
2948,24.566666666666666,base_link,BODY,False,False,False,body_contacts.jsonl,
2949,24.575,base_link,BODY,False,False,False,body_contacts.jsonl,
2950,24.583333333333332,base_link,BODY,False,False,False,body_contacts.jsonl,
2951,24.591666666666665,base_link,BODY,False,False,False,body_contacts.jsonl,
2952,24.6,base_link,BODY,False,False,False,body_contacts.jsonl,
2953,24.608333333333334,base_link,BODY,False,False,False,body_contacts.jsonl,
2954,24.616666666666667,base_link,BODY,False,False,False,body_contacts.jsonl,
2955,24.625,base_link,BODY,False,False,False,body_contacts.jsonl,
2956,24.633333333333333,base_link,BODY,False,False,False,body_contacts.jsonl,
2957,24.641666666666666,base_link,BODY,False,False,False,body_contacts.jsonl,
2958,24.65,base_link,BODY,False,False,False,body_contacts.jsonl,
2959,24.65833333333333,base_link,BODY,False,False,False,body_contacts.jsonl,
2960,24.666666666666668,base_link,BODY,False,False,False,body_contacts.jsonl,
2961,24.675,base_link,BODY,False,False,False,body_contacts.jsonl,
2962,24.683333333333334,base_link,BODY,False,False,False,body_contacts.jsonl,
2963,24.691666666666666,base_link,BODY,False,False,False,body_contacts.jsonl,
2964,24.7,base_link,BODY,False,False,False,body_contacts.jsonl,
2965,24.708333333333332,base_link,BODY,False,False,False,body_contacts.jsonl,
2966,24.716666666666665,base_link,BODY,False,False,False,body_contacts.jsonl,
2967,24.725,base_link,BODY,False,False,False,body_contacts.jsonl,
2968,24.733333333333334,base_link,BODY,False,False,False,body_contacts.jsonl,
2969,24.741666666666667,base_link,BODY,False,False,False,body_contacts.jsonl,
2970,24.75,base_link,BODY,False,False,False,body_contacts.jsonl,
2971,24.758333333333333,base_link,BODY,False,False,False,body_contacts.jsonl,
2972,24.766666666666666,base_link,BODY,False,False,False,body_contacts.jsonl,
2973,24.775,base_link,BODY,False,False,False,body_contacts.jsonl,
2974,24.78333333333333,base_link,BODY,False,False,False,body_contacts.jsonl,
2975,24.791666666666668,base_link,BODY,False,False,False,body_contacts.jsonl,
2976,24.8,base_link,BODY,False,False,False,body_contacts.jsonl,
2977,24.808333333333334,base_link,BODY,False,False,False,body_contacts.jsonl,
2978,24.816666666666666,base_link,BODY,False,False,False,body_contacts.jsonl,
2979,24.825,base_link,BODY,False,False,False,body_contacts.jsonl,
2980,24.833333333333332,base_link,BODY,False,False,False,body_contacts.jsonl,
2981,24.841666666666665,base_link,BODY,False,False,False,body_contacts.jsonl,
2982,24.85,base_link,BODY,False,False,False,body_contacts.jsonl,
2983,24.858333333333334,base_link,BODY,False,False,False,body_contacts.jsonl,
2984,24.866666666666667,base_link,BODY,False,False,False,body_contacts.jsonl,
2985,24.875,base_link,BODY,False,False,False,body_contacts.jsonl,
2986,24.883333333333333,base_link,BODY,False,False,False,body_contacts.jsonl,
2987,24.891666666666666,base_link,BODY,False,False,False,body_contacts.jsonl,
2988,24.9,base_link,BODY,False,False,False,body_contacts.jsonl,
2989,24.90833333333333,base_link,BODY,False,False,False,body_contacts.jsonl,
2990,24.916666666666668,base_link,BODY,False,False,False,body_contacts.jsonl,
2991,24.925,base_link,BODY,False,False,False,body_contacts.jsonl,
2992,24.933333333333334,base_link,BODY,False,False,False,body_contacts.jsonl,
2993,24.941666666666666,base_link,BODY,False,False,False,body_contacts.jsonl,
2994,24.95,base_link,BODY,False,False,False,body_contacts.jsonl,
2995,24.958333333333332,base_link,BODY,False,False,False,body_contacts.jsonl,
2996,24.966666666666665,base_link,BODY,False,False,False,body_contacts.jsonl,
2997,24.975,base_link,BODY,False,False,False,body_contacts.jsonl,
2998,24.983333333333334,base_link,BODY,False,False,False,body_contacts.jsonl,
2999,24.991666666666667,base_link,BODY,False,False,False,body_contacts.jsonl,
3000,25.0,base_link,BODY,False,False,False,body_contacts.jsonl,
3001,25.008333333333333,base_link,BODY,False,False,False,body_contacts.jsonl,
3002,25.016666666666666,base_link,BODY,False,False,False,body_contacts.jsonl,
3003,25.025,base_link,BODY,False,False,False,body_contacts.jsonl,
3004,25.03333333333333,base_link,BODY,False,False,False,body_contacts.jsonl,
3005,25.041666666666668,base_link,BODY,False,False,False,body_contacts.jsonl,
3006,25.05,base_link,BODY,False,False,False,body_contacts.jsonl,
3007,25.058333333333334,base_link,BODY,False,False,False,body_contacts.jsonl,
3008,25.066666666666666,base_link,BODY,False,False,False,body_contacts.jsonl,
3009,25.075,base_link,BODY,False,False,False,body_contacts.jsonl,
3010,25.083333333333332,base_link,BODY,False,False,False,body_contacts.jsonl,
3011,25.091666666666665,base_link,BODY,False,False,False,body_contacts.jsonl,
3012,25.1,base_link,BODY,False,False,False,body_contacts.jsonl,
3013,25.108333333333334,base_link,BODY,False,False,False,body_contacts.jsonl,
3014,25.116666666666667,base_link,BODY,False,False,False,body_contacts.jsonl,
3015,25.125,base_link,BODY,False,False,False,body_contacts.jsonl,
3016,25.133333333333333,base_link,BODY,False,False,False,body_contacts.jsonl,
3017,25.141666666666666,base_link,BODY,False,False,False,body_contacts.jsonl,
3018,25.15,base_link,BODY,False,False,False,body_contacts.jsonl,
3019,25.15833333333333,base_link,BODY,False,False,False,body_contacts.jsonl,
3020,25.166666666666668,base_link,BODY,False,False,False,body_contacts.jsonl,
3021,25.175,base_link,BODY,False,False,False,body_contacts.jsonl,
3022,25.183333333333334,base_link,BODY,False,False,False,body_contacts.jsonl,
3023,25.191666666666666,base_link,BODY,False,False,False,body_contacts.jsonl,
3024,25.2,base_link,BODY,False,False,False,body_contacts.jsonl,
3025,25.208333333333332,base_link,BODY,False,False,False,body_contacts.jsonl,
3026,25.216666666666665,base_link,BODY,False,False,False,body_contacts.jsonl,
3027,25.225,base_link,BODY,False,False,False,body_contacts.jsonl,
3028,25.233333333333334,base_link,BODY,False,False,False,body_contacts.jsonl,
3029,25.241666666666667,base_link,BODY,False,False,False,body_contacts.jsonl,
3030,25.25,base_link,BODY,False,False,False,body_contacts.jsonl,
3031,25.258333333333333,base_link,BODY,False,False,False,body_contacts.jsonl,
3032,25.266666666666666,base_link,BODY,False,False,False,body_contacts.jsonl,
3033,25.275,base_link,BODY,False,False,False,body_contacts.jsonl,
3034,25.28333333333333,base_link,BODY,False,False,False,body_contacts.jsonl,
3035,25.291666666666668,base_link,BODY,False,False,False,body_contacts.jsonl,
3036,25.3,base_link,BODY,False,False,False,body_contacts.jsonl,
3037,25.308333333333334,base_link,BODY,False,False,False,body_contacts.jsonl,
3038,25.316666666666666,base_link,BODY,False,False,False,body_contacts.jsonl,
3039,25.325,base_link,BODY,False,False,False,body_contacts.jsonl,
3040,25.333333333333332,base_link,BODY,False,False,False,body_contacts.jsonl,
3041,25.341666666666665,base_link,BODY,False,False,False,body_contacts.jsonl,
3042,25.35,base_link,BODY,False,False,False,body_contacts.jsonl,
3043,25.358333333333334,base_link,BODY,False,False,False,body_contacts.jsonl,
3044,25.366666666666667,base_link,BODY,False,False,False,body_contacts.jsonl,
3045,25.375,base_link,BODY,False,False,False,body_contacts.jsonl,
3046,25.383333333333333,base_link,BODY,False,False,False,body_contacts.jsonl,
3047,25.391666666666666,base_link,BODY,False,False,False,body_contacts.jsonl,
3048,25.4,base_link,BODY,False,False,False,body_contacts.jsonl,
3049,25.40833333333333,base_link,BODY,False,False,False,body_contacts.jsonl,
3050,25.416666666666668,base_link,BODY,False,False,False,body_contacts.jsonl,
3051,25.425,base_link,BODY,False,False,False,body_contacts.jsonl,
3052,25.433333333333334,base_link,BODY,False,False,False,body_contacts.jsonl,
3053,25.441666666666666,base_link,BODY,False,False,False,body_contacts.jsonl,
3054,25.45,base_link,BODY,False,False,False,body_contacts.jsonl,
3055,25.458333333333332,base_link,BODY,False,False,False,body_contacts.jsonl,
3056,25.466666666666665,base_link,BODY,False,False,False,body_contacts.jsonl,
3057,25.475,base_link,BODY,False,False,False,body_contacts.jsonl,
3058,25.483333333333334,base_link,BODY,False,False,False,body_contacts.jsonl,
3059,25.491666666666667,base_link,BODY,False,False,False,body_contacts.jsonl,
3060,25.5,base_link,BODY,False,False,False,body_contacts.jsonl,
3061,25.508333333333333,base_link,BODY,False,False,False,body_contacts.jsonl,
3062,25.516666666666666,base_link,BODY,False,False,False,body_contacts.jsonl,
3063,25.525,base_link,BODY,False,False,False,body_contacts.jsonl,
3064,25.53333333333333,base_link,BODY,False,False,False,body_contacts.jsonl,
3065,25.541666666666668,base_link,BODY,False,False,False,body_contacts.jsonl,
3066,25.55,base_link,BODY,False,False,False,body_contacts.jsonl,
3067,25.558333333333334,base_link,BODY,False,False,False,body_contacts.jsonl,
3068,25.566666666666666,base_link,BODY,False,False,False,body_contacts.jsonl,
3069,25.575,base_link,BODY,False,False,False,body_contacts.jsonl,
3070,25.583333333333332,base_link,BODY,False,False,False,body_contacts.jsonl,
3071,25.591666666666665,base_link,BODY,False,False,False,body_contacts.jsonl,
3072,25.6,base_link,BODY,False,False,False,body_contacts.jsonl,
3073,25.608333333333334,base_link,BODY,False,False,False,body_contacts.jsonl,
3074,25.616666666666667,base_link,BODY,False,False,False,body_contacts.jsonl,
3075,25.625,base_link,BODY,False,False,False,body_contacts.jsonl,
3076,25.633333333333333,base_link,BODY,False,False,False,body_contacts.jsonl,
3077,25.641666666666666,base_link,BODY,False,False,False,body_contacts.jsonl,
3078,25.65,base_link,BODY,False,False,False,body_contacts.jsonl,
3079,25.65833333333333,base_link,BODY,False,False,False,body_contacts.jsonl,
3080,25.666666666666668,base_link,BODY,False,False,False,body_contacts.jsonl,
3081,25.675,base_link,BODY,False,False,False,body_contacts.jsonl,
3082,25.683333333333334,base_link,BODY,False,False,False,body_contacts.jsonl,
3083,25.691666666666666,base_link,BODY,False,False,False,body_contacts.jsonl,
3084,25.7,base_link,BODY,False,False,False,body_contacts.jsonl,
3085,25.708333333333332,base_link,BODY,False,False,False,body_contacts.jsonl,
3086,25.716666666666665,base_link,BODY,False,False,False,body_contacts.jsonl,
3087,25.724999999999998,base_link,BODY,False,False,False,body_contacts.jsonl,
3088,25.733333333333334,base_link,BODY,False,False,False,body_contacts.jsonl,
3089,25.741666666666667,base_link,BODY,False,False,False,body_contacts.jsonl,
3090,25.75,base_link,BODY,False,False,False,body_contacts.jsonl,
3091,25.758333333333333,base_link,BODY,False,False,False,body_contacts.jsonl,
3092,25.766666666666666,base_link,BODY,False,False,False,body_contacts.jsonl,
3093,25.775,base_link,BODY,False,False,False,body_contacts.jsonl,
3094,25.78333333333333,base_link,BODY,False,False,False,body_contacts.jsonl,
3095,25.791666666666668,base_link,BODY,False,False,False,body_contacts.jsonl,
3096,25.8,base_link,BODY,False,False,False,body_contacts.jsonl,
3097,25.808333333333334,base_link,BODY,False,False,False,body_contacts.jsonl,
3098,25.816666666666666,base_link,BODY,False,False,False,body_contacts.jsonl,
3099,25.825,base_link,BODY,False,False,False,body_contacts.jsonl,
3100,25.833333333333332,base_link,BODY,False,False,False,body_contacts.jsonl,
3101,25.841666666666665,base_link,BODY,False,False,False,body_contacts.jsonl,
3102,25.849999999999998,base_link,BODY,False,False,False,body_contacts.jsonl,
3103,25.858333333333334,base_link,BODY,False,False,False,body_contacts.jsonl,
3104,25.866666666666667,base_link,BODY,False,False,False,body_contacts.jsonl,
3105,25.875,base_link,BODY,False,False,False,body_contacts.jsonl,
3106,25.883333333333333,base_link,BODY,False,False,False,body_contacts.jsonl,
3107,25.891666666666666,base_link,BODY,False,False,False,body_contacts.jsonl,
3108,25.9,base_link,BODY,False,False,False,body_contacts.jsonl,
3109,25.90833333333333,base_link,BODY,False,False,False,body_contacts.jsonl,
3110,25.916666666666668,base_link,BODY,False,False,False,body_contacts.jsonl,
3111,25.925,base_link,BODY,False,False,False,body_contacts.jsonl,
3112,25.933333333333334,base_link,BODY,False,False,False,body_contacts.jsonl,
3113,25.941666666666666,base_link,BODY,False,False,False,body_contacts.jsonl,
3114,25.95,base_link,BODY,False,False,False,body_contacts.jsonl,
3115,25.958333333333332,base_link,BODY,False,False,False,body_contacts.jsonl,
3116,25.966666666666665,base_link,BODY,False,False,False,body_contacts.jsonl,
3117,25.974999999999998,base_link,BODY,False,False,False,body_contacts.jsonl,
3118,25.983333333333334,base_link,BODY,False,False,False,body_contacts.jsonl,
3119,25.991666666666667,base_link,BODY,False,False,False,body_contacts.jsonl,
3120,26.0,base_link,BODY,False,False,False,body_contacts.jsonl,
3121,26.008333333333333,base_link,BODY,False,False,False,body_contacts.jsonl,
3122,26.016666666666666,base_link,BODY,False,False,False,body_contacts.jsonl,
3123,26.025,base_link,BODY,False,False,False,body_contacts.jsonl,
3124,26.03333333333333,base_link,BODY,False,False,False,body_contacts.jsonl,
3125,26.041666666666668,base_link,BODY,False,False,False,body_contacts.jsonl,
3126,26.05,base_link,BODY,False,False,False,body_contacts.jsonl,
3127,26.058333333333334,base_link,BODY,False,False,False,body_contacts.jsonl,
3128,26.066666666666666,base_link,BODY,False,False,False,body_contacts.jsonl,
3129,26.075,base_link,BODY,False,False,False,body_contacts.jsonl,
3130,26.083333333333332,base_link,BODY,False,False,False,body_contacts.jsonl,
3131,26.091666666666665,base_link,BODY,False,False,False,body_contacts.jsonl,
3132,26.099999999999998,base_link,BODY,False,False,False,body_contacts.jsonl,
3133,26.108333333333334,base_link,BODY,False,False,False,body_contacts.jsonl,
3134,26.116666666666667,base_link,BODY,False,False,False,body_contacts.jsonl,
3135,26.125,base_link,BODY,False,False,False,body_contacts.jsonl,
3136,26.133333333333333,base_link,BODY,False,False,False,body_contacts.jsonl,
3137,26.141666666666666,base_link,BODY,False,False,False,body_contacts.jsonl,
3138,26.15,base_link,BODY,False,False,False,body_contacts.jsonl,
3139,26.15833333333333,base_link,BODY,False,False,False,body_contacts.jsonl,
3140,26.166666666666668,base_link,BODY,False,False,False,body_contacts.jsonl,
3141,26.175,base_link,BODY,False,False,False,body_contacts.jsonl,
3142,26.183333333333334,base_link,BODY,False,False,False,body_contacts.jsonl,
3143,26.191666666666666,base_link,BODY,False,False,False,body_contacts.jsonl,
3144,26.2,base_link,BODY,False,False,False,body_contacts.jsonl,
3145,26.208333333333332,base_link,BODY,False,False,False,body_contacts.jsonl,
3146,26.216666666666665,base_link,BODY,False,False,False,body_contacts.jsonl,
3147,26.224999999999998,base_link,BODY,False,False,False,body_contacts.jsonl,
3148,26.233333333333334,base_link,BODY,False,False,False,body_contacts.jsonl,
3149,26.241666666666667,base_link,BODY,False,False,False,body_contacts.jsonl,
3150,26.25,base_link,BODY,False,False,False,body_contacts.jsonl,
3151,26.258333333333333,base_link,BODY,False,False,False,body_contacts.jsonl,
3152,26.266666666666666,base_link,BODY,False,False,False,body_contacts.jsonl,
3153,26.275,base_link,BODY,False,False,False,body_contacts.jsonl,
3154,26.28333333333333,base_link,BODY,False,False,False,body_contacts.jsonl,
3155,26.291666666666668,base_link,BODY,False,False,False,body_contacts.jsonl,
3156,26.3,base_link,BODY,False,False,False,body_contacts.jsonl,
3157,26.308333333333334,base_link,BODY,False,False,False,body_contacts.jsonl,
3158,26.316666666666666,base_link,BODY,False,False,False,body_contacts.jsonl,
3159,26.325,base_link,BODY,False,False,False,body_contacts.jsonl,
3160,26.333333333333332,base_link,BODY,False,False,False,body_contacts.jsonl,
3161,26.341666666666665,base_link,BODY,False,False,False,body_contacts.jsonl,
3162,26.349999999999998,base_link,BODY,False,False,False,body_contacts.jsonl,
3163,26.358333333333334,base_link,BODY,False,False,False,body_contacts.jsonl,
3164,26.366666666666667,base_link,BODY,False,False,False,body_contacts.jsonl,
3165,26.375,base_link,BODY,False,False,False,body_contacts.jsonl,
3166,26.383333333333333,base_link,BODY,False,False,False,body_contacts.jsonl,
3167,26.391666666666666,base_link,BODY,False,False,False,body_contacts.jsonl,
3168,26.4,base_link,BODY,False,False,False,body_contacts.jsonl,
3169,26.40833333333333,base_link,BODY,False,False,False,body_contacts.jsonl,
3170,26.416666666666668,base_link,BODY,False,False,False,body_contacts.jsonl,
3171,26.425,base_link,BODY,False,False,False,body_contacts.jsonl,
3172,26.433333333333334,base_link,BODY,False,False,False,body_contacts.jsonl,
3173,26.441666666666666,base_link,BODY,False,False,False,body_contacts.jsonl,
3174,26.45,base_link,BODY,False,False,False,body_contacts.jsonl,
3175,26.458333333333332,base_link,BODY,False,False,False,body_contacts.jsonl,
3176,26.466666666666665,base_link,BODY,False,False,False,body_contacts.jsonl,
3177,26.474999999999998,base_link,BODY,False,False,False,body_contacts.jsonl,
3178,26.483333333333334,base_link,BODY,False,False,False,body_contacts.jsonl,
3179,26.491666666666667,base_link,BODY,False,False,False,body_contacts.jsonl,
3180,26.5,base_link,BODY,False,False,False,body_contacts.jsonl,
3181,26.508333333333333,base_link,BODY,False,False,False,body_contacts.jsonl,
3182,26.516666666666666,base_link,BODY,False,False,False,body_contacts.jsonl,
3183,26.525,base_link,BODY,False,False,False,body_contacts.jsonl,
3184,26.53333333333333,base_link,BODY,False,False,False,body_contacts.jsonl,
3185,26.541666666666668,base_link,BODY,False,False,False,body_contacts.jsonl,
3186,26.55,base_link,BODY,False,False,False,body_contacts.jsonl,
3187,26.558333333333334,base_link,BODY,False,False,False,body_contacts.jsonl,
3188,26.566666666666666,base_link,BODY,False,False,False,body_contacts.jsonl,
3189,26.575,base_link,BODY,False,False,False,body_contacts.jsonl,
3190,26.583333333333332,base_link,BODY,False,False,False,body_contacts.jsonl,
3191,26.591666666666665,base_link,BODY,False,False,False,body_contacts.jsonl,
3192,26.599999999999998,base_link,BODY,False,False,False,body_contacts.jsonl,
3193,26.608333333333334,base_link,BODY,False,False,False,body_contacts.jsonl,
3194,26.616666666666667,base_link,BODY,False,False,False,body_contacts.jsonl,
3195,26.625,base_link,BODY,False,False,False,body_contacts.jsonl,
3196,26.633333333333333,base_link,BODY,False,False,False,body_contacts.jsonl,
3197,26.641666666666666,base_link,BODY,False,False,False,body_contacts.jsonl,
3198,26.65,base_link,BODY,False,False,False,body_contacts.jsonl,
3199,26.65833333333333,base_link,BODY,False,False,False,body_contacts.jsonl,
3200,26.666666666666668,base_link,BODY,False,False,False,body_contacts.jsonl,
3201,26.675,base_link,BODY,False,False,False,body_contacts.jsonl,
3202,26.683333333333334,base_link,BODY,False,False,False,body_contacts.jsonl,
3203,26.691666666666666,base_link,BODY,False,False,False,body_contacts.jsonl,
3204,26.7,base_link,BODY,False,False,False,body_contacts.jsonl,
3205,26.708333333333332,base_link,BODY,False,False,False,body_contacts.jsonl,
3206,26.716666666666665,base_link,BODY,False,False,False,body_contacts.jsonl,
3207,26.724999999999998,base_link,BODY,False,False,False,body_contacts.jsonl,
3208,26.733333333333334,base_link,BODY,False,False,False,body_contacts.jsonl,
3209,26.741666666666667,base_link,BODY,False,False,False,body_contacts.jsonl,
3210,26.75,base_link,BODY,False,False,False,body_contacts.jsonl,
3211,26.758333333333333,base_link,BODY,False,False,False,body_contacts.jsonl,
3212,26.766666666666666,base_link,BODY,False,False,False,body_contacts.jsonl,
3213,26.775,base_link,BODY,False,False,False,body_contacts.jsonl,
3214,26.78333333333333,base_link,BODY,False,False,False,body_contacts.jsonl,
3215,26.791666666666668,base_link,BODY,False,False,False,body_contacts.jsonl,
3216,26.8,base_link,BODY,False,False,False,body_contacts.jsonl,
3217,26.808333333333334,base_link,BODY,False,False,False,body_contacts.jsonl,
3218,26.816666666666666,base_link,BODY,False,False,False,body_contacts.jsonl,
3219,26.825,base_link,BODY,False,False,False,body_contacts.jsonl,
3220,26.833333333333332,base_link,BODY,False,False,False,body_contacts.jsonl,
3221,26.841666666666665,base_link,BODY,False,False,False,body_contacts.jsonl,
3222,26.849999999999998,base_link,BODY,False,False,False,body_contacts.jsonl,
3223,26.858333333333334,base_link,BODY,False,False,False,body_contacts.jsonl,
3224,26.866666666666667,base_link,BODY,False,False,False,body_contacts.jsonl,
3225,26.875,base_link,BODY,False,False,False,body_contacts.jsonl,
3226,26.883333333333333,base_link,BODY,False,False,False,body_contacts.jsonl,
3227,26.891666666666666,base_link,BODY,False,False,False,body_contacts.jsonl,
3228,26.9,base_link,BODY,False,False,False,body_contacts.jsonl,
3229,26.90833333333333,base_link,BODY,False,False,False,body_contacts.jsonl,
3230,26.916666666666668,base_link,BODY,False,False,False,body_contacts.jsonl,
3231,26.925,base_link,BODY,False,False,False,body_contacts.jsonl,
3232,26.933333333333334,base_link,BODY,False,False,False,body_contacts.jsonl,
3233,26.941666666666666,base_link,BODY,False,False,False,body_contacts.jsonl,
3234,26.95,base_link,BODY,False,False,False,body_contacts.jsonl,
3235,26.958333333333332,base_link,BODY,False,False,False,body_contacts.jsonl,
3236,26.966666666666665,base_link,BODY,False,False,False,body_contacts.jsonl,
3237,26.974999999999998,base_link,BODY,False,False,False,body_contacts.jsonl,
3238,26.983333333333334,base_link,BODY,False,False,False,body_contacts.jsonl,
3239,26.991666666666667,base_link,BODY,False,False,False,body_contacts.jsonl,
3240,27.0,base_link,BODY,False,False,False,body_contacts.jsonl,
3241,27.008333333333333,base_link,BODY,False,False,False,body_contacts.jsonl,
3242,27.016666666666666,base_link,BODY,False,False,False,body_contacts.jsonl,
3243,27.025,base_link,BODY,False,False,False,body_contacts.jsonl,
3244,27.03333333333333,base_link,BODY,False,False,False,body_contacts.jsonl,
3245,27.041666666666668,base_link,BODY,False,False,False,body_contacts.jsonl,
3246,27.05,base_link,BODY,False,False,False,body_contacts.jsonl,
3247,27.058333333333334,base_link,BODY,False,False,False,body_contacts.jsonl,
3248,27.066666666666666,base_link,BODY,False,False,False,body_contacts.jsonl,
3249,27.075,base_link,BODY,False,False,False,body_contacts.jsonl,
3250,27.083333333333332,base_link,BODY,False,False,False,body_contacts.jsonl,
3251,27.091666666666665,base_link,BODY,False,False,False,body_contacts.jsonl,
3252,27.099999999999998,base_link,BODY,False,False,False,body_contacts.jsonl,
3253,27.108333333333334,base_link,BODY,False,False,False,body_contacts.jsonl,
3254,27.116666666666667,base_link,BODY,False,False,False,body_contacts.jsonl,
3255,27.125,base_link,BODY,False,False,False,body_contacts.jsonl,
3256,27.133333333333333,base_link,BODY,False,False,False,body_contacts.jsonl,
3257,27.141666666666666,base_link,BODY,False,False,False,body_contacts.jsonl,
3258,27.15,base_link,BODY,False,False,False,body_contacts.jsonl,
3259,27.15833333333333,base_link,BODY,False,False,False,body_contacts.jsonl,
3260,27.166666666666668,base_link,BODY,False,False,False,body_contacts.jsonl,
3261,27.175,base_link,BODY,False,False,False,body_contacts.jsonl,
3262,27.183333333333334,base_link,BODY,False,False,False,body_contacts.jsonl,
3263,27.191666666666666,base_link,BODY,False,False,False,body_contacts.jsonl,
3264,27.2,base_link,BODY,False,False,False,body_contacts.jsonl,
3265,27.208333333333332,base_link,BODY,False,False,False,body_contacts.jsonl,
3266,27.216666666666665,base_link,BODY,False,False,False,body_contacts.jsonl,
3267,27.224999999999998,base_link,BODY,False,False,False,body_contacts.jsonl,
3268,27.233333333333334,base_link,BODY,False,False,False,body_contacts.jsonl,
3269,27.241666666666667,base_link,BODY,False,False,False,body_contacts.jsonl,
3270,27.25,base_link,BODY,False,False,False,body_contacts.jsonl,
3271,27.258333333333333,base_link,BODY,False,False,False,body_contacts.jsonl,
3272,27.266666666666666,base_link,BODY,False,False,False,body_contacts.jsonl,
3273,27.275,base_link,BODY,False,False,False,body_contacts.jsonl,
3274,27.28333333333333,base_link,BODY,False,False,False,body_contacts.jsonl,
3275,27.291666666666668,base_link,BODY,False,False,False,body_contacts.jsonl,
3276,27.3,base_link,BODY,False,False,False,body_contacts.jsonl,
3277,27.308333333333334,base_link,BODY,False,False,False,body_contacts.jsonl,
3278,27.316666666666666,base_link,BODY,False,False,False,body_contacts.jsonl,
3279,27.325,base_link,BODY,False,False,False,body_contacts.jsonl,
3280,27.333333333333332,base_link,BODY,False,False,False,body_contacts.jsonl,
3281,27.341666666666665,base_link,BODY,False,False,False,body_contacts.jsonl,
3282,27.349999999999998,base_link,BODY,False,False,False,body_contacts.jsonl,
3283,27.358333333333334,base_link,BODY,False,False,False,body_contacts.jsonl,
3284,27.366666666666667,base_link,BODY,False,False,False,body_contacts.jsonl,
3285,27.375,base_link,BODY,False,False,False,body_contacts.jsonl,
3286,27.383333333333333,base_link,BODY,False,False,False,body_contacts.jsonl,
3287,27.391666666666666,base_link,BODY,False,False,False,body_contacts.jsonl,
3288,27.4,base_link,BODY,False,False,False,body_contacts.jsonl,
3289,27.40833333333333,base_link,BODY,False,False,False,body_contacts.jsonl,
3290,27.416666666666668,base_link,BODY,False,False,False,body_contacts.jsonl,
3291,27.425,base_link,BODY,False,False,False,body_contacts.jsonl,
3292,27.433333333333334,base_link,BODY,False,False,False,body_contacts.jsonl,
3293,27.441666666666666,base_link,BODY,False,False,False,body_contacts.jsonl,
3294,27.45,base_link,BODY,False,False,False,body_contacts.jsonl,
3295,27.458333333333332,base_link,BODY,False,False,False,body_contacts.jsonl,
3296,27.466666666666665,base_link,BODY,False,False,False,body_contacts.jsonl,
3297,27.474999999999998,base_link,BODY,False,False,False,body_contacts.jsonl,
3298,27.483333333333334,base_link,BODY,False,False,False,body_contacts.jsonl,
3299,27.491666666666667,base_link,BODY,False,False,False,body_contacts.jsonl,
3300,27.5,base_link,BODY,False,False,False,body_contacts.jsonl,
3301,27.508333333333333,base_link,BODY,False,False,False,body_contacts.jsonl,
3302,27.516666666666666,base_link,BODY,False,False,False,body_contacts.jsonl,
3303,27.525,base_link,BODY,False,False,False,body_contacts.jsonl,
3304,27.53333333333333,base_link,BODY,False,False,False,body_contacts.jsonl,
3305,27.541666666666668,base_link,BODY,False,False,False,body_contacts.jsonl,
3306,27.55,base_link,BODY,False,False,False,body_contacts.jsonl,
3307,27.558333333333334,base_link,BODY,False,False,False,body_contacts.jsonl,
3308,27.566666666666666,base_link,BODY,False,False,False,body_contacts.jsonl,
3309,27.575,base_link,BODY,False,False,False,body_contacts.jsonl,
3310,27.583333333333332,base_link,BODY,False,False,False,body_contacts.jsonl,
3311,27.591666666666665,base_link,BODY,False,False,False,body_contacts.jsonl,
3312,27.599999999999998,base_link,BODY,False,False,False,body_contacts.jsonl,
3313,27.608333333333334,base_link,BODY,False,False,False,body_contacts.jsonl,
3314,27.616666666666667,base_link,BODY,False,False,False,body_contacts.jsonl,
3315,27.625,base_link,BODY,False,False,False,body_contacts.jsonl,
3316,27.633333333333333,base_link,BODY,False,False,False,body_contacts.jsonl,
3317,27.641666666666666,base_link,BODY,False,False,False,body_contacts.jsonl,
3318,27.65,base_link,BODY,False,False,False,body_contacts.jsonl,
3319,27.65833333333333,base_link,BODY,False,False,False,body_contacts.jsonl,
3320,27.666666666666668,base_link,BODY,False,False,False,body_contacts.jsonl,
3321,27.675,base_link,BODY,False,False,False,body_contacts.jsonl,
3322,27.683333333333334,base_link,BODY,False,False,False,body_contacts.jsonl,
3323,27.691666666666666,base_link,BODY,False,False,False,body_contacts.jsonl,
3324,27.7,base_link,BODY,False,False,False,body_contacts.jsonl,
3325,27.708333333333332,base_link,BODY,False,False,False,body_contacts.jsonl,
3326,27.716666666666665,base_link,BODY,False,False,False,body_contacts.jsonl,
3327,27.724999999999998,base_link,BODY,False,False,False,body_contacts.jsonl,
3328,27.733333333333334,base_link,BODY,False,False,False,body_contacts.jsonl,
3329,27.741666666666667,base_link,BODY,False,False,False,body_contacts.jsonl,
3330,27.75,base_link,BODY,False,False,False,body_contacts.jsonl,
3331,27.758333333333333,base_link,BODY,False,False,False,body_contacts.jsonl,
3332,27.766666666666666,base_link,BODY,False,False,False,body_contacts.jsonl,
3333,27.775,base_link,BODY,False,False,False,body_contacts.jsonl,
3334,27.78333333333333,base_link,BODY,False,False,False,body_contacts.jsonl,
3335,27.791666666666668,base_link,BODY,False,False,False,body_contacts.jsonl,
3336,27.8,base_link,BODY,False,False,False,body_contacts.jsonl,
3337,27.808333333333334,base_link,BODY,False,False,False,body_contacts.jsonl,
3338,27.816666666666666,base_link,BODY,False,False,False,body_contacts.jsonl,
3339,27.825,base_link,BODY,False,False,False,body_contacts.jsonl,
3340,27.833333333333332,base_link,BODY,False,False,False,body_contacts.jsonl,
3341,27.841666666666665,base_link,BODY,False,False,False,body_contacts.jsonl,
3342,27.849999999999998,base_link,BODY,False,False,False,body_contacts.jsonl,
3343,27.858333333333334,base_link,BODY,False,False,False,body_contacts.jsonl,
3344,27.866666666666667,base_link,BODY,False,False,False,body_contacts.jsonl,
3345,27.875,base_link,BODY,False,False,False,body_contacts.jsonl,
3346,27.883333333333333,base_link,BODY,False,False,False,body_contacts.jsonl,
3347,27.891666666666666,base_link,BODY,False,False,False,body_contacts.jsonl,
3348,27.9,base_link,BODY,False,False,False,body_contacts.jsonl,
3349,27.90833333333333,base_link,BODY,False,False,False,body_contacts.jsonl,
3350,27.916666666666668,base_link,BODY,False,False,False,body_contacts.jsonl,
3351,27.925,base_link,BODY,False,False,False,body_contacts.jsonl,
3352,27.933333333333334,base_link,BODY,False,False,False,body_contacts.jsonl,
3353,27.941666666666666,base_link,BODY,False,False,False,body_contacts.jsonl,
3354,27.95,base_link,BODY,False,False,False,body_contacts.jsonl,
3355,27.958333333333332,base_link,BODY,False,False,False,body_contacts.jsonl,
3356,27.966666666666665,base_link,BODY,False,False,False,body_contacts.jsonl,
3357,27.974999999999998,base_link,BODY,False,False,False,body_contacts.jsonl,
3358,27.983333333333334,base_link,BODY,False,False,False,body_contacts.jsonl,
3359,27.991666666666667,base_link,BODY,False,False,False,body_contacts.jsonl,
3360,28.0,base_link,BODY,False,False,False,body_contacts.jsonl,
3361,28.008333333333333,base_link,BODY,False,False,False,body_contacts.jsonl,
3362,28.016666666666666,base_link,BODY,False,False,False,body_contacts.jsonl,
3363,28.025,base_link,BODY,False,False,False,body_contacts.jsonl,
3364,28.03333333333333,base_link,BODY,False,False,False,body_contacts.jsonl,
3365,28.041666666666668,base_link,BODY,False,False,False,body_contacts.jsonl,
3366,28.05,base_link,BODY,False,False,False,body_contacts.jsonl,
3367,28.058333333333334,base_link,BODY,False,False,False,body_contacts.jsonl,
3368,28.066666666666666,base_link,BODY,False,False,False,body_contacts.jsonl,
3369,28.075,base_link,BODY,False,False,False,body_contacts.jsonl,
3370,28.083333333333332,base_link,BODY,False,False,False,body_contacts.jsonl,
3371,28.091666666666665,base_link,BODY,False,False,False,body_contacts.jsonl,
3372,28.099999999999998,base_link,BODY,False,False,False,body_contacts.jsonl,
3373,28.108333333333334,base_link,BODY,False,False,False,body_contacts.jsonl,
3374,28.116666666666667,base_link,BODY,False,False,False,body_contacts.jsonl,
3375,28.125,base_link,BODY,False,False,False,body_contacts.jsonl,
3376,28.133333333333333,base_link,BODY,False,False,False,body_contacts.jsonl,
3377,28.141666666666666,base_link,BODY,False,False,False,body_contacts.jsonl,
3378,28.15,base_link,BODY,False,False,False,body_contacts.jsonl,
3379,28.15833333333333,base_link,BODY,False,False,False,body_contacts.jsonl,
3380,28.166666666666668,base_link,BODY,False,False,False,body_contacts.jsonl,
3381,28.175,base_link,BODY,False,False,False,body_contacts.jsonl,
3382,28.183333333333334,base_link,BODY,False,False,False,body_contacts.jsonl,
3383,28.191666666666666,base_link,BODY,False,False,False,body_contacts.jsonl,
3384,28.2,base_link,BODY,False,False,False,body_contacts.jsonl,
3385,28.208333333333332,base_link,BODY,False,False,False,body_contacts.jsonl,
3386,28.216666666666665,base_link,BODY,False,False,False,body_contacts.jsonl,
3387,28.224999999999998,base_link,BODY,False,False,False,body_contacts.jsonl,
3388,28.233333333333334,base_link,BODY,False,False,False,body_contacts.jsonl,
3389,28.241666666666667,base_link,BODY,False,False,False,body_contacts.jsonl,
3390,28.25,base_link,BODY,False,False,False,body_contacts.jsonl,
3391,28.258333333333333,base_link,BODY,False,False,False,body_contacts.jsonl,
3392,28.266666666666666,base_link,BODY,False,False,False,body_contacts.jsonl,
3393,28.275,base_link,BODY,False,False,False,body_contacts.jsonl,
3394,28.28333333333333,base_link,BODY,False,False,False,body_contacts.jsonl,
3395,28.291666666666668,base_link,BODY,False,False,False,body_contacts.jsonl,
3396,28.3,base_link,BODY,False,False,False,body_contacts.jsonl,
3397,28.308333333333334,base_link,BODY,False,False,False,body_contacts.jsonl,
3398,28.316666666666666,base_link,BODY,False,False,False,body_contacts.jsonl,
3399,28.325,base_link,BODY,False,False,False,body_contacts.jsonl,
3400,28.333333333333332,base_link,BODY,False,False,False,body_contacts.jsonl,
3401,28.341666666666665,base_link,BODY,False,False,False,body_contacts.jsonl,
3402,28.349999999999998,base_link,BODY,False,False,False,body_contacts.jsonl,
3403,28.358333333333334,base_link,BODY,False,False,False,body_contacts.jsonl,
3404,28.366666666666667,base_link,BODY,False,False,False,body_contacts.jsonl,
3405,28.375,base_link,BODY,False,False,False,body_contacts.jsonl,
3406,28.383333333333333,base_link,BODY,False,False,False,body_contacts.jsonl,
3407,28.391666666666666,base_link,BODY,False,False,False,body_contacts.jsonl,
3408,28.4,base_link,BODY,False,False,False,body_contacts.jsonl,
3409,28.40833333333333,base_link,BODY,False,False,False,body_contacts.jsonl,
3410,28.416666666666668,base_link,BODY,False,False,False,body_contacts.jsonl,
3411,28.425,base_link,BODY,False,False,False,body_contacts.jsonl,
3412,28.433333333333334,base_link,BODY,False,False,False,body_contacts.jsonl,
3413,28.441666666666666,base_link,BODY,False,False,False,body_contacts.jsonl,
3414,28.45,base_link,BODY,False,False,False,body_contacts.jsonl,
3415,28.458333333333332,base_link,BODY,False,False,False,body_contacts.jsonl,
3416,28.466666666666665,base_link,BODY,False,False,False,body_contacts.jsonl,
3417,28.474999999999998,base_link,BODY,False,False,False,body_contacts.jsonl,
3418,28.483333333333334,base_link,BODY,False,False,False,body_contacts.jsonl,
3419,28.491666666666667,base_link,BODY,False,False,False,body_contacts.jsonl,
3420,28.5,base_link,BODY,False,False,False,body_contacts.jsonl,
3421,28.508333333333333,base_link,BODY,False,False,False,body_contacts.jsonl,
3422,28.516666666666666,base_link,BODY,False,False,False,body_contacts.jsonl,
3423,28.525,base_link,BODY,False,False,False,body_contacts.jsonl,
3424,28.53333333333333,base_link,BODY,False,False,False,body_contacts.jsonl,
3425,28.541666666666668,base_link,BODY,False,False,False,body_contacts.jsonl,
3426,28.55,base_link,BODY,False,False,False,body_contacts.jsonl,
3427,28.558333333333334,base_link,BODY,False,False,False,body_contacts.jsonl,
3428,28.566666666666666,base_link,BODY,False,False,False,body_contacts.jsonl,
3429,28.575,base_link,BODY,False,False,False,body_contacts.jsonl,
3430,28.583333333333332,base_link,BODY,False,False,False,body_contacts.jsonl,
3431,28.591666666666665,base_link,BODY,False,False,False,body_contacts.jsonl,
3432,28.599999999999998,base_link,BODY,False,False,False,body_contacts.jsonl,
3433,28.608333333333334,base_link,BODY,False,False,False,body_contacts.jsonl,
3434,28.616666666666667,base_link,BODY,False,False,False,body_contacts.jsonl,
3435,28.625,base_link,BODY,False,False,False,body_contacts.jsonl,
3436,28.633333333333333,base_link,BODY,False,False,False,body_contacts.jsonl,
3437,28.641666666666666,base_link,BODY,False,False,False,body_contacts.jsonl,
3438,28.65,base_link,BODY,False,False,False,body_contacts.jsonl,
3439,28.65833333333333,base_link,BODY,False,False,False,body_contacts.jsonl,
3440,28.666666666666668,base_link,BODY,False,False,False,body_contacts.jsonl,
3441,28.675,base_link,BODY,False,False,False,body_contacts.jsonl,
3442,28.683333333333334,base_link,BODY,False,False,False,body_contacts.jsonl,
3443,28.691666666666666,base_link,BODY,False,False,False,body_contacts.jsonl,
3444,28.7,base_link,BODY,False,False,False,body_contacts.jsonl,
3445,28.708333333333332,base_link,BODY,False,False,False,body_contacts.jsonl,
3446,28.716666666666665,base_link,BODY,False,False,False,body_contacts.jsonl,
3447,28.724999999999998,base_link,BODY,False,False,False,body_contacts.jsonl,
3448,28.733333333333334,base_link,BODY,False,False,False,body_contacts.jsonl,
3449,28.741666666666667,base_link,BODY,False,False,False,body_contacts.jsonl,
3450,28.75,base_link,BODY,False,False,False,body_contacts.jsonl,
3451,28.758333333333333,base_link,BODY,False,False,False,body_contacts.jsonl,
3452,28.766666666666666,base_link,BODY,False,False,False,body_contacts.jsonl,
3453,28.775,base_link,BODY,False,False,False,body_contacts.jsonl,
3454,28.78333333333333,base_link,BODY,False,False,False,body_contacts.jsonl,
3455,28.791666666666668,base_link,BODY,False,False,False,body_contacts.jsonl,
3456,28.8,base_link,BODY,False,False,False,body_contacts.jsonl,
3457,28.808333333333334,base_link,BODY,False,False,False,body_contacts.jsonl,
3458,28.816666666666666,base_link,BODY,False,False,False,body_contacts.jsonl,
3459,28.825,base_link,BODY,False,False,False,body_contacts.jsonl,
3460,28.833333333333332,base_link,BODY,False,False,False,body_contacts.jsonl,
3461,28.841666666666665,base_link,BODY,False,False,False,body_contacts.jsonl,
3462,28.849999999999998,base_link,BODY,False,False,False,body_contacts.jsonl,
3463,28.858333333333334,base_link,BODY,False,False,False,body_contacts.jsonl,
3464,28.866666666666667,base_link,BODY,False,False,False,body_contacts.jsonl,
3465,28.875,base_link,BODY,False,False,False,body_contacts.jsonl,
3466,28.883333333333333,base_link,BODY,False,False,False,body_contacts.jsonl,
3467,28.891666666666666,base_link,BODY,False,False,False,body_contacts.jsonl,
3468,28.9,base_link,BODY,False,False,False,body_contacts.jsonl,
3469,28.90833333333333,base_link,BODY,False,False,False,body_contacts.jsonl,
3470,28.916666666666668,base_link,BODY,False,False,False,body_contacts.jsonl,
3471,28.925,base_link,BODY,False,False,False,body_contacts.jsonl,
3472,28.933333333333334,base_link,BODY,False,False,False,body_contacts.jsonl,
3473,28.941666666666666,base_link,BODY,False,False,False,body_contacts.jsonl,
3474,28.95,base_link,BODY,False,False,False,body_contacts.jsonl,
3475,28.958333333333332,base_link,BODY,False,False,False,body_contacts.jsonl,
3476,28.966666666666665,base_link,BODY,False,False,False,body_contacts.jsonl,
3477,28.974999999999998,base_link,BODY,False,False,False,body_contacts.jsonl,
3478,28.983333333333334,base_link,BODY,False,False,False,body_contacts.jsonl,
3479,28.991666666666667,base_link,BODY,False,False,False,body_contacts.jsonl,
3480,29.0,base_link,BODY,False,False,False,body_contacts.jsonl,
3481,29.008333333333333,base_link,BODY,False,False,False,body_contacts.jsonl,
3482,29.016666666666666,base_link,BODY,False,False,False,body_contacts.jsonl,
3483,29.025,base_link,BODY,False,False,False,body_contacts.jsonl,
3484,29.03333333333333,base_link,BODY,False,False,False,body_contacts.jsonl,
3485,29.041666666666668,base_link,BODY,False,False,False,body_contacts.jsonl,
3486,29.05,base_link,BODY,False,False,False,body_contacts.jsonl,
3487,29.058333333333334,base_link,BODY,False,False,False,body_contacts.jsonl,
3488,29.066666666666666,base_link,BODY,False,False,False,body_contacts.jsonl,
3489,29.075,base_link,BODY,False,False,False,body_contacts.jsonl,
3490,29.083333333333332,base_link,BODY,False,False,False,body_contacts.jsonl,
3491,29.091666666666665,base_link,BODY,False,False,False,body_contacts.jsonl,
3492,29.099999999999998,base_link,BODY,False,False,False,body_contacts.jsonl,
3493,29.108333333333334,base_link,BODY,False,False,False,body_contacts.jsonl,
3494,29.116666666666667,base_link,BODY,False,False,False,body_contacts.jsonl,
3495,29.125,base_link,BODY,False,False,False,body_contacts.jsonl,
3496,29.133333333333333,base_link,BODY,False,False,False,body_contacts.jsonl,
3497,29.141666666666666,base_link,BODY,False,False,False,body_contacts.jsonl,
3498,29.15,base_link,BODY,False,False,False,body_contacts.jsonl,
3499,29.15833333333333,base_link,BODY,False,False,False,body_contacts.jsonl,
3500,29.166666666666668,base_link,BODY,False,False,False,body_contacts.jsonl,
3501,29.175,base_link,BODY,False,False,False,body_contacts.jsonl,
3502,29.183333333333334,base_link,BODY,False,False,False,body_contacts.jsonl,
3503,29.191666666666666,base_link,BODY,False,False,False,body_contacts.jsonl,
3504,29.2,base_link,BODY,False,False,False,body_contacts.jsonl,
3505,29.208333333333332,base_link,BODY,False,False,False,body_contacts.jsonl,
3506,29.216666666666665,base_link,BODY,False,False,False,body_contacts.jsonl,
3507,29.224999999999998,base_link,BODY,False,False,False,body_contacts.jsonl,
3508,29.233333333333334,base_link,BODY,False,False,False,body_contacts.jsonl,
3509,29.241666666666667,base_link,BODY,False,False,False,body_contacts.jsonl,
3510,29.25,base_link,BODY,False,False,False,body_contacts.jsonl,
3511,29.258333333333333,base_link,BODY,False,False,False,body_contacts.jsonl,
3512,29.266666666666666,base_link,BODY,False,False,False,body_contacts.jsonl,
3513,29.275,base_link,BODY,False,False,False,body_contacts.jsonl,
3514,29.28333333333333,base_link,BODY,False,False,False,body_contacts.jsonl,
3515,29.291666666666668,base_link,BODY,False,False,False,body_contacts.jsonl,
3516,29.3,base_link,BODY,False,False,False,body_contacts.jsonl,
3517,29.308333333333334,base_link,BODY,False,False,False,body_contacts.jsonl,
3518,29.316666666666666,base_link,BODY,False,False,False,body_contacts.jsonl,
3519,29.325,base_link,BODY,False,False,False,body_contacts.jsonl,
3520,29.333333333333332,base_link,BODY,False,False,False,body_contacts.jsonl,
3521,29.341666666666665,base_link,BODY,False,False,False,body_contacts.jsonl,
3522,29.349999999999998,base_link,BODY,False,False,False,body_contacts.jsonl,
3523,29.358333333333334,base_link,BODY,False,False,False,body_contacts.jsonl,
3524,29.366666666666667,base_link,BODY,False,False,False,body_contacts.jsonl,
3525,29.375,base_link,BODY,False,False,False,body_contacts.jsonl,
3526,29.383333333333333,base_link,BODY,False,False,False,body_contacts.jsonl,
3527,29.391666666666666,base_link,BODY,False,False,False,body_contacts.jsonl,
3528,29.4,base_link,BODY,False,False,False,body_contacts.jsonl,
3529,29.40833333333333,base_link,BODY,False,False,False,body_contacts.jsonl,
3530,29.416666666666668,base_link,BODY,False,False,False,body_contacts.jsonl,
3531,29.425,base_link,BODY,False,False,False,body_contacts.jsonl,
3532,29.433333333333334,base_link,BODY,False,False,False,body_contacts.jsonl,
3533,29.441666666666666,base_link,BODY,False,False,False,body_contacts.jsonl,
3534,29.45,base_link,BODY,False,False,False,body_contacts.jsonl,
3535,29.458333333333332,base_link,BODY,False,False,False,body_contacts.jsonl,
3536,29.466666666666665,base_link,BODY,False,False,False,body_contacts.jsonl,
3537,29.474999999999998,base_link,BODY,False,False,False,body_contacts.jsonl,
3538,29.483333333333334,base_link,BODY,False,False,False,body_contacts.jsonl,
3539,29.491666666666667,base_link,BODY,False,False,False,body_contacts.jsonl,
3540,29.5,base_link,BODY,False,False,False,body_contacts.jsonl,
3541,29.508333333333333,base_link,BODY,False,False,False,body_contacts.jsonl,
3542,29.516666666666666,base_link,BODY,False,False,False,body_contacts.jsonl,
3543,29.525,base_link,BODY,False,False,False,body_contacts.jsonl,
3544,29.53333333333333,base_link,BODY,False,False,False,body_contacts.jsonl,
3545,29.541666666666668,base_link,BODY,False,False,False,body_contacts.jsonl,
3546,29.55,base_link,BODY,False,False,False,body_contacts.jsonl,
3547,29.558333333333334,base_link,BODY,False,False,False,body_contacts.jsonl,
3548,29.566666666666666,base_link,BODY,False,False,False,body_contacts.jsonl,
3549,29.575,base_link,BODY,False,False,False,body_contacts.jsonl,
3550,29.583333333333332,base_link,BODY,False,False,False,body_contacts.jsonl,
3551,29.591666666666665,base_link,BODY,False,False,False,body_contacts.jsonl,
3552,29.599999999999998,base_link,BODY,False,False,False,body_contacts.jsonl,
3553,29.608333333333334,base_link,BODY,False,False,False,body_contacts.jsonl,
3554,29.616666666666667,base_link,BODY,False,False,False,body_contacts.jsonl,
3555,29.625,base_link,BODY,False,False,False,body_contacts.jsonl,
3556,29.633333333333333,base_link,BODY,False,False,False,body_contacts.jsonl,
3557,29.641666666666666,base_link,BODY,False,False,False,body_contacts.jsonl,
3558,29.65,base_link,BODY,False,False,False,body_contacts.jsonl,
3559,29.65833333333333,base_link,BODY,False,False,False,body_contacts.jsonl,
3560,29.666666666666668,base_link,BODY,False,False,False,body_contacts.jsonl,
3561,29.675,base_link,BODY,False,False,False,body_contacts.jsonl,
3562,29.683333333333334,base_link,BODY,False,False,False,body_contacts.jsonl,
3563,29.691666666666666,base_link,BODY,False,False,False,body_contacts.jsonl,
3564,29.7,base_link,BODY,False,False,False,body_contacts.jsonl,
3565,29.708333333333332,base_link,BODY,False,False,False,body_contacts.jsonl,
3566,29.716666666666665,base_link,BODY,False,False,False,body_contacts.jsonl,
3567,29.724999999999998,base_link,BODY,False,False,False,body_contacts.jsonl,
3568,29.733333333333334,base_link,BODY,False,False,False,body_contacts.jsonl,
3569,29.741666666666667,base_link,BODY,False,False,False,body_contacts.jsonl,
3570,29.75,base_link,BODY,False,False,False,body_contacts.jsonl,
3571,29.758333333333333,base_link,BODY,False,False,False,body_contacts.jsonl,
3572,29.766666666666666,base_link,BODY,False,False,False,body_contacts.jsonl,
3573,29.775,base_link,BODY,False,False,False,body_contacts.jsonl,
3574,29.78333333333333,base_link,BODY,False,False,False,body_contacts.jsonl,
3575,29.791666666666668,base_link,BODY,False,False,False,body_contacts.jsonl,
3576,29.8,base_link,BODY,False,False,False,body_contacts.jsonl,
3577,29.808333333333334,base_link,BODY,False,False,False,body_contacts.jsonl,
3578,29.816666666666666,base_link,BODY,False,False,False,body_contacts.jsonl,
3579,29.825,base_link,BODY,False,False,False,body_contacts.jsonl,
3580,29.833333333333332,base_link,BODY,False,False,False,body_contacts.jsonl,
3581,29.841666666666665,base_link,BODY,False,False,False,body_contacts.jsonl,
3582,29.849999999999998,base_link,BODY,False,False,False,body_contacts.jsonl,
3583,29.858333333333334,base_link,BODY,False,False,False,body_contacts.jsonl,
3584,29.866666666666667,base_link,BODY,False,False,False,body_contacts.jsonl,
3585,29.875,base_link,BODY,False,False,False,body_contacts.jsonl,
3586,29.883333333333333,base_link,BODY,False,False,False,body_contacts.jsonl,
3587,29.891666666666666,base_link,BODY,False,False,False,body_contacts.jsonl,
3588,29.9,base_link,BODY,False,False,False,body_contacts.jsonl,
3589,29.90833333333333,base_link,BODY,False,False,False,body_contacts.jsonl,
3590,29.916666666666668,base_link,BODY,False,False,False,body_contacts.jsonl,
3591,29.925,base_link,BODY,False,False,False,body_contacts.jsonl,
3592,29.933333333333334,base_link,BODY,False,False,False,body_contacts.jsonl,
3593,29.941666666666666,base_link,BODY,False,False,False,body_contacts.jsonl,
3594,29.95,base_link,BODY,False,False,False,body_contacts.jsonl,
3595,29.958333333333332,base_link,BODY,False,False,False,body_contacts.jsonl,
3596,29.966666666666665,base_link,BODY,False,False,False,body_contacts.jsonl,
3597,29.974999999999998,base_link,BODY,False,False,False,body_contacts.jsonl,
3598,29.983333333333334,base_link,BODY,False,False,False,body_contacts.jsonl,
3599,29.991666666666667,base_link,BODY,False,False,False,body_contacts.jsonl,
3600,30.0,base_link,BODY,False,False,False,body_contacts.jsonl,
3601,30.008333333333333,base_link,BODY,False,False,False,body_contacts.jsonl,
3602,30.016666666666666,base_link,BODY,False,False,False,body_contacts.jsonl,
3603,30.025,base_link,BODY,False,False,False,body_contacts.jsonl,
3604,30.03333333333333,base_link,BODY,False,False,False,body_contacts.jsonl,
3605,30.041666666666668,base_link,BODY,False,False,False,body_contacts.jsonl,
3606,30.05,base_link,BODY,False,False,False,body_contacts.jsonl,
3607,30.058333333333334,base_link,BODY,False,False,False,body_contacts.jsonl,
3608,30.066666666666666,base_link,BODY,False,False,False,body_contacts.jsonl,
3609,30.075,base_link,BODY,False,False,False,body_contacts.jsonl,
3610,30.083333333333332,base_link,BODY,False,False,False,body_contacts.jsonl,
3611,30.091666666666665,base_link,BODY,False,False,False,body_contacts.jsonl,
3612,30.099999999999998,base_link,BODY,False,False,False,body_contacts.jsonl,
3613,30.108333333333334,base_link,BODY,False,False,False,body_contacts.jsonl,
3614,30.116666666666667,base_link,BODY,False,False,False,body_contacts.jsonl,
3615,30.125,base_link,BODY,False,False,False,body_contacts.jsonl,
3616,30.133333333333333,base_link,BODY,False,False,False,body_contacts.jsonl,
3617,30.141666666666666,base_link,BODY,False,False,False,body_contacts.jsonl,
3618,30.15,base_link,BODY,False,False,False,body_contacts.jsonl,
3619,30.15833333333333,base_link,BODY,False,False,False,body_contacts.jsonl,
3620,30.166666666666668,base_link,BODY,False,False,False,body_contacts.jsonl,
3621,30.175,base_link,BODY,False,False,False,body_contacts.jsonl,
3622,30.183333333333334,base_link,BODY,False,False,False,body_contacts.jsonl,
3623,30.191666666666666,base_link,BODY,False,False,False,body_contacts.jsonl,
3624,30.2,base_link,BODY,False,False,False,body_contacts.jsonl,
3625,30.208333333333332,base_link,BODY,False,False,False,body_contacts.jsonl,
3626,30.216666666666665,base_link,BODY,False,False,False,body_contacts.jsonl,
3627,30.224999999999998,base_link,BODY,False,False,False,body_contacts.jsonl,
3628,30.233333333333334,base_link,BODY,False,False,False,body_contacts.jsonl,
3629,30.241666666666667,base_link,BODY,False,False,False,body_contacts.jsonl,
3630,30.25,base_link,BODY,False,False,False,body_contacts.jsonl,
3631,30.258333333333333,base_link,BODY,False,False,False,body_contacts.jsonl,
3632,30.266666666666666,base_link,BODY,False,False,False,body_contacts.jsonl,
3633,30.275,base_link,BODY,False,False,False,body_contacts.jsonl,
3634,30.28333333333333,base_link,BODY,False,False,False,body_contacts.jsonl,
3635,30.291666666666668,base_link,BODY,False,False,False,body_contacts.jsonl,
3636,30.3,base_link,BODY,False,False,False,body_contacts.jsonl,
3637,30.308333333333334,base_link,BODY,False,False,False,body_contacts.jsonl,
3638,30.316666666666666,base_link,BODY,False,False,False,body_contacts.jsonl,
3639,30.325,base_link,BODY,False,False,False,body_contacts.jsonl,
3640,30.333333333333332,base_link,BODY,False,False,False,body_contacts.jsonl,
3641,30.341666666666665,base_link,BODY,False,False,False,body_contacts.jsonl,
3642,30.349999999999998,base_link,BODY,False,False,False,body_contacts.jsonl,
3643,30.358333333333334,base_link,BODY,False,False,False,body_contacts.jsonl,
3644,30.366666666666667,base_link,BODY,False,False,False,body_contacts.jsonl,
3645,30.375,base_link,BODY,False,False,False,body_contacts.jsonl,
3646,30.383333333333333,base_link,BODY,False,False,False,body_contacts.jsonl,
3647,30.391666666666666,base_link,BODY,False,False,False,body_contacts.jsonl,
3648,30.4,base_link,BODY,False,False,False,body_contacts.jsonl,
3649,30.40833333333333,base_link,BODY,False,False,False,body_contacts.jsonl,
3650,30.416666666666668,base_link,BODY,False,False,False,body_contacts.jsonl,
3651,30.425,base_link,BODY,False,False,False,body_contacts.jsonl,
3652,30.433333333333334,base_link,BODY,False,False,False,body_contacts.jsonl,
3653,30.441666666666666,base_link,BODY,False,False,False,body_contacts.jsonl,
3654,30.45,base_link,BODY,False,False,False,body_contacts.jsonl,
3655,30.458333333333332,base_link,BODY,False,False,False,body_contacts.jsonl,
3656,30.466666666666665,base_link,BODY,False,False,False,body_contacts.jsonl,
3657,30.474999999999998,base_link,BODY,False,False,False,body_contacts.jsonl,
3658,30.483333333333334,base_link,BODY,False,False,False,body_contacts.jsonl,
3659,30.491666666666667,base_link,BODY,False,False,False,body_contacts.jsonl,
3660,30.5,base_link,BODY,False,False,False,body_contacts.jsonl,
3661,30.508333333333333,base_link,BODY,False,False,False,body_contacts.jsonl,
3662,30.516666666666666,base_link,BODY,False,False,False,body_contacts.jsonl,
3663,30.525,base_link,BODY,False,False,False,body_contacts.jsonl,
3664,30.53333333333333,base_link,BODY,False,False,False,body_contacts.jsonl,
3665,30.541666666666668,base_link,BODY,False,False,False,body_contacts.jsonl,
3666,30.55,base_link,BODY,False,False,False,body_contacts.jsonl,
3667,30.558333333333334,base_link,BODY,False,False,False,body_contacts.jsonl,
3668,30.566666666666666,base_link,BODY,False,False,False,body_contacts.jsonl,
3669,30.575,base_link,BODY,False,False,False,body_contacts.jsonl,
3670,30.583333333333332,base_link,BODY,False,False,False,body_contacts.jsonl,
3671,30.591666666666665,base_link,BODY,False,False,False,body_contacts.jsonl,
3672,30.599999999999998,base_link,BODY,False,False,False,body_contacts.jsonl,
3673,30.608333333333334,base_link,BODY,False,False,False,body_contacts.jsonl,
3674,30.616666666666667,base_link,BODY,False,False,False,body_contacts.jsonl,
3675,30.625,base_link,BODY,False,False,False,body_contacts.jsonl,
3676,30.633333333333333,base_link,BODY,False,False,False,body_contacts.jsonl,
3677,30.641666666666666,base_link,BODY,False,False,False,body_contacts.jsonl,
3678,30.65,base_link,BODY,False,False,False,body_contacts.jsonl,
3679,30.65833333333333,base_link,BODY,False,False,False,body_contacts.jsonl,
3680,30.666666666666668,base_link,BODY,False,False,False,body_contacts.jsonl,
3681,30.675,base_link,BODY,False,False,False,body_contacts.jsonl,
3682,30.683333333333334,base_link,BODY,False,False,False,body_contacts.jsonl,
3683,30.691666666666666,base_link,BODY,False,False,False,body_contacts.jsonl,
3684,30.7,base_link,BODY,False,False,False,body_contacts.jsonl,
3685,30.708333333333332,base_link,BODY,False,False,False,body_contacts.jsonl,
3686,30.716666666666665,base_link,BODY,False,False,False,body_contacts.jsonl,
3687,30.724999999999998,base_link,BODY,False,False,False,body_contacts.jsonl,
3688,30.733333333333334,base_link,BODY,False,False,False,body_contacts.jsonl,
3689,30.741666666666667,base_link,BODY,False,False,False,body_contacts.jsonl,
3690,30.75,base_link,BODY,False,False,False,body_contacts.jsonl,
3691,30.758333333333333,base_link,BODY,False,False,False,body_contacts.jsonl,
3692,30.766666666666666,base_link,BODY,False,False,False,body_contacts.jsonl,
3693,30.775,base_link,BODY,False,False,False,body_contacts.jsonl,
3694,30.78333333333333,base_link,BODY,False,False,False,body_contacts.jsonl,
3695,30.791666666666668,base_link,BODY,False,False,False,body_contacts.jsonl,
3696,30.8,base_link,BODY,False,False,False,body_contacts.jsonl,
3697,30.808333333333334,base_link,BODY,False,False,False,body_contacts.jsonl,
3698,30.816666666666666,base_link,BODY,False,False,False,body_contacts.jsonl,
3699,30.825,base_link,BODY,False,False,False,body_contacts.jsonl,
3700,30.833333333333332,base_link,BODY,False,False,False,body_contacts.jsonl,
3701,30.841666666666665,base_link,BODY,False,False,False,body_contacts.jsonl,
3702,30.849999999999998,base_link,BODY,False,False,False,body_contacts.jsonl,
3703,30.858333333333334,base_link,BODY,False,False,False,body_contacts.jsonl,
3704,30.866666666666667,base_link,BODY,False,False,False,body_contacts.jsonl,
3705,30.875,base_link,BODY,False,False,False,body_contacts.jsonl,
3706,30.883333333333333,base_link,BODY,False,False,False,body_contacts.jsonl,
3707,30.891666666666666,base_link,BODY,False,False,False,body_contacts.jsonl,
3708,30.9,base_link,BODY,False,False,False,body_contacts.jsonl,
3709,30.90833333333333,base_link,BODY,False,False,False,body_contacts.jsonl,
3710,30.916666666666668,base_link,BODY,False,False,False,body_contacts.jsonl,
3711,30.925,base_link,BODY,False,False,False,body_contacts.jsonl,
3712,30.933333333333334,base_link,BODY,False,False,False,body_contacts.jsonl,
3713,30.941666666666666,base_link,BODY,False,False,False,body_contacts.jsonl,
3714,30.95,base_link,BODY,False,False,False,body_contacts.jsonl,
3715,30.958333333333332,base_link,BODY,False,False,False,body_contacts.jsonl,
3716,30.966666666666665,base_link,BODY,False,False,False,body_contacts.jsonl,
3717,30.974999999999998,base_link,BODY,False,False,False,body_contacts.jsonl,
3718,30.983333333333334,base_link,BODY,False,False,False,body_contacts.jsonl,
3719,30.991666666666667,base_link,BODY,False,False,False,body_contacts.jsonl,
3720,31.0,base_link,BODY,False,False,False,body_contacts.jsonl,
3721,31.008333333333333,base_link,BODY,False,False,False,body_contacts.jsonl,
3722,31.016666666666666,base_link,BODY,False,False,False,body_contacts.jsonl,
3723,31.025,base_link,BODY,False,False,False,body_contacts.jsonl,
3724,31.03333333333333,base_link,BODY,False,False,False,body_contacts.jsonl,
3725,31.041666666666668,base_link,BODY,False,False,False,body_contacts.jsonl,
3726,31.05,base_link,BODY,False,False,False,body_contacts.jsonl,
3727,31.058333333333334,base_link,BODY,False,False,False,body_contacts.jsonl,
3728,31.066666666666666,base_link,BODY,False,False,False,body_contacts.jsonl,
3729,31.075,base_link,BODY,False,False,False,body_contacts.jsonl,
3730,31.083333333333332,base_link,BODY,False,False,False,body_contacts.jsonl,
3731,31.091666666666665,base_link,BODY,False,False,False,body_contacts.jsonl,
3732,31.099999999999998,base_link,BODY,False,False,False,body_contacts.jsonl,
3733,31.108333333333334,base_link,BODY,False,False,False,body_contacts.jsonl,
3734,31.116666666666667,base_link,BODY,False,False,False,body_contacts.jsonl,
3735,31.125,base_link,BODY,False,False,False,body_contacts.jsonl,
3736,31.133333333333333,base_link,BODY,False,False,False,body_contacts.jsonl,
3737,31.141666666666666,base_link,BODY,False,False,False,body_contacts.jsonl,
3738,31.15,base_link,BODY,False,False,False,body_contacts.jsonl,
3739,31.15833333333333,base_link,BODY,False,False,False,body_contacts.jsonl,
3740,31.166666666666668,base_link,BODY,False,False,False,body_contacts.jsonl,
3741,31.175,base_link,BODY,False,False,False,body_contacts.jsonl,
3742,31.183333333333334,base_link,BODY,False,False,False,body_contacts.jsonl,
3743,31.191666666666666,base_link,BODY,False,False,False,body_contacts.jsonl,
3744,31.2,base_link,BODY,False,False,False,body_contacts.jsonl,
3745,31.208333333333332,base_link,BODY,False,False,False,body_contacts.jsonl,
3746,31.216666666666665,base_link,BODY,False,False,False,body_contacts.jsonl,
3747,31.224999999999998,base_link,BODY,False,False,False,body_contacts.jsonl,
3748,31.233333333333334,base_link,BODY,False,False,False,body_contacts.jsonl,
3749,31.241666666666667,base_link,BODY,False,False,False,body_contacts.jsonl,
3750,31.25,base_link,BODY,False,False,False,body_contacts.jsonl,
3751,31.258333333333333,base_link,BODY,False,False,False,body_contacts.jsonl,
3752,31.266666666666666,base_link,BODY,False,False,False,body_contacts.jsonl,
3753,31.275,base_link,BODY,False,False,False,body_contacts.jsonl,
3754,31.28333333333333,base_link,BODY,False,False,False,body_contacts.jsonl,
3755,31.291666666666668,base_link,BODY,False,False,False,body_contacts.jsonl,
3756,31.3,base_link,BODY,False,False,False,body_contacts.jsonl,
3757,31.308333333333334,base_link,BODY,False,False,False,body_contacts.jsonl,
3758,31.316666666666666,base_link,BODY,False,False,False,body_contacts.jsonl,
3759,31.325,base_link,BODY,False,False,False,body_contacts.jsonl,
3760,31.333333333333332,base_link,BODY,False,False,False,body_contacts.jsonl,
3761,31.341666666666665,base_link,BODY,False,False,False,body_contacts.jsonl,
3762,31.349999999999998,base_link,BODY,False,False,False,body_contacts.jsonl,
3763,31.358333333333334,base_link,BODY,False,False,False,body_contacts.jsonl,
3764,31.366666666666667,base_link,BODY,False,False,False,body_contacts.jsonl,
3765,31.375,base_link,BODY,False,False,False,body_contacts.jsonl,
3766,31.383333333333333,base_link,BODY,False,False,False,body_contacts.jsonl,
3767,31.391666666666666,base_link,BODY,False,False,False,body_contacts.jsonl,
3768,31.4,base_link,BODY,False,False,False,body_contacts.jsonl,
3769,31.40833333333333,base_link,BODY,False,False,False,body_contacts.jsonl,
3770,31.416666666666668,base_link,BODY,False,False,False,body_contacts.jsonl,
3771,31.425,base_link,BODY,False,False,False,body_contacts.jsonl,
3772,31.433333333333334,base_link,BODY,False,False,False,body_contacts.jsonl,
3773,31.441666666666666,base_link,BODY,False,False,False,body_contacts.jsonl,
3774,31.45,base_link,BODY,False,False,False,body_contacts.jsonl,
3775,31.458333333333332,base_link,BODY,False,False,False,body_contacts.jsonl,
3776,31.466666666666665,base_link,BODY,False,False,False,body_contacts.jsonl,
3777,31.474999999999998,base_link,BODY,False,False,False,body_contacts.jsonl,
3778,31.483333333333334,base_link,BODY,False,False,False,body_contacts.jsonl,
3779,31.491666666666667,base_link,BODY,False,False,False,body_contacts.jsonl,
3780,31.5,base_link,BODY,False,False,False,body_contacts.jsonl,
3781,31.508333333333333,base_link,BODY,False,False,False,body_contacts.jsonl,
3782,31.516666666666666,base_link,BODY,False,False,False,body_contacts.jsonl,
3783,31.525,base_link,BODY,False,False,False,body_contacts.jsonl,
3784,31.53333333333333,base_link,BODY,False,False,False,body_contacts.jsonl,
3785,31.541666666666668,base_link,BODY,False,False,False,body_contacts.jsonl,
3786,31.55,base_link,BODY,False,False,False,body_contacts.jsonl,
3787,31.558333333333334,base_link,BODY,False,False,False,body_contacts.jsonl,
3788,31.566666666666666,base_link,BODY,False,False,False,body_contacts.jsonl,
3789,31.575,base_link,BODY,False,False,False,body_contacts.jsonl,
3790,31.583333333333332,base_link,BODY,False,False,False,body_contacts.jsonl,
3791,31.591666666666665,base_link,BODY,False,False,False,body_contacts.jsonl,
3792,31.599999999999998,base_link,BODY,False,False,False,body_contacts.jsonl,
3793,31.608333333333334,base_link,BODY,False,False,False,body_contacts.jsonl,
3794,31.616666666666667,base_link,BODY,False,False,False,body_contacts.jsonl,
3795,31.625,base_link,BODY,False,False,False,body_contacts.jsonl,
3796,31.633333333333333,base_link,BODY,False,False,False,body_contacts.jsonl,
3797,31.641666666666666,base_link,BODY,False,False,False,body_contacts.jsonl,
3798,31.65,base_link,BODY,False,False,False,body_contacts.jsonl,
3799,31.65833333333333,base_link,BODY,False,False,False,body_contacts.jsonl,
3800,31.666666666666668,base_link,BODY,False,False,False,body_contacts.jsonl,
3801,31.675,base_link,BODY,False,False,False,body_contacts.jsonl,
3802,31.683333333333334,base_link,BODY,False,False,False,body_contacts.jsonl,
3803,31.691666666666666,base_link,BODY,False,False,False,body_contacts.jsonl,
3804,31.7,base_link,BODY,False,False,False,body_contacts.jsonl,
3805,31.708333333333332,base_link,BODY,False,False,False,body_contacts.jsonl,
3806,31.716666666666665,base_link,BODY,False,False,False,body_contacts.jsonl,
3807,31.724999999999998,base_link,BODY,False,False,False,body_contacts.jsonl,
3808,31.733333333333334,base_link,BODY,False,False,False,body_contacts.jsonl,
3809,31.741666666666667,base_link,BODY,False,False,False,body_contacts.jsonl,
3810,31.75,base_link,BODY,False,False,False,body_contacts.jsonl,
3811,31.758333333333333,base_link,BODY,False,False,False,body_contacts.jsonl,
3812,31.766666666666666,base_link,BODY,False,False,False,body_contacts.jsonl,
3813,31.775,base_link,BODY,False,False,False,body_contacts.jsonl,
3814,31.78333333333333,base_link,BODY,False,False,False,body_contacts.jsonl,
3815,31.791666666666668,base_link,BODY,False,False,False,body_contacts.jsonl,
3816,31.8,base_link,BODY,False,False,False,body_contacts.jsonl,
3817,31.808333333333334,base_link,BODY,False,False,False,body_contacts.jsonl,
3818,31.816666666666666,base_link,BODY,False,False,False,body_contacts.jsonl,
3819,31.825,base_link,BODY,False,False,False,body_contacts.jsonl,
3820,31.833333333333332,base_link,BODY,False,False,False,body_contacts.jsonl,
3821,31.841666666666665,base_link,BODY,False,False,False,body_contacts.jsonl,
3822,31.849999999999998,base_link,BODY,False,False,False,body_contacts.jsonl,
3823,31.858333333333334,base_link,BODY,False,False,False,body_contacts.jsonl,
3824,31.866666666666667,base_link,BODY,False,False,False,body_contacts.jsonl,
3825,31.875,base_link,BODY,False,False,False,body_contacts.jsonl,
3826,31.883333333333333,base_link,BODY,False,False,False,body_contacts.jsonl,
3827,31.891666666666666,base_link,BODY,False,False,False,body_contacts.jsonl,
3828,31.9,base_link,BODY,False,False,False,body_contacts.jsonl,
3829,31.90833333333333,base_link,BODY,False,False,False,body_contacts.jsonl,
3830,31.916666666666668,base_link,BODY,False,False,False,body_contacts.jsonl,
3831,31.925,base_link,BODY,False,False,False,body_contacts.jsonl,
3832,31.933333333333334,base_link,BODY,False,False,False,body_contacts.jsonl,
3833,31.941666666666666,base_link,BODY,False,False,False,body_contacts.jsonl,
3834,31.95,base_link,BODY,False,False,False,body_contacts.jsonl,
3835,31.958333333333332,base_link,BODY,False,False,False,body_contacts.jsonl,
3836,31.966666666666665,base_link,BODY,False,False,False,body_contacts.jsonl,
3837,31.974999999999998,base_link,BODY,False,False,False,body_contacts.jsonl,
3838,31.983333333333334,base_link,BODY,False,False,False,body_contacts.jsonl,
3839,31.991666666666667,base_link,BODY,False,False,False,body_contacts.jsonl,
3840,32.0,base_link,BODY,False,False,False,body_contacts.jsonl,
3841,32.00833333333333,base_link,BODY,False,False,False,body_contacts.jsonl,
3842,32.016666666666666,base_link,BODY,False,False,False,body_contacts.jsonl,
3843,32.025,base_link,BODY,False,False,False,body_contacts.jsonl,
3844,32.03333333333333,base_link,BODY,False,False,False,body_contacts.jsonl,
3845,32.041666666666664,base_link,BODY,False,False,False,body_contacts.jsonl,
3846,32.05,base_link,BODY,False,False,False,body_contacts.jsonl,
3847,32.05833333333333,base_link,BODY,False,False,False,body_contacts.jsonl,
3848,32.06666666666666,base_link,BODY,False,False,False,body_contacts.jsonl,
3849,32.075,base_link,BODY,False,False,False,body_contacts.jsonl,
3850,32.083333333333336,base_link,BODY,False,False,False,body_contacts.jsonl,
3851,32.09166666666667,base_link,BODY,False,False,False,body_contacts.jsonl,
3852,32.1,base_link,BODY,False,False,False,body_contacts.jsonl,
3853,32.108333333333334,base_link,BODY,False,False,False,body_contacts.jsonl,
3854,32.11666666666667,base_link,BODY,False,False,False,body_contacts.jsonl,
3855,32.125,base_link,BODY,False,False,False,body_contacts.jsonl,
3856,32.13333333333333,base_link,BODY,False,False,False,body_contacts.jsonl,
3857,32.141666666666666,base_link,BODY,False,False,False,body_contacts.jsonl,
3858,32.15,base_link,BODY,False,False,False,body_contacts.jsonl,
3859,32.15833333333333,base_link,BODY,False,False,False,body_contacts.jsonl,
3860,32.166666666666664,base_link,BODY,False,False,False,body_contacts.jsonl,
3861,32.175,base_link,BODY,False,False,False,body_contacts.jsonl,
3862,32.18333333333333,base_link,BODY,False,False,False,body_contacts.jsonl,
3863,32.19166666666666,base_link,BODY,False,False,False,body_contacts.jsonl,
3864,32.2,base_link,BODY,False,False,False,body_contacts.jsonl,
3865,32.208333333333336,base_link,BODY,False,False,False,body_contacts.jsonl,
3866,32.21666666666667,base_link,BODY,False,False,False,body_contacts.jsonl,
3867,32.225,base_link,BODY,False,False,False,body_contacts.jsonl,
3868,32.233333333333334,base_link,BODY,False,False,False,body_contacts.jsonl,
3869,32.24166666666667,base_link,BODY,False,False,False,body_contacts.jsonl,
3870,32.25,base_link,BODY,False,False,False,body_contacts.jsonl,
3871,32.25833333333333,base_link,BODY,False,False,False,body_contacts.jsonl,
3872,32.266666666666666,base_link,BODY,False,False,False,body_contacts.jsonl,
3873,32.275,base_link,BODY,False,False,False,body_contacts.jsonl,
3874,32.28333333333333,base_link,BODY,False,False,False,body_contacts.jsonl,
3875,32.291666666666664,base_link,BODY,False,False,False,body_contacts.jsonl,
3876,32.3,base_link,BODY,False,False,False,body_contacts.jsonl,
3877,32.30833333333333,base_link,BODY,False,False,False,body_contacts.jsonl,
3878,32.31666666666666,base_link,BODY,False,False,False,body_contacts.jsonl,
3879,32.325,base_link,BODY,False,False,False,body_contacts.jsonl,
3880,32.333333333333336,base_link,BODY,False,False,False,body_contacts.jsonl,
3881,32.34166666666667,base_link,BODY,False,False,False,body_contacts.jsonl,
3882,32.35,base_link,BODY,False,False,False,body_contacts.jsonl,
3883,32.358333333333334,base_link,BODY,False,False,False,body_contacts.jsonl,
3884,32.36666666666667,base_link,BODY,False,False,False,body_contacts.jsonl,
3885,32.375,base_link,BODY,False,False,False,body_contacts.jsonl,
3886,32.38333333333333,base_link,BODY,False,False,False,body_contacts.jsonl,
3887,32.391666666666666,base_link,BODY,False,False,False,body_contacts.jsonl,
3888,32.4,base_link,BODY,False,False,False,body_contacts.jsonl,
3889,32.40833333333333,base_link,BODY,False,False,False,body_contacts.jsonl,
3890,32.416666666666664,base_link,BODY,False,False,False,body_contacts.jsonl,
3891,32.425,base_link,BODY,False,False,False,body_contacts.jsonl,
3892,32.43333333333333,base_link,BODY,False,False,False,body_contacts.jsonl,
3893,32.44166666666666,base_link,BODY,False,False,False,body_contacts.jsonl,
3894,32.45,base_link,BODY,False,False,False,body_contacts.jsonl,
3895,32.458333333333336,base_link,BODY,False,False,False,body_contacts.jsonl,
3896,32.46666666666667,base_link,BODY,False,False,False,body_contacts.jsonl,
3897,32.475,base_link,BODY,False,False,False,body_contacts.jsonl,
3898,32.483333333333334,base_link,BODY,False,False,False,body_contacts.jsonl,
3899,32.49166666666667,base_link,BODY,False,False,False,body_contacts.jsonl,
3900,32.5,base_link,BODY,False,False,False,body_contacts.jsonl,
3901,32.50833333333333,base_link,BODY,False,False,False,body_contacts.jsonl,
3902,32.516666666666666,base_link,BODY,False,False,False,body_contacts.jsonl,
3903,32.525,base_link,BODY,False,False,False,body_contacts.jsonl,
3904,32.53333333333333,base_link,BODY,False,False,False,body_contacts.jsonl,
3905,32.541666666666664,base_link,BODY,False,False,False,body_contacts.jsonl,
3906,32.55,base_link,BODY,False,False,False,body_contacts.jsonl,
3907,32.55833333333333,base_link,BODY,False,False,False,body_contacts.jsonl,
3908,32.56666666666666,base_link,BODY,False,False,False,body_contacts.jsonl,
3909,32.575,base_link,BODY,False,False,False,body_contacts.jsonl,
3910,32.583333333333336,base_link,BODY,False,False,False,body_contacts.jsonl,
3911,32.59166666666667,base_link,BODY,False,False,False,body_contacts.jsonl,
3912,32.6,base_link,BODY,False,False,False,body_contacts.jsonl,
3913,32.608333333333334,base_link,BODY,False,False,False,body_contacts.jsonl,
3914,32.61666666666667,base_link,BODY,False,False,False,body_contacts.jsonl,
3915,32.625,base_link,BODY,False,False,False,body_contacts.jsonl,
3916,32.63333333333333,base_link,BODY,False,False,False,body_contacts.jsonl,
3917,32.641666666666666,base_link,BODY,False,False,False,body_contacts.jsonl,
3918,32.65,base_link,BODY,False,False,False,body_contacts.jsonl,
3919,32.65833333333333,base_link,BODY,False,False,False,body_contacts.jsonl,
3920,32.666666666666664,base_link,BODY,False,False,False,body_contacts.jsonl,
3921,32.675,base_link,BODY,False,False,False,body_contacts.jsonl,
3922,32.68333333333333,base_link,BODY,False,False,False,body_contacts.jsonl,
3923,32.69166666666666,base_link,BODY,False,False,False,body_contacts.jsonl,
3924,32.7,base_link,BODY,False,False,False,body_contacts.jsonl,
3925,32.708333333333336,base_link,BODY,False,False,False,body_contacts.jsonl,
3926,32.71666666666667,base_link,BODY,False,False,False,body_contacts.jsonl,
3927,32.725,base_link,BODY,False,False,False,body_contacts.jsonl,
3928,32.733333333333334,base_link,BODY,False,False,False,body_contacts.jsonl,
3929,32.74166666666667,base_link,BODY,False,False,False,body_contacts.jsonl,
3930,32.75,base_link,BODY,False,False,False,body_contacts.jsonl,
3931,32.75833333333333,base_link,BODY,False,False,False,body_contacts.jsonl,
3932,32.766666666666666,base_link,BODY,False,False,False,body_contacts.jsonl,
3933,32.775,base_link,BODY,False,False,False,body_contacts.jsonl,
3934,32.78333333333333,base_link,BODY,False,False,False,body_contacts.jsonl,
3935,32.791666666666664,base_link,BODY,False,False,False,body_contacts.jsonl,
3936,32.8,base_link,BODY,False,False,False,body_contacts.jsonl,
3937,32.80833333333333,base_link,BODY,False,False,False,body_contacts.jsonl,
3938,32.81666666666666,base_link,BODY,False,False,False,body_contacts.jsonl,
3939,32.825,base_link,BODY,False,False,False,body_contacts.jsonl,
3940,32.833333333333336,base_link,BODY,False,False,False,body_contacts.jsonl,
3941,32.84166666666667,base_link,BODY,False,False,False,body_contacts.jsonl,
3942,32.85,base_link,BODY,False,False,False,body_contacts.jsonl,
3943,32.858333333333334,base_link,BODY,False,False,False,body_contacts.jsonl,
3944,32.86666666666667,base_link,BODY,False,False,False,body_contacts.jsonl,
3945,32.875,base_link,BODY,False,False,False,body_contacts.jsonl,
3946,32.88333333333333,base_link,BODY,False,False,False,body_contacts.jsonl,
3947,32.891666666666666,base_link,BODY,False,False,False,body_contacts.jsonl,
3948,32.9,base_link,BODY,False,False,False,body_contacts.jsonl,
3949,32.90833333333333,base_link,BODY,False,False,False,body_contacts.jsonl,
3950,32.916666666666664,base_link,BODY,False,False,False,body_contacts.jsonl,
3951,32.925,base_link,BODY,False,False,False,body_contacts.jsonl,
3952,32.93333333333333,base_link,BODY,False,False,False,body_contacts.jsonl,
3953,32.94166666666666,base_link,BODY,False,False,False,body_contacts.jsonl,
3954,32.95,base_link,BODY,False,False,False,body_contacts.jsonl,
3955,32.958333333333336,base_link,BODY,False,False,False,body_contacts.jsonl,
3956,32.96666666666667,base_link,BODY,False,False,False,body_contacts.jsonl,
3957,32.975,base_link,BODY,False,False,False,body_contacts.jsonl,
3958,32.983333333333334,base_link,BODY,False,False,False,body_contacts.jsonl,
3959,32.99166666666667,base_link,BODY,False,False,False,body_contacts.jsonl,
3960,33.0,base_link,BODY,False,False,False,body_contacts.jsonl,
3961,33.00833333333333,base_link,BODY,False,False,False,body_contacts.jsonl,
3962,33.016666666666666,base_link,BODY,False,False,False,body_contacts.jsonl,
3963,33.025,base_link,BODY,False,False,False,body_contacts.jsonl,
3964,33.03333333333333,base_link,BODY,False,False,False,body_contacts.jsonl,
3965,33.041666666666664,base_link,BODY,False,False,False,body_contacts.jsonl,
3966,33.05,base_link,BODY,False,False,False,body_contacts.jsonl,
3967,33.05833333333333,base_link,BODY,False,False,False,body_contacts.jsonl,
3968,33.06666666666666,base_link,BODY,False,False,False,body_contacts.jsonl,
3969,33.075,base_link,BODY,False,False,False,body_contacts.jsonl,
3970,33.083333333333336,base_link,BODY,False,False,False,body_contacts.jsonl,
3971,33.09166666666667,base_link,BODY,False,False,False,body_contacts.jsonl,
3972,33.1,base_link,BODY,False,False,False,body_contacts.jsonl,
3973,33.108333333333334,base_link,BODY,False,False,False,body_contacts.jsonl,
3974,33.11666666666667,base_link,BODY,False,False,False,body_contacts.jsonl,
3975,33.125,base_link,BODY,False,False,False,body_contacts.jsonl,
3976,33.13333333333333,base_link,BODY,False,False,False,body_contacts.jsonl,
3977,33.141666666666666,base_link,BODY,False,False,False,body_contacts.jsonl,
3978,33.15,base_link,BODY,False,False,False,body_contacts.jsonl,
3979,33.15833333333333,base_link,BODY,False,False,False,body_contacts.jsonl,
3980,33.166666666666664,base_link,BODY,False,False,False,body_contacts.jsonl,
3981,33.175,base_link,BODY,False,False,False,body_contacts.jsonl,
3982,33.18333333333333,base_link,BODY,False,False,False,body_contacts.jsonl,
3983,33.19166666666666,base_link,BODY,False,False,False,body_contacts.jsonl,
3984,33.2,base_link,BODY,False,False,False,body_contacts.jsonl,
3985,33.208333333333336,base_link,BODY,False,False,False,body_contacts.jsonl,
3986,33.21666666666667,base_link,BODY,False,False,False,body_contacts.jsonl,
3987,33.225,base_link,BODY,False,False,False,body_contacts.jsonl,
3988,33.233333333333334,base_link,BODY,False,False,False,body_contacts.jsonl,
3989,33.24166666666667,base_link,BODY,False,False,False,body_contacts.jsonl,
3990,33.25,base_link,BODY,False,False,False,body_contacts.jsonl,
3991,33.25833333333333,base_link,BODY,False,False,False,body_contacts.jsonl,
3992,33.266666666666666,base_link,BODY,False,False,False,body_contacts.jsonl,
3993,33.275,base_link,BODY,False,False,False,body_contacts.jsonl,
3994,33.28333333333333,base_link,BODY,False,False,False,body_contacts.jsonl,
3995,33.291666666666664,base_link,BODY,False,False,False,body_contacts.jsonl,
3996,33.3,base_link,BODY,False,False,False,body_contacts.jsonl,
3997,33.30833333333333,base_link,BODY,False,False,False,body_contacts.jsonl,
3998,33.31666666666666,base_link,BODY,False,False,False,body_contacts.jsonl,
3999,33.325,base_link,BODY,False,False,False,body_contacts.jsonl,
4000,33.333333333333336,base_link,BODY,False,False,False,body_contacts.jsonl,
4001,33.34166666666667,base_link,BODY,False,False,False,body_contacts.jsonl,
4002,33.35,base_link,BODY,False,False,False,body_contacts.jsonl,
4003,33.358333333333334,base_link,BODY,False,False,False,body_contacts.jsonl,
4004,33.36666666666667,base_link,BODY,False,False,False,body_contacts.jsonl,
4005,33.375,base_link,BODY,False,False,False,body_contacts.jsonl,
4006,33.38333333333333,base_link,BODY,False,False,False,body_contacts.jsonl,
4007,33.391666666666666,base_link,BODY,False,False,False,body_contacts.jsonl,
4008,33.4,base_link,BODY,False,False,False,body_contacts.jsonl,
4009,33.40833333333333,base_link,BODY,False,False,False,body_contacts.jsonl,
4010,33.416666666666664,base_link,BODY,False,False,False,body_contacts.jsonl,
4011,33.425,base_link,BODY,False,False,False,body_contacts.jsonl,
4012,33.43333333333333,base_link,BODY,False,False,False,body_contacts.jsonl,
4013,33.44166666666666,base_link,BODY,False,False,False,body_contacts.jsonl,
4014,33.45,base_link,BODY,False,False,False,body_contacts.jsonl,
4015,33.458333333333336,base_link,BODY,False,False,False,body_contacts.jsonl,
4016,33.46666666666667,base_link,BODY,False,False,False,body_contacts.jsonl,
4017,33.475,base_link,BODY,False,False,False,body_contacts.jsonl,
4018,33.483333333333334,base_link,BODY,False,False,False,body_contacts.jsonl,
4019,33.49166666666667,base_link,BODY,False,False,False,body_contacts.jsonl,
4020,33.5,base_link,BODY,False,False,False,body_contacts.jsonl,
4021,33.50833333333333,base_link,BODY,False,False,False,body_contacts.jsonl,
4022,33.516666666666666,base_link,BODY,False,False,False,body_contacts.jsonl,
4023,33.525,base_link,BODY,False,False,False,body_contacts.jsonl,
4024,33.53333333333333,base_link,BODY,False,False,False,body_contacts.jsonl,
4025,33.541666666666664,base_link,BODY,False,False,False,body_contacts.jsonl,
4026,33.55,base_link,BODY,False,False,False,body_contacts.jsonl,
4027,33.55833333333333,base_link,BODY,False,False,False,body_contacts.jsonl,
4028,33.56666666666666,base_link,BODY,False,False,False,body_contacts.jsonl,
4029,33.575,base_link,BODY,False,False,False,body_contacts.jsonl,
4030,33.583333333333336,base_link,BODY,False,False,False,body_contacts.jsonl,
4031,33.59166666666667,base_link,BODY,False,False,False,body_contacts.jsonl,
4032,33.6,base_link,BODY,False,False,False,body_contacts.jsonl,
4033,33.608333333333334,base_link,BODY,False,False,False,body_contacts.jsonl,
4034,33.61666666666667,base_link,BODY,False,False,False,body_contacts.jsonl,
4035,33.625,base_link,BODY,False,False,False,body_contacts.jsonl,
4036,33.63333333333333,base_link,BODY,False,False,False,body_contacts.jsonl,
4037,33.641666666666666,base_link,BODY,False,False,False,body_contacts.jsonl,
4038,33.65,base_link,BODY,False,False,False,body_contacts.jsonl,
4039,33.65833333333333,base_link,BODY,False,False,False,body_contacts.jsonl,
4040,33.666666666666664,base_link,BODY,False,False,False,body_contacts.jsonl,
4041,33.675,base_link,BODY,False,False,False,body_contacts.jsonl,
4042,33.68333333333333,base_link,BODY,False,False,False,body_contacts.jsonl,
4043,33.69166666666666,base_link,BODY,False,False,False,body_contacts.jsonl,
4044,33.7,base_link,BODY,False,False,False,body_contacts.jsonl,
4045,33.708333333333336,base_link,BODY,False,False,False,body_contacts.jsonl,
4046,33.71666666666667,base_link,BODY,False,False,False,body_contacts.jsonl,
4047,33.725,base_link,BODY,False,False,False,body_contacts.jsonl,
4048,33.733333333333334,base_link,BODY,False,False,False,body_contacts.jsonl,
4049,33.74166666666667,base_link,BODY,False,False,False,body_contacts.jsonl,
4050,33.75,base_link,BODY,False,False,False,body_contacts.jsonl,
4051,33.75833333333333,base_link,BODY,False,False,False,body_contacts.jsonl,
4052,33.766666666666666,base_link,BODY,False,False,False,body_contacts.jsonl,
4053,33.775,base_link,BODY,False,False,False,body_contacts.jsonl,
4054,33.78333333333333,base_link,BODY,False,False,False,body_contacts.jsonl,
4055,33.791666666666664,base_link,BODY,False,False,False,body_contacts.jsonl,
4056,33.8,base_link,BODY,False,False,False,body_contacts.jsonl,
4057,33.80833333333333,base_link,BODY,False,False,False,body_contacts.jsonl,
4058,33.81666666666666,base_link,BODY,False,False,False,body_contacts.jsonl,
4059,33.825,base_link,BODY,False,False,False,body_contacts.jsonl,
4060,33.833333333333336,base_link,BODY,False,False,False,body_contacts.jsonl,
4061,33.84166666666667,base_link,BODY,False,False,False,body_contacts.jsonl,
4062,33.85,base_link,BODY,False,False,False,body_contacts.jsonl,
4063,33.858333333333334,base_link,BODY,False,False,False,body_contacts.jsonl,
4064,33.86666666666667,base_link,BODY,False,False,False,body_contacts.jsonl,
4065,33.875,base_link,BODY,False,False,False,body_contacts.jsonl,
4066,33.88333333333333,base_link,BODY,False,False,False,body_contacts.jsonl,
4067,33.891666666666666,base_link,BODY,False,False,False,body_contacts.jsonl,
4068,33.9,base_link,BODY,False,False,False,body_contacts.jsonl,
4069,33.90833333333333,base_link,BODY,False,False,False,body_contacts.jsonl,
4070,33.916666666666664,base_link,BODY,False,False,False,body_contacts.jsonl,
4071,33.925,base_link,BODY,False,False,False,body_contacts.jsonl,
4072,33.93333333333333,base_link,BODY,False,False,False,body_contacts.jsonl,
4073,33.94166666666666,base_link,BODY,False,False,False,body_contacts.jsonl,
4074,33.95,base_link,BODY,False,False,False,body_contacts.jsonl,
4075,33.958333333333336,base_link,BODY,False,False,False,body_contacts.jsonl,
4076,33.96666666666667,base_link,BODY,False,False,False,body_contacts.jsonl,
4077,33.975,base_link,BODY,False,False,False,body_contacts.jsonl,
4078,33.983333333333334,base_link,BODY,False,False,False,body_contacts.jsonl,
4079,33.99166666666667,base_link,BODY,False,False,False,body_contacts.jsonl,
4080,34.0,base_link,BODY,False,False,False,body_contacts.jsonl,
4081,34.00833333333333,base_link,BODY,False,False,False,body_contacts.jsonl,
4082,34.016666666666666,base_link,BODY,False,False,False,body_contacts.jsonl,
4083,34.025,base_link,BODY,False,False,False,body_contacts.jsonl,
4084,34.03333333333333,base_link,BODY,False,False,False,body_contacts.jsonl,
4085,34.041666666666664,base_link,BODY,False,False,False,body_contacts.jsonl,
4086,34.05,base_link,BODY,False,False,False,body_contacts.jsonl,
4087,34.05833333333333,base_link,BODY,False,False,False,body_contacts.jsonl,
4088,34.06666666666666,base_link,BODY,False,False,False,body_contacts.jsonl,
4089,34.075,base_link,BODY,False,False,False,body_contacts.jsonl,
4090,34.083333333333336,base_link,BODY,False,False,False,body_contacts.jsonl,
4091,34.09166666666667,base_link,BODY,False,False,False,body_contacts.jsonl,
4092,34.1,base_link,BODY,False,False,False,body_contacts.jsonl,
4093,34.108333333333334,base_link,BODY,False,False,False,body_contacts.jsonl,
4094,34.11666666666667,base_link,BODY,False,False,False,body_contacts.jsonl,
4095,34.125,base_link,BODY,False,False,False,body_contacts.jsonl,
4096,34.13333333333333,base_link,BODY,False,False,False,body_contacts.jsonl,
4097,34.141666666666666,base_link,BODY,False,False,False,body_contacts.jsonl,
4098,34.15,base_link,BODY,False,False,False,body_contacts.jsonl,
4099,34.15833333333333,base_link,BODY,False,False,False,body_contacts.jsonl,
4100,34.166666666666664,base_link,BODY,False,False,False,body_contacts.jsonl,
4101,34.175,base_link,BODY,False,False,False,body_contacts.jsonl,
4102,34.18333333333333,base_link,BODY,False,False,False,body_contacts.jsonl,
4103,34.19166666666666,base_link,BODY,False,False,False,body_contacts.jsonl,
4104,34.2,base_link,BODY,False,False,False,body_contacts.jsonl,
4105,34.208333333333336,base_link,BODY,False,False,False,body_contacts.jsonl,
4106,34.21666666666667,base_link,BODY,False,False,False,body_contacts.jsonl,
4107,34.225,base_link,BODY,False,False,False,body_contacts.jsonl,
4108,34.233333333333334,base_link,BODY,False,False,False,body_contacts.jsonl,
4109,34.24166666666667,base_link,BODY,False,False,False,body_contacts.jsonl,
4110,34.25,base_link,BODY,False,False,False,body_contacts.jsonl,
4111,34.25833333333333,base_link,BODY,False,False,False,body_contacts.jsonl,
4112,34.266666666666666,base_link,BODY,False,False,False,body_contacts.jsonl,
4113,34.275,base_link,BODY,False,False,False,body_contacts.jsonl,
4114,34.28333333333333,base_link,BODY,False,False,False,body_contacts.jsonl,
4115,34.291666666666664,base_link,BODY,False,False,False,body_contacts.jsonl,
4116,34.3,base_link,BODY,False,False,False,body_contacts.jsonl,
4117,34.30833333333333,base_link,BODY,False,False,False,body_contacts.jsonl,
4118,34.31666666666666,base_link,BODY,False,False,False,body_contacts.jsonl,
4119,34.325,base_link,BODY,False,False,False,body_contacts.jsonl,
4120,34.333333333333336,base_link,BODY,False,False,False,body_contacts.jsonl,
4121,34.34166666666667,base_link,BODY,False,False,False,body_contacts.jsonl,
4122,34.35,base_link,BODY,False,False,False,body_contacts.jsonl,
4123,34.358333333333334,base_link,BODY,False,False,False,body_contacts.jsonl,
4124,34.36666666666667,base_link,BODY,False,False,False,body_contacts.jsonl,
4125,34.375,base_link,BODY,False,False,False,body_contacts.jsonl,
4126,34.38333333333333,base_link,BODY,False,False,False,body_contacts.jsonl,
4127,34.391666666666666,base_link,BODY,False,False,False,body_contacts.jsonl,
4128,34.4,base_link,BODY,False,False,False,body_contacts.jsonl,
4129,34.40833333333333,base_link,BODY,False,False,False,body_contacts.jsonl,
4130,34.416666666666664,base_link,BODY,False,False,False,body_contacts.jsonl,
4131,34.425,base_link,BODY,False,False,False,body_contacts.jsonl,
4132,34.43333333333333,base_link,BODY,False,False,False,body_contacts.jsonl,
4133,34.44166666666666,base_link,BODY,False,False,False,body_contacts.jsonl,
4134,34.45,base_link,BODY,False,False,False,body_contacts.jsonl,
4135,34.458333333333336,base_link,BODY,False,False,False,body_contacts.jsonl,
4136,34.46666666666667,base_link,BODY,False,False,False,body_contacts.jsonl,
4137,34.475,base_link,BODY,False,False,False,body_contacts.jsonl,
4138,34.483333333333334,base_link,BODY,False,False,False,body_contacts.jsonl,
4139,34.49166666666667,base_link,BODY,False,False,False,body_contacts.jsonl,
4140,34.5,base_link,BODY,False,False,False,body_contacts.jsonl,
4141,34.50833333333333,base_link,BODY,False,False,False,body_contacts.jsonl,
4142,34.516666666666666,base_link,BODY,False,False,False,body_contacts.jsonl,
4143,34.525,base_link,BODY,False,False,False,body_contacts.jsonl,
4144,34.53333333333333,base_link,BODY,False,False,False,body_contacts.jsonl,
4145,34.541666666666664,base_link,BODY,False,False,False,body_contacts.jsonl,
4146,34.55,base_link,BODY,False,False,False,body_contacts.jsonl,
4147,34.55833333333333,base_link,BODY,False,False,False,body_contacts.jsonl,
4148,34.56666666666666,base_link,BODY,False,False,False,body_contacts.jsonl,
4149,34.575,base_link,BODY,False,False,False,body_contacts.jsonl,
4150,34.583333333333336,base_link,BODY,False,False,False,body_contacts.jsonl,
4151,34.59166666666667,base_link,BODY,False,False,False,body_contacts.jsonl,
4152,34.6,base_link,BODY,False,False,False,body_contacts.jsonl,
4153,34.608333333333334,base_link,BODY,False,False,False,body_contacts.jsonl,
4154,34.61666666666667,base_link,BODY,False,False,False,body_contacts.jsonl,
4155,34.625,base_link,BODY,False,False,False,body_contacts.jsonl,
4156,34.63333333333333,base_link,BODY,False,False,False,body_contacts.jsonl,
4157,34.641666666666666,base_link,BODY,False,False,False,body_contacts.jsonl,
4158,34.65,base_link,BODY,False,False,False,body_contacts.jsonl,
4159,34.65833333333333,base_link,BODY,False,False,False,body_contacts.jsonl,
4160,34.666666666666664,base_link,BODY,False,False,False,body_contacts.jsonl,
4161,34.675,base_link,BODY,False,False,False,body_contacts.jsonl,
4162,34.68333333333333,base_link,BODY,False,False,False,body_contacts.jsonl,
4163,34.69166666666666,base_link,BODY,False,False,False,body_contacts.jsonl,
4164,34.7,base_link,BODY,False,False,False,body_contacts.jsonl,
4165,34.708333333333336,base_link,BODY,False,False,False,body_contacts.jsonl,
4166,34.71666666666667,base_link,BODY,False,False,False,body_contacts.jsonl,
4167,34.725,base_link,BODY,False,False,False,body_contacts.jsonl,
4168,34.733333333333334,base_link,BODY,False,False,False,body_contacts.jsonl,
4169,34.74166666666667,base_link,BODY,False,False,False,body_contacts.jsonl,
4170,34.75,base_link,BODY,False,False,False,body_contacts.jsonl,
4171,34.75833333333333,base_link,BODY,False,False,False,body_contacts.jsonl,
4172,34.766666666666666,base_link,BODY,False,False,False,body_contacts.jsonl,
4173,34.775,base_link,BODY,False,False,False,body_contacts.jsonl,
4174,34.78333333333333,base_link,BODY,False,False,False,body_contacts.jsonl,
4175,34.791666666666664,base_link,BODY,False,False,False,body_contacts.jsonl,
4176,34.8,base_link,BODY,False,False,False,body_contacts.jsonl,
4177,34.80833333333333,base_link,BODY,False,False,False,body_contacts.jsonl,
4178,34.81666666666666,base_link,BODY,False,False,False,body_contacts.jsonl,
4179,34.825,base_link,BODY,False,False,False,body_contacts.jsonl,
4180,34.833333333333336,base_link,BODY,False,False,False,body_contacts.jsonl,
4181,34.84166666666667,base_link,BODY,False,False,False,body_contacts.jsonl,
4182,34.85,base_link,BODY,False,False,False,body_contacts.jsonl,
4183,34.858333333333334,base_link,BODY,False,False,False,body_contacts.jsonl,
4184,34.86666666666667,base_link,BODY,False,False,False,body_contacts.jsonl,
4185,34.875,base_link,BODY,False,False,False,body_contacts.jsonl,
4186,34.88333333333333,base_link,BODY,False,False,False,body_contacts.jsonl,
4187,34.891666666666666,base_link,BODY,False,False,False,body_contacts.jsonl,
4188,34.9,base_link,BODY,False,False,False,body_contacts.jsonl,
4189,34.90833333333333,base_link,BODY,False,False,False,body_contacts.jsonl,
4190,34.916666666666664,base_link,BODY,False,False,False,body_contacts.jsonl,
4191,34.925,base_link,BODY,False,False,False,body_contacts.jsonl,
4192,34.93333333333333,base_link,BODY,False,False,False,body_contacts.jsonl,
4193,34.94166666666666,base_link,BODY,False,False,False,body_contacts.jsonl,
4194,34.95,base_link,BODY,False,False,False,body_contacts.jsonl,
4195,34.958333333333336,base_link,BODY,False,False,False,body_contacts.jsonl,
4196,34.96666666666667,base_link,BODY,False,False,False,body_contacts.jsonl,
4197,34.975,base_link,BODY,False,False,False,body_contacts.jsonl,
4198,34.983333333333334,base_link,BODY,False,False,False,body_contacts.jsonl,
4199,34.99166666666667,base_link,BODY,False,False,False,body_contacts.jsonl,
4200,35.0,base_link,BODY,False,False,False,body_contacts.jsonl,
4201,35.00833333333333,base_link,BODY,False,False,False,body_contacts.jsonl,
4202,35.016666666666666,base_link,BODY,False,False,False,body_contacts.jsonl,
4203,35.025,base_link,BODY,False,False,False,body_contacts.jsonl,
4204,35.03333333333333,base_link,BODY,False,False,False,body_contacts.jsonl,
4205,35.041666666666664,base_link,BODY,False,False,False,body_contacts.jsonl,
4206,35.05,base_link,BODY,False,False,False,body_contacts.jsonl,
4207,35.05833333333333,base_link,BODY,False,False,False,body_contacts.jsonl,
4208,35.06666666666666,base_link,BODY,False,False,False,body_contacts.jsonl,
4209,35.075,base_link,BODY,False,False,False,body_contacts.jsonl,
4210,35.083333333333336,base_link,BODY,False,False,False,body_contacts.jsonl,
4211,35.09166666666667,base_link,BODY,False,False,False,body_contacts.jsonl,
4212,35.1,base_link,BODY,False,False,False,body_contacts.jsonl,
4213,35.108333333333334,base_link,BODY,False,False,False,body_contacts.jsonl,
4214,35.11666666666667,base_link,BODY,False,False,False,body_contacts.jsonl,
4215,35.125,base_link,BODY,False,False,False,body_contacts.jsonl,
4216,35.13333333333333,base_link,BODY,False,False,False,body_contacts.jsonl,
4217,35.141666666666666,base_link,BODY,False,False,False,body_contacts.jsonl,
4218,35.15,base_link,BODY,False,False,False,body_contacts.jsonl,
4219,35.15833333333333,base_link,BODY,False,False,False,body_contacts.jsonl,
4220,35.166666666666664,base_link,BODY,False,False,False,body_contacts.jsonl,
4221,35.175,base_link,BODY,False,False,False,body_contacts.jsonl,
4222,35.18333333333333,base_link,BODY,False,False,False,body_contacts.jsonl,
4223,35.19166666666666,base_link,BODY,False,False,False,body_contacts.jsonl,
4224,35.2,base_link,BODY,False,False,False,body_contacts.jsonl,
4225,35.208333333333336,base_link,BODY,False,False,False,body_contacts.jsonl,
4226,35.21666666666667,base_link,BODY,False,False,False,body_contacts.jsonl,
4227,35.225,base_link,BODY,False,False,False,body_contacts.jsonl,
4228,35.233333333333334,base_link,BODY,False,False,False,body_contacts.jsonl,
4229,35.24166666666667,base_link,BODY,False,False,False,body_contacts.jsonl,
4230,35.25,base_link,BODY,False,False,False,body_contacts.jsonl,
4231,35.25833333333333,base_link,BODY,False,False,False,body_contacts.jsonl,
4232,35.266666666666666,base_link,BODY,False,False,False,body_contacts.jsonl,
4233,35.275,base_link,BODY,False,False,False,body_contacts.jsonl,
4234,35.28333333333333,base_link,BODY,False,False,False,body_contacts.jsonl,
4235,35.291666666666664,base_link,BODY,False,False,False,body_contacts.jsonl,
4236,35.3,base_link,BODY,False,False,False,body_contacts.jsonl,
4237,35.30833333333333,base_link,BODY,False,False,False,body_contacts.jsonl,
4238,35.31666666666666,base_link,BODY,False,False,False,body_contacts.jsonl,
4239,35.325,base_link,BODY,False,False,False,body_contacts.jsonl,
4240,35.333333333333336,base_link,BODY,False,False,False,body_contacts.jsonl,
4241,35.34166666666667,base_link,BODY,False,False,False,body_contacts.jsonl,
4242,35.35,base_link,BODY,False,False,False,body_contacts.jsonl,
4243,35.358333333333334,base_link,BODY,False,False,False,body_contacts.jsonl,
4244,35.36666666666667,base_link,BODY,False,False,False,body_contacts.jsonl,
4245,35.375,base_link,BODY,False,False,False,body_contacts.jsonl,
4246,35.38333333333333,base_link,BODY,False,False,False,body_contacts.jsonl,
4247,35.391666666666666,base_link,BODY,False,False,False,body_contacts.jsonl,
4248,35.4,base_link,BODY,False,False,False,body_contacts.jsonl,
4249,35.40833333333333,base_link,BODY,False,False,False,body_contacts.jsonl,
4250,35.416666666666664,base_link,BODY,False,False,False,body_contacts.jsonl,
4251,35.425,base_link,BODY,False,False,False,body_contacts.jsonl,
4252,35.43333333333333,base_link,BODY,False,False,False,body_contacts.jsonl,
4253,35.44166666666666,base_link,BODY,False,False,False,body_contacts.jsonl,
4254,35.45,base_link,BODY,False,False,False,body_contacts.jsonl,
4255,35.458333333333336,base_link,BODY,False,False,False,body_contacts.jsonl,
4256,35.46666666666667,base_link,BODY,False,False,False,body_contacts.jsonl,
4257,35.475,base_link,BODY,False,False,False,body_contacts.jsonl,
4258,35.483333333333334,base_link,BODY,False,False,False,body_contacts.jsonl,
4259,35.49166666666667,base_link,BODY,False,False,False,body_contacts.jsonl,
4260,35.5,base_link,BODY,False,False,False,body_contacts.jsonl,
4261,35.50833333333333,base_link,BODY,False,False,False,body_contacts.jsonl,
4262,35.516666666666666,base_link,BODY,False,False,False,body_contacts.jsonl,
4263,35.525,base_link,BODY,False,False,False,body_contacts.jsonl,
4264,35.53333333333333,base_link,BODY,False,False,False,body_contacts.jsonl,
4265,35.541666666666664,base_link,BODY,False,False,False,body_contacts.jsonl,
4266,35.55,base_link,BODY,False,False,False,body_contacts.jsonl,
4267,35.55833333333333,base_link,BODY,False,False,False,body_contacts.jsonl,
4268,35.56666666666666,base_link,BODY,False,False,False,body_contacts.jsonl,
4269,35.575,base_link,BODY,False,False,False,body_contacts.jsonl,
4270,35.583333333333336,base_link,BODY,False,False,False,body_contacts.jsonl,
4271,35.59166666666667,base_link,BODY,False,False,False,body_contacts.jsonl,
4272,35.6,base_link,BODY,False,False,False,body_contacts.jsonl,
4273,35.608333333333334,base_link,BODY,False,False,False,body_contacts.jsonl,
4274,35.61666666666667,base_link,BODY,False,False,False,body_contacts.jsonl,
4275,35.625,base_link,BODY,False,False,False,body_contacts.jsonl,
4276,35.63333333333333,base_link,BODY,False,False,False,body_contacts.jsonl,
4277,35.641666666666666,base_link,BODY,False,False,False,body_contacts.jsonl,
4278,35.65,base_link,BODY,False,False,False,body_contacts.jsonl,
4279,35.65833333333333,base_link,BODY,False,False,False,body_contacts.jsonl,
4280,35.666666666666664,base_link,BODY,False,False,False,body_contacts.jsonl,
4281,35.675,base_link,BODY,False,False,False,body_contacts.jsonl,
4282,35.68333333333333,base_link,BODY,False,False,False,body_contacts.jsonl,
4283,35.69166666666666,base_link,BODY,False,False,False,body_contacts.jsonl,
4284,35.7,base_link,BODY,False,False,False,body_contacts.jsonl,
4285,35.708333333333336,base_link,BODY,False,False,False,body_contacts.jsonl,
4286,35.71666666666667,base_link,BODY,False,False,False,body_contacts.jsonl,
4287,35.725,base_link,BODY,False,False,False,body_contacts.jsonl,
4288,35.733333333333334,base_link,BODY,False,False,False,body_contacts.jsonl,
4289,35.74166666666667,base_link,BODY,False,False,False,body_contacts.jsonl,
4290,35.75,base_link,BODY,False,False,False,body_contacts.jsonl,
4291,35.75833333333333,base_link,BODY,False,False,False,body_contacts.jsonl,
4292,35.766666666666666,base_link,BODY,False,False,False,body_contacts.jsonl,
4293,35.775,base_link,BODY,False,False,False,body_contacts.jsonl,
4294,35.78333333333333,base_link,BODY,False,False,False,body_contacts.jsonl,
4295,35.791666666666664,base_link,BODY,False,False,False,body_contacts.jsonl,
4296,35.8,base_link,BODY,False,False,False,body_contacts.jsonl,
4297,35.80833333333333,base_link,BODY,False,False,False,body_contacts.jsonl,
4298,35.81666666666666,base_link,BODY,False,False,False,body_contacts.jsonl,
4299,35.825,base_link,BODY,False,False,False,body_contacts.jsonl,
4300,35.833333333333336,base_link,BODY,False,False,False,body_contacts.jsonl,
4301,35.84166666666667,base_link,BODY,False,False,False,body_contacts.jsonl,
4302,35.85,base_link,BODY,False,False,False,body_contacts.jsonl,
4303,35.858333333333334,base_link,BODY,False,False,False,body_contacts.jsonl,
4304,35.86666666666667,base_link,BODY,False,False,False,body_contacts.jsonl,
4305,35.875,base_link,BODY,False,False,False,body_contacts.jsonl,
4306,35.88333333333333,base_link,BODY,False,False,False,body_contacts.jsonl,
4307,35.891666666666666,base_link,BODY,False,False,False,body_contacts.jsonl,
4308,35.9,base_link,BODY,False,False,False,body_contacts.jsonl,
4309,35.90833333333333,base_link,BODY,False,False,False,body_contacts.jsonl,
4310,35.916666666666664,base_link,BODY,False,False,False,body_contacts.jsonl,
4311,35.925,base_link,BODY,False,False,False,body_contacts.jsonl,
4312,35.93333333333333,base_link,BODY,False,False,False,body_contacts.jsonl,
4313,35.94166666666666,base_link,BODY,False,False,False,body_contacts.jsonl,
4314,35.95,base_link,BODY,False,False,False,body_contacts.jsonl,
4315,35.958333333333336,base_link,BODY,False,False,False,body_contacts.jsonl,
4316,35.96666666666667,base_link,BODY,False,False,False,body_contacts.jsonl,
4317,35.975,base_link,BODY,False,False,False,body_contacts.jsonl,
4318,35.983333333333334,base_link,BODY,False,False,False,body_contacts.jsonl,
4319,35.99166666666667,base_link,BODY,False,False,False,body_contacts.jsonl,
4320,36.0,base_link,BODY,False,False,False,body_contacts.jsonl,
4321,36.00833333333333,base_link,BODY,False,False,False,body_contacts.jsonl,
4322,36.016666666666666,base_link,BODY,False,False,False,body_contacts.jsonl,
4323,36.025,base_link,BODY,False,False,False,body_contacts.jsonl,
4324,36.03333333333333,base_link,BODY,False,False,False,body_contacts.jsonl,
4325,36.041666666666664,base_link,BODY,False,False,False,body_contacts.jsonl,
4326,36.05,base_link,BODY,False,False,False,body_contacts.jsonl,
4327,36.05833333333333,base_link,BODY,False,False,False,body_contacts.jsonl,
4328,36.06666666666666,base_link,BODY,False,False,False,body_contacts.jsonl,
4329,36.075,base_link,BODY,False,False,False,body_contacts.jsonl,
4330,36.083333333333336,base_link,BODY,False,False,False,body_contacts.jsonl,
4331,36.09166666666667,base_link,BODY,False,False,False,body_contacts.jsonl,
4332,36.1,base_link,BODY,False,False,False,body_contacts.jsonl,
4333,36.108333333333334,base_link,BODY,False,False,False,body_contacts.jsonl,
4334,36.11666666666667,base_link,BODY,False,False,False,body_contacts.jsonl,
4335,36.125,base_link,BODY,False,False,False,body_contacts.jsonl,
4336,36.13333333333333,base_link,BODY,False,False,False,body_contacts.jsonl,
4337,36.141666666666666,base_link,BODY,False,False,False,body_contacts.jsonl,
4338,36.15,base_link,BODY,False,False,False,body_contacts.jsonl,
4339,36.15833333333333,base_link,BODY,False,False,False,body_contacts.jsonl,
4340,36.166666666666664,base_link,BODY,False,False,False,body_contacts.jsonl,
4341,36.175,base_link,BODY,False,False,False,body_contacts.jsonl,
4342,36.18333333333333,base_link,BODY,False,False,False,body_contacts.jsonl,
4343,36.19166666666666,base_link,BODY,False,False,False,body_contacts.jsonl,
4344,36.2,base_link,BODY,False,False,False,body_contacts.jsonl,
4345,36.208333333333336,base_link,BODY,False,False,False,body_contacts.jsonl,
4346,36.21666666666667,base_link,BODY,False,False,False,body_contacts.jsonl,
4347,36.225,base_link,BODY,False,False,False,body_contacts.jsonl,
4348,36.233333333333334,base_link,BODY,False,False,False,body_contacts.jsonl,
4349,36.24166666666667,base_link,BODY,False,False,False,body_contacts.jsonl,
4350,36.25,base_link,BODY,False,False,False,body_contacts.jsonl,
4351,36.25833333333333,base_link,BODY,False,False,False,body_contacts.jsonl,
4352,36.266666666666666,base_link,BODY,False,False,False,body_contacts.jsonl,
4353,36.275,base_link,BODY,False,False,False,body_contacts.jsonl,
4354,36.28333333333333,base_link,BODY,False,False,False,body_contacts.jsonl,
4355,36.291666666666664,base_link,BODY,False,False,False,body_contacts.jsonl,
4356,36.3,base_link,BODY,False,False,False,body_contacts.jsonl,
4357,36.30833333333333,base_link,BODY,False,False,False,body_contacts.jsonl,
4358,36.31666666666666,base_link,BODY,False,False,False,body_contacts.jsonl,
4359,36.325,base_link,BODY,False,False,False,body_contacts.jsonl,
4360,36.333333333333336,base_link,BODY,False,False,False,body_contacts.jsonl,
4361,36.34166666666667,base_link,BODY,False,False,False,body_contacts.jsonl,
4362,36.35,base_link,BODY,False,False,False,body_contacts.jsonl,
4363,36.358333333333334,base_link,BODY,False,False,False,body_contacts.jsonl,
4364,36.36666666666667,base_link,BODY,False,False,False,body_contacts.jsonl,
4365,36.375,base_link,BODY,False,False,False,body_contacts.jsonl,
4366,36.38333333333333,base_link,BODY,False,False,False,body_contacts.jsonl,
4367,36.391666666666666,base_link,BODY,False,False,False,body_contacts.jsonl,
4368,36.4,base_link,BODY,False,False,False,body_contacts.jsonl,
4369,36.40833333333333,base_link,BODY,False,False,False,body_contacts.jsonl,
4370,36.416666666666664,base_link,BODY,False,False,False,body_contacts.jsonl,
4371,36.425,base_link,BODY,False,False,False,body_contacts.jsonl,
4372,36.43333333333333,base_link,BODY,False,False,False,body_contacts.jsonl,
4373,36.44166666666666,base_link,BODY,False,False,False,body_contacts.jsonl,
4374,36.45,base_link,BODY,False,False,False,body_contacts.jsonl,
4375,36.458333333333336,base_link,BODY,False,False,False,body_contacts.jsonl,
4376,36.46666666666667,base_link,BODY,False,False,False,body_contacts.jsonl,
4377,36.475,base_link,BODY,False,False,False,body_contacts.jsonl,
4378,36.483333333333334,base_link,BODY,False,False,False,body_contacts.jsonl,
4379,36.49166666666667,base_link,BODY,False,False,False,body_contacts.jsonl,
4380,36.5,base_link,BODY,False,False,False,body_contacts.jsonl,
4381,36.50833333333333,base_link,BODY,False,False,False,body_contacts.jsonl,
4382,36.516666666666666,base_link,BODY,False,False,False,body_contacts.jsonl,
4383,36.525,base_link,BODY,False,False,False,body_contacts.jsonl,
4384,36.53333333333333,base_link,BODY,False,False,False,body_contacts.jsonl,
4385,36.541666666666664,base_link,BODY,False,False,False,body_contacts.jsonl,
4386,36.55,base_link,BODY,False,False,False,body_contacts.jsonl,
4387,36.55833333333333,base_link,BODY,False,False,False,body_contacts.jsonl,
4388,36.56666666666666,base_link,BODY,False,False,False,body_contacts.jsonl,
4389,36.575,base_link,BODY,False,False,False,body_contacts.jsonl,
4390,36.583333333333336,base_link,BODY,False,False,False,body_contacts.jsonl,
4391,36.59166666666667,base_link,BODY,False,False,False,body_contacts.jsonl,
4392,36.6,base_link,BODY,False,False,False,body_contacts.jsonl,
4393,36.608333333333334,base_link,BODY,False,False,False,body_contacts.jsonl,
4394,36.61666666666667,base_link,BODY,False,False,False,body_contacts.jsonl,
4395,36.625,base_link,BODY,False,False,False,body_contacts.jsonl,
4396,36.63333333333333,base_link,BODY,False,False,False,body_contacts.jsonl,
4397,36.641666666666666,base_link,BODY,False,False,False,body_contacts.jsonl,
4398,36.65,base_link,BODY,False,False,False,body_contacts.jsonl,
4399,36.65833333333333,base_link,BODY,False,False,False,body_contacts.jsonl,
4400,36.666666666666664,base_link,BODY,False,False,False,body_contacts.jsonl,
4401,36.675,base_link,BODY,False,False,False,body_contacts.jsonl,
4402,36.68333333333333,base_link,BODY,False,False,False,body_contacts.jsonl,
4403,36.69166666666666,base_link,BODY,False,False,False,body_contacts.jsonl,
4404,36.7,base_link,BODY,False,False,False,body_contacts.jsonl,
4405,36.708333333333336,base_link,BODY,False,False,False,body_contacts.jsonl,
4406,36.71666666666667,base_link,BODY,False,False,False,body_contacts.jsonl,
4407,36.725,base_link,BODY,False,False,False,body_contacts.jsonl,
4408,36.733333333333334,base_link,BODY,False,False,False,body_contacts.jsonl,
4409,36.74166666666667,base_link,BODY,False,False,False,body_contacts.jsonl,
4410,36.75,base_link,BODY,False,False,False,body_contacts.jsonl,
4411,36.75833333333333,base_link,BODY,False,False,False,body_contacts.jsonl,
4412,36.766666666666666,base_link,BODY,False,False,False,body_contacts.jsonl,
4413,36.775,base_link,BODY,False,False,False,body_contacts.jsonl,
4414,36.78333333333333,base_link,BODY,False,False,False,body_contacts.jsonl,
4415,36.791666666666664,base_link,BODY,False,False,False,body_contacts.jsonl,
4416,36.8,base_link,BODY,False,False,False,body_contacts.jsonl,
4417,36.80833333333333,base_link,BODY,False,False,False,body_contacts.jsonl,
4418,36.81666666666666,base_link,BODY,False,False,False,body_contacts.jsonl,
4419,36.825,base_link,BODY,False,False,False,body_contacts.jsonl,
4420,36.833333333333336,base_link,BODY,False,False,False,body_contacts.jsonl,
4421,36.84166666666667,base_link,BODY,False,False,False,body_contacts.jsonl,
4422,36.85,base_link,BODY,False,False,False,body_contacts.jsonl,
4423,36.858333333333334,base_link,BODY,False,False,False,body_contacts.jsonl,
4424,36.86666666666667,base_link,BODY,False,False,False,body_contacts.jsonl,
4425,36.875,base_link,BODY,False,False,False,body_contacts.jsonl,
4426,36.88333333333333,base_link,BODY,False,False,False,body_contacts.jsonl,
4427,36.891666666666666,base_link,BODY,False,False,False,body_contacts.jsonl,
4428,36.9,base_link,BODY,False,False,False,body_contacts.jsonl,
4429,36.90833333333333,base_link,BODY,False,False,False,body_contacts.jsonl,
4430,36.916666666666664,base_link,BODY,False,False,False,body_contacts.jsonl,
4431,36.925,base_link,BODY,False,False,False,body_contacts.jsonl,
4432,36.93333333333333,base_link,BODY,False,False,False,body_contacts.jsonl,
4433,36.94166666666666,base_link,BODY,False,False,False,body_contacts.jsonl,
4434,36.95,base_link,BODY,False,False,False,body_contacts.jsonl,
4435,36.958333333333336,base_link,BODY,False,False,False,body_contacts.jsonl,
4436,36.96666666666667,base_link,BODY,False,False,False,body_contacts.jsonl,
4437,36.975,base_link,BODY,False,False,False,body_contacts.jsonl,
4438,36.983333333333334,base_link,BODY,False,False,False,body_contacts.jsonl,
4439,36.99166666666667,base_link,BODY,False,False,False,body_contacts.jsonl,
4440,37.0,base_link,BODY,False,False,False,body_contacts.jsonl,
4441,37.00833333333333,base_link,BODY,False,False,False,body_contacts.jsonl,
4442,37.016666666666666,base_link,BODY,False,False,False,body_contacts.jsonl,
4443,37.025,base_link,BODY,False,False,False,body_contacts.jsonl,
4444,37.03333333333333,base_link,BODY,False,False,False,body_contacts.jsonl,
4445,37.041666666666664,base_link,BODY,False,False,False,body_contacts.jsonl,
4446,37.05,base_link,BODY,False,False,False,body_contacts.jsonl,
4447,37.05833333333333,base_link,BODY,False,False,False,body_contacts.jsonl,
4448,37.06666666666666,base_link,BODY,False,False,False,body_contacts.jsonl,
4449,37.075,base_link,BODY,False,False,False,body_contacts.jsonl,
4450,37.083333333333336,base_link,BODY,False,False,False,body_contacts.jsonl,
4451,37.09166666666667,base_link,BODY,False,False,False,body_contacts.jsonl,
4452,37.1,base_link,BODY,False,False,False,body_contacts.jsonl,
4453,37.108333333333334,base_link,BODY,False,False,False,body_contacts.jsonl,
4454,37.11666666666667,base_link,BODY,False,False,False,body_contacts.jsonl,
4455,37.125,base_link,BODY,False,False,False,body_contacts.jsonl,
4456,37.13333333333333,base_link,BODY,False,False,False,body_contacts.jsonl,
4457,37.141666666666666,base_link,BODY,False,False,False,body_contacts.jsonl,
4458,37.15,base_link,BODY,False,False,False,body_contacts.jsonl,
4459,37.15833333333333,base_link,BODY,False,False,False,body_contacts.jsonl,
4460,37.166666666666664,base_link,BODY,False,False,False,body_contacts.jsonl,
4461,37.175,base_link,BODY,False,False,False,body_contacts.jsonl,
4462,37.18333333333333,base_link,BODY,False,False,False,body_contacts.jsonl,
4463,37.19166666666666,base_link,BODY,False,False,False,body_contacts.jsonl,
4464,37.2,base_link,BODY,False,False,False,body_contacts.jsonl,
4465,37.208333333333336,base_link,BODY,False,False,False,body_contacts.jsonl,
4466,37.21666666666667,base_link,BODY,False,False,False,body_contacts.jsonl,
4467,37.225,base_link,BODY,False,False,False,body_contacts.jsonl,
4468,37.233333333333334,base_link,BODY,False,False,False,body_contacts.jsonl,
4469,37.24166666666667,base_link,BODY,False,False,False,body_contacts.jsonl,
4470,37.25,base_link,BODY,False,False,False,body_contacts.jsonl,
4471,37.25833333333333,base_link,BODY,False,False,False,body_contacts.jsonl,
4472,37.266666666666666,base_link,BODY,False,False,False,body_contacts.jsonl,
4473,37.275,base_link,BODY,False,False,False,body_contacts.jsonl,
4474,37.28333333333333,base_link,BODY,False,False,False,body_contacts.jsonl,
4475,37.291666666666664,base_link,BODY,False,False,False,body_contacts.jsonl,
4476,37.3,base_link,BODY,False,False,False,body_contacts.jsonl,
4477,37.30833333333333,base_link,BODY,False,False,False,body_contacts.jsonl,
4478,37.31666666666666,base_link,BODY,False,False,False,body_contacts.jsonl,
4479,37.325,base_link,BODY,False,False,False,body_contacts.jsonl,
4480,37.333333333333336,base_link,BODY,False,False,False,body_contacts.jsonl,
4481,37.34166666666667,base_link,BODY,False,False,False,body_contacts.jsonl,
4482,37.35,base_link,BODY,False,False,False,body_contacts.jsonl,
4483,37.358333333333334,base_link,BODY,False,False,False,body_contacts.jsonl,
4484,37.36666666666667,base_link,BODY,False,False,False,body_contacts.jsonl,
4485,37.375,base_link,BODY,False,False,False,body_contacts.jsonl,
4486,37.38333333333333,base_link,BODY,False,False,False,body_contacts.jsonl,
4487,37.391666666666666,base_link,BODY,False,False,False,body_contacts.jsonl,
4488,37.4,base_link,BODY,False,False,False,body_contacts.jsonl,
4489,37.40833333333333,base_link,BODY,False,False,False,body_contacts.jsonl,
4490,37.416666666666664,base_link,BODY,False,False,False,body_contacts.jsonl,
4491,37.425,base_link,BODY,False,False,False,body_contacts.jsonl,
4492,37.43333333333333,base_link,BODY,False,False,False,body_contacts.jsonl,
4493,37.44166666666666,base_link,BODY,False,False,False,body_contacts.jsonl,
4494,37.45,base_link,BODY,False,False,False,body_contacts.jsonl,
4495,37.458333333333336,base_link,BODY,False,False,False,body_contacts.jsonl,
4496,37.46666666666667,base_link,BODY,False,False,False,body_contacts.jsonl,
4497,37.475,base_link,BODY,False,False,False,body_contacts.jsonl,
4498,37.483333333333334,base_link,BODY,False,False,False,body_contacts.jsonl,
4499,37.49166666666667,base_link,BODY,False,False,False,body_contacts.jsonl,
4500,37.5,base_link,BODY,False,False,False,body_contacts.jsonl,
4501,37.50833333333333,base_link,BODY,False,False,False,body_contacts.jsonl,
4502,37.516666666666666,base_link,BODY,False,False,False,body_contacts.jsonl,
4503,37.525,base_link,BODY,False,False,False,body_contacts.jsonl,
4504,37.53333333333333,base_link,BODY,False,False,False,body_contacts.jsonl,
4505,37.541666666666664,base_link,BODY,False,False,False,body_contacts.jsonl,
4506,37.55,base_link,BODY,False,False,False,body_contacts.jsonl,
4507,37.55833333333333,base_link,BODY,False,False,False,body_contacts.jsonl,
4508,37.56666666666666,base_link,BODY,False,False,False,body_contacts.jsonl,
4509,37.575,base_link,BODY,False,False,False,body_contacts.jsonl,
4510,37.583333333333336,base_link,BODY,False,False,False,body_contacts.jsonl,
4511,37.59166666666667,base_link,BODY,False,False,False,body_contacts.jsonl,
4512,37.6,base_link,BODY,False,False,False,body_contacts.jsonl,
4513,37.608333333333334,base_link,BODY,False,False,False,body_contacts.jsonl,
4514,37.61666666666667,base_link,BODY,False,False,False,body_contacts.jsonl,
4515,37.625,base_link,BODY,False,False,False,body_contacts.jsonl,
4516,37.63333333333333,base_link,BODY,False,False,False,body_contacts.jsonl,
4517,37.641666666666666,base_link,BODY,False,False,False,body_contacts.jsonl,
4518,37.65,base_link,BODY,False,False,False,body_contacts.jsonl,
4519,37.65833333333333,base_link,BODY,False,False,False,body_contacts.jsonl,
4520,37.666666666666664,base_link,BODY,False,False,False,body_contacts.jsonl,
4521,37.675,base_link,BODY,False,False,False,body_contacts.jsonl,
4522,37.68333333333333,base_link,BODY,False,False,False,body_contacts.jsonl,
4523,37.69166666666666,base_link,BODY,False,False,False,body_contacts.jsonl,
4524,37.7,base_link,BODY,False,False,False,body_contacts.jsonl,
4525,37.708333333333336,base_link,BODY,False,False,False,body_contacts.jsonl,
4526,37.71666666666667,base_link,BODY,False,False,False,body_contacts.jsonl,
4527,37.725,base_link,BODY,False,False,False,body_contacts.jsonl,
4528,37.733333333333334,base_link,BODY,False,False,False,body_contacts.jsonl,
4529,37.74166666666667,base_link,BODY,False,False,False,body_contacts.jsonl,
4530,37.75,base_link,BODY,False,False,False,body_contacts.jsonl,
4531,37.75833333333333,base_link,BODY,False,False,False,body_contacts.jsonl,
4532,37.766666666666666,base_link,BODY,False,False,False,body_contacts.jsonl,
4533,37.775,base_link,BODY,False,False,False,body_contacts.jsonl,
4534,37.78333333333333,base_link,BODY,False,False,False,body_contacts.jsonl,
4535,37.791666666666664,base_link,BODY,False,False,False,body_contacts.jsonl,
4536,37.8,base_link,BODY,False,False,False,body_contacts.jsonl,
4537,37.80833333333333,base_link,BODY,False,False,False,body_contacts.jsonl,
4538,37.81666666666666,base_link,BODY,False,False,False,body_contacts.jsonl,
4539,37.825,base_link,BODY,False,False,False,body_contacts.jsonl,
4540,37.833333333333336,base_link,BODY,False,False,False,body_contacts.jsonl,
4541,37.84166666666667,base_link,BODY,False,False,False,body_contacts.jsonl,
4542,37.85,base_link,BODY,False,False,False,body_contacts.jsonl,
4543,37.858333333333334,base_link,BODY,False,False,False,body_contacts.jsonl,
4544,37.86666666666667,base_link,BODY,False,False,False,body_contacts.jsonl,
4545,37.875,base_link,BODY,False,False,False,body_contacts.jsonl,
4546,37.88333333333333,base_link,BODY,False,False,False,body_contacts.jsonl,
4547,37.891666666666666,base_link,BODY,False,False,False,body_contacts.jsonl,
4548,37.9,base_link,BODY,False,False,False,body_contacts.jsonl,
4549,37.90833333333333,base_link,BODY,False,False,False,body_contacts.jsonl,
4550,37.916666666666664,base_link,BODY,False,False,False,body_contacts.jsonl,
4551,37.925,base_link,BODY,False,False,False,body_contacts.jsonl,
4552,37.93333333333333,base_link,BODY,False,False,False,body_contacts.jsonl,
4553,37.94166666666666,base_link,BODY,False,False,False,body_contacts.jsonl,
4554,37.95,base_link,BODY,False,False,False,body_contacts.jsonl,
4555,37.958333333333336,base_link,BODY,False,False,False,body_contacts.jsonl,
4556,37.96666666666667,base_link,BODY,False,False,False,body_contacts.jsonl,
4557,37.975,base_link,BODY,False,False,False,body_contacts.jsonl,
4558,37.983333333333334,base_link,BODY,False,False,False,body_contacts.jsonl,
4559,37.99166666666667,base_link,BODY,False,False,False,body_contacts.jsonl,
4560,38.0,base_link,BODY,False,False,False,body_contacts.jsonl,
4561,38.00833333333333,base_link,BODY,False,False,False,body_contacts.jsonl,
4562,38.016666666666666,base_link,BODY,False,False,False,body_contacts.jsonl,
4563,38.025,base_link,BODY,False,False,False,body_contacts.jsonl,
4564,38.03333333333333,base_link,BODY,False,False,False,body_contacts.jsonl,
4565,38.041666666666664,base_link,BODY,False,False,False,body_contacts.jsonl,
4566,38.05,base_link,BODY,False,False,False,body_contacts.jsonl,
4567,38.05833333333333,base_link,BODY,False,False,False,body_contacts.jsonl,
4568,38.06666666666666,base_link,BODY,False,False,False,body_contacts.jsonl,
4569,38.075,base_link,BODY,False,False,False,body_contacts.jsonl,
4570,38.083333333333336,base_link,BODY,False,False,False,body_contacts.jsonl,
4571,38.09166666666667,base_link,BODY,False,False,False,body_contacts.jsonl,
4572,38.1,base_link,BODY,False,False,False,body_contacts.jsonl,
4573,38.108333333333334,base_link,BODY,False,False,False,body_contacts.jsonl,
4574,38.11666666666667,base_link,BODY,False,False,False,body_contacts.jsonl,
4575,38.125,base_link,BODY,False,False,False,body_contacts.jsonl,
4576,38.13333333333333,base_link,BODY,False,False,False,body_contacts.jsonl,
4577,38.141666666666666,base_link,BODY,False,False,False,body_contacts.jsonl,
4578,38.15,base_link,BODY,False,False,False,body_contacts.jsonl,
4579,38.15833333333333,base_link,BODY,False,False,False,body_contacts.jsonl,
4580,38.166666666666664,base_link,BODY,False,False,False,body_contacts.jsonl,
4581,38.175,base_link,BODY,False,False,False,body_contacts.jsonl,
4582,38.18333333333333,base_link,BODY,False,False,False,body_contacts.jsonl,
4583,38.19166666666666,base_link,BODY,False,False,False,body_contacts.jsonl,
4584,38.2,base_link,BODY,False,False,False,body_contacts.jsonl,
4585,38.208333333333336,base_link,BODY,False,False,False,body_contacts.jsonl,
4586,38.21666666666667,base_link,BODY,False,False,False,body_contacts.jsonl,
4587,38.225,base_link,BODY,False,False,False,body_contacts.jsonl,
4588,38.233333333333334,base_link,BODY,False,False,False,body_contacts.jsonl,
4589,38.24166666666667,base_link,BODY,False,False,False,body_contacts.jsonl,
4590,38.25,base_link,BODY,False,False,False,body_contacts.jsonl,
4591,38.25833333333333,base_link,BODY,False,False,False,body_contacts.jsonl,
4592,38.266666666666666,base_link,BODY,False,False,False,body_contacts.jsonl,
4593,38.275,base_link,BODY,False,False,False,body_contacts.jsonl,
4594,38.28333333333333,base_link,BODY,False,False,False,body_contacts.jsonl,
4595,38.291666666666664,base_link,BODY,False,False,False,body_contacts.jsonl,
4596,38.3,base_link,BODY,False,False,False,body_contacts.jsonl,
4597,38.30833333333333,base_link,BODY,False,False,False,body_contacts.jsonl,
4598,38.31666666666666,base_link,BODY,False,False,False,body_contacts.jsonl,
4599,38.325,base_link,BODY,False,False,False,body_contacts.jsonl,
4600,38.333333333333336,base_link,BODY,False,False,False,body_contacts.jsonl,
4601,38.34166666666667,base_link,BODY,False,False,False,body_contacts.jsonl,
4602,38.35,base_link,BODY,False,False,False,body_contacts.jsonl,
4603,38.358333333333334,base_link,BODY,False,False,False,body_contacts.jsonl,
4604,38.36666666666667,base_link,BODY,False,False,False,body_contacts.jsonl,
4605,38.375,base_link,BODY,False,False,False,body_contacts.jsonl,
4606,38.38333333333333,base_link,BODY,False,False,False,body_contacts.jsonl,
4607,38.391666666666666,base_link,BODY,False,False,False,body_contacts.jsonl,
4608,38.4,base_link,BODY,False,False,False,body_contacts.jsonl,
4609,38.40833333333333,base_link,BODY,False,False,False,body_contacts.jsonl,
4610,38.416666666666664,base_link,BODY,False,False,False,body_contacts.jsonl,
4611,38.425,base_link,BODY,False,False,False,body_contacts.jsonl,
4612,38.43333333333333,base_link,BODY,False,False,False,body_contacts.jsonl,
4613,38.44166666666666,base_link,BODY,False,False,False,body_contacts.jsonl,
4614,38.45,base_link,BODY,False,False,False,body_contacts.jsonl,
4615,38.458333333333336,base_link,BODY,False,False,False,body_contacts.jsonl,
4616,38.46666666666667,base_link,BODY,False,False,False,body_contacts.jsonl,
4617,38.475,base_link,BODY,False,False,False,body_contacts.jsonl,
4618,38.483333333333334,base_link,BODY,False,False,False,body_contacts.jsonl,
4619,38.49166666666667,base_link,BODY,False,False,False,body_contacts.jsonl,
4620,38.5,base_link,BODY,False,False,False,body_contacts.jsonl,
4621,38.50833333333333,base_link,BODY,False,False,False,body_contacts.jsonl,
4622,38.516666666666666,base_link,BODY,False,False,False,body_contacts.jsonl,
4623,38.525,base_link,BODY,False,False,False,body_contacts.jsonl,
4624,38.53333333333333,base_link,BODY,False,False,False,body_contacts.jsonl,
4625,38.541666666666664,base_link,BODY,False,False,False,body_contacts.jsonl,
4626,38.55,base_link,BODY,False,False,False,body_contacts.jsonl,
4627,38.55833333333333,base_link,BODY,False,False,False,body_contacts.jsonl,
4628,38.56666666666666,base_link,BODY,False,False,False,body_contacts.jsonl,
4629,38.575,base_link,BODY,False,False,False,body_contacts.jsonl,
4630,38.583333333333336,base_link,BODY,False,False,False,body_contacts.jsonl,
4631,38.59166666666667,base_link,BODY,False,False,False,body_contacts.jsonl,
4632,38.6,base_link,BODY,False,False,False,body_contacts.jsonl,
4633,38.608333333333334,base_link,BODY,False,False,False,body_contacts.jsonl,
4634,38.61666666666667,base_link,BODY,False,False,False,body_contacts.jsonl,
4635,38.625,base_link,BODY,False,False,False,body_contacts.jsonl,
4636,38.63333333333333,base_link,BODY,False,False,False,body_contacts.jsonl,
4637,38.641666666666666,base_link,BODY,False,False,False,body_contacts.jsonl,
4638,38.65,base_link,BODY,False,False,False,body_contacts.jsonl,
4639,38.65833333333333,base_link,BODY,False,False,False,body_contacts.jsonl,
4640,38.666666666666664,base_link,BODY,False,False,False,body_contacts.jsonl,
4641,38.675,base_link,BODY,False,False,False,body_contacts.jsonl,
4642,38.68333333333333,base_link,BODY,False,False,False,body_contacts.jsonl,
4643,38.69166666666666,base_link,BODY,False,False,False,body_contacts.jsonl,
4644,38.7,base_link,BODY,False,False,False,body_contacts.jsonl,
4645,38.708333333333336,base_link,BODY,False,False,False,body_contacts.jsonl,
4646,38.71666666666667,base_link,BODY,False,False,False,body_contacts.jsonl,
4647,38.725,base_link,BODY,False,False,False,body_contacts.jsonl,
4648,38.733333333333334,base_link,BODY,False,False,False,body_contacts.jsonl,
4649,38.74166666666667,base_link,BODY,False,False,False,body_contacts.jsonl,
4650,38.75,base_link,BODY,False,False,False,body_contacts.jsonl,
4651,38.75833333333333,base_link,BODY,False,False,False,body_contacts.jsonl,
4652,38.766666666666666,base_link,BODY,False,False,False,body_contacts.jsonl,
4653,38.775,base_link,BODY,False,False,False,body_contacts.jsonl,
4654,38.78333333333333,base_link,BODY,False,False,False,body_contacts.jsonl,
4655,38.791666666666664,base_link,BODY,False,False,False,body_contacts.jsonl,
4656,38.8,base_link,BODY,False,False,False,body_contacts.jsonl,
4657,38.80833333333333,base_link,BODY,False,False,False,body_contacts.jsonl,
4658,38.81666666666666,base_link,BODY,False,False,False,body_contacts.jsonl,
4659,38.825,base_link,BODY,False,False,False,body_contacts.jsonl,
4660,38.833333333333336,base_link,BODY,False,False,False,body_contacts.jsonl,
4661,38.84166666666667,base_link,BODY,False,False,False,body_contacts.jsonl,
4662,38.85,base_link,BODY,False,False,False,body_contacts.jsonl,
4663,38.858333333333334,base_link,BODY,False,False,False,body_contacts.jsonl,
4664,38.86666666666667,base_link,BODY,False,False,False,body_contacts.jsonl,
4665,38.875,base_link,BODY,False,False,False,body_contacts.jsonl,
4666,38.88333333333333,base_link,BODY,False,False,False,body_contacts.jsonl,
4667,38.891666666666666,base_link,BODY,False,False,False,body_contacts.jsonl,
4668,38.9,base_link,BODY,False,False,False,body_contacts.jsonl,
4669,38.90833333333333,base_link,BODY,False,False,False,body_contacts.jsonl,
4670,38.916666666666664,base_link,BODY,False,False,False,body_contacts.jsonl,
4671,38.925,base_link,BODY,False,False,False,body_contacts.jsonl,
4672,38.93333333333333,base_link,BODY,False,False,False,body_contacts.jsonl,
4673,38.94166666666666,base_link,BODY,False,False,False,body_contacts.jsonl,
4674,38.95,base_link,BODY,False,False,False,body_contacts.jsonl,
4675,38.958333333333336,base_link,BODY,False,False,False,body_contacts.jsonl,
4676,38.96666666666667,base_link,BODY,False,False,False,body_contacts.jsonl,
4677,38.975,base_link,BODY,False,False,False,body_contacts.jsonl,
4678,38.983333333333334,base_link,BODY,False,False,False,body_contacts.jsonl,
4679,38.99166666666667,base_link,BODY,False,False,False,body_contacts.jsonl,
4680,39.0,base_link,BODY,False,False,False,body_contacts.jsonl,
4681,39.00833333333333,base_link,BODY,False,False,False,body_contacts.jsonl,
4682,39.016666666666666,base_link,BODY,False,False,False,body_contacts.jsonl,
4683,39.025,base_link,BODY,False,False,False,body_contacts.jsonl,
4684,39.03333333333333,base_link,BODY,False,False,False,body_contacts.jsonl,
4685,39.041666666666664,base_link,BODY,False,False,False,body_contacts.jsonl,
4686,39.05,base_link,BODY,False,False,False,body_contacts.jsonl,
4687,39.05833333333333,base_link,BODY,False,False,False,body_contacts.jsonl,
4688,39.06666666666666,base_link,BODY,False,False,False,body_contacts.jsonl,
4689,39.075,base_link,BODY,False,False,False,body_contacts.jsonl,
4690,39.083333333333336,base_link,BODY,False,False,False,body_contacts.jsonl,
4691,39.09166666666667,base_link,BODY,False,False,False,body_contacts.jsonl,
4692,39.1,base_link,BODY,False,False,False,body_contacts.jsonl,
4693,39.108333333333334,base_link,BODY,False,False,False,body_contacts.jsonl,
4694,39.11666666666667,base_link,BODY,False,False,False,body_contacts.jsonl,
4695,39.125,base_link,BODY,False,False,False,body_contacts.jsonl,
4696,39.13333333333333,base_link,BODY,False,False,False,body_contacts.jsonl,
4697,39.141666666666666,base_link,BODY,False,False,False,body_contacts.jsonl,
4698,39.15,base_link,BODY,False,False,False,body_contacts.jsonl,
4699,39.15833333333333,base_link,BODY,False,False,False,body_contacts.jsonl,
4700,39.166666666666664,base_link,BODY,False,False,False,body_contacts.jsonl,
4701,39.175,base_link,BODY,False,False,False,body_contacts.jsonl,
4702,39.18333333333333,base_link,BODY,False,False,False,body_contacts.jsonl,
4703,39.19166666666666,base_link,BODY,False,False,False,body_contacts.jsonl,
4704,39.2,base_link,BODY,False,False,False,body_contacts.jsonl,
4705,39.208333333333336,base_link,BODY,False,False,False,body_contacts.jsonl,
4706,39.21666666666667,base_link,BODY,False,False,False,body_contacts.jsonl,
4707,39.225,base_link,BODY,False,False,False,body_contacts.jsonl,
4708,39.233333333333334,base_link,BODY,False,False,False,body_contacts.jsonl,
4709,39.24166666666667,base_link,BODY,False,False,False,body_contacts.jsonl,
4710,39.25,base_link,BODY,False,False,False,body_contacts.jsonl,
4711,39.25833333333333,base_link,BODY,False,False,False,body_contacts.jsonl,
4712,39.266666666666666,base_link,BODY,False,False,False,body_contacts.jsonl,
4713,39.275,base_link,BODY,False,False,False,body_contacts.jsonl,
4714,39.28333333333333,base_link,BODY,False,False,False,body_contacts.jsonl,
4715,39.291666666666664,base_link,BODY,False,False,False,body_contacts.jsonl,
4716,39.3,base_link,BODY,False,False,False,body_contacts.jsonl,
4717,39.30833333333333,base_link,BODY,False,False,False,body_contacts.jsonl,
4718,39.31666666666666,base_link,BODY,False,False,False,body_contacts.jsonl,
4719,39.325,base_link,BODY,False,False,False,body_contacts.jsonl,
4720,39.333333333333336,base_link,BODY,False,False,False,body_contacts.jsonl,
4721,39.34166666666667,base_link,BODY,False,False,False,body_contacts.jsonl,
4722,39.35,base_link,BODY,False,False,False,body_contacts.jsonl,
4723,39.358333333333334,base_link,BODY,False,False,False,body_contacts.jsonl,
4724,39.36666666666667,base_link,BODY,False,False,False,body_contacts.jsonl,
4725,39.375,base_link,BODY,False,False,False,body_contacts.jsonl,
4726,39.38333333333333,base_link,BODY,False,False,False,body_contacts.jsonl,
4727,39.391666666666666,base_link,BODY,False,False,False,body_contacts.jsonl,
4728,39.4,base_link,BODY,False,False,False,body_contacts.jsonl,
4729,39.40833333333333,base_link,BODY,False,False,False,body_contacts.jsonl,
4730,39.416666666666664,base_link,BODY,False,False,False,body_contacts.jsonl,
4731,39.425,base_link,BODY,False,False,False,body_contacts.jsonl,
4732,39.43333333333333,base_link,BODY,False,False,False,body_contacts.jsonl,
4733,39.44166666666666,base_link,BODY,False,False,False,body_contacts.jsonl,
4734,39.45,base_link,BODY,False,False,False,body_contacts.jsonl,
4735,39.458333333333336,base_link,BODY,False,False,False,body_contacts.jsonl,
4736,39.46666666666667,base_link,BODY,False,False,False,body_contacts.jsonl,
4737,39.475,base_link,BODY,False,False,False,body_contacts.jsonl,
4738,39.483333333333334,base_link,BODY,False,False,False,body_contacts.jsonl,
4739,39.49166666666667,base_link,BODY,False,False,False,body_contacts.jsonl,
4740,39.5,base_link,BODY,False,False,False,body_contacts.jsonl,
4741,39.50833333333333,base_link,BODY,False,False,False,body_contacts.jsonl,
4742,39.516666666666666,base_link,BODY,False,False,False,body_contacts.jsonl,
4743,39.525,base_link,BODY,False,False,False,body_contacts.jsonl,
4744,39.53333333333333,base_link,BODY,False,False,False,body_contacts.jsonl,
4745,39.541666666666664,base_link,BODY,False,False,False,body_contacts.jsonl,
4746,39.55,base_link,BODY,False,False,False,body_contacts.jsonl,
4747,39.55833333333333,base_link,BODY,False,False,False,body_contacts.jsonl,
4748,39.56666666666666,base_link,BODY,False,False,False,body_contacts.jsonl,
4749,39.575,base_link,BODY,False,False,False,body_contacts.jsonl,
4750,39.583333333333336,base_link,BODY,False,False,False,body_contacts.jsonl,
4751,39.59166666666667,base_link,BODY,False,False,False,body_contacts.jsonl,
4752,39.6,base_link,BODY,False,False,False,body_contacts.jsonl,
4753,39.608333333333334,base_link,BODY,False,False,False,body_contacts.jsonl,
4754,39.61666666666667,base_link,BODY,False,False,False,body_contacts.jsonl,
4755,39.625,base_link,BODY,False,False,False,body_contacts.jsonl,
4756,39.63333333333333,base_link,BODY,False,False,False,body_contacts.jsonl,
4757,39.641666666666666,base_link,BODY,False,False,False,body_contacts.jsonl,
4758,39.65,base_link,BODY,False,False,False,body_contacts.jsonl,
4759,39.65833333333333,base_link,BODY,False,False,False,body_contacts.jsonl,
4760,39.666666666666664,base_link,BODY,False,False,False,body_contacts.jsonl,
4761,39.675,base_link,BODY,False,False,False,body_contacts.jsonl,
4762,39.68333333333333,base_link,BODY,False,False,False,body_contacts.jsonl,
4763,39.69166666666666,base_link,BODY,False,False,False,body_contacts.jsonl,
4764,39.7,base_link,BODY,False,False,False,body_contacts.jsonl,
4765,39.708333333333336,base_link,BODY,False,False,False,body_contacts.jsonl,
4766,39.71666666666667,base_link,BODY,False,False,False,body_contacts.jsonl,
4767,39.725,base_link,BODY,False,False,False,body_contacts.jsonl,
4768,39.733333333333334,base_link,BODY,False,False,False,body_contacts.jsonl,
4769,39.74166666666667,base_link,BODY,False,False,False,body_contacts.jsonl,
4770,39.75,base_link,BODY,False,False,False,body_contacts.jsonl,
4771,39.75833333333333,base_link,BODY,False,False,False,body_contacts.jsonl,
4772,39.766666666666666,base_link,BODY,False,False,False,body_contacts.jsonl,
4773,39.775,base_link,BODY,False,False,False,body_contacts.jsonl,
4774,39.78333333333333,base_link,BODY,False,False,False,body_contacts.jsonl,
4775,39.791666666666664,base_link,BODY,False,False,False,body_contacts.jsonl,
4776,39.8,base_link,BODY,False,False,False,body_contacts.jsonl,
4777,39.80833333333333,base_link,BODY,False,False,False,body_contacts.jsonl,
4778,39.81666666666666,base_link,BODY,False,False,False,body_contacts.jsonl,
4779,39.825,base_link,BODY,False,False,False,body_contacts.jsonl,
4780,39.833333333333336,base_link,BODY,False,False,False,body_contacts.jsonl,
4781,39.84166666666667,base_link,BODY,False,False,False,body_contacts.jsonl,
4782,39.85,base_link,BODY,False,False,False,body_contacts.jsonl,
4783,39.858333333333334,base_link,BODY,False,False,False,body_contacts.jsonl,
4784,39.86666666666667,base_link,BODY,False,False,False,body_contacts.jsonl,
4785,39.875,base_link,BODY,False,False,False,body_contacts.jsonl,
4786,39.88333333333333,base_link,BODY,False,False,False,body_contacts.jsonl,
4787,39.891666666666666,base_link,BODY,False,False,False,body_contacts.jsonl,
4788,39.9,base_link,BODY,False,False,False,body_contacts.jsonl,
4789,39.90833333333333,base_link,BODY,False,False,False,body_contacts.jsonl,
4790,39.916666666666664,base_link,BODY,False,False,False,body_contacts.jsonl,
4791,39.925,base_link,BODY,False,False,False,body_contacts.jsonl,
4792,39.93333333333333,base_link,BODY,False,False,False,body_contacts.jsonl,
4793,39.94166666666666,base_link,BODY,False,False,False,body_contacts.jsonl,
4794,39.95,base_link,BODY,False,False,False,body_contacts.jsonl,
4795,39.958333333333336,base_link,BODY,False,False,False,body_contacts.jsonl,
4796,39.96666666666667,base_link,BODY,False,False,False,body_contacts.jsonl,
4797,39.975,base_link,BODY,False,False,False,body_contacts.jsonl,
4798,39.983333333333334,base_link,BODY,False,False,False,body_contacts.jsonl,
4799,39.99166666666667,base_link,BODY,False,False,False,body_contacts.jsonl,
4800,40.0,base_link,BODY,False,False,False,body_contacts.jsonl,
4801,40.00833333333333,base_link,BODY,False,False,False,body_contacts.jsonl,
4802,40.016666666666666,base_link,BODY,False,False,False,body_contacts.jsonl,
4803,40.025,base_link,BODY,False,False,False,body_contacts.jsonl,
4804,40.03333333333333,base_link,BODY,False,False,False,body_contacts.jsonl,
4805,40.041666666666664,base_link,BODY,False,False,False,body_contacts.jsonl,
4806,40.05,base_link,BODY,False,False,False,body_contacts.jsonl,
4807,40.05833333333333,base_link,BODY,False,False,False,body_contacts.jsonl,
4808,40.06666666666666,base_link,BODY,False,False,False,body_contacts.jsonl,
4809,40.075,base_link,BODY,False,False,False,body_contacts.jsonl,
4810,40.083333333333336,base_link,BODY,False,False,False,body_contacts.jsonl,
4811,40.09166666666667,base_link,BODY,False,False,False,body_contacts.jsonl,
4812,40.1,base_link,BODY,False,False,False,body_contacts.jsonl,
4813,40.108333333333334,base_link,BODY,False,False,False,body_contacts.jsonl,
4814,40.11666666666667,base_link,BODY,False,False,False,body_contacts.jsonl,
4815,40.125,base_link,BODY,False,False,False,body_contacts.jsonl,
4816,40.13333333333333,base_link,BODY,False,False,False,body_contacts.jsonl,
4817,40.141666666666666,base_link,BODY,False,False,False,body_contacts.jsonl,
4818,40.15,base_link,BODY,False,False,False,body_contacts.jsonl,
4819,40.15833333333333,base_link,BODY,False,False,False,body_contacts.jsonl,
4820,40.166666666666664,base_link,BODY,False,False,False,body_contacts.jsonl,
4821,40.175,base_link,BODY,False,False,False,body_contacts.jsonl,
4822,40.18333333333333,base_link,BODY,False,False,False,body_contacts.jsonl,
4823,40.19166666666666,base_link,BODY,False,False,False,body_contacts.jsonl,
4824,40.2,base_link,BODY,False,False,False,body_contacts.jsonl,
4825,40.208333333333336,base_link,BODY,False,False,False,body_contacts.jsonl,
4826,40.21666666666667,base_link,BODY,False,False,False,body_contacts.jsonl,
4827,40.225,base_link,BODY,False,False,False,body_contacts.jsonl,
4828,40.233333333333334,base_link,BODY,False,False,False,body_contacts.jsonl,
4829,40.24166666666667,base_link,BODY,False,False,False,body_contacts.jsonl,
4830,40.25,base_link,BODY,False,False,False,body_contacts.jsonl,
4831,40.25833333333333,base_link,BODY,False,False,False,body_contacts.jsonl,
4832,40.266666666666666,base_link,BODY,False,False,False,body_contacts.jsonl,
4833,40.275,base_link,BODY,False,False,False,body_contacts.jsonl,
4834,40.28333333333333,base_link,BODY,False,False,False,body_contacts.jsonl,
4835,40.291666666666664,base_link,BODY,False,False,False,body_contacts.jsonl,
4836,40.3,base_link,BODY,False,False,False,body_contacts.jsonl,
4837,40.30833333333333,base_link,BODY,False,False,False,body_contacts.jsonl,
4838,40.31666666666666,base_link,BODY,False,False,False,body_contacts.jsonl,
4839,40.325,base_link,BODY,False,False,False,body_contacts.jsonl,
4840,40.333333333333336,base_link,BODY,False,False,False,body_contacts.jsonl,
4841,40.34166666666667,base_link,BODY,False,False,False,body_contacts.jsonl,
4842,40.35,base_link,BODY,False,False,False,body_contacts.jsonl,
4843,40.358333333333334,base_link,BODY,False,False,False,body_contacts.jsonl,
4844,40.36666666666667,base_link,BODY,False,False,False,body_contacts.jsonl,
4845,40.375,base_link,BODY,False,False,False,body_contacts.jsonl,
4846,40.38333333333333,base_link,BODY,False,False,False,body_contacts.jsonl,
4847,40.391666666666666,base_link,BODY,False,False,False,body_contacts.jsonl,
4848,40.4,base_link,BODY,False,False,False,body_contacts.jsonl,
4849,40.40833333333333,base_link,BODY,False,False,False,body_contacts.jsonl,
4850,40.416666666666664,base_link,BODY,False,False,False,body_contacts.jsonl,
4851,40.425,base_link,BODY,False,False,False,body_contacts.jsonl,
4852,40.43333333333333,base_link,BODY,False,False,False,body_contacts.jsonl,
4853,40.44166666666666,base_link,BODY,False,False,False,body_contacts.jsonl,
4854,40.45,base_link,BODY,False,False,False,body_contacts.jsonl,
4855,40.458333333333336,base_link,BODY,False,False,False,body_contacts.jsonl,
4856,40.46666666666667,base_link,BODY,False,False,False,body_contacts.jsonl,
4857,40.475,base_link,BODY,False,False,False,body_contacts.jsonl,
4858,40.483333333333334,base_link,BODY,False,False,False,body_contacts.jsonl,
4859,40.49166666666667,base_link,BODY,False,False,False,body_contacts.jsonl,
4860,40.5,base_link,BODY,False,False,False,body_contacts.jsonl,
4861,40.50833333333333,base_link,BODY,False,False,False,body_contacts.jsonl,
4862,40.516666666666666,base_link,BODY,False,False,False,body_contacts.jsonl,
4863,40.525,base_link,BODY,False,False,False,body_contacts.jsonl,
4864,40.53333333333333,base_link,BODY,False,False,False,body_contacts.jsonl,
4865,40.541666666666664,base_link,BODY,False,False,False,body_contacts.jsonl,
4866,40.55,base_link,BODY,False,False,False,body_contacts.jsonl,
4867,40.55833333333333,base_link,BODY,False,False,False,body_contacts.jsonl,
4868,40.56666666666666,base_link,BODY,False,False,False,body_contacts.jsonl,
4869,40.575,base_link,BODY,False,False,False,body_contacts.jsonl,
4870,40.583333333333336,base_link,BODY,False,False,False,body_contacts.jsonl,
4871,40.59166666666667,base_link,BODY,False,False,False,body_contacts.jsonl,
4872,40.6,base_link,BODY,False,False,False,body_contacts.jsonl,
4873,40.608333333333334,base_link,BODY,False,False,False,body_contacts.jsonl,
4874,40.61666666666667,base_link,BODY,False,False,False,body_contacts.jsonl,
4875,40.625,base_link,BODY,False,False,False,body_contacts.jsonl,
4876,40.63333333333333,base_link,BODY,False,False,False,body_contacts.jsonl,
4877,40.641666666666666,base_link,BODY,False,False,False,body_contacts.jsonl,
4878,40.65,base_link,BODY,False,False,False,body_contacts.jsonl,
4879,40.65833333333333,base_link,BODY,False,False,False,body_contacts.jsonl,
4880,40.666666666666664,base_link,BODY,False,False,False,body_contacts.jsonl,
4881,40.675,base_link,BODY,False,False,False,body_contacts.jsonl,
4882,40.68333333333333,base_link,BODY,False,False,False,body_contacts.jsonl,
4883,40.69166666666666,base_link,BODY,False,False,False,body_contacts.jsonl,
4884,40.7,base_link,BODY,False,False,False,body_contacts.jsonl,
4885,40.708333333333336,base_link,BODY,False,False,False,body_contacts.jsonl,
4886,40.71666666666667,base_link,BODY,False,False,False,body_contacts.jsonl,
4887,40.725,base_link,BODY,False,False,False,body_contacts.jsonl,
4888,40.733333333333334,base_link,BODY,False,False,False,body_contacts.jsonl,
4889,40.74166666666667,base_link,BODY,False,False,False,body_contacts.jsonl,
4890,40.75,base_link,BODY,False,False,False,body_contacts.jsonl,
4891,40.75833333333333,base_link,BODY,False,False,False,body_contacts.jsonl,
4892,40.766666666666666,base_link,BODY,False,False,False,body_contacts.jsonl,
4893,40.775,base_link,BODY,False,False,False,body_contacts.jsonl,
4894,40.78333333333333,base_link,BODY,False,False,False,body_contacts.jsonl,
4895,40.791666666666664,base_link,BODY,False,False,False,body_contacts.jsonl,
4896,40.8,base_link,BODY,False,False,False,body_contacts.jsonl,
4897,40.80833333333333,base_link,BODY,False,False,False,body_contacts.jsonl,
4898,40.81666666666666,base_link,BODY,False,False,False,body_contacts.jsonl,
4899,40.825,base_link,BODY,False,False,False,body_contacts.jsonl,
4900,40.833333333333336,base_link,BODY,False,False,False,body_contacts.jsonl,
4901,40.84166666666667,base_link,BODY,False,False,False,body_contacts.jsonl,
4902,40.85,base_link,BODY,False,False,False,body_contacts.jsonl,
4903,40.858333333333334,base_link,BODY,False,False,False,body_contacts.jsonl,
4904,40.86666666666667,base_link,BODY,False,False,False,body_contacts.jsonl,
4905,40.875,base_link,BODY,False,False,False,body_contacts.jsonl,
4906,40.88333333333333,base_link,BODY,False,False,False,body_contacts.jsonl,
4907,40.891666666666666,base_link,BODY,False,False,False,body_contacts.jsonl,
4908,40.9,base_link,BODY,False,False,False,body_contacts.jsonl,
4909,40.90833333333333,base_link,BODY,False,False,False,body_contacts.jsonl,
4910,40.916666666666664,base_link,BODY,False,False,False,body_contacts.jsonl,
4911,40.925,base_link,BODY,False,False,False,body_contacts.jsonl,
4912,40.93333333333333,base_link,BODY,False,False,False,body_contacts.jsonl,
4913,40.94166666666666,base_link,BODY,False,False,False,body_contacts.jsonl,
4914,40.95,base_link,BODY,False,False,False,body_contacts.jsonl,
4915,40.958333333333336,base_link,BODY,False,False,False,body_contacts.jsonl,
4916,40.96666666666667,base_link,BODY,False,False,False,body_contacts.jsonl,
4917,40.975,base_link,BODY,False,False,False,body_contacts.jsonl,
4918,40.983333333333334,base_link,BODY,False,False,False,body_contacts.jsonl,
4919,40.99166666666667,base_link,BODY,False,False,False,body_contacts.jsonl,
4920,41.0,base_link,BODY,False,False,False,body_contacts.jsonl,
4921,41.00833333333333,base_link,BODY,False,False,False,body_contacts.jsonl,
4922,41.016666666666666,base_link,BODY,False,False,False,body_contacts.jsonl,
4923,41.025,base_link,BODY,False,False,False,body_contacts.jsonl,
4924,41.03333333333333,base_link,BODY,False,False,False,body_contacts.jsonl,
4925,41.041666666666664,base_link,BODY,False,False,False,body_contacts.jsonl,
4926,41.05,base_link,BODY,False,False,False,body_contacts.jsonl,
4927,41.05833333333333,base_link,BODY,False,False,False,body_contacts.jsonl,
4928,41.06666666666666,base_link,BODY,False,False,False,body_contacts.jsonl,
4929,41.075,base_link,BODY,False,False,False,body_contacts.jsonl,
4930,41.083333333333336,base_link,BODY,False,False,False,body_contacts.jsonl,
4931,41.09166666666667,base_link,BODY,False,False,False,body_contacts.jsonl,
4932,41.1,base_link,BODY,False,False,False,body_contacts.jsonl,
4933,41.108333333333334,base_link,BODY,False,False,False,body_contacts.jsonl,
4934,41.11666666666667,base_link,BODY,False,False,False,body_contacts.jsonl,
4935,41.125,base_link,BODY,False,False,False,body_contacts.jsonl,
4936,41.13333333333333,base_link,BODY,False,False,False,body_contacts.jsonl,
4937,41.141666666666666,base_link,BODY,False,False,False,body_contacts.jsonl,
4938,41.15,base_link,BODY,False,False,False,body_contacts.jsonl,
4939,41.15833333333333,base_link,BODY,False,False,False,body_contacts.jsonl,
4940,41.166666666666664,base_link,BODY,False,False,False,body_contacts.jsonl,
4941,41.175,base_link,BODY,False,False,False,body_contacts.jsonl,
4942,41.18333333333333,base_link,BODY,False,False,False,body_contacts.jsonl,
4943,41.19166666666666,base_link,BODY,False,False,False,body_contacts.jsonl,
4944,41.2,base_link,BODY,False,False,False,body_contacts.jsonl,
4945,41.208333333333336,base_link,BODY,False,False,False,body_contacts.jsonl,
4946,41.21666666666667,base_link,BODY,False,False,False,body_contacts.jsonl,
4947,41.225,base_link,BODY,False,False,False,body_contacts.jsonl,
4948,41.233333333333334,base_link,BODY,False,False,False,body_contacts.jsonl,
4949,41.24166666666667,base_link,BODY,False,False,False,body_contacts.jsonl,
4950,41.25,base_link,BODY,False,False,False,body_contacts.jsonl,
4951,41.25833333333333,base_link,BODY,False,False,False,body_contacts.jsonl,
4952,41.266666666666666,base_link,BODY,False,False,False,body_contacts.jsonl,
4953,41.275,base_link,BODY,False,False,False,body_contacts.jsonl,
4954,41.28333333333333,base_link,BODY,False,False,False,body_contacts.jsonl,
4955,41.291666666666664,base_link,BODY,False,False,False,body_contacts.jsonl,
4956,41.3,base_link,BODY,False,False,False,body_contacts.jsonl,
4957,41.30833333333333,base_link,BODY,False,False,False,body_contacts.jsonl,
4958,41.31666666666666,base_link,BODY,False,False,False,body_contacts.jsonl,
4959,41.325,base_link,BODY,False,False,False,body_contacts.jsonl,
4960,41.333333333333336,base_link,BODY,False,False,False,body_contacts.jsonl,
4961,41.34166666666667,base_link,BODY,False,False,False,body_contacts.jsonl,
4962,41.35,base_link,BODY,False,False,False,body_contacts.jsonl,
4963,41.358333333333334,base_link,BODY,False,False,False,body_contacts.jsonl,
4964,41.36666666666667,base_link,BODY,False,False,False,body_contacts.jsonl,
4965,41.375,base_link,BODY,False,False,False,body_contacts.jsonl,
4966,41.38333333333333,base_link,BODY,False,False,False,body_contacts.jsonl,
4967,41.391666666666666,base_link,BODY,False,False,False,body_contacts.jsonl,
4968,41.4,base_link,BODY,False,False,False,body_contacts.jsonl,
4969,41.40833333333333,base_link,BODY,False,False,False,body_contacts.jsonl,
4970,41.416666666666664,base_link,BODY,False,False,False,body_contacts.jsonl,
4971,41.425,base_link,BODY,False,False,False,body_contacts.jsonl,
4972,41.43333333333333,base_link,BODY,False,False,False,body_contacts.jsonl,
4973,41.44166666666666,base_link,BODY,False,False,False,body_contacts.jsonl,
4974,41.45,base_link,BODY,False,False,False,body_contacts.jsonl,
4975,41.458333333333336,base_link,BODY,False,False,False,body_contacts.jsonl,
4976,41.46666666666667,base_link,BODY,False,False,False,body_contacts.jsonl,
4977,41.475,base_link,BODY,False,False,False,body_contacts.jsonl,
4978,41.483333333333334,base_link,BODY,False,False,False,body_contacts.jsonl,
4979,41.49166666666667,base_link,BODY,False,False,False,body_contacts.jsonl,
4980,41.5,base_link,BODY,False,False,False,body_contacts.jsonl,
4981,41.50833333333333,base_link,BODY,False,False,False,body_contacts.jsonl,
4982,41.516666666666666,base_link,BODY,False,False,False,body_contacts.jsonl,
4983,41.525,base_link,BODY,False,False,False,body_contacts.jsonl,
4984,41.53333333333333,base_link,BODY,False,False,False,body_contacts.jsonl,
4985,41.541666666666664,base_link,BODY,False,False,False,body_contacts.jsonl,
4986,41.55,base_link,BODY,False,False,False,body_contacts.jsonl,
4987,41.55833333333333,base_link,BODY,False,False,False,body_contacts.jsonl,
4988,41.56666666666666,base_link,BODY,False,False,False,body_contacts.jsonl,
4989,41.575,base_link,BODY,False,False,False,body_contacts.jsonl,
4990,41.583333333333336,base_link,BODY,False,False,False,body_contacts.jsonl,
4991,41.59166666666667,base_link,BODY,False,False,False,body_contacts.jsonl,
4992,41.6,base_link,BODY,False,False,False,body_contacts.jsonl,
4993,41.608333333333334,base_link,BODY,False,False,False,body_contacts.jsonl,
4994,41.61666666666667,base_link,BODY,False,False,False,body_contacts.jsonl,
4995,41.625,base_link,BODY,False,False,False,body_contacts.jsonl,
4996,41.63333333333333,base_link,BODY,False,False,False,body_contacts.jsonl,
4997,41.641666666666666,base_link,BODY,False,False,False,body_contacts.jsonl,
4998,41.65,base_link,BODY,False,False,False,body_contacts.jsonl,
4999,41.65833333333333,base_link,BODY,False,False,False,body_contacts.jsonl,
5000,41.666666666666664,base_link,BODY,False,False,False,body_contacts.jsonl,
5001,41.675,base_link,BODY,False,False,False,body_contacts.jsonl,
5002,41.68333333333333,base_link,BODY,False,False,False,body_contacts.jsonl,
5003,41.69166666666666,base_link,BODY,False,False,False,body_contacts.jsonl,
5004,41.7,base_link,BODY,False,False,False,body_contacts.jsonl,
5005,41.708333333333336,base_link,BODY,False,False,False,body_contacts.jsonl,
5006,41.71666666666667,base_link,BODY,False,False,False,body_contacts.jsonl,
5007,41.725,base_link,BODY,False,False,False,body_contacts.jsonl,
5008,41.733333333333334,base_link,BODY,False,False,False,body_contacts.jsonl,
5009,41.74166666666667,base_link,BODY,False,False,False,body_contacts.jsonl,
5010,41.75,base_link,BODY,False,False,False,body_contacts.jsonl,
5011,41.75833333333333,base_link,BODY,False,False,False,body_contacts.jsonl,
5012,41.766666666666666,base_link,BODY,False,False,False,body_contacts.jsonl,
5013,41.775,base_link,BODY,False,False,False,body_contacts.jsonl,
5014,41.78333333333333,base_link,BODY,False,False,False,body_contacts.jsonl,
5015,41.791666666666664,base_link,BODY,False,False,False,body_contacts.jsonl,
5016,41.8,base_link,BODY,False,False,False,body_contacts.jsonl,
5017,41.80833333333333,base_link,BODY,False,False,False,body_contacts.jsonl,
5018,41.81666666666666,base_link,BODY,False,False,False,body_contacts.jsonl,
5019,41.825,base_link,BODY,False,False,False,body_contacts.jsonl,
5020,41.833333333333336,base_link,BODY,False,False,False,body_contacts.jsonl,
5021,41.84166666666667,base_link,BODY,False,False,False,body_contacts.jsonl,
5022,41.85,base_link,BODY,False,False,False,body_contacts.jsonl,
5023,41.858333333333334,base_link,BODY,False,False,False,body_contacts.jsonl,
5024,41.86666666666667,base_link,BODY,False,False,False,body_contacts.jsonl,
5025,41.875,base_link,BODY,False,False,False,body_contacts.jsonl,
5026,41.88333333333333,base_link,BODY,False,False,False,body_contacts.jsonl,
5027,41.891666666666666,base_link,BODY,False,False,False,body_contacts.jsonl,
5028,41.9,base_link,BODY,False,False,False,body_contacts.jsonl,
5029,41.90833333333333,base_link,BODY,False,False,False,body_contacts.jsonl,
5030,41.916666666666664,base_link,BODY,False,False,False,body_contacts.jsonl,
5031,41.925,base_link,BODY,False,False,False,body_contacts.jsonl,
5032,41.93333333333333,base_link,BODY,False,False,False,body_contacts.jsonl,
5033,41.94166666666666,base_link,BODY,False,False,False,body_contacts.jsonl,
5034,41.95,base_link,BODY,False,False,False,body_contacts.jsonl,
5035,41.958333333333336,base_link,BODY,False,False,False,body_contacts.jsonl,
5036,41.96666666666667,base_link,BODY,False,False,False,body_contacts.jsonl,
5037,41.975,base_link,BODY,False,False,False,body_contacts.jsonl,
5038,41.983333333333334,base_link,BODY,False,False,False,body_contacts.jsonl,
5039,41.99166666666667,base_link,BODY,False,False,False,body_contacts.jsonl,
5040,42.0,base_link,BODY,False,False,False,body_contacts.jsonl,
5041,42.00833333333333,base_link,BODY,False,False,False,body_contacts.jsonl,
5042,42.016666666666666,base_link,BODY,False,False,False,body_contacts.jsonl,
5043,42.025,base_link,BODY,False,False,False,body_contacts.jsonl,
5044,42.03333333333333,base_link,BODY,False,False,False,body_contacts.jsonl,
5045,42.041666666666664,base_link,BODY,False,False,False,body_contacts.jsonl,
5046,42.05,base_link,BODY,False,False,False,body_contacts.jsonl,
5047,42.05833333333333,base_link,BODY,False,False,False,body_contacts.jsonl,
5048,42.06666666666666,base_link,BODY,False,False,False,body_contacts.jsonl,
5049,42.075,base_link,BODY,False,False,False,body_contacts.jsonl,
5050,42.083333333333336,base_link,BODY,False,False,False,body_contacts.jsonl,
5051,42.09166666666667,base_link,BODY,False,False,False,body_contacts.jsonl,
5052,42.1,base_link,BODY,False,False,False,body_contacts.jsonl,
5053,42.108333333333334,base_link,BODY,False,False,False,body_contacts.jsonl,
5054,42.11666666666667,base_link,BODY,False,False,False,body_contacts.jsonl,
5055,42.125,base_link,BODY,False,False,False,body_contacts.jsonl,
5056,42.13333333333333,base_link,BODY,False,False,False,body_contacts.jsonl,
5057,42.141666666666666,base_link,BODY,False,False,False,body_contacts.jsonl,
5058,42.15,base_link,BODY,False,False,False,body_contacts.jsonl,
5059,42.15833333333333,base_link,BODY,False,False,False,body_contacts.jsonl,
5060,42.166666666666664,base_link,BODY,False,False,False,body_contacts.jsonl,
5061,42.175,base_link,BODY,False,False,False,body_contacts.jsonl,
5062,42.18333333333333,base_link,BODY,False,False,False,body_contacts.jsonl,
5063,42.19166666666666,base_link,BODY,False,False,False,body_contacts.jsonl,
5064,42.2,base_link,BODY,False,False,False,body_contacts.jsonl,
5065,42.208333333333336,base_link,BODY,False,False,False,body_contacts.jsonl,
5066,42.21666666666667,base_link,BODY,False,False,False,body_contacts.jsonl,
5067,42.225,base_link,BODY,False,False,False,body_contacts.jsonl,
5068,42.233333333333334,base_link,BODY,False,False,False,body_contacts.jsonl,
5069,42.24166666666667,base_link,BODY,False,False,False,body_contacts.jsonl,
5070,42.25,base_link,BODY,False,False,False,body_contacts.jsonl,
5071,42.25833333333333,base_link,BODY,False,False,False,body_contacts.jsonl,
5072,42.266666666666666,base_link,BODY,False,False,False,body_contacts.jsonl,
5073,42.275,base_link,BODY,False,False,False,body_contacts.jsonl,
5074,42.28333333333333,base_link,BODY,False,False,False,body_contacts.jsonl,
5075,42.291666666666664,base_link,BODY,False,False,False,body_contacts.jsonl,
5076,42.3,base_link,BODY,False,False,False,body_contacts.jsonl,
5077,42.30833333333333,base_link,BODY,False,False,False,body_contacts.jsonl,
5078,42.31666666666666,base_link,BODY,False,False,False,body_contacts.jsonl,
5079,42.325,base_link,BODY,False,False,False,body_contacts.jsonl,
5080,42.333333333333336,base_link,BODY,False,False,False,body_contacts.jsonl,
5081,42.34166666666667,base_link,BODY,False,False,False,body_contacts.jsonl,
5082,42.35,base_link,BODY,False,False,False,body_contacts.jsonl,
5083,42.358333333333334,base_link,BODY,False,False,False,body_contacts.jsonl,
5084,42.36666666666667,base_link,BODY,False,False,False,body_contacts.jsonl,
5085,42.375,base_link,BODY,False,False,False,body_contacts.jsonl,
5086,42.38333333333333,base_link,BODY,False,False,False,body_contacts.jsonl,
5087,42.391666666666666,base_link,BODY,False,False,False,body_contacts.jsonl,
5088,42.4,base_link,BODY,False,False,False,body_contacts.jsonl,
5089,42.40833333333333,base_link,BODY,False,False,False,body_contacts.jsonl,
5090,42.416666666666664,base_link,BODY,False,False,False,body_contacts.jsonl,
5091,42.425,base_link,BODY,False,False,False,body_contacts.jsonl,
5092,42.43333333333333,base_link,BODY,False,False,False,body_contacts.jsonl,
5093,42.44166666666666,base_link,BODY,False,False,False,body_contacts.jsonl,
5094,42.45,base_link,BODY,False,False,False,body_contacts.jsonl,
5095,42.458333333333336,base_link,BODY,False,False,False,body_contacts.jsonl,
5096,42.46666666666667,base_link,BODY,False,False,False,body_contacts.jsonl,
5097,42.475,base_link,BODY,False,False,False,body_contacts.jsonl,
5098,42.483333333333334,base_link,BODY,False,False,False,body_contacts.jsonl,
5099,42.49166666666667,base_link,BODY,False,False,False,body_contacts.jsonl,
5100,42.5,base_link,BODY,False,False,False,body_contacts.jsonl,
5101,42.50833333333333,base_link,BODY,False,False,False,body_contacts.jsonl,
5102,42.516666666666666,base_link,BODY,False,False,False,body_contacts.jsonl,
5103,42.525,base_link,BODY,False,False,False,body_contacts.jsonl,
5104,42.53333333333333,base_link,BODY,False,False,False,body_contacts.jsonl,
5105,42.541666666666664,base_link,BODY,False,False,False,body_contacts.jsonl,
5106,42.55,base_link,BODY,False,False,False,body_contacts.jsonl,
5107,42.55833333333333,base_link,BODY,False,False,False,body_contacts.jsonl,
5108,42.56666666666666,base_link,BODY,False,False,False,body_contacts.jsonl,
5109,42.575,base_link,BODY,False,False,False,body_contacts.jsonl,
5110,42.583333333333336,base_link,BODY,False,False,False,body_contacts.jsonl,
5111,42.59166666666667,base_link,BODY,False,False,False,body_contacts.jsonl,
5112,42.6,base_link,BODY,False,False,False,body_contacts.jsonl,
5113,42.608333333333334,base_link,BODY,False,False,False,body_contacts.jsonl,
5114,42.61666666666667,base_link,BODY,False,False,False,body_contacts.jsonl,
5115,42.625,base_link,BODY,False,False,False,body_contacts.jsonl,
5116,42.63333333333333,base_link,BODY,False,False,False,body_contacts.jsonl,
5117,42.641666666666666,base_link,BODY,False,False,False,body_contacts.jsonl,
5118,42.65,base_link,BODY,False,False,False,body_contacts.jsonl,
5119,42.65833333333333,base_link,BODY,False,False,False,body_contacts.jsonl,
5120,42.666666666666664,base_link,BODY,False,False,False,body_contacts.jsonl,
5121,42.675,base_link,BODY,False,False,False,body_contacts.jsonl,
5122,42.68333333333333,base_link,BODY,False,False,False,body_contacts.jsonl,
5123,42.69166666666666,base_link,BODY,False,False,False,body_contacts.jsonl,
5124,42.7,base_link,BODY,False,False,False,body_contacts.jsonl,
5125,42.708333333333336,base_link,BODY,False,False,False,body_contacts.jsonl,
5126,42.71666666666667,base_link,BODY,False,False,False,body_contacts.jsonl,
5127,42.725,base_link,BODY,False,False,False,body_contacts.jsonl,
5128,42.733333333333334,base_link,BODY,False,False,False,body_contacts.jsonl,
5129,42.74166666666667,base_link,BODY,False,False,False,body_contacts.jsonl,
5130,42.75,base_link,BODY,False,False,False,body_contacts.jsonl,
5131,42.75833333333333,base_link,BODY,False,False,False,body_contacts.jsonl,
5132,42.766666666666666,base_link,BODY,False,False,False,body_contacts.jsonl,
5133,42.775,base_link,BODY,False,False,False,body_contacts.jsonl,
5134,42.78333333333333,base_link,BODY,False,False,False,body_contacts.jsonl,
5135,42.791666666666664,base_link,BODY,False,False,False,body_contacts.jsonl,
5136,42.8,base_link,BODY,False,False,False,body_contacts.jsonl,
5137,42.80833333333333,base_link,BODY,False,False,False,body_contacts.jsonl,
5138,42.81666666666666,base_link,BODY,False,False,False,body_contacts.jsonl,
5139,42.825,base_link,BODY,False,False,False,body_contacts.jsonl,
5140,42.833333333333336,base_link,BODY,False,False,False,body_contacts.jsonl,
5141,42.84166666666667,base_link,BODY,False,False,False,body_contacts.jsonl,
5142,42.85,base_link,BODY,False,False,False,body_contacts.jsonl,
5143,42.858333333333334,base_link,BODY,False,False,False,body_contacts.jsonl,
5144,42.86666666666667,base_link,BODY,False,False,False,body_contacts.jsonl,
5145,42.875,base_link,BODY,False,False,False,body_contacts.jsonl,
5146,42.88333333333333,base_link,BODY,False,False,False,body_contacts.jsonl,
5147,42.891666666666666,base_link,BODY,False,False,False,body_contacts.jsonl,
5148,42.9,base_link,BODY,False,False,False,body_contacts.jsonl,
5149,42.90833333333333,base_link,BODY,False,False,False,body_contacts.jsonl,
5150,42.916666666666664,base_link,BODY,False,False,False,body_contacts.jsonl,
5151,42.925,base_link,BODY,False,False,False,body_contacts.jsonl,
5152,42.93333333333333,base_link,BODY,False,False,False,body_contacts.jsonl,
5153,42.94166666666666,base_link,BODY,False,False,False,body_contacts.jsonl,
5154,42.95,base_link,BODY,False,False,False,body_contacts.jsonl,
5155,42.958333333333336,base_link,BODY,False,False,False,body_contacts.jsonl,
5156,42.96666666666667,base_link,BODY,False,False,False,body_contacts.jsonl,
5157,42.975,base_link,BODY,False,False,False,body_contacts.jsonl,
5158,42.983333333333334,base_link,BODY,False,False,False,body_contacts.jsonl,
5159,42.99166666666667,base_link,BODY,False,False,False,body_contacts.jsonl,
5160,43.0,base_link,BODY,False,False,False,body_contacts.jsonl,
5161,43.00833333333333,base_link,BODY,False,False,False,body_contacts.jsonl,
5162,43.016666666666666,base_link,BODY,False,False,False,body_contacts.jsonl,
5163,43.025,base_link,BODY,False,False,False,body_contacts.jsonl,
5164,43.03333333333333,base_link,BODY,False,False,False,body_contacts.jsonl,
5165,43.041666666666664,base_link,BODY,False,False,False,body_contacts.jsonl,
5166,43.05,base_link,BODY,False,False,False,body_contacts.jsonl,
5167,43.05833333333333,base_link,BODY,False,False,False,body_contacts.jsonl,
5168,43.06666666666666,base_link,BODY,False,False,False,body_contacts.jsonl,
5169,43.075,base_link,BODY,False,False,False,body_contacts.jsonl,
5170,43.083333333333336,base_link,BODY,False,False,False,body_contacts.jsonl,
5171,43.09166666666667,base_link,BODY,False,False,False,body_contacts.jsonl,
5172,43.1,base_link,BODY,False,False,False,body_contacts.jsonl,
5173,43.108333333333334,base_link,BODY,False,False,False,body_contacts.jsonl,
5174,43.11666666666667,base_link,BODY,False,False,False,body_contacts.jsonl,
5175,43.125,base_link,BODY,False,False,False,body_contacts.jsonl,
5176,43.13333333333333,base_link,BODY,False,False,False,body_contacts.jsonl,
5177,43.141666666666666,base_link,BODY,False,False,False,body_contacts.jsonl,
5178,43.15,base_link,BODY,False,False,False,body_contacts.jsonl,
5179,43.15833333333333,base_link,BODY,False,False,False,body_contacts.jsonl,
5180,43.166666666666664,base_link,BODY,False,False,False,body_contacts.jsonl,
5181,43.175,base_link,BODY,False,False,False,body_contacts.jsonl,
5182,43.18333333333333,base_link,BODY,False,False,False,body_contacts.jsonl,
5183,43.19166666666666,base_link,BODY,False,False,False,body_contacts.jsonl,
5184,43.2,base_link,BODY,False,False,False,body_contacts.jsonl,
5185,43.208333333333336,base_link,BODY,False,False,False,body_contacts.jsonl,
5186,43.21666666666667,base_link,BODY,False,False,False,body_contacts.jsonl,
5187,43.225,base_link,BODY,False,False,False,body_contacts.jsonl,
5188,43.233333333333334,base_link,BODY,False,False,False,body_contacts.jsonl,
5189,43.24166666666667,base_link,BODY,False,False,False,body_contacts.jsonl,
5190,43.25,base_link,BODY,False,False,False,body_contacts.jsonl,
5191,43.25833333333333,base_link,BODY,False,False,False,body_contacts.jsonl,
5192,43.266666666666666,base_link,BODY,False,False,False,body_contacts.jsonl,
5193,43.275,base_link,BODY,False,False,False,body_contacts.jsonl,
5194,43.28333333333333,base_link,BODY,False,False,False,body_contacts.jsonl,
5195,43.291666666666664,base_link,BODY,False,False,False,body_contacts.jsonl,
5196,43.3,base_link,BODY,False,False,False,body_contacts.jsonl,
5197,43.30833333333333,base_link,BODY,False,False,False,body_contacts.jsonl,
5198,43.31666666666666,base_link,BODY,False,False,False,body_contacts.jsonl,
5199,43.325,base_link,BODY,False,False,False,body_contacts.jsonl,
5200,43.333333333333336,base_link,BODY,False,False,False,body_contacts.jsonl,
5201,43.34166666666667,base_link,BODY,False,False,False,body_contacts.jsonl,
5202,43.35,base_link,BODY,False,False,False,body_contacts.jsonl,
5203,43.358333333333334,base_link,BODY,False,False,False,body_contacts.jsonl,
5204,43.36666666666667,base_link,BODY,False,False,False,body_contacts.jsonl,
5205,43.375,base_link,BODY,False,False,False,body_contacts.jsonl,
5206,43.38333333333333,base_link,BODY,False,False,False,body_contacts.jsonl,
5207,43.391666666666666,base_link,BODY,False,False,False,body_contacts.jsonl,
5208,43.4,base_link,BODY,False,False,False,body_contacts.jsonl,
5209,43.40833333333333,base_link,BODY,False,False,False,body_contacts.jsonl,
5210,43.416666666666664,base_link,BODY,False,False,False,body_contacts.jsonl,
5211,43.425,base_link,BODY,False,False,False,body_contacts.jsonl,
5212,43.43333333333333,base_link,BODY,False,False,False,body_contacts.jsonl,
5213,43.44166666666666,base_link,BODY,False,False,False,body_contacts.jsonl,
5214,43.45,base_link,BODY,False,False,False,body_contacts.jsonl,
5215,43.458333333333336,base_link,BODY,False,False,False,body_contacts.jsonl,
5216,43.46666666666667,base_link,BODY,False,False,False,body_contacts.jsonl,
5217,43.475,base_link,BODY,False,False,False,body_contacts.jsonl,
5218,43.483333333333334,base_link,BODY,False,False,False,body_contacts.jsonl,
5219,43.49166666666667,base_link,BODY,False,False,False,body_contacts.jsonl,
5220,43.5,base_link,BODY,False,False,False,body_contacts.jsonl,
5221,43.50833333333333,base_link,BODY,False,False,False,body_contacts.jsonl,
5222,43.516666666666666,base_link,BODY,False,False,False,body_contacts.jsonl,
5223,43.525,base_link,BODY,False,False,False,body_contacts.jsonl,
5224,43.53333333333333,base_link,BODY,False,False,False,body_contacts.jsonl,
5225,43.541666666666664,base_link,BODY,False,False,False,body_contacts.jsonl,
5226,43.55,base_link,BODY,False,False,False,body_contacts.jsonl,
5227,43.55833333333333,base_link,BODY,False,False,False,body_contacts.jsonl,
5228,43.56666666666666,base_link,BODY,False,False,False,body_contacts.jsonl,
5229,43.575,base_link,BODY,False,False,False,body_contacts.jsonl,
5230,43.583333333333336,base_link,BODY,False,False,False,body_contacts.jsonl,
5231,43.59166666666667,base_link,BODY,False,False,False,body_contacts.jsonl,
5232,43.6,base_link,BODY,False,False,False,body_contacts.jsonl,
5233,43.608333333333334,base_link,BODY,False,False,False,body_contacts.jsonl,
5234,43.61666666666667,base_link,BODY,False,False,False,body_contacts.jsonl,
5235,43.625,base_link,BODY,False,False,False,body_contacts.jsonl,
5236,43.63333333333333,base_link,BODY,False,False,False,body_contacts.jsonl,
5237,43.641666666666666,base_link,BODY,False,False,False,body_contacts.jsonl,
5238,43.65,base_link,BODY,False,False,False,body_contacts.jsonl,
5239,43.65833333333333,base_link,BODY,False,False,False,body_contacts.jsonl,
5240,43.666666666666664,base_link,BODY,False,False,False,body_contacts.jsonl,
5241,43.675,base_link,BODY,False,False,False,body_contacts.jsonl,
5242,43.68333333333333,base_link,BODY,False,False,False,body_contacts.jsonl,
5243,43.69166666666666,base_link,BODY,False,False,False,body_contacts.jsonl,
5244,43.7,base_link,BODY,False,False,False,body_contacts.jsonl,
5245,43.708333333333336,base_link,BODY,False,False,False,body_contacts.jsonl,
5246,43.71666666666667,base_link,BODY,False,False,False,body_contacts.jsonl,
5247,43.725,base_link,BODY,False,False,False,body_contacts.jsonl,
5248,43.733333333333334,base_link,BODY,False,False,False,body_contacts.jsonl,
5249,43.74166666666667,base_link,BODY,False,False,False,body_contacts.jsonl,
5250,43.75,base_link,BODY,False,False,False,body_contacts.jsonl,
5251,43.75833333333333,base_link,BODY,False,False,False,body_contacts.jsonl,
5252,43.766666666666666,base_link,BODY,False,False,False,body_contacts.jsonl,
5253,43.775,base_link,BODY,False,False,False,body_contacts.jsonl,
5254,43.78333333333333,base_link,BODY,False,False,False,body_contacts.jsonl,
5255,43.791666666666664,base_link,BODY,False,False,False,body_contacts.jsonl,
5256,43.8,base_link,BODY,False,False,False,body_contacts.jsonl,
5257,43.80833333333333,base_link,BODY,False,False,False,body_contacts.jsonl,
5258,43.81666666666666,base_link,BODY,False,False,False,body_contacts.jsonl,
5259,43.825,base_link,BODY,False,False,False,body_contacts.jsonl,
5260,43.833333333333336,base_link,BODY,False,False,False,body_contacts.jsonl,
5261,43.84166666666667,base_link,BODY,False,False,False,body_contacts.jsonl,
5262,43.85,base_link,BODY,False,False,False,body_contacts.jsonl,
5263,43.858333333333334,base_link,BODY,False,False,False,body_contacts.jsonl,
5264,43.86666666666667,base_link,BODY,False,False,False,body_contacts.jsonl,
5265,43.875,base_link,BODY,False,False,False,body_contacts.jsonl,
5266,43.88333333333333,base_link,BODY,False,False,False,body_contacts.jsonl,
5267,43.891666666666666,base_link,BODY,False,False,False,body_contacts.jsonl,
5268,43.9,base_link,BODY,False,False,False,body_contacts.jsonl,
5269,43.90833333333333,base_link,BODY,False,False,False,body_contacts.jsonl,
5270,43.916666666666664,base_link,BODY,False,False,False,body_contacts.jsonl,
5271,43.925,base_link,BODY,False,False,False,body_contacts.jsonl,
5272,43.93333333333333,base_link,BODY,False,False,False,body_contacts.jsonl,
5273,43.94166666666666,base_link,BODY,False,False,False,body_contacts.jsonl,
5274,43.95,base_link,BODY,False,False,False,body_contacts.jsonl,
5275,43.958333333333336,base_link,BODY,False,False,False,body_contacts.jsonl,
5276,43.96666666666667,base_link,BODY,False,False,False,body_contacts.jsonl,
5277,43.975,base_link,BODY,False,False,False,body_contacts.jsonl,
5278,43.983333333333334,base_link,BODY,False,False,False,body_contacts.jsonl,
5279,43.99166666666667,base_link,BODY,False,False,False,body_contacts.jsonl,
5280,44.0,base_link,BODY,False,False,False,body_contacts.jsonl,
5281,44.00833333333333,base_link,BODY,False,False,False,body_contacts.jsonl,
5282,44.016666666666666,base_link,BODY,False,False,False,body_contacts.jsonl,
5283,44.025,base_link,BODY,False,False,False,body_contacts.jsonl,
5284,44.03333333333333,base_link,BODY,False,False,False,body_contacts.jsonl,
5285,44.041666666666664,base_link,BODY,False,False,False,body_contacts.jsonl,
5286,44.05,base_link,BODY,False,False,False,body_contacts.jsonl,
5287,44.05833333333333,base_link,BODY,False,False,False,body_contacts.jsonl,
5288,44.06666666666666,base_link,BODY,False,False,False,body_contacts.jsonl,
5289,44.075,base_link,BODY,False,False,False,body_contacts.jsonl,
5290,44.083333333333336,base_link,BODY,False,False,False,body_contacts.jsonl,
5291,44.09166666666667,base_link,BODY,False,False,False,body_contacts.jsonl,
5292,44.1,base_link,BODY,False,False,False,body_contacts.jsonl,
5293,44.108333333333334,base_link,BODY,False,False,False,body_contacts.jsonl,
5294,44.11666666666667,base_link,BODY,False,False,False,body_contacts.jsonl,
5295,44.125,base_link,BODY,False,False,False,body_contacts.jsonl,
5296,44.13333333333333,base_link,BODY,False,False,False,body_contacts.jsonl,
5297,44.141666666666666,base_link,BODY,False,False,False,body_contacts.jsonl,
5298,44.15,base_link,BODY,False,False,False,body_contacts.jsonl,
5299,44.15833333333333,base_link,BODY,False,False,False,body_contacts.jsonl,
5300,44.166666666666664,base_link,BODY,False,False,False,body_contacts.jsonl,
5301,44.175,base_link,BODY,False,False,False,body_contacts.jsonl,
5302,44.18333333333333,base_link,BODY,False,False,False,body_contacts.jsonl,
5303,44.19166666666666,base_link,BODY,False,False,False,body_contacts.jsonl,
5304,44.2,base_link,BODY,False,False,False,body_contacts.jsonl,
5305,44.208333333333336,base_link,BODY,False,False,False,body_contacts.jsonl,
5306,44.21666666666667,base_link,BODY,False,False,False,body_contacts.jsonl,
5307,44.225,base_link,BODY,False,False,False,body_contacts.jsonl,
5308,44.233333333333334,base_link,BODY,False,False,False,body_contacts.jsonl,
5309,44.24166666666667,base_link,BODY,False,False,False,body_contacts.jsonl,
5310,44.25,base_link,BODY,False,False,False,body_contacts.jsonl,
5311,44.25833333333333,base_link,BODY,False,False,False,body_contacts.jsonl,
5312,44.266666666666666,base_link,BODY,False,False,False,body_contacts.jsonl,
5313,44.275,base_link,BODY,False,False,False,body_contacts.jsonl,
5314,44.28333333333333,base_link,BODY,False,False,False,body_contacts.jsonl,
5315,44.291666666666664,base_link,BODY,False,False,False,body_contacts.jsonl,
5316,44.3,base_link,BODY,False,False,False,body_contacts.jsonl,
5317,44.30833333333333,base_link,BODY,False,False,False,body_contacts.jsonl,
5318,44.31666666666666,base_link,BODY,False,False,False,body_contacts.jsonl,
5319,44.325,base_link,BODY,False,False,False,body_contacts.jsonl,
5320,44.333333333333336,base_link,BODY,False,False,False,body_contacts.jsonl,
5321,44.34166666666667,base_link,BODY,False,False,False,body_contacts.jsonl,
5322,44.35,base_link,BODY,False,False,False,body_contacts.jsonl,
5323,44.358333333333334,base_link,BODY,False,False,False,body_contacts.jsonl,
5324,44.36666666666667,base_link,BODY,False,False,False,body_contacts.jsonl,
5325,44.375,base_link,BODY,False,False,False,body_contacts.jsonl,
5326,44.38333333333333,base_link,BODY,False,False,False,body_contacts.jsonl,
5327,44.391666666666666,base_link,BODY,False,False,False,body_contacts.jsonl,
5328,44.4,base_link,BODY,False,False,False,body_contacts.jsonl,
5329,44.40833333333333,base_link,BODY,False,False,False,body_contacts.jsonl,
5330,44.416666666666664,base_link,BODY,False,False,False,body_contacts.jsonl,
5331,44.425,base_link,BODY,False,False,False,body_contacts.jsonl,
5332,44.43333333333333,base_link,BODY,False,False,False,body_contacts.jsonl,
5333,44.44166666666666,base_link,BODY,False,False,False,body_contacts.jsonl,
5334,44.45,base_link,BODY,False,False,False,body_contacts.jsonl,
5335,44.458333333333336,base_link,BODY,False,False,False,body_contacts.jsonl,
5336,44.46666666666667,base_link,BODY,False,False,False,body_contacts.jsonl,
5337,44.475,base_link,BODY,False,False,False,body_contacts.jsonl,
5338,44.483333333333334,base_link,BODY,False,False,False,body_contacts.jsonl,
5339,44.49166666666667,base_link,BODY,False,False,False,body_contacts.jsonl,
5340,44.5,base_link,BODY,False,False,False,body_contacts.jsonl,
5341,44.50833333333333,base_link,BODY,False,False,False,body_contacts.jsonl,
5342,44.516666666666666,base_link,BODY,False,False,False,body_contacts.jsonl,
5343,44.525,base_link,BODY,False,False,False,body_contacts.jsonl,
5344,44.53333333333333,base_link,BODY,False,False,False,body_contacts.jsonl,
5345,44.541666666666664,base_link,BODY,False,False,False,body_contacts.jsonl,
5346,44.55,base_link,BODY,False,False,False,body_contacts.jsonl,
5347,44.55833333333333,base_link,BODY,False,False,False,body_contacts.jsonl,
5348,44.56666666666666,base_link,BODY,False,False,False,body_contacts.jsonl,
5349,44.575,base_link,BODY,False,False,False,body_contacts.jsonl,
5350,44.583333333333336,base_link,BODY,False,False,False,body_contacts.jsonl,
5351,44.59166666666667,base_link,BODY,False,False,False,body_contacts.jsonl,
5352,44.6,base_link,BODY,False,False,False,body_contacts.jsonl,
5353,44.608333333333334,base_link,BODY,False,False,False,body_contacts.jsonl,
5354,44.61666666666667,base_link,BODY,False,False,False,body_contacts.jsonl,
5355,44.625,base_link,BODY,False,False,False,body_contacts.jsonl,
5356,44.63333333333333,base_link,BODY,False,False,False,body_contacts.jsonl,
5357,44.641666666666666,base_link,BODY,False,False,False,body_contacts.jsonl,
5358,44.65,base_link,BODY,False,False,False,body_contacts.jsonl,
5359,44.65833333333333,base_link,BODY,False,False,False,body_contacts.jsonl,
5360,44.666666666666664,base_link,BODY,False,False,False,body_contacts.jsonl,
5361,44.675,base_link,BODY,False,False,False,body_contacts.jsonl,
5362,44.68333333333333,base_link,BODY,False,False,False,body_contacts.jsonl,
5363,44.69166666666666,base_link,BODY,False,False,False,body_contacts.jsonl,
5364,44.7,base_link,BODY,False,False,False,body_contacts.jsonl,
5365,44.708333333333336,base_link,BODY,False,False,False,body_contacts.jsonl,
5366,44.71666666666667,base_link,BODY,False,False,False,body_contacts.jsonl,
5367,44.725,base_link,BODY,False,False,False,body_contacts.jsonl,
5368,44.733333333333334,base_link,BODY,False,False,False,body_contacts.jsonl,
5369,44.74166666666667,base_link,BODY,False,False,False,body_contacts.jsonl,
5370,44.75,base_link,BODY,False,False,False,body_contacts.jsonl,
5371,44.75833333333333,base_link,BODY,False,False,False,body_contacts.jsonl,
5372,44.766666666666666,base_link,BODY,False,False,False,body_contacts.jsonl,
5373,44.775,base_link,BODY,False,False,False,body_contacts.jsonl,
5374,44.78333333333333,base_link,BODY,False,False,False,body_contacts.jsonl,
5375,44.791666666666664,base_link,BODY,False,False,False,body_contacts.jsonl,
5376,44.8,base_link,BODY,False,False,False,body_contacts.jsonl,
5377,44.80833333333333,base_link,BODY,False,False,False,body_contacts.jsonl,
5378,44.81666666666666,base_link,BODY,False,False,False,body_contacts.jsonl,
5379,44.825,base_link,BODY,False,False,False,body_contacts.jsonl,
5380,44.833333333333336,base_link,BODY,False,False,False,body_contacts.jsonl,
5381,44.84166666666667,base_link,BODY,False,False,False,body_contacts.jsonl,
5382,44.85,base_link,BODY,False,False,False,body_contacts.jsonl,
5383,44.858333333333334,base_link,BODY,False,False,False,body_contacts.jsonl,
5384,44.86666666666667,base_link,BODY,False,False,False,body_contacts.jsonl,
5385,44.875,base_link,BODY,False,False,False,body_contacts.jsonl,
5386,44.88333333333333,base_link,BODY,False,False,False,body_contacts.jsonl,
5387,44.891666666666666,base_link,BODY,False,False,False,body_contacts.jsonl,
5388,44.9,base_link,BODY,False,False,False,body_contacts.jsonl,
5389,44.90833333333333,base_link,BODY,False,False,False,body_contacts.jsonl,
5390,44.916666666666664,base_link,BODY,False,False,False,body_contacts.jsonl,
5391,44.925,base_link,BODY,False,False,False,body_contacts.jsonl,
5392,44.93333333333333,base_link,BODY,False,False,False,body_contacts.jsonl,
5393,44.94166666666666,base_link,BODY,False,False,False,body_contacts.jsonl,
5394,44.95,base_link,BODY,False,False,False,body_contacts.jsonl,
5395,44.958333333333336,base_link,BODY,False,False,False,body_contacts.jsonl,
5396,44.96666666666667,base_link,BODY,False,False,False,body_contacts.jsonl,
5397,44.975,base_link,BODY,False,False,False,body_contacts.jsonl,
5398,44.983333333333334,base_link,BODY,False,False,False,body_contacts.jsonl,
5399,44.99166666666667,base_link,BODY,False,False,False,body_contacts.jsonl,
5400,45.0,base_link,BODY,False,False,False,body_contacts.jsonl,
5401,45.00833333333333,base_link,BODY,False,False,False,body_contacts.jsonl,
5402,45.016666666666666,base_link,BODY,False,False,False,body_contacts.jsonl,
5403,45.025,base_link,BODY,False,False,False,body_contacts.jsonl,
5404,45.03333333333333,base_link,BODY,False,False,False,body_contacts.jsonl,
5405,45.041666666666664,base_link,BODY,False,False,False,body_contacts.jsonl,
5406,45.05,base_link,BODY,False,False,False,body_contacts.jsonl,
5407,45.05833333333333,base_link,BODY,False,False,False,body_contacts.jsonl,
5408,45.06666666666666,base_link,BODY,False,False,False,body_contacts.jsonl,
5409,45.075,base_link,BODY,False,False,False,body_contacts.jsonl,
5410,45.083333333333336,base_link,BODY,False,False,False,body_contacts.jsonl,
5411,45.09166666666667,base_link,BODY,False,False,False,body_contacts.jsonl,
5412,45.1,base_link,BODY,False,False,False,body_contacts.jsonl,
5413,45.108333333333334,base_link,BODY,False,False,False,body_contacts.jsonl,
5414,45.11666666666667,base_link,BODY,False,False,False,body_contacts.jsonl,
5415,45.125,base_link,BODY,False,False,False,body_contacts.jsonl,
5416,45.13333333333333,base_link,BODY,False,False,False,body_contacts.jsonl,
5417,45.141666666666666,base_link,BODY,False,False,False,body_contacts.jsonl,
5418,45.15,base_link,BODY,False,False,False,body_contacts.jsonl,
5419,45.15833333333333,base_link,BODY,False,False,False,body_contacts.jsonl,
5420,45.166666666666664,base_link,BODY,False,False,False,body_contacts.jsonl,
5421,45.175,base_link,BODY,False,False,False,body_contacts.jsonl,
5422,45.18333333333333,base_link,BODY,False,False,False,body_contacts.jsonl,
5423,45.19166666666666,base_link,BODY,False,False,False,body_contacts.jsonl,
5424,45.2,base_link,BODY,False,False,False,body_contacts.jsonl,
5425,45.208333333333336,base_link,BODY,False,False,False,body_contacts.jsonl,
5426,45.21666666666667,base_link,BODY,False,False,False,body_contacts.jsonl,
5427,45.225,base_link,BODY,False,False,False,body_contacts.jsonl,
5428,45.233333333333334,base_link,BODY,False,False,False,body_contacts.jsonl,
5429,45.24166666666667,base_link,BODY,False,False,False,body_contacts.jsonl,
5430,45.25,base_link,BODY,False,False,False,body_contacts.jsonl,
5431,45.25833333333333,base_link,BODY,False,False,False,body_contacts.jsonl,
5432,45.266666666666666,base_link,BODY,False,False,False,body_contacts.jsonl,
5433,45.275,base_link,BODY,False,False,False,body_contacts.jsonl,
5434,45.28333333333333,base_link,BODY,False,False,False,body_contacts.jsonl,
5435,45.291666666666664,base_link,BODY,False,False,False,body_contacts.jsonl,
5436,45.3,base_link,BODY,False,False,False,body_contacts.jsonl,
5437,45.30833333333333,base_link,BODY,False,False,False,body_contacts.jsonl,
5438,45.31666666666666,base_link,BODY,False,False,False,body_contacts.jsonl,
5439,45.325,base_link,BODY,False,False,False,body_contacts.jsonl,
5440,45.333333333333336,base_link,BODY,False,False,False,body_contacts.jsonl,
5441,45.34166666666667,base_link,BODY,False,False,False,body_contacts.jsonl,
5442,45.35,base_link,BODY,False,False,False,body_contacts.jsonl,
5443,45.358333333333334,base_link,BODY,False,False,False,body_contacts.jsonl,
5444,45.36666666666667,base_link,BODY,False,False,False,body_contacts.jsonl,
5445,45.375,base_link,BODY,False,False,False,body_contacts.jsonl,
5446,45.38333333333333,base_link,BODY,False,False,False,body_contacts.jsonl,
5447,45.391666666666666,base_link,BODY,False,False,False,body_contacts.jsonl,
5448,45.4,base_link,BODY,False,False,False,body_contacts.jsonl,
5449,45.40833333333333,base_link,BODY,False,False,False,body_contacts.jsonl,
5450,45.416666666666664,base_link,BODY,False,False,False,body_contacts.jsonl,
5451,45.425,base_link,BODY,False,False,False,body_contacts.jsonl,
5452,45.43333333333333,base_link,BODY,False,False,False,body_contacts.jsonl,
5453,45.44166666666666,base_link,BODY,False,False,False,body_contacts.jsonl,
5454,45.45,base_link,BODY,False,False,False,body_contacts.jsonl,
5455,45.458333333333336,base_link,BODY,False,False,False,body_contacts.jsonl,
5456,45.46666666666667,base_link,BODY,False,False,False,body_contacts.jsonl,
5457,45.475,base_link,BODY,False,False,False,body_contacts.jsonl,
5458,45.483333333333334,base_link,BODY,False,False,False,body_contacts.jsonl,
5459,45.49166666666667,base_link,BODY,False,False,False,body_contacts.jsonl,
5460,45.5,base_link,BODY,False,False,False,body_contacts.jsonl,
5461,45.50833333333333,base_link,BODY,False,False,False,body_contacts.jsonl,
5462,45.516666666666666,base_link,BODY,False,False,False,body_contacts.jsonl,
5463,45.525,base_link,BODY,False,False,False,body_contacts.jsonl,
5464,45.53333333333333,base_link,BODY,False,False,False,body_contacts.jsonl,
5465,45.541666666666664,base_link,BODY,False,False,False,body_contacts.jsonl,
5466,45.55,base_link,BODY,False,False,False,body_contacts.jsonl,
5467,45.55833333333333,base_link,BODY,False,False,False,body_contacts.jsonl,
5468,45.56666666666666,base_link,BODY,False,False,False,body_contacts.jsonl,
5469,45.575,base_link,BODY,False,False,False,body_contacts.jsonl,
5470,45.583333333333336,base_link,BODY,False,False,False,body_contacts.jsonl,
5471,45.59166666666667,base_link,BODY,False,False,False,body_contacts.jsonl,
5472,45.6,base_link,BODY,False,False,False,body_contacts.jsonl,
5473,45.608333333333334,base_link,BODY,False,False,False,body_contacts.jsonl,
5474,45.61666666666667,base_link,BODY,False,False,False,body_contacts.jsonl,
5475,45.625,base_link,BODY,False,False,False,body_contacts.jsonl,
5476,45.63333333333333,base_link,BODY,False,False,False,body_contacts.jsonl,
5477,45.641666666666666,base_link,BODY,False,False,False,body_contacts.jsonl,
5478,45.65,base_link,BODY,False,False,False,body_contacts.jsonl,
5479,45.65833333333333,base_link,BODY,False,False,False,body_contacts.jsonl,
5480,45.666666666666664,base_link,BODY,False,False,False,body_contacts.jsonl,
5481,45.675,base_link,BODY,False,False,False,body_contacts.jsonl,
5482,45.68333333333333,base_link,BODY,False,False,False,body_contacts.jsonl,
5483,45.69166666666666,base_link,BODY,False,False,False,body_contacts.jsonl,
5484,45.7,base_link,BODY,False,False,False,body_contacts.jsonl,
5485,45.708333333333336,base_link,BODY,False,False,False,body_contacts.jsonl,
5486,45.71666666666667,base_link,BODY,False,False,False,body_contacts.jsonl,
5487,45.725,base_link,BODY,False,False,False,body_contacts.jsonl,
5488,45.733333333333334,base_link,BODY,False,False,False,body_contacts.jsonl,
5489,45.74166666666667,base_link,BODY,False,False,False,body_contacts.jsonl,
5490,45.75,base_link,BODY,False,False,False,body_contacts.jsonl,
5491,45.75833333333333,base_link,BODY,False,False,False,body_contacts.jsonl,
5492,45.766666666666666,base_link,BODY,False,False,False,body_contacts.jsonl,
5493,45.775,base_link,BODY,False,False,False,body_contacts.jsonl,
5494,45.78333333333333,base_link,BODY,False,False,False,body_contacts.jsonl,
5495,45.791666666666664,base_link,BODY,False,False,False,body_contacts.jsonl,
5496,45.8,base_link,BODY,False,False,False,body_contacts.jsonl,
5497,45.80833333333333,base_link,BODY,False,False,False,body_contacts.jsonl,
5498,45.81666666666666,base_link,BODY,False,False,False,body_contacts.jsonl,
5499,45.825,base_link,BODY,False,False,False,body_contacts.jsonl,
5500,45.833333333333336,base_link,BODY,False,False,False,body_contacts.jsonl,
5501,45.84166666666667,base_link,BODY,False,False,False,body_contacts.jsonl,
5502,45.85,base_link,BODY,False,False,False,body_contacts.jsonl,
5503,45.858333333333334,base_link,BODY,False,False,False,body_contacts.jsonl,
5504,45.86666666666667,base_link,BODY,False,False,False,body_contacts.jsonl,
5505,45.875,base_link,BODY,False,False,False,body_contacts.jsonl,
5506,45.88333333333333,base_link,BODY,False,False,False,body_contacts.jsonl,
5507,45.891666666666666,base_link,BODY,False,False,False,body_contacts.jsonl,
5508,45.9,base_link,BODY,False,False,False,body_contacts.jsonl,
5509,45.90833333333333,base_link,BODY,False,False,False,body_contacts.jsonl,
5510,45.916666666666664,base_link,BODY,False,False,False,body_contacts.jsonl,
5511,45.925,base_link,BODY,False,False,False,body_contacts.jsonl,
5512,45.93333333333333,base_link,BODY,False,False,False,body_contacts.jsonl,
5513,45.94166666666666,base_link,BODY,False,False,False,body_contacts.jsonl,
5514,45.95,base_link,BODY,False,False,False,body_contacts.jsonl,
5515,45.958333333333336,base_link,BODY,False,False,False,body_contacts.jsonl,
5516,45.96666666666667,base_link,BODY,False,False,False,body_contacts.jsonl,
5517,45.975,base_link,BODY,False,False,False,body_contacts.jsonl,
5518,45.983333333333334,base_link,BODY,False,False,False,body_contacts.jsonl,
5519,45.99166666666667,base_link,BODY,False,False,False,body_contacts.jsonl,
5520,46.0,base_link,BODY,False,False,False,body_contacts.jsonl,
5521,46.00833333333333,base_link,BODY,False,False,False,body_contacts.jsonl,
5522,46.016666666666666,base_link,BODY,False,False,False,body_contacts.jsonl,
5523,46.025,base_link,BODY,False,False,False,body_contacts.jsonl,
5524,46.03333333333333,base_link,BODY,False,False,False,body_contacts.jsonl,
5525,46.041666666666664,base_link,BODY,False,False,False,body_contacts.jsonl,
5526,46.05,base_link,BODY,False,False,False,body_contacts.jsonl,
5527,46.05833333333333,base_link,BODY,False,False,False,body_contacts.jsonl,
5528,46.06666666666666,base_link,BODY,False,False,False,body_contacts.jsonl,
5529,46.075,base_link,BODY,False,False,False,body_contacts.jsonl,
5530,46.083333333333336,base_link,BODY,False,False,False,body_contacts.jsonl,
5531,46.09166666666667,base_link,BODY,False,False,False,body_contacts.jsonl,
5532,46.1,base_link,BODY,False,False,False,body_contacts.jsonl,
5533,46.108333333333334,base_link,BODY,False,False,False,body_contacts.jsonl,
5534,46.11666666666667,base_link,BODY,False,False,False,body_contacts.jsonl,
5535,46.125,base_link,BODY,False,False,False,body_contacts.jsonl,
5536,46.13333333333333,base_link,BODY,False,False,False,body_contacts.jsonl,
5537,46.141666666666666,base_link,BODY,False,False,False,body_contacts.jsonl,
5538,46.15,base_link,BODY,False,False,False,body_contacts.jsonl,
5539,46.15833333333333,base_link,BODY,False,False,False,body_contacts.jsonl,
5540,46.166666666666664,base_link,BODY,False,False,False,body_contacts.jsonl,
5541,46.175,base_link,BODY,False,False,False,body_contacts.jsonl,
5542,46.18333333333333,base_link,BODY,False,False,False,body_contacts.jsonl,
5543,46.19166666666666,base_link,BODY,False,False,False,body_contacts.jsonl,
5544,46.2,base_link,BODY,False,False,False,body_contacts.jsonl,
5545,46.208333333333336,base_link,BODY,False,False,False,body_contacts.jsonl,
5546,46.21666666666667,base_link,BODY,False,False,False,body_contacts.jsonl,
5547,46.225,base_link,BODY,False,False,False,body_contacts.jsonl,
5548,46.233333333333334,base_link,BODY,False,False,False,body_contacts.jsonl,
5549,46.24166666666667,base_link,BODY,False,False,False,body_contacts.jsonl,
5550,46.25,base_link,BODY,False,False,False,body_contacts.jsonl,
5551,46.25833333333333,base_link,BODY,False,False,False,body_contacts.jsonl,
5552,46.266666666666666,base_link,BODY,False,False,False,body_contacts.jsonl,
5553,46.275,base_link,BODY,False,False,False,body_contacts.jsonl,
5554,46.28333333333333,base_link,BODY,False,False,False,body_contacts.jsonl,
5555,46.291666666666664,base_link,BODY,False,False,False,body_contacts.jsonl,
5556,46.3,base_link,BODY,False,False,False,body_contacts.jsonl,
5557,46.30833333333333,base_link,BODY,False,False,False,body_contacts.jsonl,
5558,46.31666666666666,base_link,BODY,False,False,False,body_contacts.jsonl,
5559,46.325,base_link,BODY,False,False,False,body_contacts.jsonl,
5560,46.333333333333336,base_link,BODY,False,False,False,body_contacts.jsonl,
5561,46.34166666666667,base_link,BODY,False,False,False,body_contacts.jsonl,
5562,46.35,base_link,BODY,False,False,False,body_contacts.jsonl,
5563,46.358333333333334,base_link,BODY,False,False,False,body_contacts.jsonl,
5564,46.36666666666667,base_link,BODY,False,False,False,body_contacts.jsonl,
5565,46.375,base_link,BODY,False,False,False,body_contacts.jsonl,
5566,46.38333333333333,base_link,BODY,False,False,False,body_contacts.jsonl,
5567,46.391666666666666,base_link,BODY,False,False,False,body_contacts.jsonl,
5568,46.4,base_link,BODY,False,False,False,body_contacts.jsonl,
5569,46.40833333333333,base_link,BODY,False,False,False,body_contacts.jsonl,
5570,46.416666666666664,base_link,BODY,False,False,False,body_contacts.jsonl,
5571,46.425,base_link,BODY,False,False,False,body_contacts.jsonl,
5572,46.43333333333333,base_link,BODY,False,False,False,body_contacts.jsonl,
5573,46.44166666666666,base_link,BODY,False,False,False,body_contacts.jsonl,
5574,46.45,base_link,BODY,False,False,False,body_contacts.jsonl,
5575,46.458333333333336,base_link,BODY,False,False,False,body_contacts.jsonl,
5576,46.46666666666667,base_link,BODY,False,False,False,body_contacts.jsonl,
5577,46.475,base_link,BODY,False,False,False,body_contacts.jsonl,
5578,46.483333333333334,base_link,BODY,False,False,False,body_contacts.jsonl,
5579,46.49166666666667,base_link,BODY,False,False,False,body_contacts.jsonl,
5580,46.5,base_link,BODY,False,False,False,body_contacts.jsonl,
5581,46.50833333333333,base_link,BODY,False,False,False,body_contacts.jsonl,
5582,46.516666666666666,base_link,BODY,False,False,False,body_contacts.jsonl,
5583,46.525,base_link,BODY,False,False,False,body_contacts.jsonl,
5584,46.53333333333333,base_link,BODY,False,False,False,body_contacts.jsonl,
5585,46.541666666666664,base_link,BODY,False,False,False,body_contacts.jsonl,
5586,46.55,base_link,BODY,False,False,False,body_contacts.jsonl,
5587,46.55833333333333,base_link,BODY,False,False,False,body_contacts.jsonl,
5588,46.56666666666666,base_link,BODY,False,False,False,body_contacts.jsonl,
5589,46.575,base_link,BODY,False,False,False,body_contacts.jsonl,
5590,46.583333333333336,base_link,BODY,False,False,False,body_contacts.jsonl,
5591,46.59166666666667,base_link,BODY,False,False,False,body_contacts.jsonl,
5592,46.6,base_link,BODY,False,False,False,body_contacts.jsonl,
5593,46.608333333333334,base_link,BODY,False,False,False,body_contacts.jsonl,
5594,46.61666666666667,base_link,BODY,False,False,False,body_contacts.jsonl,
5595,46.625,base_link,BODY,False,False,False,body_contacts.jsonl,
5596,46.63333333333333,base_link,BODY,False,False,False,body_contacts.jsonl,
5597,46.641666666666666,base_link,BODY,False,False,False,body_contacts.jsonl,
5598,46.65,base_link,BODY,False,False,False,body_contacts.jsonl,
5599,46.65833333333333,base_link,BODY,False,False,False,body_contacts.jsonl,
5600,46.666666666666664,base_link,BODY,False,False,False,body_contacts.jsonl,
5601,46.675,base_link,BODY,False,False,False,body_contacts.jsonl,
5602,46.68333333333333,base_link,BODY,False,False,False,body_contacts.jsonl,
5603,46.69166666666666,base_link,BODY,False,False,False,body_contacts.jsonl,
5604,46.7,base_link,BODY,False,False,False,body_contacts.jsonl,
5605,46.708333333333336,base_link,BODY,False,False,False,body_contacts.jsonl,
5606,46.71666666666667,base_link,BODY,False,False,False,body_contacts.jsonl,
5607,46.725,base_link,BODY,False,False,False,body_contacts.jsonl,
5608,46.733333333333334,base_link,BODY,False,False,False,body_contacts.jsonl,
5609,46.74166666666667,base_link,BODY,False,False,False,body_contacts.jsonl,
5610,46.75,base_link,BODY,False,False,False,body_contacts.jsonl,
5611,46.75833333333333,base_link,BODY,False,False,False,body_contacts.jsonl,
5612,46.766666666666666,base_link,BODY,False,False,False,body_contacts.jsonl,
5613,46.775,base_link,BODY,False,False,False,body_contacts.jsonl,
5614,46.78333333333333,base_link,BODY,False,False,False,body_contacts.jsonl,
5615,46.791666666666664,base_link,BODY,False,False,False,body_contacts.jsonl,
5616,46.8,base_link,BODY,False,False,False,body_contacts.jsonl,
5617,46.80833333333333,base_link,BODY,False,False,False,body_contacts.jsonl,
5618,46.81666666666666,base_link,BODY,False,False,False,body_contacts.jsonl,
5619,46.825,base_link,BODY,False,False,False,body_contacts.jsonl,
5620,46.833333333333336,base_link,BODY,False,False,False,body_contacts.jsonl,
5621,46.84166666666667,base_link,BODY,False,False,False,body_contacts.jsonl,
5622,46.85,base_link,BODY,False,False,False,body_contacts.jsonl,
5623,46.858333333333334,base_link,BODY,False,False,False,body_contacts.jsonl,
5624,46.86666666666667,base_link,BODY,False,False,False,body_contacts.jsonl,
5625,46.875,base_link,BODY,False,False,False,body_contacts.jsonl,
5626,46.88333333333333,base_link,BODY,False,False,False,body_contacts.jsonl,
5627,46.891666666666666,base_link,BODY,False,False,False,body_contacts.jsonl,
5628,46.9,base_link,BODY,False,False,False,body_contacts.jsonl,
5629,46.90833333333333,base_link,BODY,False,False,False,body_contacts.jsonl,
5630,46.916666666666664,base_link,BODY,False,False,False,body_contacts.jsonl,
5631,46.925,base_link,BODY,False,False,False,body_contacts.jsonl,
5632,46.93333333333333,base_link,BODY,False,False,False,body_contacts.jsonl,
5633,46.94166666666666,base_link,BODY,False,False,False,body_contacts.jsonl,
5634,46.95,base_link,BODY,False,False,False,body_contacts.jsonl,
5635,46.958333333333336,base_link,BODY,False,False,False,body_contacts.jsonl,
5636,46.96666666666667,base_link,BODY,False,False,False,body_contacts.jsonl,
5637,46.975,base_link,BODY,False,False,False,body_contacts.jsonl,
5638,46.983333333333334,base_link,BODY,False,False,False,body_contacts.jsonl,
5639,46.99166666666667,base_link,BODY,False,False,False,body_contacts.jsonl,
5640,47.0,base_link,BODY,False,False,False,body_contacts.jsonl,
5641,47.00833333333333,base_link,BODY,False,False,False,body_contacts.jsonl,
5642,47.016666666666666,base_link,BODY,False,False,False,body_contacts.jsonl,
5643,47.025,base_link,BODY,False,False,False,body_contacts.jsonl,
5644,47.03333333333333,base_link,BODY,False,False,False,body_contacts.jsonl,
5645,47.041666666666664,base_link,BODY,False,False,False,body_contacts.jsonl,
5646,47.05,base_link,BODY,False,False,False,body_contacts.jsonl,
5647,47.05833333333333,base_link,BODY,False,False,False,body_contacts.jsonl,
5648,47.06666666666666,base_link,BODY,False,False,False,body_contacts.jsonl,
5649,47.075,base_link,BODY,False,False,False,body_contacts.jsonl,
5650,47.083333333333336,base_link,BODY,False,False,False,body_contacts.jsonl,
5651,47.09166666666667,base_link,BODY,False,False,False,body_contacts.jsonl,
5652,47.1,base_link,BODY,False,False,False,body_contacts.jsonl,
5653,47.108333333333334,base_link,BODY,False,False,False,body_contacts.jsonl,
5654,47.11666666666667,base_link,BODY,False,False,False,body_contacts.jsonl,
5655,47.125,base_link,BODY,False,False,False,body_contacts.jsonl,
5656,47.13333333333333,base_link,BODY,False,False,False,body_contacts.jsonl,
5657,47.141666666666666,base_link,BODY,False,False,False,body_contacts.jsonl,
5658,47.15,base_link,BODY,False,False,False,body_contacts.jsonl,
5659,47.15833333333333,base_link,BODY,False,False,False,body_contacts.jsonl,
5660,47.166666666666664,base_link,BODY,False,False,False,body_contacts.jsonl,
5661,47.175,base_link,BODY,False,False,False,body_contacts.jsonl,
5662,47.18333333333333,base_link,BODY,False,False,False,body_contacts.jsonl,
5663,47.19166666666666,base_link,BODY,False,False,False,body_contacts.jsonl,
5664,47.2,base_link,BODY,False,False,False,body_contacts.jsonl,
5665,47.208333333333336,base_link,BODY,False,False,False,body_contacts.jsonl,
5666,47.21666666666667,base_link,BODY,False,False,False,body_contacts.jsonl,
5667,47.225,base_link,BODY,False,False,False,body_contacts.jsonl,
5668,47.233333333333334,base_link,BODY,False,False,False,body_contacts.jsonl,
5669,47.24166666666667,base_link,BODY,False,False,False,body_contacts.jsonl,
5670,47.25,base_link,BODY,False,False,False,body_contacts.jsonl,
5671,47.25833333333333,base_link,BODY,False,False,False,body_contacts.jsonl,
5672,47.266666666666666,base_link,BODY,False,False,False,body_contacts.jsonl,
5673,47.275,base_link,BODY,False,False,False,body_contacts.jsonl,
5674,47.28333333333333,base_link,BODY,False,False,False,body_contacts.jsonl,
5675,47.291666666666664,base_link,BODY,False,False,False,body_contacts.jsonl,
5676,47.3,base_link,BODY,False,False,False,body_contacts.jsonl,
5677,47.30833333333333,base_link,BODY,False,False,False,body_contacts.jsonl,
5678,47.31666666666666,base_link,BODY,False,False,False,body_contacts.jsonl,
5679,47.325,base_link,BODY,False,False,False,body_contacts.jsonl,
5680,47.333333333333336,base_link,BODY,False,False,False,body_contacts.jsonl,
5681,47.34166666666667,base_link,BODY,False,False,False,body_contacts.jsonl,
5682,47.35,base_link,BODY,False,False,False,body_contacts.jsonl,
5683,47.358333333333334,base_link,BODY,False,False,False,body_contacts.jsonl,
5684,47.36666666666667,base_link,BODY,False,False,False,body_contacts.jsonl,
5685,47.375,base_link,BODY,False,False,False,body_contacts.jsonl,
5686,47.38333333333333,base_link,BODY,False,False,False,body_contacts.jsonl,
5687,47.391666666666666,base_link,BODY,False,False,False,body_contacts.jsonl,
5688,47.4,base_link,BODY,False,False,False,body_contacts.jsonl,
5689,47.40833333333333,base_link,BODY,False,False,False,body_contacts.jsonl,
5690,47.416666666666664,base_link,BODY,False,False,False,body_contacts.jsonl,
5691,47.425,base_link,BODY,False,False,False,body_contacts.jsonl,
5692,47.43333333333333,base_link,BODY,False,False,False,body_contacts.jsonl,
5693,47.44166666666666,base_link,BODY,False,False,False,body_contacts.jsonl,
5694,47.45,base_link,BODY,False,False,False,body_contacts.jsonl,
5695,47.458333333333336,base_link,BODY,False,False,False,body_contacts.jsonl,
5696,47.46666666666667,base_link,BODY,False,False,False,body_contacts.jsonl,
5697,47.475,base_link,BODY,False,False,False,body_contacts.jsonl,
5698,47.483333333333334,base_link,BODY,False,False,False,body_contacts.jsonl,
5699,47.49166666666667,base_link,BODY,False,False,False,body_contacts.jsonl,
5700,47.5,base_link,BODY,False,False,False,body_contacts.jsonl,
5701,47.50833333333333,base_link,BODY,False,False,False,body_contacts.jsonl,
5702,47.516666666666666,base_link,BODY,False,False,False,body_contacts.jsonl,
5703,47.525,base_link,BODY,False,False,False,body_contacts.jsonl,
5704,47.53333333333333,base_link,BODY,False,False,False,body_contacts.jsonl,
5705,47.541666666666664,base_link,BODY,False,False,False,body_contacts.jsonl,
5706,47.55,base_link,BODY,False,False,False,body_contacts.jsonl,
5707,47.55833333333333,base_link,BODY,False,False,False,body_contacts.jsonl,
5708,47.56666666666666,base_link,BODY,False,False,False,body_contacts.jsonl,
5709,47.575,base_link,BODY,False,False,False,body_contacts.jsonl,
5710,47.583333333333336,base_link,BODY,False,False,False,body_contacts.jsonl,
5711,47.59166666666667,base_link,BODY,False,False,False,body_contacts.jsonl,
5712,47.6,base_link,BODY,False,False,False,body_contacts.jsonl,
5713,47.608333333333334,base_link,BODY,False,False,False,body_contacts.jsonl,
5714,47.61666666666667,base_link,BODY,False,False,False,body_contacts.jsonl,
5715,47.625,base_link,BODY,False,False,False,body_contacts.jsonl,
5716,47.63333333333333,base_link,BODY,False,False,False,body_contacts.jsonl,
5717,47.641666666666666,base_link,BODY,False,False,False,body_contacts.jsonl,
5718,47.65,base_link,BODY,False,False,False,body_contacts.jsonl,
5719,47.65833333333333,base_link,BODY,False,False,False,body_contacts.jsonl,
5720,47.666666666666664,base_link,BODY,False,False,False,body_contacts.jsonl,
5721,47.675,base_link,BODY,False,False,False,body_contacts.jsonl,
5722,47.68333333333333,base_link,BODY,False,False,False,body_contacts.jsonl,
5723,47.69166666666666,base_link,BODY,False,False,False,body_contacts.jsonl,
5724,47.7,base_link,BODY,False,False,False,body_contacts.jsonl,
5725,47.708333333333336,base_link,BODY,False,False,False,body_contacts.jsonl,
5726,47.71666666666667,base_link,BODY,False,False,False,body_contacts.jsonl,
5727,47.725,base_link,BODY,False,False,False,body_contacts.jsonl,
5728,47.733333333333334,base_link,BODY,False,False,False,body_contacts.jsonl,
5729,47.74166666666667,base_link,BODY,False,False,False,body_contacts.jsonl,
5730,47.75,base_link,BODY,False,False,False,body_contacts.jsonl,
5731,47.75833333333333,base_link,BODY,False,False,False,body_contacts.jsonl,
5732,47.766666666666666,base_link,BODY,False,False,False,body_contacts.jsonl,
5733,47.775,base_link,BODY,False,False,False,body_contacts.jsonl,
5734,47.78333333333333,base_link,BODY,False,False,False,body_contacts.jsonl,
5735,47.791666666666664,base_link,BODY,False,False,False,body_contacts.jsonl,
5736,47.8,base_link,BODY,False,False,False,body_contacts.jsonl,
5737,47.80833333333333,base_link,BODY,False,False,False,body_contacts.jsonl,
5738,47.81666666666666,base_link,BODY,False,False,False,body_contacts.jsonl,
5739,47.825,base_link,BODY,False,False,False,body_contacts.jsonl,
5740,47.833333333333336,base_link,BODY,False,False,False,body_contacts.jsonl,
5741,47.84166666666667,base_link,BODY,False,False,False,body_contacts.jsonl,
5742,47.85,base_link,BODY,False,False,False,body_contacts.jsonl,
5743,47.858333333333334,base_link,BODY,False,False,False,body_contacts.jsonl,
5744,47.86666666666667,base_link,BODY,False,False,False,body_contacts.jsonl,
5745,47.875,base_link,BODY,False,False,False,body_contacts.jsonl,
5746,47.88333333333333,base_link,BODY,False,False,False,body_contacts.jsonl,
5747,47.891666666666666,base_link,BODY,False,False,False,body_contacts.jsonl,
5748,47.9,base_link,BODY,False,False,False,body_contacts.jsonl,
5749,47.90833333333333,base_link,BODY,False,False,False,body_contacts.jsonl,
5750,47.916666666666664,base_link,BODY,False,False,False,body_contacts.jsonl,
5751,47.925,base_link,BODY,False,False,False,body_contacts.jsonl,
5752,47.93333333333333,base_link,BODY,False,False,False,body_contacts.jsonl,
5753,47.94166666666666,base_link,BODY,False,False,False,body_contacts.jsonl,
5754,47.95,base_link,BODY,False,False,False,body_contacts.jsonl,
5755,47.958333333333336,base_link,BODY,False,False,False,body_contacts.jsonl,
5756,47.96666666666667,base_link,BODY,False,False,False,body_contacts.jsonl,
5757,47.975,base_link,BODY,False,False,False,body_contacts.jsonl,
5758,47.983333333333334,base_link,BODY,False,False,False,body_contacts.jsonl,
5759,47.99166666666667,base_link,BODY,False,False,False,body_contacts.jsonl,
5760,48.0,base_link,BODY,False,False,False,body_contacts.jsonl,
5761,48.00833333333333,base_link,BODY,False,False,False,body_contacts.jsonl,
5762,48.016666666666666,base_link,BODY,False,False,False,body_contacts.jsonl,
5763,48.025,base_link,BODY,False,False,False,body_contacts.jsonl,
5764,48.03333333333333,base_link,BODY,False,False,False,body_contacts.jsonl,
5765,48.041666666666664,base_link,BODY,False,False,False,body_contacts.jsonl,
5766,48.05,base_link,BODY,False,False,False,body_contacts.jsonl,
5767,48.05833333333333,base_link,BODY,False,False,False,body_contacts.jsonl,
5768,48.06666666666666,base_link,BODY,False,False,False,body_contacts.jsonl,
5769,48.075,base_link,BODY,False,False,False,body_contacts.jsonl,
5770,48.083333333333336,base_link,BODY,False,False,False,body_contacts.jsonl,
5771,48.09166666666667,base_link,BODY,False,False,False,body_contacts.jsonl,
5772,48.1,base_link,BODY,False,False,False,body_contacts.jsonl,
5773,48.108333333333334,base_link,BODY,False,False,False,body_contacts.jsonl,
5774,48.11666666666667,base_link,BODY,False,False,False,body_contacts.jsonl,
5775,48.125,base_link,BODY,False,False,False,body_contacts.jsonl,
5776,48.13333333333333,base_link,BODY,False,False,False,body_contacts.jsonl,
5777,48.141666666666666,base_link,BODY,False,False,False,body_contacts.jsonl,
5778,48.15,base_link,BODY,False,False,False,body_contacts.jsonl,
5779,48.15833333333333,base_link,BODY,False,False,False,body_contacts.jsonl,
5780,48.166666666666664,base_link,BODY,False,False,False,body_contacts.jsonl,
5781,48.175,base_link,BODY,False,False,False,body_contacts.jsonl,
5782,48.18333333333333,base_link,BODY,False,False,False,body_contacts.jsonl,
5783,48.19166666666666,base_link,BODY,False,False,False,body_contacts.jsonl,
5784,48.2,base_link,BODY,False,False,False,body_contacts.jsonl,
5785,48.208333333333336,base_link,BODY,False,False,False,body_contacts.jsonl,
5786,48.21666666666667,base_link,BODY,False,False,False,body_contacts.jsonl,
5787,48.225,base_link,BODY,False,False,False,body_contacts.jsonl,
5788,48.233333333333334,base_link,BODY,False,False,False,body_contacts.jsonl,
5789,48.24166666666667,base_link,BODY,False,False,False,body_contacts.jsonl,
5790,48.25,base_link,BODY,False,False,False,body_contacts.jsonl,
5791,48.25833333333333,base_link,BODY,False,False,False,body_contacts.jsonl,
5792,48.266666666666666,base_link,BODY,False,False,False,body_contacts.jsonl,
5793,48.275,base_link,BODY,False,False,False,body_contacts.jsonl,
5794,48.28333333333333,base_link,BODY,False,False,False,body_contacts.jsonl,
5795,48.291666666666664,base_link,BODY,False,False,False,body_contacts.jsonl,
5796,48.3,base_link,BODY,False,False,False,body_contacts.jsonl,
5797,48.30833333333333,base_link,BODY,False,False,False,body_contacts.jsonl,
5798,48.31666666666666,base_link,BODY,False,False,False,body_contacts.jsonl,
5799,48.325,base_link,BODY,False,False,False,body_contacts.jsonl,
5800,48.333333333333336,base_link,BODY,False,False,False,body_contacts.jsonl,
5801,48.34166666666667,base_link,BODY,False,False,False,body_contacts.jsonl,
5802,48.35,base_link,BODY,False,False,False,body_contacts.jsonl,
5803,48.358333333333334,base_link,BODY,False,False,False,body_contacts.jsonl,
5804,48.36666666666667,base_link,BODY,False,False,False,body_contacts.jsonl,
5805,48.375,base_link,BODY,False,False,False,body_contacts.jsonl,
5806,48.38333333333333,base_link,BODY,False,False,False,body_contacts.jsonl,
5807,48.391666666666666,base_link,BODY,False,False,False,body_contacts.jsonl,
5808,48.4,base_link,BODY,False,False,False,body_contacts.jsonl,
5809,48.40833333333333,base_link,BODY,False,False,False,body_contacts.jsonl,
5810,48.416666666666664,base_link,BODY,False,False,False,body_contacts.jsonl,
5811,48.425,base_link,BODY,False,False,False,body_contacts.jsonl,
5812,48.43333333333333,base_link,BODY,False,False,False,body_contacts.jsonl,
5813,48.44166666666666,base_link,BODY,False,False,False,body_contacts.jsonl,
5814,48.45,base_link,BODY,False,False,False,body_contacts.jsonl,
5815,48.458333333333336,base_link,BODY,False,False,False,body_contacts.jsonl,
5816,48.46666666666667,base_link,BODY,False,False,False,body_contacts.jsonl,
5817,48.475,base_link,BODY,False,False,False,body_contacts.jsonl,
5818,48.483333333333334,base_link,BODY,False,False,False,body_contacts.jsonl,
5819,48.49166666666667,base_link,BODY,False,False,False,body_contacts.jsonl,
5820,48.5,base_link,BODY,False,False,False,body_contacts.jsonl,
5821,48.50833333333333,base_link,BODY,False,False,False,body_contacts.jsonl,
5822,48.516666666666666,base_link,BODY,False,False,False,body_contacts.jsonl,
5823,48.525,base_link,BODY,False,False,False,body_contacts.jsonl,
5824,48.53333333333333,base_link,BODY,False,False,False,body_contacts.jsonl,
5825,48.541666666666664,base_link,BODY,False,False,False,body_contacts.jsonl,
5826,48.55,base_link,BODY,False,False,False,body_contacts.jsonl,
5827,48.55833333333333,base_link,BODY,False,False,False,body_contacts.jsonl,
5828,48.56666666666666,base_link,BODY,False,False,False,body_contacts.jsonl,
5829,48.575,base_link,BODY,False,False,False,body_contacts.jsonl,
5830,48.583333333333336,base_link,BODY,False,False,False,body_contacts.jsonl,
5831,48.59166666666667,base_link,BODY,False,False,False,body_contacts.jsonl,
5832,48.6,base_link,BODY,False,False,False,body_contacts.jsonl,
5833,48.608333333333334,base_link,BODY,False,False,False,body_contacts.jsonl,
5834,48.61666666666667,base_link,BODY,False,False,False,body_contacts.jsonl,
5835,48.625,base_link,BODY,False,False,False,body_contacts.jsonl,
5836,48.63333333333333,base_link,BODY,False,False,False,body_contacts.jsonl,
5837,48.641666666666666,base_link,BODY,False,False,False,body_contacts.jsonl,
5838,48.65,base_link,BODY,False,False,False,body_contacts.jsonl,
5839,48.65833333333333,base_link,BODY,False,False,False,body_contacts.jsonl,
5840,48.666666666666664,base_link,BODY,False,False,False,body_contacts.jsonl,
5841,48.675,base_link,BODY,False,False,False,body_contacts.jsonl,
5842,48.68333333333333,base_link,BODY,False,False,False,body_contacts.jsonl,
5843,48.69166666666666,base_link,BODY,False,False,False,body_contacts.jsonl,
5844,48.7,base_link,BODY,False,False,False,body_contacts.jsonl,
5845,48.708333333333336,base_link,BODY,False,False,False,body_contacts.jsonl,
5846,48.71666666666667,base_link,BODY,False,False,False,body_contacts.jsonl,
5847,48.725,base_link,BODY,False,False,False,body_contacts.jsonl,
5848,48.733333333333334,base_link,BODY,False,False,False,body_contacts.jsonl,
5849,48.74166666666667,base_link,BODY,False,False,False,body_contacts.jsonl,
5850,48.75,base_link,BODY,False,False,False,body_contacts.jsonl,
5851,48.75833333333333,base_link,BODY,False,False,False,body_contacts.jsonl,
5852,48.766666666666666,base_link,BODY,False,False,False,body_contacts.jsonl,
5853,48.775,base_link,BODY,False,False,False,body_contacts.jsonl,
5854,48.78333333333333,base_link,BODY,False,False,False,body_contacts.jsonl,
5855,48.791666666666664,base_link,BODY,False,False,False,body_contacts.jsonl,
5856,48.8,base_link,BODY,False,False,False,body_contacts.jsonl,
5857,48.80833333333333,base_link,BODY,False,False,False,body_contacts.jsonl,
5858,48.81666666666666,base_link,BODY,False,False,False,body_contacts.jsonl,
5859,48.825,base_link,BODY,False,False,False,body_contacts.jsonl,
5860,48.833333333333336,base_link,BODY,False,False,False,body_contacts.jsonl,
5861,48.84166666666667,base_link,BODY,False,False,False,body_contacts.jsonl,
5862,48.85,base_link,BODY,False,False,False,body_contacts.jsonl,
5863,48.858333333333334,base_link,BODY,False,False,False,body_contacts.jsonl,
5864,48.86666666666667,base_link,BODY,False,False,False,body_contacts.jsonl,
5865,48.875,base_link,BODY,False,False,False,body_contacts.jsonl,
5866,48.88333333333333,base_link,BODY,False,False,False,body_contacts.jsonl,
5867,48.891666666666666,base_link,BODY,False,False,False,body_contacts.jsonl,
5868,48.9,base_link,BODY,False,False,False,body_contacts.jsonl,
5869,48.90833333333333,base_link,BODY,False,False,False,body_contacts.jsonl,
5870,48.916666666666664,base_link,BODY,False,False,False,body_contacts.jsonl,
5871,48.925,base_link,BODY,False,False,False,body_contacts.jsonl,
5872,48.93333333333333,base_link,BODY,False,False,False,body_contacts.jsonl,
5873,48.94166666666666,base_link,BODY,False,False,False,body_contacts.jsonl,
5874,48.95,base_link,BODY,False,False,False,body_contacts.jsonl,
5875,48.958333333333336,base_link,BODY,False,False,False,body_contacts.jsonl,
5876,48.96666666666667,base_link,BODY,False,False,False,body_contacts.jsonl,
5877,48.975,base_link,BODY,False,False,False,body_contacts.jsonl,
5878,48.983333333333334,base_link,BODY,False,False,False,body_contacts.jsonl,
5879,48.99166666666667,base_link,BODY,False,False,False,body_contacts.jsonl,
5880,49.0,base_link,BODY,False,False,False,body_contacts.jsonl,
5881,49.00833333333333,base_link,BODY,False,False,False,body_contacts.jsonl,
5882,49.016666666666666,base_link,BODY,False,False,False,body_contacts.jsonl,
5883,49.025,base_link,BODY,False,False,False,body_contacts.jsonl,
5884,49.03333333333333,base_link,BODY,False,False,False,body_contacts.jsonl,
5885,49.041666666666664,base_link,BODY,False,False,False,body_contacts.jsonl,
5886,49.05,base_link,BODY,False,False,False,body_contacts.jsonl,
5887,49.05833333333333,base_link,BODY,False,False,False,body_contacts.jsonl,
5888,49.06666666666666,base_link,BODY,False,False,False,body_contacts.jsonl,
5889,49.075,base_link,BODY,False,False,False,body_contacts.jsonl,
5890,49.083333333333336,base_link,BODY,False,False,False,body_contacts.jsonl,
5891,49.09166666666667,base_link,BODY,False,False,False,body_contacts.jsonl,
5892,49.1,base_link,BODY,False,False,False,body_contacts.jsonl,
5893,49.108333333333334,base_link,BODY,False,False,False,body_contacts.jsonl,
5894,49.11666666666667,base_link,BODY,False,False,False,body_contacts.jsonl,
5895,49.125,base_link,BODY,False,False,False,body_contacts.jsonl,
5896,49.13333333333333,base_link,BODY,False,False,False,body_contacts.jsonl,
5897,49.141666666666666,base_link,BODY,False,False,False,body_contacts.jsonl,
5898,49.15,base_link,BODY,False,False,False,body_contacts.jsonl,
5899,49.15833333333333,base_link,BODY,False,False,False,body_contacts.jsonl,
5900,49.166666666666664,base_link,BODY,False,False,False,body_contacts.jsonl,
5901,49.175,base_link,BODY,False,False,False,body_contacts.jsonl,
5902,49.18333333333333,base_link,BODY,False,False,False,body_contacts.jsonl,
5903,49.19166666666666,base_link,BODY,False,False,False,body_contacts.jsonl,
5904,49.2,base_link,BODY,False,False,False,body_contacts.jsonl,
5905,49.208333333333336,base_link,BODY,False,False,False,body_contacts.jsonl,
5906,49.21666666666667,base_link,BODY,False,False,False,body_contacts.jsonl,
5907,49.225,base_link,BODY,False,False,False,body_contacts.jsonl,
5908,49.233333333333334,base_link,BODY,False,False,False,body_contacts.jsonl,
5909,49.24166666666667,base_link,BODY,False,False,False,body_contacts.jsonl,
5910,49.25,base_link,BODY,False,False,False,body_contacts.jsonl,
5911,49.25833333333333,base_link,BODY,False,False,False,body_contacts.jsonl,
5912,49.266666666666666,base_link,BODY,False,False,False,body_contacts.jsonl,
5913,49.275,base_link,BODY,False,False,False,body_contacts.jsonl,
5914,49.28333333333333,base_link,BODY,False,False,False,body_contacts.jsonl,
5915,49.291666666666664,base_link,BODY,False,False,False,body_contacts.jsonl,
5916,49.3,base_link,BODY,False,False,False,body_contacts.jsonl,
5917,49.30833333333333,base_link,BODY,False,False,False,body_contacts.jsonl,
5918,49.31666666666666,base_link,BODY,False,False,False,body_contacts.jsonl,
5919,49.325,base_link,BODY,False,False,False,body_contacts.jsonl,
5920,49.333333333333336,base_link,BODY,False,False,False,body_contacts.jsonl,
5921,49.34166666666667,base_link,BODY,False,False,False,body_contacts.jsonl,
5922,49.35,base_link,BODY,False,False,False,body_contacts.jsonl,
5923,49.358333333333334,base_link,BODY,False,False,False,body_contacts.jsonl,
5924,49.36666666666667,base_link,BODY,False,False,False,body_contacts.jsonl,
5925,49.375,base_link,BODY,False,False,False,body_contacts.jsonl,
5926,49.38333333333333,base_link,BODY,False,False,False,body_contacts.jsonl,
5927,49.391666666666666,base_link,BODY,False,False,False,body_contacts.jsonl,
5928,49.4,base_link,BODY,False,False,False,body_contacts.jsonl,
5929,49.40833333333333,base_link,BODY,False,False,False,body_contacts.jsonl,
5930,49.416666666666664,base_link,BODY,False,False,False,body_contacts.jsonl,
5931,49.425,base_link,BODY,False,False,False,body_contacts.jsonl,
5932,49.43333333333333,base_link,BODY,False,False,False,body_contacts.jsonl,
5933,49.44166666666666,base_link,BODY,False,False,False,body_contacts.jsonl,
5934,49.45,base_link,BODY,False,False,False,body_contacts.jsonl,
5935,49.458333333333336,base_link,BODY,False,False,False,body_contacts.jsonl,
5936,49.46666666666667,base_link,BODY,False,False,False,body_contacts.jsonl,
5937,49.475,base_link,BODY,False,False,False,body_contacts.jsonl,
5938,49.483333333333334,base_link,BODY,False,False,False,body_contacts.jsonl,
5939,49.49166666666667,base_link,BODY,False,False,False,body_contacts.jsonl,
5940,49.5,base_link,BODY,False,False,False,body_contacts.jsonl,
5941,49.50833333333333,base_link,BODY,False,False,False,body_contacts.jsonl,
5942,49.516666666666666,base_link,BODY,False,False,False,body_contacts.jsonl,
5943,49.525,base_link,BODY,False,False,False,body_contacts.jsonl,
5944,49.53333333333333,base_link,BODY,False,False,False,body_contacts.jsonl,
5945,49.541666666666664,base_link,BODY,False,False,False,body_contacts.jsonl,
5946,49.55,base_link,BODY,False,False,False,body_contacts.jsonl,
5947,49.55833333333333,base_link,BODY,False,False,False,body_contacts.jsonl,
5948,49.56666666666666,base_link,BODY,False,False,False,body_contacts.jsonl,
5949,49.575,base_link,BODY,False,False,False,body_contacts.jsonl,
5950,49.583333333333336,base_link,BODY,False,False,False,body_contacts.jsonl,
5951,49.59166666666667,base_link,BODY,False,False,False,body_contacts.jsonl,
5952,49.6,base_link,BODY,False,False,False,body_contacts.jsonl,
5953,49.608333333333334,base_link,BODY,False,False,False,body_contacts.jsonl,
5954,49.61666666666667,base_link,BODY,False,False,False,body_contacts.jsonl,
5955,49.625,base_link,BODY,False,False,False,body_contacts.jsonl,
5956,49.63333333333333,base_link,BODY,False,False,False,body_contacts.jsonl,
5957,49.641666666666666,base_link,BODY,False,False,False,body_contacts.jsonl,
5958,49.65,base_link,BODY,False,False,False,body_contacts.jsonl,
5959,49.65833333333333,base_link,BODY,False,False,False,body_contacts.jsonl,
5960,49.666666666666664,base_link,BODY,False,False,False,body_contacts.jsonl,
5961,49.675,base_link,BODY,False,False,False,body_contacts.jsonl,
5962,49.68333333333333,base_link,BODY,False,False,False,body_contacts.jsonl,
5963,49.69166666666666,base_link,BODY,False,False,False,body_contacts.jsonl,
5964,49.7,base_link,BODY,False,False,False,body_contacts.jsonl,
5965,49.708333333333336,base_link,BODY,False,False,False,body_contacts.jsonl,
5966,49.71666666666667,base_link,BODY,False,False,False,body_contacts.jsonl,
5967,49.725,base_link,BODY,False,False,False,body_contacts.jsonl,
5968,49.733333333333334,base_link,BODY,False,False,False,body_contacts.jsonl,
5969,49.74166666666667,base_link,BODY,False,False,False,body_contacts.jsonl,
5970,49.75,base_link,BODY,False,False,False,body_contacts.jsonl,
5971,49.75833333333333,base_link,BODY,False,False,False,body_contacts.jsonl,
5972,49.766666666666666,base_link,BODY,False,False,False,body_contacts.jsonl,
5973,49.775,base_link,BODY,False,False,False,body_contacts.jsonl,
5974,49.78333333333333,base_link,BODY,False,False,False,body_contacts.jsonl,
5975,49.791666666666664,base_link,BODY,False,False,False,body_contacts.jsonl,
5976,49.8,base_link,BODY,False,False,False,body_contacts.jsonl,
5977,49.80833333333333,base_link,BODY,False,False,False,body_contacts.jsonl,
5978,49.81666666666666,base_link,BODY,False,False,False,body_contacts.jsonl,
5979,49.825,base_link,BODY,False,False,False,body_contacts.jsonl,
5980,49.833333333333336,base_link,BODY,False,False,False,body_contacts.jsonl,
5981,49.84166666666667,base_link,BODY,False,False,False,body_contacts.jsonl,
5982,49.85,base_link,BODY,False,False,False,body_contacts.jsonl,
5983,49.858333333333334,base_link,BODY,False,False,False,body_contacts.jsonl,
5984,49.86666666666667,base_link,BODY,False,False,False,body_contacts.jsonl,
5985,49.875,base_link,BODY,False,False,False,body_contacts.jsonl,
5986,49.88333333333333,base_link,BODY,False,False,False,body_contacts.jsonl,
5987,49.891666666666666,base_link,BODY,False,False,False,body_contacts.jsonl,
5988,49.9,base_link,BODY,False,False,False,body_contacts.jsonl,
5989,49.90833333333333,base_link,BODY,False,False,False,body_contacts.jsonl,
5990,49.916666666666664,base_link,BODY,False,False,False,body_contacts.jsonl,
5991,49.925,base_link,BODY,False,False,False,body_contacts.jsonl,
5992,49.93333333333333,base_link,BODY,False,False,False,body_contacts.jsonl,
5993,49.94166666666666,base_link,BODY,False,False,False,body_contacts.jsonl,
5994,49.95,base_link,BODY,False,False,False,body_contacts.jsonl,
5995,49.958333333333336,base_link,BODY,False,False,False,body_contacts.jsonl,
5996,49.96666666666667,base_link,BODY,False,False,False,body_contacts.jsonl,
5997,49.975,base_link,BODY,False,False,False,body_contacts.jsonl,
5998,49.983333333333334,base_link,BODY,False,False,False,body_contacts.jsonl,
5999,49.99166666666667,base_link,BODY,False,False,False,body_contacts.jsonl,
6000,50.0,base_link,BODY,False,False,False,body_contacts.jsonl,
6001,50.00833333333333,base_link,BODY,False,False,False,body_contacts.jsonl,
6002,50.016666666666666,base_link,BODY,False,False,False,body_contacts.jsonl,
6003,50.025,base_link,BODY,False,False,False,body_contacts.jsonl,
6004,50.03333333333333,base_link,BODY,False,False,False,body_contacts.jsonl,
6005,50.041666666666664,base_link,BODY,False,False,False,body_contacts.jsonl,
6006,50.05,base_link,BODY,False,False,False,body_contacts.jsonl,
6007,50.05833333333333,base_link,BODY,False,False,False,body_contacts.jsonl,
6008,50.06666666666666,base_link,BODY,False,False,False,body_contacts.jsonl,
6009,50.075,base_link,BODY,False,False,False,body_contacts.jsonl,
6010,50.083333333333336,base_link,BODY,False,False,False,body_contacts.jsonl,
6011,50.09166666666667,base_link,BODY,False,False,False,body_contacts.jsonl,
6012,50.1,base_link,BODY,False,False,False,body_contacts.jsonl,
6013,50.108333333333334,base_link,BODY,False,False,False,body_contacts.jsonl,
6014,50.11666666666667,base_link,BODY,False,False,False,body_contacts.jsonl,
6015,50.125,base_link,BODY,False,False,False,body_contacts.jsonl,
6016,50.13333333333333,base_link,BODY,False,False,False,body_contacts.jsonl,
6017,50.141666666666666,base_link,BODY,False,False,False,body_contacts.jsonl,
6018,50.15,base_link,BODY,False,False,False,body_contacts.jsonl,
6019,50.15833333333333,base_link,BODY,False,False,False,body_contacts.jsonl,
6020,50.166666666666664,base_link,BODY,False,False,False,body_contacts.jsonl,
6021,50.175,base_link,BODY,False,False,False,body_contacts.jsonl,
6022,50.18333333333333,base_link,BODY,False,False,False,body_contacts.jsonl,
6023,50.19166666666666,base_link,BODY,False,False,False,body_contacts.jsonl,
6024,50.2,base_link,BODY,False,False,False,body_contacts.jsonl,
6025,50.208333333333336,base_link,BODY,False,False,False,body_contacts.jsonl,
6026,50.21666666666667,base_link,BODY,False,False,False,body_contacts.jsonl,
6027,50.225,base_link,BODY,False,False,False,body_contacts.jsonl,
6028,50.233333333333334,base_link,BODY,False,False,False,body_contacts.jsonl,
6029,50.24166666666667,base_link,BODY,False,False,False,body_contacts.jsonl,
6030,50.25,base_link,BODY,False,False,False,body_contacts.jsonl,
6031,50.25833333333333,base_link,BODY,False,False,False,body_contacts.jsonl,
6032,50.266666666666666,base_link,BODY,False,False,False,body_contacts.jsonl,
6033,50.275,base_link,BODY,False,False,False,body_contacts.jsonl,
6034,50.28333333333333,base_link,BODY,False,False,False,body_contacts.jsonl,
6035,50.291666666666664,base_link,BODY,False,False,False,body_contacts.jsonl,
6036,50.3,base_link,BODY,False,False,False,body_contacts.jsonl,
6037,50.30833333333333,base_link,BODY,False,False,False,body_contacts.jsonl,
6038,50.31666666666666,base_link,BODY,False,False,False,body_contacts.jsonl,
6039,50.325,base_link,BODY,False,False,False,body_contacts.jsonl,
6040,50.333333333333336,base_link,BODY,False,False,False,body_contacts.jsonl,
6041,50.34166666666667,base_link,BODY,False,False,False,body_contacts.jsonl,
6042,50.35,base_link,BODY,False,False,False,body_contacts.jsonl,
6043,50.358333333333334,base_link,BODY,False,False,False,body_contacts.jsonl,
6044,50.36666666666667,base_link,BODY,False,False,False,body_contacts.jsonl,
6045,50.375,base_link,BODY,False,False,False,body_contacts.jsonl,
6046,50.38333333333333,base_link,BODY,False,False,False,body_contacts.jsonl,
6047,50.391666666666666,base_link,BODY,False,False,False,body_contacts.jsonl,
6048,50.4,base_link,BODY,False,False,False,body_contacts.jsonl,
6049,50.40833333333333,base_link,BODY,False,False,False,body_contacts.jsonl,
6050,50.416666666666664,base_link,BODY,False,False,False,body_contacts.jsonl,
6051,50.425,base_link,BODY,False,False,False,body_contacts.jsonl,
6052,50.43333333333333,base_link,BODY,False,False,False,body_contacts.jsonl,
6053,50.44166666666666,base_link,BODY,False,False,False,body_contacts.jsonl,
6054,50.45,base_link,BODY,False,False,False,body_contacts.jsonl,
6055,50.458333333333336,base_link,BODY,False,False,False,body_contacts.jsonl,
6056,50.46666666666667,base_link,BODY,False,False,False,body_contacts.jsonl,
6057,50.475,base_link,BODY,False,False,False,body_contacts.jsonl,
6058,50.483333333333334,base_link,BODY,False,False,False,body_contacts.jsonl,
6059,50.49166666666667,base_link,BODY,False,False,False,body_contacts.jsonl,
6060,50.5,base_link,BODY,False,False,False,body_contacts.jsonl,
6061,50.50833333333333,base_link,BODY,False,False,False,body_contacts.jsonl,
6062,50.516666666666666,base_link,BODY,False,False,False,body_contacts.jsonl,
6063,50.525,base_link,BODY,False,False,False,body_contacts.jsonl,
6064,50.53333333333333,base_link,BODY,False,False,False,body_contacts.jsonl,
6065,50.541666666666664,base_link,BODY,False,False,False,body_contacts.jsonl,
6066,50.55,base_link,BODY,False,False,False,body_contacts.jsonl,
6067,50.55833333333333,base_link,BODY,False,False,False,body_contacts.jsonl,
6068,50.56666666666666,base_link,BODY,False,False,False,body_contacts.jsonl,
6069,50.575,base_link,BODY,False,False,False,body_contacts.jsonl,
6070,50.583333333333336,base_link,BODY,False,False,False,body_contacts.jsonl,
6071,50.59166666666667,base_link,BODY,False,False,False,body_contacts.jsonl,
6072,50.6,base_link,BODY,False,False,False,body_contacts.jsonl,
6073,50.608333333333334,base_link,BODY,False,False,False,body_contacts.jsonl,
6074,50.61666666666667,base_link,BODY,False,False,False,body_contacts.jsonl,
6075,50.625,base_link,BODY,False,False,False,body_contacts.jsonl,
6076,50.63333333333333,base_link,BODY,False,False,False,body_contacts.jsonl,
6077,50.641666666666666,base_link,BODY,False,False,False,body_contacts.jsonl,
6078,50.65,base_link,BODY,False,False,False,body_contacts.jsonl,
6079,50.65833333333333,base_link,BODY,False,False,False,body_contacts.jsonl,
6080,50.666666666666664,base_link,BODY,False,False,False,body_contacts.jsonl,
6081,50.675,base_link,BODY,False,False,False,body_contacts.jsonl,
6082,50.68333333333333,base_link,BODY,False,False,False,body_contacts.jsonl,
6083,50.69166666666666,base_link,BODY,False,False,False,body_contacts.jsonl,
6084,50.7,base_link,BODY,False,False,False,body_contacts.jsonl,
6085,50.708333333333336,base_link,BODY,False,False,False,body_contacts.jsonl,
6086,50.71666666666667,base_link,BODY,False,False,False,body_contacts.jsonl,
6087,50.725,base_link,BODY,False,False,False,body_contacts.jsonl,
6088,50.733333333333334,base_link,BODY,False,False,False,body_contacts.jsonl,
6089,50.74166666666667,base_link,BODY,False,False,False,body_contacts.jsonl,
6090,50.75,base_link,BODY,False,False,False,body_contacts.jsonl,
6091,50.75833333333333,base_link,BODY,False,False,False,body_contacts.jsonl,
6092,50.766666666666666,base_link,BODY,False,False,False,body_contacts.jsonl,
6093,50.775,base_link,BODY,False,False,False,body_contacts.jsonl,
6094,50.78333333333333,base_link,BODY,False,False,False,body_contacts.jsonl,
6095,50.791666666666664,base_link,BODY,False,False,False,body_contacts.jsonl,
6096,50.8,base_link,BODY,False,False,False,body_contacts.jsonl,
6097,50.80833333333333,base_link,BODY,False,False,False,body_contacts.jsonl,
6098,50.81666666666666,base_link,BODY,False,False,False,body_contacts.jsonl,
6099,50.825,base_link,BODY,False,False,False,body_contacts.jsonl,
6100,50.833333333333336,base_link,BODY,False,False,False,body_contacts.jsonl,
6101,50.84166666666667,base_link,BODY,False,False,False,body_contacts.jsonl,
6102,50.85,base_link,BODY,False,False,False,body_contacts.jsonl,
6103,50.858333333333334,base_link,BODY,False,False,False,body_contacts.jsonl,
6104,50.86666666666667,base_link,BODY,False,False,False,body_contacts.jsonl,
6105,50.875,base_link,BODY,False,False,False,body_contacts.jsonl,
6106,50.88333333333333,base_link,BODY,False,False,False,body_contacts.jsonl,
6107,50.891666666666666,base_link,BODY,False,False,False,body_contacts.jsonl,
6108,50.9,base_link,BODY,False,False,False,body_contacts.jsonl,
6109,50.90833333333333,base_link,BODY,False,False,False,body_contacts.jsonl,
6110,50.916666666666664,base_link,BODY,False,False,False,body_contacts.jsonl,
6111,50.925,base_link,BODY,False,False,False,body_contacts.jsonl,
6112,50.93333333333333,base_link,BODY,False,False,False,body_contacts.jsonl,
6113,50.94166666666666,base_link,BODY,False,False,False,body_contacts.jsonl,
6114,50.95,base_link,BODY,False,False,False,body_contacts.jsonl,
6115,50.958333333333336,base_link,BODY,False,False,False,body_contacts.jsonl,
6116,50.96666666666667,base_link,BODY,False,False,False,body_contacts.jsonl,
6117,50.975,base_link,BODY,False,False,False,body_contacts.jsonl,
6118,50.983333333333334,base_link,BODY,False,False,False,body_contacts.jsonl,
6119,50.99166666666667,base_link,BODY,False,False,False,body_contacts.jsonl,
6120,51.0,base_link,BODY,False,False,False,body_contacts.jsonl,
6121,51.00833333333333,base_link,BODY,False,False,False,body_contacts.jsonl,
6122,51.016666666666666,base_link,BODY,False,False,False,body_contacts.jsonl,
6123,51.025,base_link,BODY,False,False,False,body_contacts.jsonl,
6124,51.03333333333333,base_link,BODY,False,False,False,body_contacts.jsonl,
6125,51.041666666666664,base_link,BODY,False,False,False,body_contacts.jsonl,
6126,51.05,base_link,BODY,False,False,False,body_contacts.jsonl,
6127,51.05833333333333,base_link,BODY,False,False,False,body_contacts.jsonl,
6128,51.06666666666666,base_link,BODY,False,False,False,body_contacts.jsonl,
6129,51.075,base_link,BODY,False,False,False,body_contacts.jsonl,
6130,51.083333333333336,base_link,BODY,False,False,False,body_contacts.jsonl,
6131,51.09166666666667,base_link,BODY,False,False,False,body_contacts.jsonl,
6132,51.1,base_link,BODY,False,False,False,body_contacts.jsonl,
6133,51.108333333333334,base_link,BODY,False,False,False,body_contacts.jsonl,
6134,51.11666666666667,base_link,BODY,False,False,False,body_contacts.jsonl,
6135,51.125,base_link,BODY,False,False,False,body_contacts.jsonl,
6136,51.13333333333333,base_link,BODY,False,False,False,body_contacts.jsonl,
6137,51.141666666666666,base_link,BODY,False,False,False,body_contacts.jsonl,
6138,51.15,base_link,BODY,False,False,False,body_contacts.jsonl,
6139,51.15833333333333,base_link,BODY,False,False,False,body_contacts.jsonl,
6140,51.166666666666664,base_link,BODY,False,False,False,body_contacts.jsonl,
6141,51.175,base_link,BODY,False,False,False,body_contacts.jsonl,
6142,51.18333333333333,base_link,BODY,False,False,False,body_contacts.jsonl,
6143,51.19166666666666,base_link,BODY,False,False,False,body_contacts.jsonl,
6144,51.2,base_link,BODY,False,False,False,body_contacts.jsonl,
6145,51.208333333333336,base_link,BODY,False,False,False,body_contacts.jsonl,
6146,51.21666666666667,base_link,BODY,False,False,False,body_contacts.jsonl,
6147,51.225,base_link,BODY,False,False,False,body_contacts.jsonl,
6148,51.233333333333334,base_link,BODY,False,False,False,body_contacts.jsonl,
6149,51.24166666666667,base_link,BODY,False,False,False,body_contacts.jsonl,
6150,51.25,base_link,BODY,False,False,False,body_contacts.jsonl,
6151,51.25833333333333,base_link,BODY,False,False,False,body_contacts.jsonl,
6152,51.266666666666666,base_link,BODY,False,False,False,body_contacts.jsonl,
6153,51.275,base_link,BODY,False,False,False,body_contacts.jsonl,
6154,51.28333333333333,base_link,BODY,False,False,False,body_contacts.jsonl,
6155,51.291666666666664,base_link,BODY,False,False,False,body_contacts.jsonl,
6156,51.3,base_link,BODY,False,False,False,body_contacts.jsonl,
6157,51.30833333333333,base_link,BODY,False,False,False,body_contacts.jsonl,
6158,51.31666666666666,base_link,BODY,False,False,False,body_contacts.jsonl,
6159,51.324999999999996,base_link,BODY,False,False,False,body_contacts.jsonl,
6160,51.333333333333336,base_link,BODY,False,False,False,body_contacts.jsonl,
6161,51.34166666666667,base_link,BODY,False,False,False,body_contacts.jsonl,
6162,51.35,base_link,BODY,False,False,False,body_contacts.jsonl,
6163,51.358333333333334,base_link,BODY,False,False,False,body_contacts.jsonl,
6164,51.36666666666667,base_link,BODY,False,False,False,body_contacts.jsonl,
6165,51.375,base_link,BODY,False,False,False,body_contacts.jsonl,
6166,51.38333333333333,base_link,BODY,False,False,False,body_contacts.jsonl,
6167,51.391666666666666,base_link,BODY,False,False,False,body_contacts.jsonl,
6168,51.4,base_link,BODY,False,False,False,body_contacts.jsonl,
6169,51.40833333333333,base_link,BODY,False,False,False,body_contacts.jsonl,
6170,51.416666666666664,base_link,BODY,False,False,False,body_contacts.jsonl,
6171,51.425,base_link,BODY,False,False,False,body_contacts.jsonl,
6172,51.43333333333333,base_link,BODY,False,False,False,body_contacts.jsonl,
6173,51.44166666666666,base_link,BODY,False,False,False,body_contacts.jsonl,
6174,51.449999999999996,base_link,BODY,False,False,False,body_contacts.jsonl,
6175,51.458333333333336,base_link,BODY,False,False,False,body_contacts.jsonl,
6176,51.46666666666667,base_link,BODY,False,False,False,body_contacts.jsonl,
6177,51.475,base_link,BODY,False,False,False,body_contacts.jsonl,
6178,51.483333333333334,base_link,BODY,False,False,False,body_contacts.jsonl,
6179,51.49166666666667,base_link,BODY,False,False,False,body_contacts.jsonl,
6180,51.5,base_link,BODY,False,False,False,body_contacts.jsonl,
6181,51.50833333333333,base_link,BODY,False,False,False,body_contacts.jsonl,
6182,51.516666666666666,base_link,BODY,False,False,False,body_contacts.jsonl,
6183,51.525,base_link,BODY,False,False,False,body_contacts.jsonl,
6184,51.53333333333333,base_link,BODY,False,False,False,body_contacts.jsonl,
6185,51.541666666666664,base_link,BODY,False,False,False,body_contacts.jsonl,
6186,51.55,base_link,BODY,False,False,False,body_contacts.jsonl,
6187,51.55833333333333,base_link,BODY,False,False,False,body_contacts.jsonl,
6188,51.56666666666666,base_link,BODY,False,False,False,body_contacts.jsonl,
6189,51.574999999999996,base_link,BODY,False,False,False,body_contacts.jsonl,
6190,51.583333333333336,base_link,BODY,False,False,False,body_contacts.jsonl,
6191,51.59166666666667,base_link,BODY,False,False,False,body_contacts.jsonl,
6192,51.6,base_link,BODY,False,False,False,body_contacts.jsonl,
6193,51.608333333333334,base_link,BODY,False,False,False,body_contacts.jsonl,
6194,51.61666666666667,base_link,BODY,False,False,False,body_contacts.jsonl,
6195,51.625,base_link,BODY,False,False,False,body_contacts.jsonl,
6196,51.63333333333333,base_link,BODY,False,False,False,body_contacts.jsonl,
6197,51.641666666666666,base_link,BODY,False,False,False,body_contacts.jsonl,
6198,51.65,base_link,BODY,False,False,False,body_contacts.jsonl,
6199,51.65833333333333,base_link,BODY,False,False,False,body_contacts.jsonl,
6200,51.666666666666664,base_link,BODY,False,False,False,body_contacts.jsonl,
6201,51.675,base_link,BODY,False,False,False,body_contacts.jsonl,
6202,51.68333333333333,base_link,BODY,False,False,False,body_contacts.jsonl,
6203,51.69166666666666,base_link,BODY,False,False,False,body_contacts.jsonl,
6204,51.699999999999996,base_link,BODY,False,False,False,body_contacts.jsonl,
6205,51.708333333333336,base_link,BODY,False,False,False,body_contacts.jsonl,
6206,51.71666666666667,base_link,BODY,False,False,False,body_contacts.jsonl,
6207,51.725,base_link,BODY,False,False,False,body_contacts.jsonl,
6208,51.733333333333334,base_link,BODY,False,False,False,body_contacts.jsonl,
6209,51.74166666666667,base_link,BODY,False,False,False,body_contacts.jsonl,
6210,51.75,base_link,BODY,False,False,False,body_contacts.jsonl,
6211,51.75833333333333,base_link,BODY,False,False,False,body_contacts.jsonl,
6212,51.766666666666666,base_link,BODY,False,False,False,body_contacts.jsonl,
6213,51.775,base_link,BODY,False,False,False,body_contacts.jsonl,
6214,51.78333333333333,base_link,BODY,False,False,False,body_contacts.jsonl,
6215,51.791666666666664,base_link,BODY,False,False,False,body_contacts.jsonl,
6216,51.8,base_link,BODY,False,False,False,body_contacts.jsonl,
6217,51.80833333333333,base_link,BODY,False,False,False,body_contacts.jsonl,
6218,51.81666666666666,base_link,BODY,False,False,False,body_contacts.jsonl,
6219,51.824999999999996,base_link,BODY,False,False,False,body_contacts.jsonl,
6220,51.833333333333336,base_link,BODY,False,False,False,body_contacts.jsonl,
6221,51.84166666666667,base_link,BODY,False,False,False,body_contacts.jsonl,
6222,51.85,base_link,BODY,False,False,False,body_contacts.jsonl,
6223,51.858333333333334,base_link,BODY,False,False,False,body_contacts.jsonl,
6224,51.86666666666667,base_link,BODY,False,False,False,body_contacts.jsonl,
6225,51.875,base_link,BODY,False,False,False,body_contacts.jsonl,
6226,51.88333333333333,base_link,BODY,False,False,False,body_contacts.jsonl,
6227,51.891666666666666,base_link,BODY,False,False,False,body_contacts.jsonl,
6228,51.9,base_link,BODY,False,False,False,body_contacts.jsonl,
6229,51.90833333333333,base_link,BODY,False,False,False,body_contacts.jsonl,
6230,51.916666666666664,base_link,BODY,False,False,False,body_contacts.jsonl,
6231,51.925,base_link,BODY,False,False,False,body_contacts.jsonl,
6232,51.93333333333333,base_link,BODY,False,False,False,body_contacts.jsonl,
6233,51.94166666666666,base_link,BODY,False,False,False,body_contacts.jsonl,
6234,51.949999999999996,base_link,BODY,False,False,False,body_contacts.jsonl,
6235,51.958333333333336,base_link,BODY,False,False,False,body_contacts.jsonl,
6236,51.96666666666667,base_link,BODY,False,False,False,body_contacts.jsonl,
6237,51.975,base_link,BODY,False,False,False,body_contacts.jsonl,
6238,51.983333333333334,base_link,BODY,False,False,False,body_contacts.jsonl,
6239,51.99166666666667,base_link,BODY,False,False,False,body_contacts.jsonl,
6240,52.0,base_link,BODY,False,False,False,body_contacts.jsonl,
6241,52.00833333333333,base_link,BODY,False,False,False,body_contacts.jsonl,
6242,52.016666666666666,base_link,BODY,False,False,False,body_contacts.jsonl,
6243,52.025,base_link,BODY,False,False,False,body_contacts.jsonl,
6244,52.03333333333333,base_link,BODY,False,False,False,body_contacts.jsonl,
6245,52.041666666666664,base_link,BODY,False,False,False,body_contacts.jsonl,
6246,52.05,base_link,BODY,False,False,False,body_contacts.jsonl,
6247,52.05833333333333,base_link,BODY,False,False,False,body_contacts.jsonl,
6248,52.06666666666666,base_link,BODY,False,False,False,body_contacts.jsonl,
6249,52.074999999999996,base_link,BODY,False,False,False,body_contacts.jsonl,
6250,52.083333333333336,base_link,BODY,False,False,False,body_contacts.jsonl,
6251,52.09166666666667,base_link,BODY,False,False,False,body_contacts.jsonl,
6252,52.1,base_link,BODY,False,False,False,body_contacts.jsonl,
6253,52.108333333333334,base_link,BODY,False,False,False,body_contacts.jsonl,
6254,52.11666666666667,base_link,BODY,False,False,False,body_contacts.jsonl,
6255,52.125,base_link,BODY,False,False,False,body_contacts.jsonl,
6256,52.13333333333333,base_link,BODY,False,False,False,body_contacts.jsonl,
6257,52.141666666666666,base_link,BODY,False,False,False,body_contacts.jsonl,
6258,52.15,base_link,BODY,False,False,False,body_contacts.jsonl,
6259,52.15833333333333,base_link,BODY,False,False,False,body_contacts.jsonl,
6260,52.166666666666664,base_link,BODY,False,False,False,body_contacts.jsonl,
6261,52.175,base_link,BODY,False,False,False,body_contacts.jsonl,
6262,52.18333333333333,base_link,BODY,False,False,False,body_contacts.jsonl,
6263,52.19166666666666,base_link,BODY,False,False,False,body_contacts.jsonl,
6264,52.199999999999996,base_link,BODY,False,False,False,body_contacts.jsonl,
6265,52.208333333333336,base_link,BODY,False,False,False,body_contacts.jsonl,
6266,52.21666666666667,base_link,BODY,False,False,False,body_contacts.jsonl,
6267,52.225,base_link,BODY,False,False,False,body_contacts.jsonl,
6268,52.233333333333334,base_link,BODY,False,False,False,body_contacts.jsonl,
6269,52.24166666666667,base_link,BODY,False,False,False,body_contacts.jsonl,
6270,52.25,base_link,BODY,False,False,False,body_contacts.jsonl,
6271,52.25833333333333,base_link,BODY,False,False,False,body_contacts.jsonl,
6272,52.266666666666666,base_link,BODY,False,False,False,body_contacts.jsonl,
6273,52.275,base_link,BODY,False,False,False,body_contacts.jsonl,
6274,52.28333333333333,base_link,BODY,False,False,False,body_contacts.jsonl,
6275,52.291666666666664,base_link,BODY,False,False,False,body_contacts.jsonl,
6276,52.3,base_link,BODY,False,False,False,body_contacts.jsonl,
6277,52.30833333333333,base_link,BODY,False,False,False,body_contacts.jsonl,
6278,52.31666666666666,base_link,BODY,False,False,False,body_contacts.jsonl,
6279,52.324999999999996,base_link,BODY,False,False,False,body_contacts.jsonl,
6280,52.333333333333336,base_link,BODY,False,False,False,body_contacts.jsonl,
6281,52.34166666666667,base_link,BODY,False,False,False,body_contacts.jsonl,
6282,52.35,base_link,BODY,False,False,False,body_contacts.jsonl,
6283,52.358333333333334,base_link,BODY,False,False,False,body_contacts.jsonl,
6284,52.36666666666667,base_link,BODY,False,False,False,body_contacts.jsonl,
6285,52.375,base_link,BODY,False,False,False,body_contacts.jsonl,
6286,52.38333333333333,base_link,BODY,False,False,False,body_contacts.jsonl,
6287,52.391666666666666,base_link,BODY,False,False,False,body_contacts.jsonl,
6288,52.4,base_link,BODY,False,False,False,body_contacts.jsonl,
6289,52.40833333333333,base_link,BODY,False,False,False,body_contacts.jsonl,
6290,52.416666666666664,base_link,BODY,False,False,False,body_contacts.jsonl,
6291,52.425,base_link,BODY,False,False,False,body_contacts.jsonl,
6292,52.43333333333333,base_link,BODY,False,False,False,body_contacts.jsonl,
6293,52.44166666666666,base_link,BODY,False,False,False,body_contacts.jsonl,
6294,52.449999999999996,base_link,BODY,False,False,False,body_contacts.jsonl,
6295,52.458333333333336,base_link,BODY,False,False,False,body_contacts.jsonl,
6296,52.46666666666667,base_link,BODY,False,False,False,body_contacts.jsonl,
6297,52.475,base_link,BODY,False,False,False,body_contacts.jsonl,
6298,52.483333333333334,base_link,BODY,False,False,False,body_contacts.jsonl,
6299,52.49166666666667,base_link,BODY,False,False,False,body_contacts.jsonl,
6300,52.5,base_link,BODY,False,False,False,body_contacts.jsonl,
6301,52.50833333333333,base_link,BODY,False,False,False,body_contacts.jsonl,
6302,52.516666666666666,base_link,BODY,False,False,False,body_contacts.jsonl,
6303,52.525,base_link,BODY,False,False,False,body_contacts.jsonl,
6304,52.53333333333333,base_link,BODY,False,False,False,body_contacts.jsonl,
6305,52.541666666666664,base_link,BODY,False,False,False,body_contacts.jsonl,
6306,52.55,base_link,BODY,False,False,False,body_contacts.jsonl,
6307,52.55833333333333,base_link,BODY,False,False,False,body_contacts.jsonl,
6308,52.56666666666666,base_link,BODY,False,False,False,body_contacts.jsonl,
6309,52.574999999999996,base_link,BODY,False,False,False,body_contacts.jsonl,
6310,52.583333333333336,base_link,BODY,False,False,False,body_contacts.jsonl,
6311,52.59166666666667,base_link,BODY,False,False,False,body_contacts.jsonl,
6312,52.6,base_link,BODY,False,False,False,body_contacts.jsonl,
6313,52.608333333333334,base_link,BODY,False,False,False,body_contacts.jsonl,
6314,52.61666666666667,base_link,BODY,False,False,False,body_contacts.jsonl,
6315,52.625,base_link,BODY,False,False,False,body_contacts.jsonl,
6316,52.63333333333333,base_link,BODY,False,False,False,body_contacts.jsonl,
6317,52.641666666666666,base_link,BODY,False,False,False,body_contacts.jsonl,
6318,52.65,base_link,BODY,False,False,False,body_contacts.jsonl,
6319,52.65833333333333,base_link,BODY,False,False,False,body_contacts.jsonl,
6320,52.666666666666664,base_link,BODY,False,False,False,body_contacts.jsonl,
6321,52.675,base_link,BODY,False,False,False,body_contacts.jsonl,
6322,52.68333333333333,base_link,BODY,False,False,False,body_contacts.jsonl,
6323,52.69166666666666,base_link,BODY,False,False,False,body_contacts.jsonl,
6324,52.699999999999996,base_link,BODY,False,False,False,body_contacts.jsonl,
6325,52.708333333333336,base_link,BODY,False,False,False,body_contacts.jsonl,
6326,52.71666666666667,base_link,BODY,False,False,False,body_contacts.jsonl,
6327,52.725,base_link,BODY,False,False,False,body_contacts.jsonl,
6328,52.733333333333334,base_link,BODY,False,False,False,body_contacts.jsonl,
6329,52.74166666666667,base_link,BODY,False,False,False,body_contacts.jsonl,
6330,52.75,base_link,BODY,False,False,False,body_contacts.jsonl,
6331,52.75833333333333,base_link,BODY,False,False,False,body_contacts.jsonl,
6332,52.766666666666666,base_link,BODY,False,False,False,body_contacts.jsonl,
6333,52.775,base_link,BODY,False,False,False,body_contacts.jsonl,
6334,52.78333333333333,base_link,BODY,False,False,False,body_contacts.jsonl,
6335,52.791666666666664,base_link,BODY,False,False,False,body_contacts.jsonl,
6336,52.8,base_link,BODY,False,False,False,body_contacts.jsonl,
6337,52.80833333333333,base_link,BODY,False,False,False,body_contacts.jsonl,
6338,52.81666666666666,base_link,BODY,False,False,False,body_contacts.jsonl,
6339,52.824999999999996,base_link,BODY,False,False,False,body_contacts.jsonl,
6340,52.833333333333336,base_link,BODY,False,False,False,body_contacts.jsonl,
6341,52.84166666666667,base_link,BODY,False,False,False,body_contacts.jsonl,
6342,52.85,base_link,BODY,False,False,False,body_contacts.jsonl,
6343,52.858333333333334,base_link,BODY,False,False,False,body_contacts.jsonl,
6344,52.86666666666667,base_link,BODY,False,False,False,body_contacts.jsonl,
6345,52.875,base_link,BODY,False,False,False,body_contacts.jsonl,
6346,52.88333333333333,base_link,BODY,False,False,False,body_contacts.jsonl,
6347,52.891666666666666,base_link,BODY,False,False,False,body_contacts.jsonl,
6348,52.9,base_link,BODY,False,False,False,body_contacts.jsonl,
6349,52.90833333333333,base_link,BODY,False,False,False,body_contacts.jsonl,
6350,52.916666666666664,base_link,BODY,False,False,False,body_contacts.jsonl,
6351,52.925,base_link,BODY,False,False,False,body_contacts.jsonl,
6352,52.93333333333333,base_link,BODY,False,False,False,body_contacts.jsonl,
6353,52.94166666666666,base_link,BODY,False,False,False,body_contacts.jsonl,
6354,52.949999999999996,base_link,BODY,False,False,False,body_contacts.jsonl,
6355,52.958333333333336,base_link,BODY,False,False,False,body_contacts.jsonl,
6356,52.96666666666667,base_link,BODY,False,False,False,body_contacts.jsonl,
6357,52.975,base_link,BODY,False,False,False,body_contacts.jsonl,
6358,52.983333333333334,base_link,BODY,False,False,False,body_contacts.jsonl,
6359,52.99166666666667,base_link,BODY,False,False,False,body_contacts.jsonl,
6360,53.0,base_link,BODY,False,False,False,body_contacts.jsonl,
6361,53.00833333333333,base_link,BODY,False,False,False,body_contacts.jsonl,
6362,53.016666666666666,base_link,BODY,False,False,False,body_contacts.jsonl,
6363,53.025,base_link,BODY,False,False,False,body_contacts.jsonl,
6364,53.03333333333333,base_link,BODY,False,False,False,body_contacts.jsonl,
6365,53.041666666666664,base_link,BODY,False,False,False,body_contacts.jsonl,
6366,53.05,base_link,BODY,False,False,False,body_contacts.jsonl,
6367,53.05833333333333,base_link,BODY,False,False,False,body_contacts.jsonl,
6368,53.06666666666666,base_link,BODY,False,False,False,body_contacts.jsonl,
6369,53.074999999999996,base_link,BODY,False,False,False,body_contacts.jsonl,
6370,53.083333333333336,base_link,BODY,False,False,False,body_contacts.jsonl,
6371,53.09166666666667,base_link,BODY,False,False,False,body_contacts.jsonl,
6372,53.1,base_link,BODY,False,False,False,body_contacts.jsonl,
6373,53.108333333333334,base_link,BODY,False,False,False,body_contacts.jsonl,
6374,53.11666666666667,base_link,BODY,False,False,False,body_contacts.jsonl,
6375,53.125,base_link,BODY,False,False,False,body_contacts.jsonl,
6376,53.13333333333333,base_link,BODY,False,False,False,body_contacts.jsonl,
6377,53.141666666666666,base_link,BODY,False,False,False,body_contacts.jsonl,
6378,53.15,base_link,BODY,False,False,False,body_contacts.jsonl,
6379,53.15833333333333,base_link,BODY,False,False,False,body_contacts.jsonl,
6380,53.166666666666664,base_link,BODY,False,False,False,body_contacts.jsonl,
6381,53.175,base_link,BODY,False,False,False,body_contacts.jsonl,
6382,53.18333333333333,base_link,BODY,False,False,False,body_contacts.jsonl,
6383,53.19166666666666,base_link,BODY,False,False,False,body_contacts.jsonl,
6384,53.199999999999996,base_link,BODY,False,False,False,body_contacts.jsonl,
6385,53.208333333333336,base_link,BODY,False,False,False,body_contacts.jsonl,
6386,53.21666666666667,base_link,BODY,False,False,False,body_contacts.jsonl,
6387,53.225,base_link,BODY,False,False,False,body_contacts.jsonl,
6388,53.233333333333334,base_link,BODY,False,False,False,body_contacts.jsonl,
6389,53.24166666666667,base_link,BODY,False,False,False,body_contacts.jsonl,
6390,53.25,base_link,BODY,False,False,False,body_contacts.jsonl,
6391,53.25833333333333,base_link,BODY,False,False,False,body_contacts.jsonl,
6392,53.266666666666666,base_link,BODY,False,False,False,body_contacts.jsonl,
6393,53.275,base_link,BODY,False,False,False,body_contacts.jsonl,
6394,53.28333333333333,base_link,BODY,False,False,False,body_contacts.jsonl,
6395,53.291666666666664,base_link,BODY,False,False,False,body_contacts.jsonl,
6396,53.3,base_link,BODY,False,False,False,body_contacts.jsonl,
6397,53.30833333333333,base_link,BODY,False,False,False,body_contacts.jsonl,
6398,53.31666666666666,base_link,BODY,False,False,False,body_contacts.jsonl,
6399,53.324999999999996,base_link,BODY,False,False,False,body_contacts.jsonl,
6400,53.333333333333336,base_link,BODY,False,False,False,body_contacts.jsonl,
6401,53.34166666666667,base_link,BODY,False,False,False,body_contacts.jsonl,
6402,53.35,base_link,BODY,False,False,False,body_contacts.jsonl,
6403,53.358333333333334,base_link,BODY,False,False,False,body_contacts.jsonl,
6404,53.36666666666667,base_link,BODY,False,False,False,body_contacts.jsonl,
6405,53.375,base_link,BODY,False,False,False,body_contacts.jsonl,
6406,53.38333333333333,base_link,BODY,False,False,False,body_contacts.jsonl,
6407,53.391666666666666,base_link,BODY,False,False,False,body_contacts.jsonl,
6408,53.4,base_link,BODY,False,False,False,body_contacts.jsonl,
6409,53.40833333333333,base_link,BODY,False,False,False,body_contacts.jsonl,
6410,53.416666666666664,base_link,BODY,False,False,False,body_contacts.jsonl,
6411,53.425,base_link,BODY,False,False,False,body_contacts.jsonl,
6412,53.43333333333333,base_link,BODY,False,False,False,body_contacts.jsonl,
6413,53.44166666666666,base_link,BODY,False,False,False,body_contacts.jsonl,
6414,53.449999999999996,base_link,BODY,False,False,False,body_contacts.jsonl,
6415,53.458333333333336,base_link,BODY,False,False,False,body_contacts.jsonl,
6416,53.46666666666667,base_link,BODY,False,False,False,body_contacts.jsonl,
6417,53.475,base_link,BODY,False,False,False,body_contacts.jsonl,
6418,53.483333333333334,base_link,BODY,False,False,False,body_contacts.jsonl,
6419,53.49166666666667,base_link,BODY,False,False,False,body_contacts.jsonl,
6420,53.5,base_link,BODY,False,False,False,body_contacts.jsonl,
6421,53.50833333333333,base_link,BODY,False,False,False,body_contacts.jsonl,
6422,53.516666666666666,base_link,BODY,False,False,False,body_contacts.jsonl,
6423,53.525,base_link,BODY,False,False,False,body_contacts.jsonl,
6424,53.53333333333333,base_link,BODY,False,False,False,body_contacts.jsonl,
6425,53.541666666666664,base_link,BODY,False,False,False,body_contacts.jsonl,
6426,53.55,base_link,BODY,False,False,False,body_contacts.jsonl,
6427,53.55833333333333,base_link,BODY,False,False,False,body_contacts.jsonl,
6428,53.56666666666666,base_link,BODY,False,False,False,body_contacts.jsonl,
6429,53.574999999999996,base_link,BODY,False,False,False,body_contacts.jsonl,
6430,53.583333333333336,base_link,BODY,False,False,False,body_contacts.jsonl,
6431,53.59166666666667,base_link,BODY,False,False,False,body_contacts.jsonl,
6432,53.6,base_link,BODY,False,False,False,body_contacts.jsonl,
6433,53.608333333333334,base_link,BODY,False,False,False,body_contacts.jsonl,
6434,53.61666666666667,base_link,BODY,False,False,False,body_contacts.jsonl,
6435,53.625,base_link,BODY,False,False,False,body_contacts.jsonl,
6436,53.63333333333333,base_link,BODY,False,False,False,body_contacts.jsonl,
6437,53.641666666666666,base_link,BODY,False,False,False,body_contacts.jsonl,
6438,53.65,base_link,BODY,False,False,False,body_contacts.jsonl,
6439,53.65833333333333,base_link,BODY,False,False,False,body_contacts.jsonl,
6440,53.666666666666664,base_link,BODY,False,False,False,body_contacts.jsonl,
6441,53.675,base_link,BODY,False,False,False,body_contacts.jsonl,
6442,53.68333333333333,base_link,BODY,False,False,False,body_contacts.jsonl,
6443,53.69166666666666,base_link,BODY,False,False,False,body_contacts.jsonl,
6444,53.699999999999996,base_link,BODY,False,False,False,body_contacts.jsonl,
6445,53.708333333333336,base_link,BODY,False,False,False,body_contacts.jsonl,
6446,53.71666666666667,base_link,BODY,False,False,False,body_contacts.jsonl,
6447,53.725,base_link,BODY,False,False,False,body_contacts.jsonl,
6448,53.733333333333334,base_link,BODY,False,False,False,body_contacts.jsonl,
6449,53.74166666666667,base_link,BODY,False,False,False,body_contacts.jsonl,
6450,53.75,base_link,BODY,False,False,False,body_contacts.jsonl,
6451,53.75833333333333,base_link,BODY,False,False,False,body_contacts.jsonl,
6452,53.766666666666666,base_link,BODY,False,False,False,body_contacts.jsonl,
6453,53.775,base_link,BODY,False,False,False,body_contacts.jsonl,
6454,53.78333333333333,base_link,BODY,False,False,False,body_contacts.jsonl,
6455,53.791666666666664,base_link,BODY,False,False,False,body_contacts.jsonl,
6456,53.8,base_link,BODY,False,False,False,body_contacts.jsonl,
6457,53.80833333333333,base_link,BODY,False,False,False,body_contacts.jsonl,
6458,53.81666666666666,base_link,BODY,False,False,False,body_contacts.jsonl,
6459,53.824999999999996,base_link,BODY,False,False,False,body_contacts.jsonl,
6460,53.833333333333336,base_link,BODY,False,False,False,body_contacts.jsonl,
6461,53.84166666666667,base_link,BODY,False,False,False,body_contacts.jsonl,
6462,53.85,base_link,BODY,False,False,False,body_contacts.jsonl,
6463,53.858333333333334,base_link,BODY,False,False,False,body_contacts.jsonl,
6464,53.86666666666667,base_link,BODY,False,False,False,body_contacts.jsonl,
6465,53.875,base_link,BODY,False,False,False,body_contacts.jsonl,
6466,53.88333333333333,base_link,BODY,False,False,False,body_contacts.jsonl,
6467,53.891666666666666,base_link,BODY,False,False,False,body_contacts.jsonl,
6468,53.9,base_link,BODY,False,False,False,body_contacts.jsonl,
6469,53.90833333333333,base_link,BODY,False,False,False,body_contacts.jsonl,
6470,53.916666666666664,base_link,BODY,False,False,False,body_contacts.jsonl,
6471,53.925,base_link,BODY,False,False,False,body_contacts.jsonl,
6472,53.93333333333333,base_link,BODY,False,False,False,body_contacts.jsonl,
6473,53.94166666666666,base_link,BODY,False,False,False,body_contacts.jsonl,
6474,53.949999999999996,base_link,BODY,False,False,False,body_contacts.jsonl,
6475,53.958333333333336,base_link,BODY,False,False,False,body_contacts.jsonl,
6476,53.96666666666667,base_link,BODY,False,False,False,body_contacts.jsonl,
6477,53.975,base_link,BODY,False,False,False,body_contacts.jsonl,
6478,53.983333333333334,base_link,BODY,False,False,False,body_contacts.jsonl,
6479,53.99166666666667,base_link,BODY,False,False,False,body_contacts.jsonl,
6480,54.0,base_link,BODY,False,False,False,body_contacts.jsonl,
6481,54.00833333333333,base_link,BODY,False,False,False,body_contacts.jsonl,
6482,54.016666666666666,base_link,BODY,False,False,False,body_contacts.jsonl,
6483,54.025,base_link,BODY,False,False,False,body_contacts.jsonl,
6484,54.03333333333333,base_link,BODY,False,False,False,body_contacts.jsonl,
6485,54.041666666666664,base_link,BODY,False,False,False,body_contacts.jsonl,
6486,54.05,base_link,BODY,False,False,False,body_contacts.jsonl,
6487,54.05833333333333,base_link,BODY,False,False,False,body_contacts.jsonl,
6488,54.06666666666666,base_link,BODY,False,False,False,body_contacts.jsonl,
6489,54.074999999999996,base_link,BODY,False,False,False,body_contacts.jsonl,
6490,54.083333333333336,base_link,BODY,False,False,False,body_contacts.jsonl,
6491,54.09166666666667,base_link,BODY,False,False,False,body_contacts.jsonl,
6492,54.1,base_link,BODY,False,False,False,body_contacts.jsonl,
6493,54.108333333333334,base_link,BODY,False,False,False,body_contacts.jsonl,
6494,54.11666666666667,base_link,BODY,False,False,False,body_contacts.jsonl,
6495,54.125,base_link,BODY,False,False,False,body_contacts.jsonl,
6496,54.13333333333333,base_link,BODY,False,False,False,body_contacts.jsonl,
6497,54.141666666666666,base_link,BODY,False,False,False,body_contacts.jsonl,
6498,54.15,base_link,BODY,False,False,False,body_contacts.jsonl,
6499,54.15833333333333,base_link,BODY,False,False,False,body_contacts.jsonl,
6500,54.166666666666664,base_link,BODY,False,False,False,body_contacts.jsonl,
6501,54.175,base_link,BODY,False,False,False,body_contacts.jsonl,
6502,54.18333333333333,base_link,BODY,False,False,False,body_contacts.jsonl,
6503,54.19166666666666,base_link,BODY,False,False,False,body_contacts.jsonl,
6504,54.199999999999996,base_link,BODY,False,False,False,body_contacts.jsonl,
6505,54.208333333333336,base_link,BODY,False,False,False,body_contacts.jsonl,
6506,54.21666666666667,base_link,BODY,False,False,False,body_contacts.jsonl,
6507,54.225,base_link,BODY,False,False,False,body_contacts.jsonl,
6508,54.233333333333334,base_link,BODY,False,False,False,body_contacts.jsonl,
6509,54.24166666666667,base_link,BODY,False,False,False,body_contacts.jsonl,
6510,54.25,base_link,BODY,False,False,False,body_contacts.jsonl,
6511,54.25833333333333,base_link,BODY,False,False,False,body_contacts.jsonl,
6512,54.266666666666666,base_link,BODY,False,False,False,body_contacts.jsonl,
6513,54.275,base_link,BODY,False,False,False,body_contacts.jsonl,
6514,54.28333333333333,base_link,BODY,False,False,False,body_contacts.jsonl,
6515,54.291666666666664,base_link,BODY,False,False,False,body_contacts.jsonl,
6516,54.3,base_link,BODY,False,False,False,body_contacts.jsonl,
6517,54.30833333333333,base_link,BODY,False,False,False,body_contacts.jsonl,
6518,54.31666666666666,base_link,BODY,False,False,False,body_contacts.jsonl,
6519,54.324999999999996,base_link,BODY,False,False,False,body_contacts.jsonl,
6520,54.333333333333336,base_link,BODY,False,False,False,body_contacts.jsonl,
6521,54.34166666666667,base_link,BODY,False,False,False,body_contacts.jsonl,
6522,54.35,base_link,BODY,False,False,False,body_contacts.jsonl,
6523,54.358333333333334,base_link,BODY,False,False,False,body_contacts.jsonl,
6524,54.36666666666667,base_link,BODY,False,False,False,body_contacts.jsonl,
6525,54.375,base_link,BODY,False,False,False,body_contacts.jsonl,
6526,54.38333333333333,base_link,BODY,False,False,False,body_contacts.jsonl,
6527,54.391666666666666,base_link,BODY,False,False,False,body_contacts.jsonl,
6528,54.4,base_link,BODY,False,False,False,body_contacts.jsonl,
6529,54.40833333333333,base_link,BODY,False,False,False,body_contacts.jsonl,
6530,54.416666666666664,base_link,BODY,False,False,False,body_contacts.jsonl,
6531,54.425,base_link,BODY,False,False,False,body_contacts.jsonl,
6532,54.43333333333333,base_link,BODY,False,False,False,body_contacts.jsonl,
6533,54.44166666666666,base_link,BODY,False,False,False,body_contacts.jsonl,
6534,54.449999999999996,base_link,BODY,False,False,False,body_contacts.jsonl,
6535,54.458333333333336,base_link,BODY,False,False,False,body_contacts.jsonl,
6536,54.46666666666667,base_link,BODY,False,False,False,body_contacts.jsonl,
6537,54.475,base_link,BODY,False,False,False,body_contacts.jsonl,
6538,54.483333333333334,base_link,BODY,False,False,False,body_contacts.jsonl,
6539,54.49166666666667,base_link,BODY,False,False,False,body_contacts.jsonl,
6540,54.5,base_link,BODY,False,False,False,body_contacts.jsonl,
6541,54.50833333333333,base_link,BODY,False,False,False,body_contacts.jsonl,
6542,54.516666666666666,base_link,BODY,False,False,False,body_contacts.jsonl,
6543,54.525,base_link,BODY,False,False,False,body_contacts.jsonl,
6544,54.53333333333333,base_link,BODY,False,False,False,body_contacts.jsonl,
6545,54.541666666666664,base_link,BODY,False,False,False,body_contacts.jsonl,
6546,54.55,base_link,BODY,False,False,False,body_contacts.jsonl,
6547,54.55833333333333,base_link,BODY,False,False,False,body_contacts.jsonl,
6548,54.56666666666666,base_link,BODY,False,False,False,body_contacts.jsonl,
6549,54.574999999999996,base_link,BODY,False,False,False,body_contacts.jsonl,
6550,54.583333333333336,base_link,BODY,False,False,False,body_contacts.jsonl,
6551,54.59166666666667,base_link,BODY,False,False,False,body_contacts.jsonl,
6552,54.6,base_link,BODY,False,False,False,body_contacts.jsonl,
6553,54.608333333333334,base_link,BODY,False,False,False,body_contacts.jsonl,
6554,54.61666666666667,base_link,BODY,False,False,False,body_contacts.jsonl,
6555,54.625,base_link,BODY,False,False,False,body_contacts.jsonl,
6556,54.63333333333333,base_link,BODY,False,False,False,body_contacts.jsonl,
6557,54.641666666666666,base_link,BODY,False,False,False,body_contacts.jsonl,
6558,54.65,base_link,BODY,False,False,False,body_contacts.jsonl,
6559,54.65833333333333,base_link,BODY,False,False,False,body_contacts.jsonl,
6560,54.666666666666664,base_link,BODY,False,False,False,body_contacts.jsonl,
6561,54.675,base_link,BODY,False,False,False,body_contacts.jsonl,
6562,54.68333333333333,base_link,BODY,False,False,False,body_contacts.jsonl,
6563,54.69166666666666,base_link,BODY,False,False,False,body_contacts.jsonl,
6564,54.699999999999996,base_link,BODY,False,False,False,body_contacts.jsonl,
6565,54.708333333333336,base_link,BODY,False,False,False,body_contacts.jsonl,
6566,54.71666666666667,base_link,BODY,False,False,False,body_contacts.jsonl,
6567,54.725,base_link,BODY,False,False,False,body_contacts.jsonl,
6568,54.733333333333334,base_link,BODY,False,False,False,body_contacts.jsonl,
6569,54.74166666666667,base_link,BODY,False,False,False,body_contacts.jsonl,
6570,54.75,base_link,BODY,False,False,False,body_contacts.jsonl,
6571,54.75833333333333,base_link,BODY,False,False,False,body_contacts.jsonl,
6572,54.766666666666666,base_link,BODY,False,False,False,body_contacts.jsonl,
6573,54.775,base_link,BODY,False,False,False,body_contacts.jsonl,
6574,54.78333333333333,base_link,BODY,False,False,False,body_contacts.jsonl,
6575,54.791666666666664,base_link,BODY,False,False,False,body_contacts.jsonl,
6576,54.8,base_link,BODY,False,False,False,body_contacts.jsonl,
6577,54.80833333333333,base_link,BODY,False,False,False,body_contacts.jsonl,
6578,54.81666666666666,base_link,BODY,False,False,False,body_contacts.jsonl,
6579,54.824999999999996,base_link,BODY,False,False,False,body_contacts.jsonl,
6580,54.833333333333336,base_link,BODY,False,False,False,body_contacts.jsonl,
6581,54.84166666666667,base_link,BODY,False,False,False,body_contacts.jsonl,
6582,54.85,base_link,BODY,False,False,False,body_contacts.jsonl,
6583,54.858333333333334,base_link,BODY,False,False,False,body_contacts.jsonl,
6584,54.86666666666667,base_link,BODY,False,False,False,body_contacts.jsonl,
6585,54.875,base_link,BODY,False,False,False,body_contacts.jsonl,
6586,54.88333333333333,base_link,BODY,False,False,False,body_contacts.jsonl,
6587,54.891666666666666,base_link,BODY,False,False,False,body_contacts.jsonl,
6588,54.9,base_link,BODY,False,False,False,body_contacts.jsonl,
6589,54.90833333333333,base_link,BODY,False,False,False,body_contacts.jsonl,
6590,54.916666666666664,base_link,BODY,False,False,False,body_contacts.jsonl,
6591,54.925,base_link,BODY,False,False,False,body_contacts.jsonl,
6592,54.93333333333333,base_link,BODY,False,False,False,body_contacts.jsonl,
6593,54.94166666666666,base_link,BODY,False,False,False,body_contacts.jsonl,
6594,54.949999999999996,base_link,BODY,False,False,False,body_contacts.jsonl,
6595,54.958333333333336,base_link,BODY,False,False,False,body_contacts.jsonl,
6596,54.96666666666667,base_link,BODY,False,False,False,body_contacts.jsonl,
6597,54.975,base_link,BODY,False,False,False,body_contacts.jsonl,
6598,54.983333333333334,base_link,BODY,False,False,False,body_contacts.jsonl,
6599,54.99166666666667,base_link,BODY,False,False,False,body_contacts.jsonl,
6600,55.0,base_link,BODY,False,False,False,body_contacts.jsonl,
6601,55.00833333333333,base_link,BODY,False,False,False,body_contacts.jsonl,
6602,55.016666666666666,base_link,BODY,False,False,False,body_contacts.jsonl,
6603,55.025,base_link,BODY,False,False,False,body_contacts.jsonl,
6604,55.03333333333333,base_link,BODY,False,False,False,body_contacts.jsonl,
6605,55.041666666666664,base_link,BODY,False,False,False,body_contacts.jsonl,
6606,55.05,base_link,BODY,False,False,False,body_contacts.jsonl,
6607,55.05833333333333,base_link,BODY,False,False,False,body_contacts.jsonl,
6608,55.06666666666666,base_link,BODY,False,False,False,body_contacts.jsonl,
6609,55.074999999999996,base_link,BODY,False,False,False,body_contacts.jsonl,
6610,55.083333333333336,base_link,BODY,False,False,False,body_contacts.jsonl,
6611,55.09166666666667,base_link,BODY,False,False,False,body_contacts.jsonl,
6612,55.1,base_link,BODY,False,False,False,body_contacts.jsonl,
6613,55.108333333333334,base_link,BODY,False,False,False,body_contacts.jsonl,
6614,55.11666666666667,base_link,BODY,False,False,False,body_contacts.jsonl,
6615,55.125,base_link,BODY,False,False,False,body_contacts.jsonl,
6616,55.13333333333333,base_link,BODY,False,False,False,body_contacts.jsonl,
6617,55.141666666666666,base_link,BODY,False,False,False,body_contacts.jsonl,
6618,55.15,base_link,BODY,False,False,False,body_contacts.jsonl,
6619,55.15833333333333,base_link,BODY,False,False,False,body_contacts.jsonl,
6620,55.166666666666664,base_link,BODY,False,False,False,body_contacts.jsonl,
6621,55.175,base_link,BODY,False,False,False,body_contacts.jsonl,
6622,55.18333333333333,base_link,BODY,False,False,False,body_contacts.jsonl,
6623,55.19166666666666,base_link,BODY,False,False,False,body_contacts.jsonl,
6624,55.199999999999996,base_link,BODY,False,False,False,body_contacts.jsonl,
6625,55.208333333333336,base_link,BODY,False,False,False,body_contacts.jsonl,
6626,55.21666666666667,base_link,BODY,False,False,False,body_contacts.jsonl,
6627,55.225,base_link,BODY,False,False,False,body_contacts.jsonl,
6628,55.233333333333334,base_link,BODY,False,False,False,body_contacts.jsonl,
6629,55.24166666666667,base_link,BODY,False,False,False,body_contacts.jsonl,
6630,55.25,base_link,BODY,False,False,False,body_contacts.jsonl,
6631,55.25833333333333,base_link,BODY,False,False,False,body_contacts.jsonl,
6632,55.266666666666666,base_link,BODY,False,False,False,body_contacts.jsonl,
6633,55.275,base_link,BODY,False,False,False,body_contacts.jsonl,
6634,55.28333333333333,base_link,BODY,False,False,False,body_contacts.jsonl,
6635,55.291666666666664,base_link,BODY,False,False,False,body_contacts.jsonl,
6636,55.3,base_link,BODY,False,False,False,body_contacts.jsonl,
6637,55.30833333333333,base_link,BODY,False,False,False,body_contacts.jsonl,
6638,55.31666666666666,base_link,BODY,False,False,False,body_contacts.jsonl,
6639,55.324999999999996,base_link,BODY,False,False,False,body_contacts.jsonl,
6640,55.333333333333336,base_link,BODY,False,False,False,body_contacts.jsonl,
6641,55.34166666666667,base_link,BODY,False,False,False,body_contacts.jsonl,
6642,55.35,base_link,BODY,False,False,False,body_contacts.jsonl,
6643,55.358333333333334,base_link,BODY,False,False,False,body_contacts.jsonl,
6644,55.36666666666667,base_link,BODY,False,False,False,body_contacts.jsonl,
6645,55.375,base_link,BODY,False,False,False,body_contacts.jsonl,
6646,55.38333333333333,base_link,BODY,False,False,False,body_contacts.jsonl,
6647,55.391666666666666,base_link,BODY,False,False,False,body_contacts.jsonl,
6648,55.4,base_link,BODY,False,False,False,body_contacts.jsonl,
6649,55.40833333333333,base_link,BODY,False,False,False,body_contacts.jsonl,
6650,55.416666666666664,base_link,BODY,False,False,False,body_contacts.jsonl,
6651,55.425,base_link,BODY,False,False,False,body_contacts.jsonl,
6652,55.43333333333333,base_link,BODY,False,False,False,body_contacts.jsonl,
6653,55.44166666666666,base_link,BODY,False,False,False,body_contacts.jsonl,
6654,55.449999999999996,base_link,BODY,False,False,False,body_contacts.jsonl,
6655,55.458333333333336,base_link,BODY,False,False,False,body_contacts.jsonl,
6656,55.46666666666667,base_link,BODY,False,False,False,body_contacts.jsonl,
6657,55.475,base_link,BODY,False,False,False,body_contacts.jsonl,
6658,55.483333333333334,base_link,BODY,False,False,False,body_contacts.jsonl,
6659,55.49166666666667,base_link,BODY,False,False,False,body_contacts.jsonl,
6660,55.5,base_link,BODY,False,False,False,body_contacts.jsonl,
6661,55.50833333333333,base_link,BODY,False,False,False,body_contacts.jsonl,
6662,55.516666666666666,base_link,BODY,False,False,False,body_contacts.jsonl,
6663,55.525,base_link,BODY,False,False,False,body_contacts.jsonl,
6664,55.53333333333333,base_link,BODY,False,False,False,body_contacts.jsonl,
6665,55.541666666666664,base_link,BODY,False,False,False,body_contacts.jsonl,
6666,55.55,base_link,BODY,False,False,False,body_contacts.jsonl,
6667,55.55833333333333,base_link,BODY,False,False,False,body_contacts.jsonl,
6668,55.56666666666666,base_link,BODY,False,False,False,body_contacts.jsonl,
6669,55.574999999999996,base_link,BODY,False,False,False,body_contacts.jsonl,
6670,55.583333333333336,base_link,BODY,False,False,False,body_contacts.jsonl,
6671,55.59166666666667,base_link,BODY,False,False,False,body_contacts.jsonl,
6672,55.6,base_link,BODY,False,False,False,body_contacts.jsonl,
6673,55.608333333333334,base_link,BODY,False,False,False,body_contacts.jsonl,
6674,55.61666666666667,base_link,BODY,False,False,False,body_contacts.jsonl,
6675,55.625,base_link,BODY,False,False,False,body_contacts.jsonl,
6676,55.63333333333333,base_link,BODY,False,False,False,body_contacts.jsonl,
6677,55.641666666666666,base_link,BODY,False,False,False,body_contacts.jsonl,
6678,55.65,base_link,BODY,False,False,False,body_contacts.jsonl,
6679,55.65833333333333,base_link,BODY,False,False,False,body_contacts.jsonl,
6680,55.666666666666664,base_link,BODY,False,False,False,body_contacts.jsonl,
6681,55.675,base_link,BODY,False,False,False,body_contacts.jsonl,
6682,55.68333333333333,base_link,BODY,False,False,False,body_contacts.jsonl,
6683,55.69166666666666,base_link,BODY,False,False,False,body_contacts.jsonl,
6684,55.699999999999996,base_link,BODY,False,False,False,body_contacts.jsonl,
6685,55.708333333333336,base_link,BODY,False,False,False,body_contacts.jsonl,
6686,55.71666666666667,base_link,BODY,False,False,False,body_contacts.jsonl,
6687,55.725,base_link,BODY,False,False,False,body_contacts.jsonl,
6688,55.733333333333334,base_link,BODY,False,False,False,body_contacts.jsonl,
6689,55.74166666666667,base_link,BODY,False,False,False,body_contacts.jsonl,
6690,55.75,base_link,BODY,False,False,False,body_contacts.jsonl,
6691,55.75833333333333,base_link,BODY,False,False,False,body_contacts.jsonl,
6692,55.766666666666666,base_link,BODY,False,False,False,body_contacts.jsonl,
6693,55.775,base_link,BODY,False,False,False,body_contacts.jsonl,
6694,55.78333333333333,base_link,BODY,False,False,False,body_contacts.jsonl,
6695,55.791666666666664,base_link,BODY,False,False,False,body_contacts.jsonl,
6696,55.8,base_link,BODY,False,False,False,body_contacts.jsonl,
6697,55.80833333333333,base_link,BODY,False,False,False,body_contacts.jsonl,
6698,55.81666666666666,base_link,BODY,False,False,False,body_contacts.jsonl,
6699,55.824999999999996,base_link,BODY,False,False,False,body_contacts.jsonl,
6700,55.833333333333336,base_link,BODY,False,False,False,body_contacts.jsonl,
6701,55.84166666666667,base_link,BODY,False,False,False,body_contacts.jsonl,
6702,55.85,base_link,BODY,False,False,False,body_contacts.jsonl,
6703,55.858333333333334,base_link,BODY,False,False,False,body_contacts.jsonl,
6704,55.86666666666667,base_link,BODY,False,False,False,body_contacts.jsonl,
6705,55.875,base_link,BODY,False,False,False,body_contacts.jsonl,
6706,55.88333333333333,base_link,BODY,False,False,False,body_contacts.jsonl,
6707,55.891666666666666,base_link,BODY,False,False,False,body_contacts.jsonl,
6708,55.9,base_link,BODY,False,False,False,body_contacts.jsonl,
6709,55.90833333333333,base_link,BODY,False,False,False,body_contacts.jsonl,
6710,55.916666666666664,base_link,BODY,False,False,False,body_contacts.jsonl,
6711,55.925,base_link,BODY,False,False,False,body_contacts.jsonl,
6712,55.93333333333333,base_link,BODY,False,False,False,body_contacts.jsonl,
6713,55.94166666666666,base_link,BODY,False,False,False,body_contacts.jsonl,
6714,55.949999999999996,base_link,BODY,False,False,False,body_contacts.jsonl,
6715,55.958333333333336,base_link,BODY,False,False,False,body_contacts.jsonl,
6716,55.96666666666667,base_link,BODY,False,False,False,body_contacts.jsonl,
6717,55.975,base_link,BODY,False,False,False,body_contacts.jsonl,
6718,55.983333333333334,base_link,BODY,False,False,False,body_contacts.jsonl,
6719,55.99166666666667,base_link,BODY,False,False,False,body_contacts.jsonl,
6720,56.0,base_link,BODY,False,False,False,body_contacts.jsonl,
6721,56.00833333333333,base_link,BODY,False,False,False,body_contacts.jsonl,
6722,56.016666666666666,base_link,BODY,False,False,False,body_contacts.jsonl,
6723,56.025,base_link,BODY,False,False,False,body_contacts.jsonl,
6724,56.03333333333333,base_link,BODY,False,False,False,body_contacts.jsonl,
6725,56.041666666666664,base_link,BODY,False,False,False,body_contacts.jsonl,
6726,56.05,base_link,BODY,False,False,False,body_contacts.jsonl,
6727,56.05833333333333,base_link,BODY,False,False,False,body_contacts.jsonl,
6728,56.06666666666666,base_link,BODY,False,False,False,body_contacts.jsonl,
6729,56.074999999999996,base_link,BODY,False,False,False,body_contacts.jsonl,
6730,56.083333333333336,base_link,BODY,False,False,False,body_contacts.jsonl,
6731,56.09166666666667,base_link,BODY,False,False,False,body_contacts.jsonl,
6732,56.1,base_link,BODY,False,False,False,body_contacts.jsonl,
6733,56.108333333333334,base_link,BODY,False,False,False,body_contacts.jsonl,
6734,56.11666666666667,base_link,BODY,False,False,False,body_contacts.jsonl,
6735,56.125,base_link,BODY,False,False,False,body_contacts.jsonl,
6736,56.13333333333333,base_link,BODY,False,False,False,body_contacts.jsonl,
6737,56.141666666666666,base_link,BODY,False,False,False,body_contacts.jsonl,
6738,56.15,base_link,BODY,False,False,False,body_contacts.jsonl,
6739,56.15833333333333,base_link,BODY,False,False,False,body_contacts.jsonl,
6740,56.166666666666664,base_link,BODY,False,False,False,body_contacts.jsonl,
6741,56.175,base_link,BODY,False,False,False,body_contacts.jsonl,
6742,56.18333333333333,base_link,BODY,False,False,False,body_contacts.jsonl,
6743,56.19166666666666,base_link,BODY,False,False,False,body_contacts.jsonl,
6744,56.199999999999996,base_link,BODY,False,False,False,body_contacts.jsonl,
6745,56.208333333333336,base_link,BODY,False,False,False,body_contacts.jsonl,
6746,56.21666666666667,base_link,BODY,False,False,False,body_contacts.jsonl,
6747,56.225,base_link,BODY,False,False,False,body_contacts.jsonl,
6748,56.233333333333334,base_link,BODY,False,False,False,body_contacts.jsonl,
6749,56.24166666666667,base_link,BODY,False,False,False,body_contacts.jsonl,
6750,56.25,base_link,BODY,False,False,False,body_contacts.jsonl,
6751,56.25833333333333,base_link,BODY,False,False,False,body_contacts.jsonl,
6752,56.266666666666666,base_link,BODY,False,False,False,body_contacts.jsonl,
6753,56.275,base_link,BODY,False,False,False,body_contacts.jsonl,
6754,56.28333333333333,base_link,BODY,False,False,False,body_contacts.jsonl,
6755,56.291666666666664,base_link,BODY,False,False,False,body_contacts.jsonl,
6756,56.3,base_link,BODY,False,False,False,body_contacts.jsonl,
6757,56.30833333333333,base_link,BODY,False,False,False,body_contacts.jsonl,
6758,56.31666666666666,base_link,BODY,False,False,False,body_contacts.jsonl,
6759,56.324999999999996,base_link,BODY,False,False,False,body_contacts.jsonl,
6760,56.333333333333336,base_link,BODY,False,False,False,body_contacts.jsonl,
6761,56.34166666666667,base_link,BODY,False,False,False,body_contacts.jsonl,
6762,56.35,base_link,BODY,False,False,False,body_contacts.jsonl,
6763,56.358333333333334,base_link,BODY,False,False,False,body_contacts.jsonl,
6764,56.36666666666667,base_link,BODY,False,False,False,body_contacts.jsonl,
6765,56.375,base_link,BODY,False,False,False,body_contacts.jsonl,
6766,56.38333333333333,base_link,BODY,False,False,False,body_contacts.jsonl,
6767,56.391666666666666,base_link,BODY,False,False,False,body_contacts.jsonl,
6768,56.4,base_link,BODY,False,False,False,body_contacts.jsonl,
6769,56.40833333333333,base_link,BODY,False,False,False,body_contacts.jsonl,
6770,56.416666666666664,base_link,BODY,False,False,False,body_contacts.jsonl,
6771,56.425,base_link,BODY,False,False,False,body_contacts.jsonl,
6772,56.43333333333333,base_link,BODY,False,False,False,body_contacts.jsonl,
6773,56.44166666666666,base_link,BODY,False,False,False,body_contacts.jsonl,
6774,56.449999999999996,base_link,BODY,False,False,False,body_contacts.jsonl,
6775,56.458333333333336,base_link,BODY,False,False,False,body_contacts.jsonl,
6776,56.46666666666667,base_link,BODY,False,False,False,body_contacts.jsonl,
6777,56.475,base_link,BODY,False,False,False,body_contacts.jsonl,
6778,56.483333333333334,base_link,BODY,False,False,False,body_contacts.jsonl,
6779,56.49166666666667,base_link,BODY,False,False,False,body_contacts.jsonl,
6780,56.5,base_link,BODY,False,False,False,body_contacts.jsonl,
6781,56.50833333333333,base_link,BODY,False,False,False,body_contacts.jsonl,
6782,56.516666666666666,base_link,BODY,False,False,False,body_contacts.jsonl,
6783,56.525,base_link,BODY,False,False,False,body_contacts.jsonl,
6784,56.53333333333333,base_link,BODY,False,False,False,body_contacts.jsonl,
6785,56.541666666666664,base_link,BODY,False,False,False,body_contacts.jsonl,
6786,56.55,base_link,BODY,False,False,False,body_contacts.jsonl,
6787,56.55833333333333,base_link,BODY,False,False,False,body_contacts.jsonl,
6788,56.56666666666666,base_link,BODY,False,False,False,body_contacts.jsonl,
6789,56.574999999999996,base_link,BODY,False,False,False,body_contacts.jsonl,
6790,56.583333333333336,base_link,BODY,False,False,False,body_contacts.jsonl,
6791,56.59166666666667,base_link,BODY,False,False,False,body_contacts.jsonl,
6792,56.6,base_link,BODY,False,False,False,body_contacts.jsonl,
6793,56.608333333333334,base_link,BODY,False,False,False,body_contacts.jsonl,
6794,56.61666666666667,base_link,BODY,False,False,False,body_contacts.jsonl,
6795,56.625,base_link,BODY,False,False,False,body_contacts.jsonl,
6796,56.63333333333333,base_link,BODY,False,False,False,body_contacts.jsonl,
6797,56.641666666666666,base_link,BODY,False,False,False,body_contacts.jsonl,
6798,56.65,base_link,BODY,False,False,False,body_contacts.jsonl,
6799,56.65833333333333,base_link,BODY,False,False,False,body_contacts.jsonl,
6800,56.666666666666664,base_link,BODY,False,False,False,body_contacts.jsonl,
6801,56.675,base_link,BODY,False,False,False,body_contacts.jsonl,
6802,56.68333333333333,base_link,BODY,False,False,False,body_contacts.jsonl,
6803,56.69166666666666,base_link,BODY,False,False,False,body_contacts.jsonl,
6804,56.699999999999996,base_link,BODY,False,False,False,body_contacts.jsonl,
6805,56.708333333333336,base_link,BODY,False,False,False,body_contacts.jsonl,
6806,56.71666666666667,base_link,BODY,False,False,False,body_contacts.jsonl,
6807,56.725,base_link,BODY,False,False,False,body_contacts.jsonl,
6808,56.733333333333334,base_link,BODY,False,False,False,body_contacts.jsonl,
6809,56.74166666666667,base_link,BODY,False,False,False,body_contacts.jsonl,
6810,56.75,base_link,BODY,False,False,False,body_contacts.jsonl,
6811,56.75833333333333,base_link,BODY,False,False,False,body_contacts.jsonl,
6812,56.766666666666666,base_link,BODY,False,False,False,body_contacts.jsonl,
6813,56.775,base_link,BODY,False,False,False,body_contacts.jsonl,
6814,56.78333333333333,base_link,BODY,False,False,False,body_contacts.jsonl,
6815,56.791666666666664,base_link,BODY,False,False,False,body_contacts.jsonl,
6816,56.8,base_link,BODY,False,False,False,body_contacts.jsonl,
6817,56.80833333333333,base_link,BODY,False,False,False,body_contacts.jsonl,
6818,56.81666666666666,base_link,BODY,False,False,False,body_contacts.jsonl,
6819,56.824999999999996,base_link,BODY,False,False,False,body_contacts.jsonl,
6820,56.833333333333336,base_link,BODY,False,False,False,body_contacts.jsonl,
6821,56.84166666666667,base_link,BODY,False,False,False,body_contacts.jsonl,
6822,56.85,base_link,BODY,False,False,False,body_contacts.jsonl,
6823,56.858333333333334,base_link,BODY,False,False,False,body_contacts.jsonl,
6824,56.86666666666667,base_link,BODY,False,False,False,body_contacts.jsonl,
6825,56.875,base_link,BODY,False,False,False,body_contacts.jsonl,
6826,56.88333333333333,base_link,BODY,False,False,False,body_contacts.jsonl,
6827,56.891666666666666,base_link,BODY,False,False,False,body_contacts.jsonl,
6828,56.9,base_link,BODY,False,False,False,body_contacts.jsonl,
6829,56.90833333333333,base_link,BODY,False,False,False,body_contacts.jsonl,
6830,56.916666666666664,base_link,BODY,False,False,False,body_contacts.jsonl,
6831,56.925,base_link,BODY,False,False,False,body_contacts.jsonl,
6832,56.93333333333333,base_link,BODY,False,False,False,body_contacts.jsonl,
6833,56.94166666666666,base_link,BODY,False,False,False,body_contacts.jsonl,
6834,56.949999999999996,base_link,BODY,False,False,False,body_contacts.jsonl,
6835,56.958333333333336,base_link,BODY,False,False,False,body_contacts.jsonl,
6836,56.96666666666667,base_link,BODY,False,False,False,body_contacts.jsonl,
6837,56.975,base_link,BODY,False,False,False,body_contacts.jsonl,
6838,56.983333333333334,base_link,BODY,False,False,False,body_contacts.jsonl,
6839,56.99166666666667,base_link,BODY,False,False,False,body_contacts.jsonl,
6840,57.0,base_link,BODY,False,False,False,body_contacts.jsonl,
6841,57.00833333333333,base_link,BODY,False,False,False,body_contacts.jsonl,
6842,57.016666666666666,base_link,BODY,False,False,False,body_contacts.jsonl,
6843,57.025,base_link,BODY,False,False,False,body_contacts.jsonl,
6844,57.03333333333333,base_link,BODY,False,False,False,body_contacts.jsonl,
6845,57.041666666666664,base_link,BODY,False,False,False,body_contacts.jsonl,
6846,57.05,base_link,BODY,False,False,False,body_contacts.jsonl,
6847,57.05833333333333,base_link,BODY,False,False,False,body_contacts.jsonl,
6848,57.06666666666666,base_link,BODY,False,False,False,body_contacts.jsonl,
6849,57.074999999999996,base_link,BODY,False,False,False,body_contacts.jsonl,
6850,57.083333333333336,base_link,BODY,False,False,False,body_contacts.jsonl,
6851,57.09166666666667,base_link,BODY,False,False,False,body_contacts.jsonl,
6852,57.1,base_link,BODY,False,False,False,body_contacts.jsonl,
6853,57.108333333333334,base_link,BODY,False,False,False,body_contacts.jsonl,
6854,57.11666666666667,base_link,BODY,False,False,False,body_contacts.jsonl,
6855,57.125,base_link,BODY,False,False,False,body_contacts.jsonl,
6856,57.13333333333333,base_link,BODY,False,False,False,body_contacts.jsonl,
6857,57.141666666666666,base_link,BODY,False,False,False,body_contacts.jsonl,
6858,57.15,base_link,BODY,False,False,False,body_contacts.jsonl,
6859,57.15833333333333,base_link,BODY,False,False,False,body_contacts.jsonl,
6860,57.166666666666664,base_link,BODY,False,False,False,body_contacts.jsonl,
6861,57.175,base_link,BODY,False,False,False,body_contacts.jsonl,
6862,57.18333333333333,base_link,BODY,False,False,False,body_contacts.jsonl,
6863,57.19166666666666,base_link,BODY,False,False,False,body_contacts.jsonl,
6864,57.199999999999996,base_link,BODY,False,False,False,body_contacts.jsonl,
6865,57.208333333333336,base_link,BODY,False,False,False,body_contacts.jsonl,
6866,57.21666666666667,base_link,BODY,False,False,False,body_contacts.jsonl,
6867,57.225,base_link,BODY,False,False,False,body_contacts.jsonl,
6868,57.233333333333334,base_link,BODY,False,False,False,body_contacts.jsonl,
6869,57.24166666666667,base_link,BODY,False,False,False,body_contacts.jsonl,
6870,57.25,base_link,BODY,False,False,False,body_contacts.jsonl,
6871,57.25833333333333,base_link,BODY,False,False,False,body_contacts.jsonl,
6872,57.266666666666666,base_link,BODY,False,False,False,body_contacts.jsonl,
6873,57.275,base_link,BODY,False,False,False,body_contacts.jsonl,
6874,57.28333333333333,base_link,BODY,False,False,False,body_contacts.jsonl,
6875,57.291666666666664,base_link,BODY,False,False,False,body_contacts.jsonl,
6876,57.3,base_link,BODY,False,False,False,body_contacts.jsonl,
6877,57.30833333333333,base_link,BODY,False,False,False,body_contacts.jsonl,
6878,57.31666666666666,base_link,BODY,False,False,False,body_contacts.jsonl,
6879,57.324999999999996,base_link,BODY,False,False,False,body_contacts.jsonl,
6880,57.333333333333336,base_link,BODY,False,False,False,body_contacts.jsonl,
6881,57.34166666666667,base_link,BODY,False,False,False,body_contacts.jsonl,
6882,57.35,base_link,BODY,False,False,False,body_contacts.jsonl,
6883,57.358333333333334,base_link,BODY,False,False,False,body_contacts.jsonl,
6884,57.36666666666667,base_link,BODY,False,False,False,body_contacts.jsonl,
6885,57.375,base_link,BODY,False,False,False,body_contacts.jsonl,
6886,57.38333333333333,base_link,BODY,False,False,False,body_contacts.jsonl,
6887,57.391666666666666,base_link,BODY,False,False,False,body_contacts.jsonl,
6888,57.4,base_link,BODY,False,False,False,body_contacts.jsonl,
6889,57.40833333333333,base_link,BODY,False,False,False,body_contacts.jsonl,
6890,57.416666666666664,base_link,BODY,False,False,False,body_contacts.jsonl,
6891,57.425,base_link,BODY,False,False,False,body_contacts.jsonl,
6892,57.43333333333333,base_link,BODY,False,False,False,body_contacts.jsonl,
6893,57.44166666666666,base_link,BODY,False,False,False,body_contacts.jsonl,
6894,57.449999999999996,base_link,BODY,False,False,False,body_contacts.jsonl,
6895,57.458333333333336,base_link,BODY,False,False,False,body_contacts.jsonl,
6896,57.46666666666667,base_link,BODY,False,False,False,body_contacts.jsonl,
6897,57.475,base_link,BODY,False,False,False,body_contacts.jsonl,
6898,57.483333333333334,base_link,BODY,False,False,False,body_contacts.jsonl,
6899,57.49166666666667,base_link,BODY,False,False,False,body_contacts.jsonl,
6900,57.5,base_link,BODY,False,False,False,body_contacts.jsonl,
6901,57.50833333333333,base_link,BODY,False,False,False,body_contacts.jsonl,
6902,57.516666666666666,base_link,BODY,False,False,False,body_contacts.jsonl,
6903,57.525,base_link,BODY,False,False,False,body_contacts.jsonl,
6904,57.53333333333333,base_link,BODY,False,False,False,body_contacts.jsonl,
6905,57.541666666666664,base_link,BODY,False,False,False,body_contacts.jsonl,
6906,57.55,base_link,BODY,False,False,False,body_contacts.jsonl,
6907,57.55833333333333,base_link,BODY,False,False,False,body_contacts.jsonl,
6908,57.56666666666666,base_link,BODY,False,False,False,body_contacts.jsonl,
6909,57.574999999999996,base_link,BODY,False,False,False,body_contacts.jsonl,
6910,57.583333333333336,base_link,BODY,False,False,False,body_contacts.jsonl,
6911,57.59166666666667,base_link,BODY,False,False,False,body_contacts.jsonl,
6912,57.6,base_link,BODY,False,False,False,body_contacts.jsonl,
6913,57.608333333333334,base_link,BODY,False,False,False,body_contacts.jsonl,
6914,57.61666666666667,base_link,BODY,False,False,False,body_contacts.jsonl,
6915,57.625,base_link,BODY,False,False,False,body_contacts.jsonl,
6916,57.63333333333333,base_link,BODY,False,False,False,body_contacts.jsonl,
6917,57.641666666666666,base_link,BODY,False,False,False,body_contacts.jsonl,
6918,57.65,base_link,BODY,False,False,False,body_contacts.jsonl,
6919,57.65833333333333,base_link,BODY,False,False,False,body_contacts.jsonl,
6920,57.666666666666664,base_link,BODY,False,False,False,body_contacts.jsonl,
6921,57.675,base_link,BODY,False,False,False,body_contacts.jsonl,
6922,57.68333333333333,base_link,BODY,False,False,False,body_contacts.jsonl,
6923,57.69166666666666,base_link,BODY,False,False,False,body_contacts.jsonl,
6924,57.699999999999996,base_link,BODY,False,False,False,body_contacts.jsonl,
6925,57.708333333333336,base_link,BODY,False,False,False,body_contacts.jsonl,
6926,57.71666666666667,base_link,BODY,False,False,False,body_contacts.jsonl,
6927,57.725,base_link,BODY,False,False,False,body_contacts.jsonl,
6928,57.733333333333334,base_link,BODY,False,False,False,body_contacts.jsonl,
6929,57.74166666666667,base_link,BODY,False,False,False,body_contacts.jsonl,
6930,57.75,base_link,BODY,False,False,False,body_contacts.jsonl,
6931,57.75833333333333,base_link,BODY,False,False,False,body_contacts.jsonl,
6932,57.766666666666666,base_link,BODY,False,False,False,body_contacts.jsonl,
6933,57.775,base_link,BODY,False,False,False,body_contacts.jsonl,
6934,57.78333333333333,base_link,BODY,False,False,False,body_contacts.jsonl,
6935,57.791666666666664,base_link,BODY,False,False,False,body_contacts.jsonl,
6936,57.8,base_link,BODY,False,False,False,body_contacts.jsonl,
6937,57.80833333333333,base_link,BODY,False,False,False,body_contacts.jsonl,
6938,57.81666666666666,base_link,BODY,False,False,False,body_contacts.jsonl,
6939,57.824999999999996,base_link,BODY,False,False,False,body_contacts.jsonl,
6940,57.833333333333336,base_link,BODY,False,False,False,body_contacts.jsonl,
6941,57.84166666666667,base_link,BODY,False,False,False,body_contacts.jsonl,
6942,57.85,base_link,BODY,False,False,False,body_contacts.jsonl,
6943,57.858333333333334,base_link,BODY,False,False,False,body_contacts.jsonl,
6944,57.86666666666667,base_link,BODY,False,False,False,body_contacts.jsonl,
6945,57.875,base_link,BODY,False,False,False,body_contacts.jsonl,
6946,57.88333333333333,base_link,BODY,False,False,False,body_contacts.jsonl,
6947,57.891666666666666,base_link,BODY,False,False,False,body_contacts.jsonl,
6948,57.9,base_link,BODY,False,False,False,body_contacts.jsonl,
6949,57.90833333333333,base_link,BODY,False,False,False,body_contacts.jsonl,
6950,57.916666666666664,base_link,BODY,False,False,False,body_contacts.jsonl,
6951,57.925,base_link,BODY,False,False,False,body_contacts.jsonl,
6952,57.93333333333333,base_link,BODY,False,False,False,body_contacts.jsonl,
6953,57.94166666666666,base_link,BODY,False,False,False,body_contacts.jsonl,
6954,57.949999999999996,base_link,BODY,False,False,False,body_contacts.jsonl,
6955,57.958333333333336,base_link,BODY,False,False,False,body_contacts.jsonl,
6956,57.96666666666667,base_link,BODY,False,False,False,body_contacts.jsonl,
6957,57.975,base_link,BODY,False,False,False,body_contacts.jsonl,
6958,57.983333333333334,base_link,BODY,False,False,False,body_contacts.jsonl,
6959,57.99166666666667,base_link,BODY,False,False,False,body_contacts.jsonl,
6960,58.0,base_link,BODY,False,False,False,body_contacts.jsonl,
6961,58.00833333333333,base_link,BODY,False,False,False,body_contacts.jsonl,
6962,58.016666666666666,base_link,BODY,False,False,False,body_contacts.jsonl,
6963,58.025,base_link,BODY,False,False,False,body_contacts.jsonl,
6964,58.03333333333333,base_link,BODY,False,False,False,body_contacts.jsonl,
6965,58.041666666666664,base_link,BODY,False,False,False,body_contacts.jsonl,
6966,58.05,base_link,BODY,False,False,False,body_contacts.jsonl,
6967,58.05833333333333,base_link,BODY,False,False,False,body_contacts.jsonl,
6968,58.06666666666666,base_link,BODY,False,False,False,body_contacts.jsonl,
6969,58.074999999999996,base_link,BODY,False,False,False,body_contacts.jsonl,
6970,58.083333333333336,base_link,BODY,False,False,False,body_contacts.jsonl,
6971,58.09166666666667,base_link,BODY,False,False,False,body_contacts.jsonl,
6972,58.1,base_link,BODY,False,False,False,body_contacts.jsonl,
6973,58.108333333333334,base_link,BODY,False,False,False,body_contacts.jsonl,
6974,58.11666666666667,base_link,BODY,False,False,False,body_contacts.jsonl,
6975,58.125,base_link,BODY,False,False,False,body_contacts.jsonl,
6976,58.13333333333333,base_link,BODY,False,False,False,body_contacts.jsonl,
6977,58.141666666666666,base_link,BODY,False,False,False,body_contacts.jsonl,
6978,58.15,base_link,BODY,False,False,False,body_contacts.jsonl,
6979,58.15833333333333,base_link,BODY,False,False,False,body_contacts.jsonl,
6980,58.166666666666664,base_link,BODY,False,False,False,body_contacts.jsonl,
6981,58.175,base_link,BODY,False,False,False,body_contacts.jsonl,
6982,58.18333333333333,base_link,BODY,False,False,False,body_contacts.jsonl,
6983,58.19166666666666,base_link,BODY,False,False,False,body_contacts.jsonl,
6984,58.199999999999996,base_link,BODY,False,False,False,body_contacts.jsonl,
6985,58.208333333333336,base_link,BODY,False,False,False,body_contacts.jsonl,
6986,58.21666666666667,base_link,BODY,False,False,False,body_contacts.jsonl,
6987,58.225,base_link,BODY,False,False,False,body_contacts.jsonl,
6988,58.233333333333334,base_link,BODY,False,False,False,body_contacts.jsonl,
6989,58.24166666666667,base_link,BODY,False,False,False,body_contacts.jsonl,
6990,58.25,base_link,BODY,False,False,False,body_contacts.jsonl,
6991,58.25833333333333,base_link,BODY,False,False,False,body_contacts.jsonl,
6992,58.266666666666666,base_link,BODY,False,False,False,body_contacts.jsonl,
6993,58.275,base_link,BODY,False,False,False,body_contacts.jsonl,
6994,58.28333333333333,base_link,BODY,False,False,False,body_contacts.jsonl,
6995,58.291666666666664,base_link,BODY,False,False,False,body_contacts.jsonl,
6996,58.3,base_link,BODY,False,False,False,body_contacts.jsonl,
6997,58.30833333333333,base_link,BODY,False,False,False,body_contacts.jsonl,
6998,58.31666666666666,base_link,BODY,False,False,False,body_contacts.jsonl,
6999,58.324999999999996,base_link,BODY,False,False,False,body_contacts.jsonl,
7000,58.333333333333336,base_link,BODY,False,False,False,body_contacts.jsonl,
7001,58.34166666666667,base_link,BODY,False,False,False,body_contacts.jsonl,
7002,58.35,base_link,BODY,False,False,False,body_contacts.jsonl,
7003,58.358333333333334,base_link,BODY,False,False,False,body_contacts.jsonl,
7004,58.36666666666667,base_link,BODY,False,False,False,body_contacts.jsonl,
7005,58.375,base_link,BODY,False,False,False,body_contacts.jsonl,
7006,58.38333333333333,base_link,BODY,False,False,False,body_contacts.jsonl,
7007,58.391666666666666,base_link,BODY,False,False,False,body_contacts.jsonl,
7008,58.4,base_link,BODY,False,False,False,body_contacts.jsonl,
7009,58.40833333333333,base_link,BODY,False,False,False,body_contacts.jsonl,
7010,58.416666666666664,base_link,BODY,False,False,False,body_contacts.jsonl,
7011,58.425,base_link,BODY,False,False,False,body_contacts.jsonl,
7012,58.43333333333333,base_link,BODY,False,False,False,body_contacts.jsonl,
7013,58.44166666666666,base_link,BODY,False,False,False,body_contacts.jsonl,
7014,58.449999999999996,base_link,BODY,False,False,False,body_contacts.jsonl,
7015,58.458333333333336,base_link,BODY,False,False,False,body_contacts.jsonl,
7016,58.46666666666667,base_link,BODY,False,False,False,body_contacts.jsonl,
7017,58.475,base_link,BODY,False,False,False,body_contacts.jsonl,
7018,58.483333333333334,base_link,BODY,False,False,False,body_contacts.jsonl,
7019,58.49166666666667,base_link,BODY,False,False,False,body_contacts.jsonl,
7020,58.5,base_link,BODY,False,False,False,body_contacts.jsonl,
7021,58.50833333333333,base_link,BODY,False,False,False,body_contacts.jsonl,
7022,58.516666666666666,base_link,BODY,False,False,False,body_contacts.jsonl,
7023,58.525,base_link,BODY,False,False,False,body_contacts.jsonl,
7024,58.53333333333333,base_link,BODY,False,False,False,body_contacts.jsonl,
7025,58.541666666666664,base_link,BODY,False,False,False,body_contacts.jsonl,
7026,58.55,base_link,BODY,False,False,False,body_contacts.jsonl,
7027,58.55833333333333,base_link,BODY,False,False,False,body_contacts.jsonl,
7028,58.56666666666666,base_link,BODY,False,False,False,body_contacts.jsonl,
7029,58.574999999999996,base_link,BODY,False,False,False,body_contacts.jsonl,
7030,58.583333333333336,base_link,BODY,False,False,False,body_contacts.jsonl,
7031,58.59166666666667,base_link,BODY,False,False,False,body_contacts.jsonl,
7032,58.6,base_link,BODY,False,False,False,body_contacts.jsonl,
7033,58.608333333333334,base_link,BODY,False,False,False,body_contacts.jsonl,
7034,58.61666666666667,base_link,BODY,False,False,False,body_contacts.jsonl,
7035,58.625,base_link,BODY,False,False,False,body_contacts.jsonl,
7036,58.63333333333333,base_link,BODY,False,False,False,body_contacts.jsonl,
7037,58.641666666666666,base_link,BODY,False,False,False,body_contacts.jsonl,
7038,58.65,base_link,BODY,False,False,False,body_contacts.jsonl,
7039,58.65833333333333,base_link,BODY,False,False,False,body_contacts.jsonl,
7040,58.666666666666664,base_link,BODY,False,False,False,body_contacts.jsonl,
7041,58.675,base_link,BODY,False,False,False,body_contacts.jsonl,
7042,58.68333333333333,base_link,BODY,False,False,False,body_contacts.jsonl,
7043,58.69166666666666,base_link,BODY,False,False,False,body_contacts.jsonl,
7044,58.699999999999996,base_link,BODY,False,False,False,body_contacts.jsonl,
7045,58.708333333333336,base_link,BODY,False,False,False,body_contacts.jsonl,
7046,58.71666666666667,base_link,BODY,False,False,False,body_contacts.jsonl,
7047,58.725,base_link,BODY,False,False,False,body_contacts.jsonl,
7048,58.733333333333334,base_link,BODY,False,False,False,body_contacts.jsonl,
7049,58.74166666666667,base_link,BODY,False,False,False,body_contacts.jsonl,
7050,58.75,base_link,BODY,False,False,False,body_contacts.jsonl,
7051,58.75833333333333,base_link,BODY,False,False,False,body_contacts.jsonl,
7052,58.766666666666666,base_link,BODY,False,False,False,body_contacts.jsonl,
7053,58.775,base_link,BODY,False,False,False,body_contacts.jsonl,
7054,58.78333333333333,base_link,BODY,False,False,False,body_contacts.jsonl,
7055,58.791666666666664,base_link,BODY,False,False,False,body_contacts.jsonl,
7056,58.8,base_link,BODY,False,False,False,body_contacts.jsonl,
7057,58.80833333333333,base_link,BODY,False,False,False,body_contacts.jsonl,
7058,58.81666666666666,base_link,BODY,False,False,False,body_contacts.jsonl,
7059,58.824999999999996,base_link,BODY,False,False,False,body_contacts.jsonl,
7060,58.833333333333336,base_link,BODY,False,False,False,body_contacts.jsonl,
7061,58.84166666666667,base_link,BODY,False,False,False,body_contacts.jsonl,
7062,58.85,base_link,BODY,False,False,False,body_contacts.jsonl,
7063,58.858333333333334,base_link,BODY,False,False,False,body_contacts.jsonl,
7064,58.86666666666667,base_link,BODY,False,False,False,body_contacts.jsonl,
7065,58.875,base_link,BODY,False,False,False,body_contacts.jsonl,
7066,58.88333333333333,base_link,BODY,False,False,False,body_contacts.jsonl,
7067,58.891666666666666,base_link,BODY,False,False,False,body_contacts.jsonl,
7068,58.9,base_link,BODY,False,False,False,body_contacts.jsonl,
7069,58.90833333333333,base_link,BODY,False,False,False,body_contacts.jsonl,
7070,58.916666666666664,base_link,BODY,False,False,False,body_contacts.jsonl,
7071,58.925,base_link,BODY,False,False,False,body_contacts.jsonl,
7072,58.93333333333333,base_link,BODY,False,False,False,body_contacts.jsonl,
7073,58.94166666666666,base_link,BODY,False,False,False,body_contacts.jsonl,
7074,58.949999999999996,base_link,BODY,False,False,False,body_contacts.jsonl,
7075,58.958333333333336,base_link,BODY,False,False,False,body_contacts.jsonl,
7076,58.96666666666667,base_link,BODY,False,False,False,body_contacts.jsonl,
7077,58.975,base_link,BODY,False,False,False,body_contacts.jsonl,
7078,58.983333333333334,base_link,BODY,False,False,False,body_contacts.jsonl,
7079,58.99166666666667,base_link,BODY,False,False,False,body_contacts.jsonl,
7080,59.0,base_link,BODY,False,False,False,body_contacts.jsonl,
7081,59.00833333333333,base_link,BODY,False,False,False,body_contacts.jsonl,
7082,59.016666666666666,base_link,BODY,False,False,False,body_contacts.jsonl,
7083,59.025,base_link,BODY,False,False,False,body_contacts.jsonl,
7084,59.03333333333333,base_link,BODY,False,False,False,body_contacts.jsonl,
7085,59.041666666666664,base_link,BODY,False,False,False,body_contacts.jsonl,
7086,59.05,base_link,BODY,False,False,False,body_contacts.jsonl,
7087,59.05833333333333,base_link,BODY,False,False,False,body_contacts.jsonl,
7088,59.06666666666666,base_link,BODY,False,False,False,body_contacts.jsonl,
7089,59.074999999999996,base_link,BODY,False,False,False,body_contacts.jsonl,
7090,59.083333333333336,base_link,BODY,False,False,False,body_contacts.jsonl,
7091,59.09166666666667,base_link,BODY,False,False,False,body_contacts.jsonl,
7092,59.1,base_link,BODY,False,False,False,body_contacts.jsonl,
7093,59.108333333333334,base_link,BODY,False,False,False,body_contacts.jsonl,
7094,59.11666666666667,base_link,BODY,False,False,False,body_contacts.jsonl,
7095,59.125,base_link,BODY,False,False,False,body_contacts.jsonl,
7096,59.13333333333333,base_link,BODY,False,False,False,body_contacts.jsonl,
7097,59.141666666666666,base_link,BODY,False,False,False,body_contacts.jsonl,
7098,59.15,base_link,BODY,False,False,False,body_contacts.jsonl,
7099,59.15833333333333,base_link,BODY,False,False,False,body_contacts.jsonl,
7100,59.166666666666664,base_link,BODY,False,False,False,body_contacts.jsonl,
7101,59.175,base_link,BODY,False,False,False,body_contacts.jsonl,
7102,59.18333333333333,base_link,BODY,False,False,False,body_contacts.jsonl,
7103,59.19166666666666,base_link,BODY,False,False,False,body_contacts.jsonl,
7104,59.199999999999996,base_link,BODY,False,False,False,body_contacts.jsonl,
7105,59.208333333333336,base_link,BODY,False,False,False,body_contacts.jsonl,
7106,59.21666666666667,base_link,BODY,False,False,False,body_contacts.jsonl,
7107,59.225,base_link,BODY,False,False,False,body_contacts.jsonl,
7108,59.233333333333334,base_link,BODY,False,False,False,body_contacts.jsonl,
7109,59.24166666666667,base_link,BODY,False,False,False,body_contacts.jsonl,
7110,59.25,base_link,BODY,False,False,False,body_contacts.jsonl,
7111,59.25833333333333,base_link,BODY,False,False,False,body_contacts.jsonl,
7112,59.266666666666666,base_link,BODY,False,False,False,body_contacts.jsonl,
7113,59.275,base_link,BODY,False,False,False,body_contacts.jsonl,
7114,59.28333333333333,base_link,BODY,False,False,False,body_contacts.jsonl,
7115,59.291666666666664,base_link,BODY,False,False,False,body_contacts.jsonl,
7116,59.3,base_link,BODY,False,False,False,body_contacts.jsonl,
7117,59.30833333333333,base_link,BODY,False,False,False,body_contacts.jsonl,
7118,59.31666666666666,base_link,BODY,False,False,False,body_contacts.jsonl,
7119,59.324999999999996,base_link,BODY,False,False,False,body_contacts.jsonl,
7120,59.333333333333336,base_link,BODY,False,False,False,body_contacts.jsonl,
7121,59.34166666666667,base_link,BODY,False,False,False,body_contacts.jsonl,
7122,59.35,base_link,BODY,False,False,False,body_contacts.jsonl,
7123,59.358333333333334,base_link,BODY,False,False,False,body_contacts.jsonl,
7124,59.36666666666667,base_link,BODY,False,False,False,body_contacts.jsonl,
7125,59.375,base_link,BODY,False,False,False,body_contacts.jsonl,
7126,59.38333333333333,base_link,BODY,False,False,False,body_contacts.jsonl,
7127,59.391666666666666,base_link,BODY,False,False,False,body_contacts.jsonl,
7128,59.4,base_link,BODY,False,False,False,body_contacts.jsonl,
7129,59.40833333333333,base_link,BODY,False,False,False,body_contacts.jsonl,
7130,59.416666666666664,base_link,BODY,False,False,False,body_contacts.jsonl,
7131,59.425,base_link,BODY,False,False,False,body_contacts.jsonl,
7132,59.43333333333333,base_link,BODY,False,False,False,body_contacts.jsonl,
7133,59.44166666666666,base_link,BODY,False,False,False,body_contacts.jsonl,
7134,59.449999999999996,base_link,BODY,False,False,False,body_contacts.jsonl,
7135,59.458333333333336,base_link,BODY,False,False,False,body_contacts.jsonl,
7136,59.46666666666667,base_link,BODY,False,False,False,body_contacts.jsonl,
7137,59.475,base_link,BODY,False,False,False,body_contacts.jsonl,
7138,59.483333333333334,base_link,BODY,False,False,False,body_contacts.jsonl,
7139,59.49166666666667,base_link,BODY,False,False,False,body_contacts.jsonl,
7140,59.5,base_link,BODY,False,False,False,body_contacts.jsonl,
7141,59.50833333333333,base_link,BODY,False,False,False,body_contacts.jsonl,
7142,59.516666666666666,base_link,BODY,False,False,False,body_contacts.jsonl,
7143,59.525,base_link,BODY,False,False,False,body_contacts.jsonl,
7144,59.53333333333333,base_link,BODY,False,False,False,body_contacts.jsonl,
7145,59.541666666666664,base_link,BODY,False,False,False,body_contacts.jsonl,
7146,59.55,base_link,BODY,False,False,False,body_contacts.jsonl,
7147,59.55833333333333,base_link,BODY,False,False,False,body_contacts.jsonl,
7148,59.56666666666666,base_link,BODY,False,False,False,body_contacts.jsonl,
7149,59.574999999999996,base_link,BODY,False,False,False,body_contacts.jsonl,
7150,59.583333333333336,base_link,BODY,False,False,False,body_contacts.jsonl,
7151,59.59166666666667,base_link,BODY,False,False,False,body_contacts.jsonl,
7152,59.6,base_link,BODY,False,False,False,body_contacts.jsonl,
7153,59.608333333333334,base_link,BODY,False,False,False,body_contacts.jsonl,
7154,59.61666666666667,base_link,BODY,False,False,False,body_contacts.jsonl,
7155,59.625,base_link,BODY,False,False,False,body_contacts.jsonl,
7156,59.63333333333333,base_link,BODY,False,False,False,body_contacts.jsonl,
7157,59.641666666666666,base_link,BODY,False,False,False,body_contacts.jsonl,
7158,59.65,base_link,BODY,False,False,False,body_contacts.jsonl,
7159,59.65833333333333,base_link,BODY,False,False,False,body_contacts.jsonl,
7160,59.666666666666664,base_link,BODY,False,False,False,body_contacts.jsonl,
7161,59.675,base_link,BODY,False,False,False,body_contacts.jsonl,
7162,59.68333333333333,base_link,BODY,False,False,False,body_contacts.jsonl,
7163,59.69166666666666,base_link,BODY,False,False,False,body_contacts.jsonl,
7164,59.699999999999996,base_link,BODY,False,False,False,body_contacts.jsonl,
7165,59.708333333333336,base_link,BODY,False,False,False,body_contacts.jsonl,
7166,59.71666666666667,base_link,BODY,False,False,False,body_contacts.jsonl,
7167,59.725,base_link,BODY,False,False,False,body_contacts.jsonl,
7168,59.733333333333334,base_link,BODY,False,False,False,body_contacts.jsonl,
7169,59.74166666666667,base_link,BODY,False,False,False,body_contacts.jsonl,
7170,59.75,base_link,BODY,False,False,False,body_contacts.jsonl,
7171,59.75833333333333,base_link,BODY,False,False,False,body_contacts.jsonl,
7172,59.766666666666666,base_link,BODY,False,False,False,body_contacts.jsonl,
7173,59.775,base_link,BODY,False,False,False,body_contacts.jsonl,
7174,59.78333333333333,base_link,BODY,False,False,False,body_contacts.jsonl,
7175,59.791666666666664,base_link,BODY,False,False,False,body_contacts.jsonl,
7176,59.8,base_link,BODY,False,False,False,body_contacts.jsonl,
7177,59.80833333333333,base_link,BODY,False,False,False,body_contacts.jsonl,
7178,59.81666666666666,base_link,BODY,False,False,False,body_contacts.jsonl,
7179,59.824999999999996,base_link,BODY,False,False,False,body_contacts.jsonl,
7180,59.833333333333336,base_link,BODY,False,False,False,body_contacts.jsonl,
7181,59.84166666666667,base_link,BODY,False,False,False,body_contacts.jsonl,
7182,59.85,base_link,BODY,False,False,False,body_contacts.jsonl,
7183,59.858333333333334,base_link,BODY,False,False,False,body_contacts.jsonl,
7184,59.86666666666667,base_link,BODY,False,False,False,body_contacts.jsonl,
7185,59.875,base_link,BODY,False,False,False,body_contacts.jsonl,
7186,59.88333333333333,base_link,BODY,False,False,False,body_contacts.jsonl,
7187,59.891666666666666,base_link,BODY,False,False,False,body_contacts.jsonl,
7188,59.9,base_link,BODY,False,False,False,body_contacts.jsonl,
7189,59.90833333333333,base_link,BODY,False,False,False,body_contacts.jsonl,
7190,59.916666666666664,base_link,BODY,False,False,False,body_contacts.jsonl,
7191,59.925,base_link,BODY,False,False,False,body_contacts.jsonl,
7192,59.93333333333333,base_link,BODY,False,False,False,body_contacts.jsonl,
7193,59.94166666666666,base_link,BODY,False,False,False,body_contacts.jsonl,
7194,59.949999999999996,base_link,BODY,False,False,False,body_contacts.jsonl,
7195,59.958333333333336,base_link,BODY,False,False,False,body_contacts.jsonl,
7196,59.96666666666667,base_link,BODY,False,False,False,body_contacts.jsonl,
7197,59.975,base_link,BODY,False,False,False,body_contacts.jsonl,
7198,59.983333333333334,base_link,BODY,False,False,False,body_contacts.jsonl,
7199,59.99166666666667,base_link,BODY,False,False,False,body_contacts.jsonl,
7200,60.0,base_link,BODY,False,False,False,body_contacts.jsonl,
7201,60.00833333333333,base_link,BODY,False,False,False,body_contacts.jsonl,
7202,60.016666666666666,base_link,BODY,False,False,False,body_contacts.jsonl,
7203,60.025,base_link,BODY,False,False,False,body_contacts.jsonl,
7204,60.03333333333333,base_link,BODY,False,False,False,body_contacts.jsonl,
7205,60.041666666666664,base_link,BODY,False,False,False,body_contacts.jsonl,
7206,60.05,base_link,BODY,False,False,False,body_contacts.jsonl,
7207,60.05833333333333,base_link,BODY,False,False,False,body_contacts.jsonl,
7208,60.06666666666666,base_link,BODY,False,False,False,body_contacts.jsonl,
7209,60.074999999999996,base_link,BODY,False,False,False,body_contacts.jsonl,
7210,60.083333333333336,base_link,BODY,False,False,False,body_contacts.jsonl,
7211,60.09166666666667,base_link,BODY,False,False,False,body_contacts.jsonl,
7212,60.1,base_link,BODY,False,False,False,body_contacts.jsonl,
7213,60.108333333333334,base_link,BODY,False,False,False,body_contacts.jsonl,
7214,60.11666666666667,base_link,BODY,False,False,False,body_contacts.jsonl,
7215,60.125,base_link,BODY,False,False,False,body_contacts.jsonl,
7216,60.13333333333333,base_link,BODY,False,False,False,body_contacts.jsonl,
7217,60.141666666666666,base_link,BODY,False,False,False,body_contacts.jsonl,
7218,60.15,base_link,BODY,False,False,False,body_contacts.jsonl,
7219,60.15833333333333,base_link,BODY,False,False,False,body_contacts.jsonl,
7220,60.166666666666664,base_link,BODY,False,False,False,body_contacts.jsonl,
7221,60.175,base_link,BODY,False,False,False,body_contacts.jsonl,
7222,60.18333333333333,base_link,BODY,False,False,False,body_contacts.jsonl,
7223,60.19166666666666,base_link,BODY,False,False,False,body_contacts.jsonl,
7224,60.199999999999996,base_link,BODY,False,False,False,body_contacts.jsonl,
7225,60.208333333333336,base_link,BODY,False,False,False,body_contacts.jsonl,
7226,60.21666666666667,base_link,BODY,False,False,False,body_contacts.jsonl,
7227,60.225,base_link,BODY,False,False,False,body_contacts.jsonl,
7228,60.233333333333334,base_link,BODY,False,False,False,body_contacts.jsonl,
7229,60.24166666666667,base_link,BODY,False,False,False,body_contacts.jsonl,
7230,60.25,base_link,BODY,False,False,False,body_contacts.jsonl,
7231,60.25833333333333,base_link,BODY,False,False,False,body_contacts.jsonl,
7232,60.266666666666666,base_link,BODY,False,False,False,body_contacts.jsonl,
7233,60.275,base_link,BODY,False,False,False,body_contacts.jsonl,
7234,60.28333333333333,base_link,BODY,False,False,False,body_contacts.jsonl,
7235,60.291666666666664,base_link,BODY,False,False,False,body_contacts.jsonl,
7236,60.3,base_link,BODY,False,False,False,body_contacts.jsonl,
7237,60.30833333333333,base_link,BODY,False,False,False,body_contacts.jsonl,
7238,60.31666666666666,base_link,BODY,False,False,False,body_contacts.jsonl,
7239,60.324999999999996,base_link,BODY,False,False,False,body_contacts.jsonl,
7240,60.333333333333336,base_link,BODY,False,False,False,body_contacts.jsonl,
7241,60.34166666666667,base_link,BODY,False,False,False,body_contacts.jsonl,
7242,60.35,base_link,BODY,False,False,False,body_contacts.jsonl,
7243,60.358333333333334,base_link,BODY,False,False,False,body_contacts.jsonl,
7244,60.36666666666667,base_link,BODY,False,False,False,body_contacts.jsonl,
7245,60.375,base_link,BODY,False,False,False,body_contacts.jsonl,
7246,60.38333333333333,base_link,BODY,False,False,False,body_contacts.jsonl,
7247,60.391666666666666,base_link,BODY,False,False,False,body_contacts.jsonl,
7248,60.4,base_link,BODY,False,False,False,body_contacts.jsonl,
7249,60.40833333333333,base_link,BODY,False,False,False,body_contacts.jsonl,
7250,60.416666666666664,base_link,BODY,False,False,False,body_contacts.jsonl,
7251,60.425,base_link,BODY,False,False,False,body_contacts.jsonl,
7252,60.43333333333333,base_link,BODY,False,False,False,body_contacts.jsonl,
7253,60.44166666666666,base_link,BODY,False,False,False,body_contacts.jsonl,
7254,60.449999999999996,base_link,BODY,False,False,False,body_contacts.jsonl,
7255,60.458333333333336,base_link,BODY,False,False,False,body_contacts.jsonl,
7256,60.46666666666667,base_link,BODY,False,False,False,body_contacts.jsonl,
7257,60.475,base_link,BODY,False,False,False,body_contacts.jsonl,
7258,60.483333333333334,base_link,BODY,False,False,False,body_contacts.jsonl,
7259,60.49166666666667,base_link,BODY,False,False,False,body_contacts.jsonl,
7260,60.5,base_link,BODY,False,False,False,body_contacts.jsonl,
7261,60.50833333333333,base_link,BODY,False,False,False,body_contacts.jsonl,
7262,60.516666666666666,base_link,BODY,False,False,False,body_contacts.jsonl,
7263,60.525,base_link,BODY,False,False,False,body_contacts.jsonl,
7264,60.53333333333333,base_link,BODY,False,False,False,body_contacts.jsonl,
7265,60.541666666666664,base_link,BODY,False,False,False,body_contacts.jsonl,
7266,60.55,base_link,BODY,False,False,False,body_contacts.jsonl,
7267,60.55833333333333,base_link,BODY,False,False,False,body_contacts.jsonl,
7268,60.56666666666666,base_link,BODY,False,False,False,body_contacts.jsonl,
7269,60.574999999999996,base_link,BODY,False,False,False,body_contacts.jsonl,
7270,60.583333333333336,base_link,BODY,False,False,False,body_contacts.jsonl,
7271,60.59166666666667,base_link,BODY,False,False,False,body_contacts.jsonl,
7272,60.6,base_link,BODY,False,False,False,body_contacts.jsonl,
7273,60.608333333333334,base_link,BODY,False,False,False,body_contacts.jsonl,
7274,60.61666666666667,base_link,BODY,False,False,False,body_contacts.jsonl,
7275,60.625,base_link,BODY,False,False,False,body_contacts.jsonl,
7276,60.63333333333333,base_link,BODY,False,False,False,body_contacts.jsonl,
7277,60.641666666666666,base_link,BODY,False,False,False,body_contacts.jsonl,
7278,60.65,base_link,BODY,False,False,False,body_contacts.jsonl,
7279,60.65833333333333,base_link,BODY,False,False,False,body_contacts.jsonl,
7280,60.666666666666664,base_link,BODY,False,False,False,body_contacts.jsonl,
7281,60.675,base_link,BODY,False,False,False,body_contacts.jsonl,
7282,60.68333333333333,base_link,BODY,False,False,False,body_contacts.jsonl,
7283,60.69166666666666,base_link,BODY,False,False,False,body_contacts.jsonl,
7284,60.699999999999996,base_link,BODY,False,False,False,body_contacts.jsonl,
7285,60.708333333333336,base_link,BODY,False,False,False,body_contacts.jsonl,
7286,60.71666666666667,base_link,BODY,False,False,False,body_contacts.jsonl,
7287,60.725,base_link,BODY,False,False,False,body_contacts.jsonl,
7288,60.733333333333334,base_link,BODY,False,False,False,body_contacts.jsonl,
7289,60.74166666666667,base_link,BODY,False,False,False,body_contacts.jsonl,
7290,60.75,base_link,BODY,False,False,False,body_contacts.jsonl,
7291,60.75833333333333,base_link,BODY,False,False,False,body_contacts.jsonl,
7292,60.766666666666666,base_link,BODY,False,False,False,body_contacts.jsonl,
7293,60.775,base_link,BODY,False,False,False,body_contacts.jsonl,
7294,60.78333333333333,base_link,BODY,False,False,False,body_contacts.jsonl,
7295,60.791666666666664,base_link,BODY,False,False,False,body_contacts.jsonl,
7296,60.8,base_link,BODY,False,False,False,body_contacts.jsonl,
7297,60.80833333333333,base_link,BODY,False,False,False,body_contacts.jsonl,
7298,60.81666666666666,base_link,BODY,False,False,False,body_contacts.jsonl,
7299,60.824999999999996,base_link,BODY,False,False,False,body_contacts.jsonl,
7300,60.833333333333336,base_link,BODY,False,False,False,body_contacts.jsonl,
7301,60.84166666666667,base_link,BODY,False,False,False,body_contacts.jsonl,
7302,60.85,base_link,BODY,False,False,False,body_contacts.jsonl,
7303,60.858333333333334,base_link,BODY,False,False,False,body_contacts.jsonl,
7304,60.86666666666667,base_link,BODY,False,False,False,body_contacts.jsonl,
7305,60.875,base_link,BODY,False,False,False,body_contacts.jsonl,
7306,60.88333333333333,base_link,BODY,False,False,False,body_contacts.jsonl,
7307,60.891666666666666,base_link,BODY,False,False,False,body_contacts.jsonl,
7308,60.9,base_link,BODY,False,False,False,body_contacts.jsonl,
7309,60.90833333333333,base_link,BODY,False,False,False,body_contacts.jsonl,
7310,60.916666666666664,base_link,BODY,False,False,False,body_contacts.jsonl,
7311,60.925,base_link,BODY,False,False,False,body_contacts.jsonl,
7312,60.93333333333333,base_link,BODY,False,False,False,body_contacts.jsonl,
7313,60.94166666666666,base_link,BODY,False,False,False,body_contacts.jsonl,
7314,60.949999999999996,base_link,BODY,False,False,False,body_contacts.jsonl,
7315,60.958333333333336,base_link,BODY,False,False,False,body_contacts.jsonl,
7316,60.96666666666667,base_link,BODY,False,False,False,body_contacts.jsonl,
7317,60.975,base_link,BODY,False,False,False,body_contacts.jsonl,
7318,60.983333333333334,base_link,BODY,False,False,False,body_contacts.jsonl,
7319,60.99166666666667,base_link,BODY,False,False,False,body_contacts.jsonl,
7320,61.0,base_link,BODY,False,False,False,body_contacts.jsonl,
7321,61.00833333333333,base_link,BODY,False,False,False,body_contacts.jsonl,
7322,61.016666666666666,base_link,BODY,False,False,False,body_contacts.jsonl,
7323,61.025,base_link,BODY,False,False,False,body_contacts.jsonl,
7324,61.03333333333333,base_link,BODY,False,False,False,body_contacts.jsonl,
7325,61.041666666666664,base_link,BODY,False,False,False,body_contacts.jsonl,
7326,61.05,base_link,BODY,False,False,False,body_contacts.jsonl,
7327,61.05833333333333,base_link,BODY,False,False,False,body_contacts.jsonl,
7328,61.06666666666666,base_link,BODY,False,False,False,body_contacts.jsonl,
7329,61.074999999999996,base_link,BODY,False,False,False,body_contacts.jsonl,
7330,61.083333333333336,base_link,BODY,False,False,False,body_contacts.jsonl,
7331,61.09166666666667,base_link,BODY,False,False,False,body_contacts.jsonl,
7332,61.1,base_link,BODY,False,False,False,body_contacts.jsonl,
7333,61.108333333333334,base_link,BODY,False,False,False,body_contacts.jsonl,
7334,61.11666666666667,base_link,BODY,False,False,False,body_contacts.jsonl,
7335,61.125,base_link,BODY,False,False,False,body_contacts.jsonl,
7336,61.13333333333333,base_link,BODY,False,False,False,body_contacts.jsonl,
7337,61.141666666666666,base_link,BODY,False,False,False,body_contacts.jsonl,
7338,61.15,base_link,BODY,False,False,False,body_contacts.jsonl,
7339,61.15833333333333,base_link,BODY,False,False,False,body_contacts.jsonl,
7340,61.166666666666664,base_link,BODY,False,False,False,body_contacts.jsonl,
7341,61.175,base_link,BODY,False,False,False,body_contacts.jsonl,
7342,61.18333333333333,base_link,BODY,False,False,False,body_contacts.jsonl,
7343,61.19166666666666,base_link,BODY,False,False,False,body_contacts.jsonl,
7344,61.199999999999996,base_link,BODY,False,False,False,body_contacts.jsonl,
7345,61.208333333333336,base_link,BODY,False,False,False,body_contacts.jsonl,
7346,61.21666666666667,base_link,BODY,False,False,False,body_contacts.jsonl,
7347,61.225,base_link,BODY,False,False,False,body_contacts.jsonl,
7348,61.233333333333334,base_link,BODY,False,False,False,body_contacts.jsonl,
7349,61.24166666666667,base_link,BODY,False,False,False,body_contacts.jsonl,
7350,61.25,base_link,BODY,False,False,False,body_contacts.jsonl,
7351,61.25833333333333,base_link,BODY,False,False,False,body_contacts.jsonl,
7352,61.266666666666666,base_link,BODY,False,False,False,body_contacts.jsonl,
7353,61.275,base_link,BODY,False,False,False,body_contacts.jsonl,
7354,61.28333333333333,base_link,BODY,False,False,False,body_contacts.jsonl,
7355,61.291666666666664,base_link,BODY,False,False,False,body_contacts.jsonl,
7356,61.3,base_link,BODY,False,False,False,body_contacts.jsonl,
7357,61.30833333333333,base_link,BODY,False,False,False,body_contacts.jsonl,
7358,61.31666666666666,base_link,BODY,False,False,False,body_contacts.jsonl,
7359,61.324999999999996,base_link,BODY,False,False,False,body_contacts.jsonl,
7360,61.333333333333336,base_link,BODY,False,False,False,body_contacts.jsonl,
7361,61.34166666666667,base_link,BODY,False,False,False,body_contacts.jsonl,
7362,61.35,base_link,BODY,False,False,False,body_contacts.jsonl,
7363,61.358333333333334,base_link,BODY,False,False,False,body_contacts.jsonl,
7364,61.36666666666667,base_link,BODY,False,False,False,body_contacts.jsonl,
7365,61.375,base_link,BODY,False,False,False,body_contacts.jsonl,
7366,61.38333333333333,base_link,BODY,False,False,False,body_contacts.jsonl,
7367,61.391666666666666,base_link,BODY,False,False,False,body_contacts.jsonl,
7368,61.4,base_link,BODY,False,False,False,body_contacts.jsonl,
7369,61.40833333333333,base_link,BODY,False,False,False,body_contacts.jsonl,
7370,61.416666666666664,base_link,BODY,False,False,False,body_contacts.jsonl,
7371,61.425,base_link,BODY,False,False,False,body_contacts.jsonl,
7372,61.43333333333333,base_link,BODY,False,False,False,body_contacts.jsonl,
7373,61.44166666666666,base_link,BODY,False,False,False,body_contacts.jsonl,
7374,61.449999999999996,base_link,BODY,False,False,False,body_contacts.jsonl,
7375,61.458333333333336,base_link,BODY,False,False,False,body_contacts.jsonl,
7376,61.46666666666667,base_link,BODY,False,False,False,body_contacts.jsonl,
7377,61.475,base_link,BODY,False,False,False,body_contacts.jsonl,
7378,61.483333333333334,base_link,BODY,False,False,False,body_contacts.jsonl,
7379,61.49166666666667,base_link,BODY,False,False,False,body_contacts.jsonl,
7380,61.5,base_link,BODY,False,False,False,body_contacts.jsonl,
7381,61.50833333333333,base_link,BODY,False,False,False,body_contacts.jsonl,
7382,61.516666666666666,base_link,BODY,False,False,False,body_contacts.jsonl,
7383,61.525,base_link,BODY,False,False,False,body_contacts.jsonl,
7384,61.53333333333333,base_link,BODY,False,False,False,body_contacts.jsonl,
7385,61.541666666666664,base_link,BODY,False,False,False,body_contacts.jsonl,
7386,61.55,base_link,BODY,False,False,False,body_contacts.jsonl,
7387,61.55833333333333,base_link,BODY,False,False,False,body_contacts.jsonl,
7388,61.56666666666666,base_link,BODY,False,False,False,body_contacts.jsonl,
7389,61.574999999999996,base_link,BODY,False,False,False,body_contacts.jsonl,
7390,61.583333333333336,base_link,BODY,False,False,False,body_contacts.jsonl,
7391,61.59166666666667,base_link,BODY,False,False,False,body_contacts.jsonl,
7392,61.6,base_link,BODY,False,False,False,body_contacts.jsonl,
7393,61.608333333333334,base_link,BODY,False,False,False,body_contacts.jsonl,
7394,61.61666666666667,base_link,BODY,False,False,False,body_contacts.jsonl,
7395,61.625,base_link,BODY,False,False,False,body_contacts.jsonl,
7396,61.63333333333333,base_link,BODY,False,False,False,body_contacts.jsonl,
7397,61.641666666666666,base_link,BODY,False,False,False,body_contacts.jsonl,
7398,61.65,base_link,BODY,False,False,False,body_contacts.jsonl,
7399,61.65833333333333,base_link,BODY,False,False,False,body_contacts.jsonl,
7400,61.666666666666664,base_link,BODY,False,False,False,body_contacts.jsonl,
7401,61.675,base_link,BODY,False,False,False,body_contacts.jsonl,
7402,61.68333333333333,base_link,BODY,False,False,False,body_contacts.jsonl,
7403,61.69166666666666,base_link,BODY,False,False,False,body_contacts.jsonl,
7404,61.699999999999996,base_link,BODY,False,False,False,body_contacts.jsonl,
7405,61.708333333333336,base_link,BODY,False,False,False,body_contacts.jsonl,
7406,61.71666666666667,base_link,BODY,False,False,False,body_contacts.jsonl,
7407,61.725,base_link,BODY,False,False,False,body_contacts.jsonl,
7408,61.733333333333334,base_link,BODY,False,False,False,body_contacts.jsonl,
7409,61.74166666666667,base_link,BODY,False,False,False,body_contacts.jsonl,
7410,61.75,base_link,BODY,False,False,False,body_contacts.jsonl,
7411,61.75833333333333,base_link,BODY,False,False,False,body_contacts.jsonl,
7412,61.766666666666666,base_link,BODY,False,False,False,body_contacts.jsonl,
7413,61.775,base_link,BODY,False,False,False,body_contacts.jsonl,
7414,61.78333333333333,base_link,BODY,False,False,False,body_contacts.jsonl,
7415,61.791666666666664,base_link,BODY,False,False,False,body_contacts.jsonl,
7416,61.8,base_link,BODY,False,False,False,body_contacts.jsonl,
7417,61.80833333333333,base_link,BODY,False,False,False,body_contacts.jsonl,
7418,61.81666666666666,base_link,BODY,False,False,False,body_contacts.jsonl,
7419,61.824999999999996,base_link,BODY,False,False,False,body_contacts.jsonl,
7420,61.833333333333336,base_link,BODY,False,False,False,body_contacts.jsonl,
7421,61.84166666666667,base_link,BODY,False,False,False,body_contacts.jsonl,
7422,61.85,base_link,BODY,False,False,False,body_contacts.jsonl,
7423,61.858333333333334,base_link,BODY,False,False,False,body_contacts.jsonl,
7424,61.86666666666667,base_link,BODY,False,False,False,body_contacts.jsonl,
7425,61.875,base_link,BODY,False,False,False,body_contacts.jsonl,
7426,61.88333333333333,base_link,BODY,False,False,False,body_contacts.jsonl,
7427,61.891666666666666,base_link,BODY,False,False,False,body_contacts.jsonl,
7428,61.9,base_link,BODY,False,False,False,body_contacts.jsonl,
7429,61.90833333333333,base_link,BODY,False,False,False,body_contacts.jsonl,
7430,61.916666666666664,base_link,BODY,False,False,False,body_contacts.jsonl,
7431,61.925,base_link,BODY,False,False,False,body_contacts.jsonl,
7432,61.93333333333333,base_link,BODY,False,False,False,body_contacts.jsonl,
7433,61.94166666666666,base_link,BODY,False,False,False,body_contacts.jsonl,
7434,61.949999999999996,base_link,BODY,False,False,False,body_contacts.jsonl,
7435,61.958333333333336,base_link,BODY,False,False,False,body_contacts.jsonl,
7436,61.96666666666667,base_link,BODY,False,False,False,body_contacts.jsonl,
7437,61.975,base_link,BODY,False,False,False,body_contacts.jsonl,
7438,61.983333333333334,base_link,BODY,False,False,False,body_contacts.jsonl,
7439,61.99166666666667,base_link,BODY,False,False,False,body_contacts.jsonl,
7440,62.0,base_link,BODY,False,False,False,body_contacts.jsonl,
7441,62.00833333333333,base_link,BODY,False,False,False,body_contacts.jsonl,
7442,62.016666666666666,base_link,BODY,False,False,False,body_contacts.jsonl,
7443,62.025,base_link,BODY,False,False,False,body_contacts.jsonl,
7444,62.03333333333333,base_link,BODY,False,False,False,body_contacts.jsonl,
7445,62.041666666666664,base_link,BODY,False,False,False,body_contacts.jsonl,
7446,62.05,base_link,BODY,False,False,False,body_contacts.jsonl,
7447,62.05833333333333,base_link,BODY,False,False,False,body_contacts.jsonl,
7448,62.06666666666666,base_link,BODY,False,False,False,body_contacts.jsonl,
7449,62.074999999999996,base_link,BODY,False,False,False,body_contacts.jsonl,
7450,62.083333333333336,base_link,BODY,False,False,False,body_contacts.jsonl,
7451,62.09166666666667,base_link,BODY,False,False,False,body_contacts.jsonl,
7452,62.1,base_link,BODY,False,False,False,body_contacts.jsonl,
7453,62.108333333333334,base_link,BODY,False,False,False,body_contacts.jsonl,
7454,62.11666666666667,base_link,BODY,False,False,False,body_contacts.jsonl,
7455,62.125,base_link,BODY,False,False,False,body_contacts.jsonl,
7456,62.13333333333333,base_link,BODY,False,False,False,body_contacts.jsonl,
7457,62.141666666666666,base_link,BODY,False,False,False,body_contacts.jsonl,
7458,62.15,base_link,BODY,False,False,False,body_contacts.jsonl,
7459,62.15833333333333,base_link,BODY,False,False,False,body_contacts.jsonl,
7460,62.166666666666664,base_link,BODY,False,False,False,body_contacts.jsonl,
7461,62.175,base_link,BODY,False,False,False,body_contacts.jsonl,
7462,62.18333333333333,base_link,BODY,False,False,False,body_contacts.jsonl,
7463,62.19166666666666,base_link,BODY,False,False,False,body_contacts.jsonl,
7464,62.199999999999996,base_link,BODY,False,False,False,body_contacts.jsonl,
7465,62.208333333333336,base_link,BODY,False,False,False,body_contacts.jsonl,
7466,62.21666666666667,base_link,BODY,False,False,False,body_contacts.jsonl,
7467,62.225,base_link,BODY,False,False,False,body_contacts.jsonl,
7468,62.233333333333334,base_link,BODY,False,False,False,body_contacts.jsonl,
7469,62.24166666666667,base_link,BODY,False,False,False,body_contacts.jsonl,
7470,62.25,base_link,BODY,False,False,False,body_contacts.jsonl,
7471,62.25833333333333,base_link,BODY,False,False,False,body_contacts.jsonl,
7472,62.266666666666666,base_link,BODY,False,False,False,body_contacts.jsonl,
7473,62.275,base_link,BODY,False,False,False,body_contacts.jsonl,
7474,62.28333333333333,base_link,BODY,False,False,False,body_contacts.jsonl,
7475,62.291666666666664,base_link,BODY,False,False,False,body_contacts.jsonl,
7476,62.3,base_link,BODY,False,False,False,body_contacts.jsonl,
7477,62.30833333333333,base_link,BODY,False,False,False,body_contacts.jsonl,
7478,62.31666666666666,base_link,BODY,False,False,False,body_contacts.jsonl,
7479,62.324999999999996,base_link,BODY,False,False,False,body_contacts.jsonl,
7480,62.333333333333336,base_link,BODY,False,False,False,body_contacts.jsonl,
7481,62.34166666666667,base_link,BODY,False,False,False,body_contacts.jsonl,
7482,62.35,base_link,BODY,False,False,False,body_contacts.jsonl,
7483,62.358333333333334,base_link,BODY,False,False,False,body_contacts.jsonl,
7484,62.36666666666667,base_link,BODY,False,False,False,body_contacts.jsonl,
7485,62.375,base_link,BODY,False,False,False,body_contacts.jsonl,
7486,62.38333333333333,base_link,BODY,False,False,False,body_contacts.jsonl,
7487,62.391666666666666,base_link,BODY,False,False,False,body_contacts.jsonl,
7488,62.4,base_link,BODY,False,False,False,body_contacts.jsonl,
7489,62.40833333333333,base_link,BODY,False,False,False,body_contacts.jsonl,
7490,62.416666666666664,base_link,BODY,False,False,False,body_contacts.jsonl,
7491,62.425,base_link,BODY,False,False,False,body_contacts.jsonl,
7492,62.43333333333333,base_link,BODY,False,False,False,body_contacts.jsonl,
7493,62.44166666666666,base_link,BODY,False,False,False,body_contacts.jsonl,
7494,62.449999999999996,base_link,BODY,False,False,False,body_contacts.jsonl,
7495,62.458333333333336,base_link,BODY,False,False,False,body_contacts.jsonl,
7496,62.46666666666667,base_link,BODY,False,False,False,body_contacts.jsonl,
7497,62.475,base_link,BODY,False,False,False,body_contacts.jsonl,
7498,62.483333333333334,base_link,BODY,False,False,False,body_contacts.jsonl,
7499,62.49166666666667,base_link,BODY,False,False,False,body_contacts.jsonl,
7500,62.5,base_link,BODY,False,False,False,body_contacts.jsonl,
7501,62.50833333333333,base_link,BODY,False,False,False,body_contacts.jsonl,
7502,62.516666666666666,base_link,BODY,False,False,False,body_contacts.jsonl,
7503,62.525,base_link,BODY,False,False,False,body_contacts.jsonl,
7504,62.53333333333333,base_link,BODY,False,False,False,body_contacts.jsonl,
7505,62.541666666666664,base_link,BODY,False,False,False,body_contacts.jsonl,
7506,62.55,base_link,BODY,False,False,False,body_contacts.jsonl,
7507,62.55833333333333,base_link,BODY,False,False,False,body_contacts.jsonl,
7508,62.56666666666666,base_link,BODY,False,False,False,body_contacts.jsonl,
7509,62.574999999999996,base_link,BODY,False,False,False,body_contacts.jsonl,
7510,62.583333333333336,base_link,BODY,False,False,False,body_contacts.jsonl,
7511,62.59166666666667,base_link,BODY,False,False,False,body_contacts.jsonl,
7512,62.6,base_link,BODY,False,False,False,body_contacts.jsonl,
7513,62.608333333333334,base_link,BODY,False,False,False,body_contacts.jsonl,
7514,62.61666666666667,base_link,BODY,False,False,False,body_contacts.jsonl,
7515,62.625,base_link,BODY,False,False,False,body_contacts.jsonl,
7516,62.63333333333333,base_link,BODY,False,False,False,body_contacts.jsonl,
7517,62.641666666666666,base_link,BODY,False,False,False,body_contacts.jsonl,
7518,62.65,base_link,BODY,False,False,False,body_contacts.jsonl,
7519,62.65833333333333,base_link,BODY,False,False,False,body_contacts.jsonl,
7520,62.666666666666664,base_link,BODY,False,False,False,body_contacts.jsonl,
7521,62.675,base_link,BODY,False,False,False,body_contacts.jsonl,
7522,62.68333333333333,base_link,BODY,False,False,False,body_contacts.jsonl,
7523,62.69166666666666,base_link,BODY,False,False,False,body_contacts.jsonl,
7524,62.699999999999996,base_link,BODY,False,False,False,body_contacts.jsonl,
7525,62.708333333333336,base_link,BODY,False,False,False,body_contacts.jsonl,
7526,62.71666666666667,base_link,BODY,False,False,False,body_contacts.jsonl,
7527,62.725,base_link,BODY,False,False,False,body_contacts.jsonl,
7528,62.733333333333334,base_link,BODY,False,False,False,body_contacts.jsonl,
7529,62.74166666666667,base_link,BODY,False,False,False,body_contacts.jsonl,
7530,62.75,base_link,BODY,False,False,False,body_contacts.jsonl,
7531,62.75833333333333,base_link,BODY,False,False,False,body_contacts.jsonl,
7532,62.766666666666666,base_link,BODY,False,False,False,body_contacts.jsonl,
7533,62.775,base_link,BODY,False,False,False,body_contacts.jsonl,
7534,62.78333333333333,base_link,BODY,False,False,False,body_contacts.jsonl,
7535,62.791666666666664,base_link,BODY,False,False,False,body_contacts.jsonl,
7536,62.8,base_link,BODY,False,False,False,body_contacts.jsonl,
7537,62.80833333333333,base_link,BODY,False,False,False,body_contacts.jsonl,
7538,62.81666666666666,base_link,BODY,False,False,False,body_contacts.jsonl,
7539,62.824999999999996,base_link,BODY,False,False,False,body_contacts.jsonl,
7540,62.833333333333336,base_link,BODY,False,False,False,body_contacts.jsonl,
7541,62.84166666666667,base_link,BODY,False,False,False,body_contacts.jsonl,
7542,62.85,base_link,BODY,False,False,False,body_contacts.jsonl,
7543,62.858333333333334,base_link,BODY,False,False,False,body_contacts.jsonl,
7544,62.86666666666667,base_link,BODY,False,False,False,body_contacts.jsonl,
7545,62.875,base_link,BODY,False,False,False,body_contacts.jsonl,
7546,62.88333333333333,base_link,BODY,False,False,False,body_contacts.jsonl,
7547,62.891666666666666,base_link,BODY,False,False,False,body_contacts.jsonl,
7548,62.9,base_link,BODY,False,False,False,body_contacts.jsonl,
7549,62.90833333333333,base_link,BODY,False,False,False,body_contacts.jsonl,
7550,62.916666666666664,base_link,BODY,False,False,False,body_contacts.jsonl,
7551,62.925,base_link,BODY,False,False,False,body_contacts.jsonl,
7552,62.93333333333333,base_link,BODY,False,False,False,body_contacts.jsonl,
7553,62.94166666666666,base_link,BODY,False,False,False,body_contacts.jsonl,
7554,62.949999999999996,base_link,BODY,False,False,False,body_contacts.jsonl,
7555,62.958333333333336,base_link,BODY,False,False,False,body_contacts.jsonl,
7556,62.96666666666667,base_link,BODY,False,False,False,body_contacts.jsonl,
7557,62.975,base_link,BODY,False,False,False,body_contacts.jsonl,
7558,62.983333333333334,base_link,BODY,False,False,False,body_contacts.jsonl,
7559,62.99166666666667,base_link,BODY,False,False,False,body_contacts.jsonl,
7560,63.0,base_link,BODY,False,False,False,body_contacts.jsonl,
7561,63.00833333333333,base_link,BODY,False,False,False,body_contacts.jsonl,
7562,63.016666666666666,base_link,BODY,False,False,False,body_contacts.jsonl,
7563,63.025,base_link,BODY,False,False,False,body_contacts.jsonl,
7564,63.03333333333333,base_link,BODY,False,False,False,body_contacts.jsonl,
7565,63.041666666666664,base_link,BODY,False,False,False,body_contacts.jsonl,
7566,63.05,base_link,BODY,False,False,False,body_contacts.jsonl,
7567,63.05833333333333,base_link,BODY,False,False,False,body_contacts.jsonl,
7568,63.06666666666666,base_link,BODY,False,False,False,body_contacts.jsonl,
7569,63.074999999999996,base_link,BODY,False,False,False,body_contacts.jsonl,
7570,63.083333333333336,base_link,BODY,False,False,False,body_contacts.jsonl,
7571,63.09166666666667,base_link,BODY,False,False,False,body_contacts.jsonl,
7572,63.1,base_link,BODY,False,False,False,body_contacts.jsonl,
7573,63.108333333333334,base_link,BODY,False,False,False,body_contacts.jsonl,
7574,63.11666666666667,base_link,BODY,False,False,False,body_contacts.jsonl,
7575,63.125,base_link,BODY,False,False,False,body_contacts.jsonl,
7576,63.13333333333333,base_link,BODY,False,False,False,body_contacts.jsonl,
7577,63.141666666666666,base_link,BODY,False,False,False,body_contacts.jsonl,
7578,63.15,base_link,BODY,False,False,False,body_contacts.jsonl,
7579,63.15833333333333,base_link,BODY,False,False,False,body_contacts.jsonl,
7580,63.166666666666664,base_link,BODY,False,False,False,body_contacts.jsonl,
7581,63.175,base_link,BODY,False,False,False,body_contacts.jsonl,
7582,63.18333333333333,base_link,BODY,False,False,False,body_contacts.jsonl,
7583,63.19166666666666,base_link,BODY,False,False,False,body_contacts.jsonl,
7584,63.199999999999996,base_link,BODY,False,False,False,body_contacts.jsonl,
7585,63.208333333333336,base_link,BODY,False,False,False,body_contacts.jsonl,
7586,63.21666666666667,base_link,BODY,False,False,False,body_contacts.jsonl,
7587,63.225,base_link,BODY,False,False,False,body_contacts.jsonl,
7588,63.233333333333334,base_link,BODY,False,False,False,body_contacts.jsonl,
7589,63.24166666666667,base_link,BODY,False,False,False,body_contacts.jsonl,
7590,63.25,base_link,BODY,False,False,False,body_contacts.jsonl,
7591,63.25833333333333,base_link,BODY,False,False,False,body_contacts.jsonl,
7592,63.266666666666666,base_link,BODY,False,False,False,body_contacts.jsonl,
7593,63.275,base_link,BODY,False,False,False,body_contacts.jsonl,
7594,63.28333333333333,base_link,BODY,False,False,False,body_contacts.jsonl,
7595,63.291666666666664,base_link,BODY,False,False,False,body_contacts.jsonl,
7596,63.3,base_link,BODY,False,False,False,body_contacts.jsonl,
7597,63.30833333333333,base_link,BODY,False,False,False,body_contacts.jsonl,
7598,63.31666666666666,base_link,BODY,False,False,False,body_contacts.jsonl,
7599,63.324999999999996,base_link,BODY,False,False,False,body_contacts.jsonl,
7600,63.333333333333336,base_link,BODY,False,False,False,body_contacts.jsonl,
7601,63.34166666666667,base_link,BODY,False,False,False,body_contacts.jsonl,
7602,63.35,base_link,BODY,False,False,False,body_contacts.jsonl,
7603,63.358333333333334,base_link,BODY,False,False,False,body_contacts.jsonl,
7604,63.36666666666667,base_link,BODY,False,False,False,body_contacts.jsonl,
7605,63.375,base_link,BODY,False,False,False,body_contacts.jsonl,
7606,63.38333333333333,base_link,BODY,False,False,False,body_contacts.jsonl,
7607,63.391666666666666,base_link,BODY,False,False,False,body_contacts.jsonl,
7608,63.4,base_link,BODY,False,False,False,body_contacts.jsonl,
7609,63.40833333333333,base_link,BODY,False,False,False,body_contacts.jsonl,
7610,63.416666666666664,base_link,BODY,False,False,False,body_contacts.jsonl,
7611,63.425,base_link,BODY,False,False,False,body_contacts.jsonl,
7612,63.43333333333333,base_link,BODY,False,False,False,body_contacts.jsonl,
7613,63.44166666666666,base_link,BODY,False,False,False,body_contacts.jsonl,
7614,63.449999999999996,base_link,BODY,False,False,False,body_contacts.jsonl,
7615,63.458333333333336,base_link,BODY,False,False,False,body_contacts.jsonl,
7616,63.46666666666667,base_link,BODY,False,False,False,body_contacts.jsonl,
7617,63.475,base_link,BODY,False,False,False,body_contacts.jsonl,
7618,63.483333333333334,base_link,BODY,False,False,False,body_contacts.jsonl,
7619,63.49166666666667,base_link,BODY,False,False,False,body_contacts.jsonl,
7620,63.5,base_link,BODY,False,False,False,body_contacts.jsonl,
7621,63.50833333333333,base_link,BODY,False,False,False,body_contacts.jsonl,
7622,63.516666666666666,base_link,BODY,False,False,False,body_contacts.jsonl,
7623,63.525,base_link,BODY,False,False,False,body_contacts.jsonl,
7624,63.53333333333333,base_link,BODY,False,False,False,body_contacts.jsonl,
7625,63.541666666666664,base_link,BODY,False,False,False,body_contacts.jsonl,
7626,63.55,base_link,BODY,False,False,False,body_contacts.jsonl,
7627,63.55833333333333,base_link,BODY,False,False,False,body_contacts.jsonl,
7628,63.56666666666666,base_link,BODY,False,False,False,body_contacts.jsonl,
7629,63.574999999999996,base_link,BODY,False,False,False,body_contacts.jsonl,
7630,63.583333333333336,base_link,BODY,False,False,False,body_contacts.jsonl,
7631,63.59166666666667,base_link,BODY,False,False,False,body_contacts.jsonl,
7632,63.6,base_link,BODY,False,False,False,body_contacts.jsonl,
7633,63.608333333333334,base_link,BODY,False,False,False,body_contacts.jsonl,
7634,63.61666666666667,base_link,BODY,False,False,False,body_contacts.jsonl,
7635,63.625,base_link,BODY,False,False,False,body_contacts.jsonl,
7636,63.63333333333333,base_link,BODY,False,False,False,body_contacts.jsonl,
7637,63.641666666666666,base_link,BODY,False,False,False,body_contacts.jsonl,
7638,63.65,base_link,BODY,False,False,False,body_contacts.jsonl,
7639,63.65833333333333,base_link,BODY,False,False,False,body_contacts.jsonl,
7640,63.666666666666664,base_link,BODY,False,False,False,body_contacts.jsonl,
7641,63.675,base_link,BODY,False,False,False,body_contacts.jsonl,
7642,63.68333333333333,base_link,BODY,False,False,False,body_contacts.jsonl,
7643,63.69166666666666,base_link,BODY,False,False,False,body_contacts.jsonl,
7644,63.699999999999996,base_link,BODY,False,False,False,body_contacts.jsonl,
7645,63.708333333333336,base_link,BODY,False,False,False,body_contacts.jsonl,
7646,63.71666666666667,base_link,BODY,False,False,False,body_contacts.jsonl,
7647,63.725,base_link,BODY,False,False,False,body_contacts.jsonl,
7648,63.733333333333334,base_link,BODY,False,False,False,body_contacts.jsonl,
7649,63.74166666666667,base_link,BODY,False,False,False,body_contacts.jsonl,
7650,63.75,base_link,BODY,False,False,False,body_contacts.jsonl,
7651,63.75833333333333,base_link,BODY,False,False,False,body_contacts.jsonl,
7652,63.766666666666666,base_link,BODY,False,False,False,body_contacts.jsonl,
7653,63.775,base_link,BODY,False,False,False,body_contacts.jsonl,
7654,63.78333333333333,base_link,BODY,False,False,False,body_contacts.jsonl,
7655,63.791666666666664,base_link,BODY,False,False,False,body_contacts.jsonl,
7656,63.8,base_link,BODY,False,False,False,body_contacts.jsonl,
7657,63.80833333333333,base_link,BODY,False,False,False,body_contacts.jsonl,
7658,63.81666666666666,base_link,BODY,False,False,False,body_contacts.jsonl,
7659,63.824999999999996,base_link,BODY,False,False,False,body_contacts.jsonl,
7660,63.833333333333336,base_link,BODY,False,False,False,body_contacts.jsonl,
7661,63.84166666666667,base_link,BODY,False,False,False,body_contacts.jsonl,
7662,63.85,base_link,BODY,False,False,False,body_contacts.jsonl,
7663,63.858333333333334,base_link,BODY,False,False,False,body_contacts.jsonl,
7664,63.86666666666667,base_link,BODY,False,False,False,body_contacts.jsonl,
7665,63.875,base_link,BODY,False,False,False,body_contacts.jsonl,
7666,63.88333333333333,base_link,BODY,False,False,False,body_contacts.jsonl,
7667,63.891666666666666,base_link,BODY,False,False,False,body_contacts.jsonl,
7668,63.9,base_link,BODY,False,False,False,body_contacts.jsonl,
7669,63.90833333333333,base_link,BODY,False,False,False,body_contacts.jsonl,
7670,63.916666666666664,base_link,BODY,False,False,False,body_contacts.jsonl,
7671,63.925,base_link,BODY,False,False,False,body_contacts.jsonl,
7672,63.93333333333333,base_link,BODY,False,False,False,body_contacts.jsonl,
7673,63.94166666666666,base_link,BODY,False,False,False,body_contacts.jsonl,
7674,63.949999999999996,base_link,BODY,False,False,False,body_contacts.jsonl,
7675,63.958333333333336,base_link,BODY,False,False,False,body_contacts.jsonl,
7676,63.96666666666667,base_link,BODY,False,False,False,body_contacts.jsonl,
7677,63.975,base_link,BODY,False,False,False,body_contacts.jsonl,
7678,63.983333333333334,base_link,BODY,False,False,False,body_contacts.jsonl,
7679,63.99166666666667,base_link,BODY,False,False,False,body_contacts.jsonl,
7680,64.0,base_link,BODY,False,False,False,body_contacts.jsonl,
7681,64.00833333333333,base_link,BODY,False,False,False,body_contacts.jsonl,
7682,64.01666666666667,base_link,BODY,False,False,False,body_contacts.jsonl,
7683,64.025,base_link,BODY,False,False,False,body_contacts.jsonl,
7684,64.03333333333333,base_link,BODY,False,False,False,body_contacts.jsonl,
7685,64.04166666666667,base_link,BODY,False,False,False,body_contacts.jsonl,
7686,64.05,base_link,BODY,False,False,False,body_contacts.jsonl,
7687,64.05833333333334,base_link,BODY,False,False,False,body_contacts.jsonl,
7688,64.06666666666666,base_link,BODY,False,False,False,body_contacts.jsonl,
7689,64.075,base_link,BODY,False,False,False,body_contacts.jsonl,
7690,64.08333333333333,base_link,BODY,False,False,False,body_contacts.jsonl,
7691,64.09166666666667,base_link,BODY,False,False,False,body_contacts.jsonl,
7692,64.1,base_link,BODY,False,False,False,body_contacts.jsonl,
7693,64.10833333333333,base_link,BODY,False,False,False,body_contacts.jsonl,
7694,64.11666666666666,base_link,BODY,False,False,False,body_contacts.jsonl,
7695,64.125,base_link,BODY,False,False,False,body_contacts.jsonl,
7696,64.13333333333333,base_link,BODY,False,False,False,body_contacts.jsonl,
7697,64.14166666666667,base_link,BODY,False,False,False,body_contacts.jsonl,
7698,64.15,base_link,BODY,False,False,False,body_contacts.jsonl,
7699,64.15833333333333,base_link,BODY,False,False,False,body_contacts.jsonl,
7700,64.16666666666667,base_link,BODY,False,False,False,body_contacts.jsonl,
7701,64.175,base_link,BODY,False,False,False,body_contacts.jsonl,
7702,64.18333333333334,base_link,BODY,False,False,False,body_contacts.jsonl,
7703,64.19166666666666,base_link,BODY,False,False,False,body_contacts.jsonl,
7704,64.2,base_link,BODY,False,False,False,body_contacts.jsonl,
7705,64.20833333333333,base_link,BODY,False,False,False,body_contacts.jsonl,
7706,64.21666666666667,base_link,BODY,False,False,False,body_contacts.jsonl,
7707,64.225,base_link,BODY,False,False,False,body_contacts.jsonl,
7708,64.23333333333333,base_link,BODY,False,False,False,body_contacts.jsonl,
7709,64.24166666666666,base_link,BODY,False,False,False,body_contacts.jsonl,
7710,64.25,base_link,BODY,False,False,False,body_contacts.jsonl,
7711,64.25833333333333,base_link,BODY,False,False,False,body_contacts.jsonl,
7712,64.26666666666667,base_link,BODY,False,False,False,body_contacts.jsonl,
7713,64.275,base_link,BODY,False,False,False,body_contacts.jsonl,
7714,64.28333333333333,base_link,BODY,False,False,False,body_contacts.jsonl,
7715,64.29166666666667,base_link,BODY,False,False,False,body_contacts.jsonl,
7716,64.3,base_link,BODY,False,False,False,body_contacts.jsonl,
7717,64.30833333333334,base_link,BODY,False,False,False,body_contacts.jsonl,
7718,64.31666666666666,base_link,BODY,False,False,False,body_contacts.jsonl,
7719,64.325,base_link,BODY,False,False,False,body_contacts.jsonl,
7720,64.33333333333333,base_link,BODY,False,False,False,body_contacts.jsonl,
7721,64.34166666666667,base_link,BODY,False,False,False,body_contacts.jsonl,
7722,64.35,base_link,BODY,False,False,False,body_contacts.jsonl,
7723,64.35833333333333,base_link,BODY,False,False,False,body_contacts.jsonl,
7724,64.36666666666666,base_link,BODY,False,False,False,body_contacts.jsonl,
7725,64.375,base_link,BODY,False,False,False,body_contacts.jsonl,
7726,64.38333333333333,base_link,BODY,False,False,False,body_contacts.jsonl,
7727,64.39166666666667,base_link,BODY,False,False,False,body_contacts.jsonl,
7728,64.4,base_link,BODY,False,False,False,body_contacts.jsonl,
7729,64.40833333333333,base_link,BODY,False,False,False,body_contacts.jsonl,
7730,64.41666666666667,base_link,BODY,False,False,False,body_contacts.jsonl,
7731,64.425,base_link,BODY,False,False,False,body_contacts.jsonl,
7732,64.43333333333334,base_link,BODY,False,False,False,body_contacts.jsonl,
7733,64.44166666666666,base_link,BODY,False,False,False,body_contacts.jsonl,
7734,64.45,base_link,BODY,False,False,False,body_contacts.jsonl,
7735,64.45833333333333,base_link,BODY,False,False,False,body_contacts.jsonl,
7736,64.46666666666667,base_link,BODY,False,False,False,body_contacts.jsonl,
7737,64.475,base_link,BODY,False,False,False,body_contacts.jsonl,
7738,64.48333333333333,base_link,BODY,False,False,False,body_contacts.jsonl,
7739,64.49166666666666,base_link,BODY,False,False,False,body_contacts.jsonl,
7740,64.5,base_link,BODY,False,False,False,body_contacts.jsonl,
7741,64.50833333333333,base_link,BODY,False,False,False,body_contacts.jsonl,
7742,64.51666666666667,base_link,BODY,False,False,False,body_contacts.jsonl,
7743,64.525,base_link,BODY,False,False,False,body_contacts.jsonl,
7744,64.53333333333333,base_link,BODY,False,False,False,body_contacts.jsonl,
7745,64.54166666666667,base_link,BODY,False,False,False,body_contacts.jsonl,
7746,64.55,base_link,BODY,False,False,False,body_contacts.jsonl,
7747,64.55833333333334,base_link,BODY,False,False,False,body_contacts.jsonl,
7748,64.56666666666666,base_link,BODY,False,False,False,body_contacts.jsonl,
7749,64.575,base_link,BODY,False,False,False,body_contacts.jsonl,
7750,64.58333333333333,base_link,BODY,False,False,False,body_contacts.jsonl,
7751,64.59166666666667,base_link,BODY,False,False,False,body_contacts.jsonl,
7752,64.6,base_link,BODY,False,False,False,body_contacts.jsonl,
7753,64.60833333333333,base_link,BODY,False,False,False,body_contacts.jsonl,
7754,64.61666666666666,base_link,BODY,False,False,False,body_contacts.jsonl,
7755,64.625,base_link,BODY,False,False,False,body_contacts.jsonl,
7756,64.63333333333333,base_link,BODY,False,False,False,body_contacts.jsonl,
7757,64.64166666666667,base_link,BODY,False,False,False,body_contacts.jsonl,
7758,64.65,base_link,BODY,False,False,False,body_contacts.jsonl,
7759,64.65833333333333,base_link,BODY,False,False,False,body_contacts.jsonl,
7760,64.66666666666667,base_link,BODY,False,False,False,body_contacts.jsonl,
7761,64.675,base_link,BODY,False,False,False,body_contacts.jsonl,
7762,64.68333333333334,base_link,BODY,False,False,False,body_contacts.jsonl,
7763,64.69166666666666,base_link,BODY,False,False,False,body_contacts.jsonl,
7764,64.7,base_link,BODY,False,False,False,body_contacts.jsonl,
7765,64.70833333333333,base_link,BODY,False,False,False,body_contacts.jsonl,
7766,64.71666666666667,base_link,BODY,False,False,False,body_contacts.jsonl,
7767,64.725,base_link,BODY,False,False,False,body_contacts.jsonl,
7768,64.73333333333333,base_link,BODY,False,False,False,body_contacts.jsonl,
7769,64.74166666666666,base_link,BODY,False,False,False,body_contacts.jsonl,
7770,64.75,base_link,BODY,False,False,False,body_contacts.jsonl,
7771,64.75833333333333,base_link,BODY,False,False,False,body_contacts.jsonl,
7772,64.76666666666667,base_link,BODY,False,False,False,body_contacts.jsonl,
7773,64.775,base_link,BODY,False,False,False,body_contacts.jsonl,
7774,64.78333333333333,base_link,BODY,False,False,False,body_contacts.jsonl,
7775,64.79166666666667,base_link,BODY,False,False,False,body_contacts.jsonl,
7776,64.8,base_link,BODY,False,False,False,body_contacts.jsonl,
7777,64.80833333333334,base_link,BODY,False,False,False,body_contacts.jsonl,
7778,64.81666666666666,base_link,BODY,False,False,False,body_contacts.jsonl,
7779,64.825,base_link,BODY,False,False,False,body_contacts.jsonl,
7780,64.83333333333333,base_link,BODY,False,False,False,body_contacts.jsonl,
7781,64.84166666666667,base_link,BODY,False,False,False,body_contacts.jsonl,
7782,64.85,base_link,BODY,False,False,False,body_contacts.jsonl,
7783,64.85833333333333,base_link,BODY,False,False,False,body_contacts.jsonl,
7784,64.86666666666666,base_link,BODY,False,False,False,body_contacts.jsonl,
7785,64.875,base_link,BODY,False,False,False,body_contacts.jsonl,
7786,64.88333333333333,base_link,BODY,False,False,False,body_contacts.jsonl,
7787,64.89166666666667,base_link,BODY,False,False,False,body_contacts.jsonl,
7788,64.9,base_link,BODY,False,False,False,body_contacts.jsonl,
7789,64.90833333333333,base_link,BODY,False,False,False,body_contacts.jsonl,
7790,64.91666666666667,base_link,BODY,False,False,False,body_contacts.jsonl,
7791,64.925,base_link,BODY,False,False,False,body_contacts.jsonl,
7792,64.93333333333334,base_link,BODY,False,False,False,body_contacts.jsonl,
7793,64.94166666666666,base_link,BODY,False,False,False,body_contacts.jsonl,
7794,64.95,base_link,BODY,False,False,False,body_contacts.jsonl,
7795,64.95833333333333,base_link,BODY,False,False,False,body_contacts.jsonl,
7796,64.96666666666667,base_link,BODY,False,False,False,body_contacts.jsonl,
7797,64.975,base_link,BODY,False,False,False,body_contacts.jsonl,
7798,64.98333333333333,base_link,BODY,False,False,False,body_contacts.jsonl,
7799,64.99166666666666,base_link,BODY,False,False,False,body_contacts.jsonl,
7800,65.0,base_link,BODY,False,False,False,body_contacts.jsonl,
7801,65.00833333333333,base_link,BODY,False,False,False,body_contacts.jsonl,
7802,65.01666666666667,base_link,BODY,False,False,False,body_contacts.jsonl,
7803,65.025,base_link,BODY,False,False,False,body_contacts.jsonl,
7804,65.03333333333333,base_link,BODY,False,False,False,body_contacts.jsonl,
7805,65.04166666666667,base_link,BODY,False,False,False,body_contacts.jsonl,
7806,65.05,base_link,BODY,False,False,False,body_contacts.jsonl,
7807,65.05833333333334,base_link,BODY,False,False,False,body_contacts.jsonl,
7808,65.06666666666666,base_link,BODY,False,False,False,body_contacts.jsonl,
7809,65.075,base_link,BODY,False,False,False,body_contacts.jsonl,
7810,65.08333333333333,base_link,BODY,False,False,False,body_contacts.jsonl,
7811,65.09166666666667,base_link,BODY,False,False,False,body_contacts.jsonl,
7812,65.1,base_link,BODY,False,False,False,body_contacts.jsonl,
7813,65.10833333333333,base_link,BODY,False,False,False,body_contacts.jsonl,
7814,65.11666666666666,base_link,BODY,False,False,False,body_contacts.jsonl,
7815,65.125,base_link,BODY,False,False,False,body_contacts.jsonl,
7816,65.13333333333333,base_link,BODY,False,False,False,body_contacts.jsonl,
7817,65.14166666666667,base_link,BODY,False,False,False,body_contacts.jsonl,
7818,65.15,base_link,BODY,False,False,False,body_contacts.jsonl,
7819,65.15833333333333,base_link,BODY,False,False,False,body_contacts.jsonl,
7820,65.16666666666667,base_link,BODY,False,False,False,body_contacts.jsonl,
7821,65.175,base_link,BODY,False,False,False,body_contacts.jsonl,
7822,65.18333333333334,base_link,BODY,False,False,False,body_contacts.jsonl,
7823,65.19166666666666,base_link,BODY,False,False,False,body_contacts.jsonl,
7824,65.2,base_link,BODY,False,False,False,body_contacts.jsonl,
7825,65.20833333333333,base_link,BODY,False,False,False,body_contacts.jsonl,
7826,65.21666666666667,base_link,BODY,False,False,False,body_contacts.jsonl,
7827,65.225,base_link,BODY,False,False,False,body_contacts.jsonl,
7828,65.23333333333333,base_link,BODY,False,False,False,body_contacts.jsonl,
7829,65.24166666666666,base_link,BODY,False,False,False,body_contacts.jsonl,
7830,65.25,base_link,BODY,False,False,False,body_contacts.jsonl,
7831,65.25833333333333,base_link,BODY,False,False,False,body_contacts.jsonl,
7832,65.26666666666667,base_link,BODY,False,False,False,body_contacts.jsonl,
7833,65.275,base_link,BODY,False,False,False,body_contacts.jsonl,
7834,65.28333333333333,base_link,BODY,False,False,False,body_contacts.jsonl,
7835,65.29166666666667,base_link,BODY,False,False,False,body_contacts.jsonl,
7836,65.3,base_link,BODY,False,False,False,body_contacts.jsonl,
7837,65.30833333333334,base_link,BODY,False,False,False,body_contacts.jsonl,
7838,65.31666666666666,base_link,BODY,False,False,False,body_contacts.jsonl,
7839,65.325,base_link,BODY,False,False,False,body_contacts.jsonl,
7840,65.33333333333333,base_link,BODY,False,False,False,body_contacts.jsonl,
7841,65.34166666666667,base_link,BODY,False,False,False,body_contacts.jsonl,
7842,65.35,base_link,BODY,False,False,False,body_contacts.jsonl,
7843,65.35833333333333,base_link,BODY,False,False,False,body_contacts.jsonl,
7844,65.36666666666666,base_link,BODY,False,False,False,body_contacts.jsonl,
7845,65.375,base_link,BODY,False,False,False,body_contacts.jsonl,
7846,65.38333333333333,base_link,BODY,False,False,False,body_contacts.jsonl,
7847,65.39166666666667,base_link,BODY,False,False,False,body_contacts.jsonl,
7848,65.4,base_link,BODY,False,False,False,body_contacts.jsonl,
7849,65.40833333333333,base_link,BODY,False,False,False,body_contacts.jsonl,
7850,65.41666666666667,base_link,BODY,False,False,False,body_contacts.jsonl,
7851,65.425,base_link,BODY,False,False,False,body_contacts.jsonl,
7852,65.43333333333334,base_link,BODY,False,False,False,body_contacts.jsonl,
7853,65.44166666666666,base_link,BODY,False,False,False,body_contacts.jsonl,
7854,65.45,base_link,BODY,False,False,False,body_contacts.jsonl,
7855,65.45833333333333,base_link,BODY,False,False,False,body_contacts.jsonl,
7856,65.46666666666667,base_link,BODY,False,False,False,body_contacts.jsonl,
7857,65.475,base_link,BODY,False,False,False,body_contacts.jsonl,
7858,65.48333333333333,base_link,BODY,False,False,False,body_contacts.jsonl,
7859,65.49166666666666,base_link,BODY,False,False,False,body_contacts.jsonl,
7860,65.5,base_link,BODY,False,False,False,body_contacts.jsonl,
7861,65.50833333333333,base_link,BODY,False,False,False,body_contacts.jsonl,
7862,65.51666666666667,base_link,BODY,False,False,False,body_contacts.jsonl,
7863,65.525,base_link,BODY,False,False,False,body_contacts.jsonl,
7864,65.53333333333333,base_link,BODY,False,False,False,body_contacts.jsonl,
7865,65.54166666666667,base_link,BODY,False,False,False,body_contacts.jsonl,
7866,65.55,base_link,BODY,False,False,False,body_contacts.jsonl,
7867,65.55833333333334,base_link,BODY,False,False,False,body_contacts.jsonl,
7868,65.56666666666666,base_link,BODY,False,False,False,body_contacts.jsonl,
7869,65.575,base_link,BODY,False,False,False,body_contacts.jsonl,
7870,65.58333333333333,base_link,BODY,False,False,False,body_contacts.jsonl,
7871,65.59166666666667,base_link,BODY,False,False,False,body_contacts.jsonl,
7872,65.6,base_link,BODY,False,False,False,body_contacts.jsonl,
7873,65.60833333333333,base_link,BODY,False,False,False,body_contacts.jsonl,
7874,65.61666666666666,base_link,BODY,False,False,False,body_contacts.jsonl,
7875,65.625,base_link,BODY,False,False,False,body_contacts.jsonl,
7876,65.63333333333333,base_link,BODY,False,False,False,body_contacts.jsonl,
7877,65.64166666666667,base_link,BODY,False,False,False,body_contacts.jsonl,
7878,65.65,base_link,BODY,False,False,False,body_contacts.jsonl,
7879,65.65833333333333,base_link,BODY,False,False,False,body_contacts.jsonl,
7880,65.66666666666667,base_link,BODY,False,False,False,body_contacts.jsonl,
7881,65.675,base_link,BODY,False,False,False,body_contacts.jsonl,
7882,65.68333333333334,base_link,BODY,False,False,False,body_contacts.jsonl,
7883,65.69166666666666,base_link,BODY,False,False,False,body_contacts.jsonl,
7884,65.7,base_link,BODY,False,False,False,body_contacts.jsonl,
7885,65.70833333333333,base_link,BODY,False,False,False,body_contacts.jsonl,
7886,65.71666666666667,base_link,BODY,False,False,False,body_contacts.jsonl,
7887,65.725,base_link,BODY,False,False,False,body_contacts.jsonl,
7888,65.73333333333333,base_link,BODY,False,False,False,body_contacts.jsonl,
7889,65.74166666666666,base_link,BODY,False,False,False,body_contacts.jsonl,
7890,65.75,base_link,BODY,False,False,False,body_contacts.jsonl,
7891,65.75833333333333,base_link,BODY,False,False,False,body_contacts.jsonl,
7892,65.76666666666667,base_link,BODY,False,False,False,body_contacts.jsonl,
7893,65.775,base_link,BODY,False,False,False,body_contacts.jsonl,
7894,65.78333333333333,base_link,BODY,False,False,False,body_contacts.jsonl,
7895,65.79166666666667,base_link,BODY,False,False,False,body_contacts.jsonl,
7896,65.8,base_link,BODY,False,False,False,body_contacts.jsonl,
7897,65.80833333333334,base_link,BODY,False,False,False,body_contacts.jsonl,
7898,65.81666666666666,base_link,BODY,False,False,False,body_contacts.jsonl,
7899,65.825,base_link,BODY,False,False,False,body_contacts.jsonl,
7900,65.83333333333333,base_link,BODY,False,False,False,body_contacts.jsonl,
7901,65.84166666666667,base_link,BODY,False,False,False,body_contacts.jsonl,
7902,65.85,base_link,BODY,False,False,False,body_contacts.jsonl,
7903,65.85833333333333,base_link,BODY,False,False,False,body_contacts.jsonl,
7904,65.86666666666666,base_link,BODY,False,False,False,body_contacts.jsonl,
7905,65.875,base_link,BODY,False,False,False,body_contacts.jsonl,
7906,65.88333333333333,base_link,BODY,False,False,False,body_contacts.jsonl,
7907,65.89166666666667,base_link,BODY,False,False,False,body_contacts.jsonl,
7908,65.9,base_link,BODY,False,False,False,body_contacts.jsonl,
7909,65.90833333333333,base_link,BODY,False,False,False,body_contacts.jsonl,
7910,65.91666666666667,base_link,BODY,False,False,False,body_contacts.jsonl,
7911,65.925,base_link,BODY,False,False,False,body_contacts.jsonl,
7912,65.93333333333334,base_link,BODY,False,False,False,body_contacts.jsonl,
7913,65.94166666666666,base_link,BODY,False,False,False,body_contacts.jsonl,
7914,65.95,base_link,BODY,False,False,False,body_contacts.jsonl,
7915,65.95833333333333,base_link,BODY,False,False,False,body_contacts.jsonl,
7916,65.96666666666667,base_link,BODY,False,False,False,body_contacts.jsonl,
7917,65.975,base_link,BODY,False,False,False,body_contacts.jsonl,
7918,65.98333333333333,base_link,BODY,False,False,False,body_contacts.jsonl,
7919,65.99166666666666,base_link,BODY,False,False,False,body_contacts.jsonl,
7920,66.0,base_link,BODY,False,False,False,body_contacts.jsonl,
7921,66.00833333333333,base_link,BODY,False,False,False,body_contacts.jsonl,
7922,66.01666666666667,base_link,BODY,False,False,False,body_contacts.jsonl,
7923,66.025,base_link,BODY,False,False,False,body_contacts.jsonl,
7924,66.03333333333333,base_link,BODY,False,False,False,body_contacts.jsonl,
7925,66.04166666666667,base_link,BODY,False,False,False,body_contacts.jsonl,
7926,66.05,base_link,BODY,False,False,False,body_contacts.jsonl,
7927,66.05833333333334,base_link,BODY,False,False,False,body_contacts.jsonl,
7928,66.06666666666666,base_link,BODY,False,False,False,body_contacts.jsonl,
7929,66.075,base_link,BODY,False,False,False,body_contacts.jsonl,
7930,66.08333333333333,base_link,BODY,False,False,False,body_contacts.jsonl,
7931,66.09166666666667,base_link,BODY,False,False,False,body_contacts.jsonl,
7932,66.1,base_link,BODY,False,False,False,body_contacts.jsonl,
7933,66.10833333333333,base_link,BODY,False,False,False,body_contacts.jsonl,
7934,66.11666666666666,base_link,BODY,False,False,False,body_contacts.jsonl,
7935,66.125,base_link,BODY,False,False,False,body_contacts.jsonl,
7936,66.13333333333333,base_link,BODY,False,False,False,body_contacts.jsonl,
7937,66.14166666666667,base_link,BODY,False,False,False,body_contacts.jsonl,
7938,66.15,base_link,BODY,False,False,False,body_contacts.jsonl,
7939,66.15833333333333,base_link,BODY,False,False,False,body_contacts.jsonl,
7940,66.16666666666667,base_link,BODY,False,False,False,body_contacts.jsonl,
7941,66.175,base_link,BODY,False,False,False,body_contacts.jsonl,
7942,66.18333333333334,base_link,BODY,False,False,False,body_contacts.jsonl,
7943,66.19166666666666,base_link,BODY,False,False,False,body_contacts.jsonl,
7944,66.2,base_link,BODY,False,False,False,body_contacts.jsonl,
7945,66.20833333333333,base_link,BODY,False,False,False,body_contacts.jsonl,
7946,66.21666666666667,base_link,BODY,False,False,False,body_contacts.jsonl,
7947,66.225,base_link,BODY,False,False,False,body_contacts.jsonl,
7948,66.23333333333333,base_link,BODY,False,False,False,body_contacts.jsonl,
7949,66.24166666666666,base_link,BODY,False,False,False,body_contacts.jsonl,
7950,66.25,base_link,BODY,False,False,False,body_contacts.jsonl,
7951,66.25833333333333,base_link,BODY,False,False,False,body_contacts.jsonl,
7952,66.26666666666667,base_link,BODY,False,False,False,body_contacts.jsonl,
7953,66.275,base_link,BODY,False,False,False,body_contacts.jsonl,
7954,66.28333333333333,base_link,BODY,False,False,False,body_contacts.jsonl,
7955,66.29166666666667,base_link,BODY,False,False,False,body_contacts.jsonl,
7956,66.3,base_link,BODY,False,False,False,body_contacts.jsonl,
7957,66.30833333333334,base_link,BODY,False,False,False,body_contacts.jsonl,
7958,66.31666666666666,base_link,BODY,False,False,False,body_contacts.jsonl,
7959,66.325,base_link,BODY,False,False,False,body_contacts.jsonl,
7960,66.33333333333333,base_link,BODY,False,False,False,body_contacts.jsonl,
7961,66.34166666666667,base_link,BODY,False,False,False,body_contacts.jsonl,
7962,66.35,base_link,BODY,False,False,False,body_contacts.jsonl,
7963,66.35833333333333,base_link,BODY,False,False,False,body_contacts.jsonl,
7964,66.36666666666666,base_link,BODY,False,False,False,body_contacts.jsonl,
7965,66.375,base_link,BODY,False,False,False,body_contacts.jsonl,
7966,66.38333333333333,base_link,BODY,False,False,False,body_contacts.jsonl,
7967,66.39166666666667,base_link,BODY,False,False,False,body_contacts.jsonl,
7968,66.4,base_link,BODY,False,False,False,body_contacts.jsonl,
7969,66.40833333333333,base_link,BODY,False,False,False,body_contacts.jsonl,
7970,66.41666666666667,base_link,BODY,False,False,False,body_contacts.jsonl,
7971,66.425,base_link,BODY,False,False,False,body_contacts.jsonl,
7972,66.43333333333334,base_link,BODY,False,False,False,body_contacts.jsonl,
7973,66.44166666666666,base_link,BODY,False,False,False,body_contacts.jsonl,
7974,66.45,base_link,BODY,False,False,False,body_contacts.jsonl,
7975,66.45833333333333,base_link,BODY,False,False,False,body_contacts.jsonl,
7976,66.46666666666667,base_link,BODY,False,False,False,body_contacts.jsonl,
7977,66.475,base_link,BODY,False,False,False,body_contacts.jsonl,
7978,66.48333333333333,base_link,BODY,False,False,False,body_contacts.jsonl,
7979,66.49166666666666,base_link,BODY,False,False,False,body_contacts.jsonl,
7980,66.5,base_link,BODY,False,False,False,body_contacts.jsonl,
7981,66.50833333333333,base_link,BODY,False,False,False,body_contacts.jsonl,
7982,66.51666666666667,base_link,BODY,False,False,False,body_contacts.jsonl,
7983,66.525,base_link,BODY,False,False,False,body_contacts.jsonl,
7984,66.53333333333333,base_link,BODY,False,False,False,body_contacts.jsonl,
7985,66.54166666666667,base_link,BODY,False,False,False,body_contacts.jsonl,
7986,66.55,base_link,BODY,False,False,False,body_contacts.jsonl,
7987,66.55833333333334,base_link,BODY,False,False,False,body_contacts.jsonl,
7988,66.56666666666666,base_link,BODY,False,False,False,body_contacts.jsonl,
7989,66.575,base_link,BODY,False,False,False,body_contacts.jsonl,
7990,66.58333333333333,base_link,BODY,False,False,False,body_contacts.jsonl,
7991,66.59166666666667,base_link,BODY,False,False,False,body_contacts.jsonl,
7992,66.6,base_link,BODY,False,False,False,body_contacts.jsonl,
7993,66.60833333333333,base_link,BODY,False,False,False,body_contacts.jsonl,
7994,66.61666666666666,base_link,BODY,False,False,False,body_contacts.jsonl,
7995,66.625,base_link,BODY,False,False,False,body_contacts.jsonl,
7996,66.63333333333333,base_link,BODY,False,False,False,body_contacts.jsonl,
7997,66.64166666666667,base_link,BODY,False,False,False,body_contacts.jsonl,
7998,66.65,base_link,BODY,False,False,False,body_contacts.jsonl,
7999,66.65833333333333,base_link,BODY,False,False,False,body_contacts.jsonl,
8000,66.66666666666667,base_link,BODY,False,False,False,body_contacts.jsonl,
8001,66.675,base_link,BODY,False,False,False,body_contacts.jsonl,
8002,66.68333333333334,base_link,BODY,False,False,False,body_contacts.jsonl,
8003,66.69166666666666,base_link,BODY,False,False,False,body_contacts.jsonl,
8004,66.7,base_link,BODY,False,False,False,body_contacts.jsonl,
8005,66.70833333333333,base_link,BODY,False,False,False,body_contacts.jsonl,
8006,66.71666666666667,base_link,BODY,False,False,False,body_contacts.jsonl,
8007,66.725,base_link,BODY,False,False,False,body_contacts.jsonl,
8008,66.73333333333333,base_link,BODY,False,False,False,body_contacts.jsonl,
8009,66.74166666666666,base_link,BODY,False,False,False,body_contacts.jsonl,
8010,66.75,base_link,BODY,False,False,False,body_contacts.jsonl,
8011,66.75833333333333,base_link,BODY,False,False,False,body_contacts.jsonl,
8012,66.76666666666667,base_link,BODY,False,False,False,body_contacts.jsonl,
8013,66.775,base_link,BODY,False,False,False,body_contacts.jsonl,
8014,66.78333333333333,base_link,BODY,False,False,False,body_contacts.jsonl,
8015,66.79166666666667,base_link,BODY,False,False,False,body_contacts.jsonl,
8016,66.8,base_link,BODY,False,False,False,body_contacts.jsonl,
8017,66.80833333333334,base_link,BODY,False,False,False,body_contacts.jsonl,
8018,66.81666666666666,base_link,BODY,False,False,False,body_contacts.jsonl,
8019,66.825,base_link,BODY,False,False,False,body_contacts.jsonl,
8020,66.83333333333333,base_link,BODY,False,False,False,body_contacts.jsonl,
8021,66.84166666666667,base_link,BODY,False,False,False,body_contacts.jsonl,
8022,66.85,base_link,BODY,False,False,False,body_contacts.jsonl,
8023,66.85833333333333,base_link,BODY,False,False,False,body_contacts.jsonl,
8024,66.86666666666666,base_link,BODY,False,False,False,body_contacts.jsonl,
8025,66.875,base_link,BODY,False,False,False,body_contacts.jsonl,
8026,66.88333333333333,base_link,BODY,False,False,False,body_contacts.jsonl,
8027,66.89166666666667,base_link,BODY,False,False,False,body_contacts.jsonl,
8028,66.9,base_link,BODY,False,False,False,body_contacts.jsonl,
8029,66.90833333333333,base_link,BODY,False,False,False,body_contacts.jsonl,
8030,66.91666666666667,base_link,BODY,False,False,False,body_contacts.jsonl,
8031,66.925,base_link,BODY,False,False,False,body_contacts.jsonl,
8032,66.93333333333334,base_link,BODY,False,False,False,body_contacts.jsonl,
8033,66.94166666666666,base_link,BODY,False,False,False,body_contacts.jsonl,
8034,66.95,base_link,BODY,False,False,False,body_contacts.jsonl,
8035,66.95833333333333,base_link,BODY,False,False,False,body_contacts.jsonl,
8036,66.96666666666667,base_link,BODY,False,False,False,body_contacts.jsonl,
8037,66.975,base_link,BODY,False,False,False,body_contacts.jsonl,
8038,66.98333333333333,base_link,BODY,False,False,False,body_contacts.jsonl,
8039,66.99166666666666,base_link,BODY,False,False,False,body_contacts.jsonl,
8040,67.0,base_link,BODY,False,False,False,body_contacts.jsonl,
8041,67.00833333333333,base_link,BODY,False,False,False,body_contacts.jsonl,
8042,67.01666666666667,base_link,BODY,False,False,False,body_contacts.jsonl,
8043,67.025,base_link,BODY,False,False,False,body_contacts.jsonl,
8044,67.03333333333333,base_link,BODY,False,False,False,body_contacts.jsonl,
8045,67.04166666666667,base_link,BODY,False,False,False,body_contacts.jsonl,
8046,67.05,base_link,BODY,False,False,False,body_contacts.jsonl,
8047,67.05833333333334,base_link,BODY,False,False,False,body_contacts.jsonl,
8048,67.06666666666666,base_link,BODY,False,False,False,body_contacts.jsonl,
8049,67.075,base_link,BODY,False,False,False,body_contacts.jsonl,
8050,67.08333333333333,base_link,BODY,False,False,False,body_contacts.jsonl,
8051,67.09166666666667,base_link,BODY,False,False,False,body_contacts.jsonl,
8052,67.1,base_link,BODY,False,False,False,body_contacts.jsonl,
8053,67.10833333333333,base_link,BODY,False,False,False,body_contacts.jsonl,
8054,67.11666666666666,base_link,BODY,False,False,False,body_contacts.jsonl,
8055,67.125,base_link,BODY,False,False,False,body_contacts.jsonl,
8056,67.13333333333333,base_link,BODY,False,False,False,body_contacts.jsonl,
8057,67.14166666666667,base_link,BODY,False,False,False,body_contacts.jsonl,
8058,67.15,base_link,BODY,False,False,False,body_contacts.jsonl,
8059,67.15833333333333,base_link,BODY,False,False,False,body_contacts.jsonl,
8060,67.16666666666667,base_link,BODY,False,False,False,body_contacts.jsonl,
8061,67.175,base_link,BODY,False,False,False,body_contacts.jsonl,
8062,67.18333333333334,base_link,BODY,False,False,False,body_contacts.jsonl,
8063,67.19166666666666,base_link,BODY,False,False,False,body_contacts.jsonl,
8064,67.2,base_link,BODY,False,False,False,body_contacts.jsonl,
8065,67.20833333333333,base_link,BODY,False,False,False,body_contacts.jsonl,
8066,67.21666666666667,base_link,BODY,False,False,False,body_contacts.jsonl,
8067,67.225,base_link,BODY,False,False,False,body_contacts.jsonl,
8068,67.23333333333333,base_link,BODY,False,False,False,body_contacts.jsonl,
8069,67.24166666666666,base_link,BODY,False,False,False,body_contacts.jsonl,
8070,67.25,base_link,BODY,False,False,False,body_contacts.jsonl,
8071,67.25833333333333,base_link,BODY,False,False,False,body_contacts.jsonl,
8072,67.26666666666667,base_link,BODY,False,False,False,body_contacts.jsonl,
8073,67.275,base_link,BODY,False,False,False,body_contacts.jsonl,
8074,67.28333333333333,base_link,BODY,False,False,False,body_contacts.jsonl,
8075,67.29166666666667,base_link,BODY,False,False,False,body_contacts.jsonl,
8076,67.3,base_link,BODY,False,False,False,body_contacts.jsonl,
8077,67.30833333333334,base_link,BODY,False,False,False,body_contacts.jsonl,
8078,67.31666666666666,base_link,BODY,False,False,False,body_contacts.jsonl,
8079,67.325,base_link,BODY,False,False,False,body_contacts.jsonl,
8080,67.33333333333333,base_link,BODY,False,False,False,body_contacts.jsonl,
8081,67.34166666666667,base_link,BODY,False,False,False,body_contacts.jsonl,
8082,67.35,base_link,BODY,False,False,False,body_contacts.jsonl,
8083,67.35833333333333,base_link,BODY,False,False,False,body_contacts.jsonl,
8084,67.36666666666666,base_link,BODY,False,False,False,body_contacts.jsonl,
8085,67.375,base_link,BODY,False,False,False,body_contacts.jsonl,
8086,67.38333333333333,base_link,BODY,False,False,False,body_contacts.jsonl,
8087,67.39166666666667,base_link,BODY,False,False,False,body_contacts.jsonl,
8088,67.4,base_link,BODY,False,False,False,body_contacts.jsonl,
8089,67.40833333333333,base_link,BODY,False,False,False,body_contacts.jsonl,
8090,67.41666666666667,base_link,BODY,False,False,False,body_contacts.jsonl,
8091,67.425,base_link,BODY,False,False,False,body_contacts.jsonl,
8092,67.43333333333334,base_link,BODY,False,False,False,body_contacts.jsonl,
8093,67.44166666666666,base_link,BODY,False,False,False,body_contacts.jsonl,
8094,67.45,base_link,BODY,False,False,False,body_contacts.jsonl,
8095,67.45833333333333,base_link,BODY,False,False,False,body_contacts.jsonl,
8096,67.46666666666667,base_link,BODY,False,False,False,body_contacts.jsonl,
8097,67.475,base_link,BODY,False,False,False,body_contacts.jsonl,
8098,67.48333333333333,base_link,BODY,False,False,False,body_contacts.jsonl,
8099,67.49166666666666,base_link,BODY,False,False,False,body_contacts.jsonl,
8100,67.5,base_link,BODY,False,False,False,body_contacts.jsonl,
8101,67.50833333333333,base_link,BODY,False,False,False,body_contacts.jsonl,
8102,67.51666666666667,base_link,BODY,False,False,False,body_contacts.jsonl,
8103,67.525,base_link,BODY,False,False,False,body_contacts.jsonl,
8104,67.53333333333333,base_link,BODY,False,False,False,body_contacts.jsonl,
8105,67.54166666666667,base_link,BODY,False,False,False,body_contacts.jsonl,
8106,67.55,base_link,BODY,False,False,False,body_contacts.jsonl,
8107,67.55833333333334,base_link,BODY,False,False,False,body_contacts.jsonl,
8108,67.56666666666666,base_link,BODY,False,False,False,body_contacts.jsonl,
8109,67.575,base_link,BODY,False,False,False,body_contacts.jsonl,
8110,67.58333333333333,base_link,BODY,False,False,False,body_contacts.jsonl,
8111,67.59166666666667,base_link,BODY,False,False,False,body_contacts.jsonl,
8112,67.6,base_link,BODY,False,False,False,body_contacts.jsonl,
8113,67.60833333333333,base_link,BODY,False,False,False,body_contacts.jsonl,
8114,67.61666666666666,base_link,BODY,False,False,False,body_contacts.jsonl,
8115,67.625,base_link,BODY,False,False,False,body_contacts.jsonl,
8116,67.63333333333333,base_link,BODY,False,False,False,body_contacts.jsonl,
8117,67.64166666666667,base_link,BODY,False,False,False,body_contacts.jsonl,
8118,67.65,base_link,BODY,False,False,False,body_contacts.jsonl,
8119,67.65833333333333,base_link,BODY,False,False,False,body_contacts.jsonl,
8120,67.66666666666667,base_link,BODY,False,False,False,body_contacts.jsonl,
8121,67.675,base_link,BODY,False,False,False,body_contacts.jsonl,
8122,67.68333333333334,base_link,BODY,False,False,False,body_contacts.jsonl,
8123,67.69166666666666,base_link,BODY,False,False,False,body_contacts.jsonl,
8124,67.7,base_link,BODY,False,False,False,body_contacts.jsonl,
8125,67.70833333333333,base_link,BODY,False,False,False,body_contacts.jsonl,
8126,67.71666666666667,base_link,BODY,False,False,False,body_contacts.jsonl,
8127,67.725,base_link,BODY,False,False,False,body_contacts.jsonl,
8128,67.73333333333333,base_link,BODY,False,False,False,body_contacts.jsonl,
8129,67.74166666666666,base_link,BODY,False,False,False,body_contacts.jsonl,
8130,67.75,base_link,BODY,False,False,False,body_contacts.jsonl,
8131,67.75833333333333,base_link,BODY,False,False,False,body_contacts.jsonl,
8132,67.76666666666667,base_link,BODY,False,False,False,body_contacts.jsonl,
8133,67.775,base_link,BODY,False,False,False,body_contacts.jsonl,
8134,67.78333333333333,base_link,BODY,False,False,False,body_contacts.jsonl,
8135,67.79166666666667,base_link,BODY,False,False,False,body_contacts.jsonl,
8136,67.8,base_link,BODY,False,False,False,body_contacts.jsonl,
8137,67.80833333333334,base_link,BODY,False,False,False,body_contacts.jsonl,
8138,67.81666666666666,base_link,BODY,False,False,False,body_contacts.jsonl,
8139,67.825,base_link,BODY,False,False,False,body_contacts.jsonl,
8140,67.83333333333333,base_link,BODY,False,False,False,body_contacts.jsonl,
8141,67.84166666666667,base_link,BODY,False,False,False,body_contacts.jsonl,
8142,67.85,base_link,BODY,False,False,False,body_contacts.jsonl,
8143,67.85833333333333,base_link,BODY,False,False,False,body_contacts.jsonl,
8144,67.86666666666666,base_link,BODY,False,False,False,body_contacts.jsonl,
8145,67.875,base_link,BODY,False,False,False,body_contacts.jsonl,
8146,67.88333333333333,base_link,BODY,False,False,False,body_contacts.jsonl,
8147,67.89166666666667,base_link,BODY,False,False,False,body_contacts.jsonl,
8148,67.9,base_link,BODY,False,False,False,body_contacts.jsonl,
8149,67.90833333333333,base_link,BODY,False,False,False,body_contacts.jsonl,
8150,67.91666666666667,base_link,BODY,False,False,False,body_contacts.jsonl,
8151,67.925,base_link,BODY,False,False,False,body_contacts.jsonl,
8152,67.93333333333334,base_link,BODY,False,False,False,body_contacts.jsonl,
8153,67.94166666666666,base_link,BODY,False,False,False,body_contacts.jsonl,
8154,67.95,base_link,BODY,False,False,False,body_contacts.jsonl,
8155,67.95833333333333,base_link,BODY,False,False,False,body_contacts.jsonl,
8156,67.96666666666667,base_link,BODY,False,False,False,body_contacts.jsonl,
8157,67.975,base_link,BODY,False,False,False,body_contacts.jsonl,
8158,67.98333333333333,base_link,BODY,False,False,False,body_contacts.jsonl,
8159,67.99166666666666,base_link,BODY,False,False,False,body_contacts.jsonl,
8160,68.0,base_link,BODY,False,False,False,body_contacts.jsonl,
8161,68.00833333333333,base_link,BODY,False,False,False,body_contacts.jsonl,
8162,68.01666666666667,base_link,BODY,False,False,False,body_contacts.jsonl,
8163,68.025,base_link,BODY,False,False,False,body_contacts.jsonl,
8164,68.03333333333333,base_link,BODY,False,False,False,body_contacts.jsonl,
8165,68.04166666666667,base_link,BODY,False,False,False,body_contacts.jsonl,
8166,68.05,base_link,BODY,False,False,False,body_contacts.jsonl,
8167,68.05833333333334,base_link,BODY,False,False,False,body_contacts.jsonl,
8168,68.06666666666666,base_link,BODY,False,False,False,body_contacts.jsonl,
8169,68.075,base_link,BODY,False,False,False,body_contacts.jsonl,
8170,68.08333333333333,base_link,BODY,False,False,False,body_contacts.jsonl,
8171,68.09166666666667,base_link,BODY,False,False,False,body_contacts.jsonl,
8172,68.1,base_link,BODY,False,False,False,body_contacts.jsonl,
8173,68.10833333333333,base_link,BODY,False,False,False,body_contacts.jsonl,
8174,68.11666666666666,base_link,BODY,False,False,False,body_contacts.jsonl,
8175,68.125,base_link,BODY,False,False,False,body_contacts.jsonl,
8176,68.13333333333333,base_link,BODY,False,False,False,body_contacts.jsonl,
8177,68.14166666666667,base_link,BODY,False,False,False,body_contacts.jsonl,
8178,68.15,base_link,BODY,False,False,False,body_contacts.jsonl,
8179,68.15833333333333,base_link,BODY,False,False,False,body_contacts.jsonl,
8180,68.16666666666667,base_link,BODY,False,False,False,body_contacts.jsonl,
8181,68.175,base_link,BODY,False,False,False,body_contacts.jsonl,
8182,68.18333333333334,base_link,BODY,False,False,False,body_contacts.jsonl,
8183,68.19166666666666,base_link,BODY,False,False,False,body_contacts.jsonl,
8184,68.2,base_link,BODY,False,False,False,body_contacts.jsonl,
8185,68.20833333333333,base_link,BODY,False,False,False,body_contacts.jsonl,
8186,68.21666666666667,base_link,BODY,False,False,False,body_contacts.jsonl,
8187,68.225,base_link,BODY,False,False,False,body_contacts.jsonl,
8188,68.23333333333333,base_link,BODY,False,False,False,body_contacts.jsonl,
8189,68.24166666666666,base_link,BODY,False,False,False,body_contacts.jsonl,
8190,68.25,base_link,BODY,False,False,False,body_contacts.jsonl,
8191,68.25833333333333,base_link,BODY,False,False,False,body_contacts.jsonl,
8192,68.26666666666667,base_link,BODY,False,False,False,body_contacts.jsonl,
8193,68.275,base_link,BODY,False,False,False,body_contacts.jsonl,
8194,68.28333333333333,base_link,BODY,False,False,False,body_contacts.jsonl,
8195,68.29166666666667,base_link,BODY,False,False,False,body_contacts.jsonl,
8196,68.3,base_link,BODY,False,False,False,body_contacts.jsonl,
8197,68.30833333333334,base_link,BODY,False,False,False,body_contacts.jsonl,
8198,68.31666666666666,base_link,BODY,False,False,False,body_contacts.jsonl,
8199,68.325,base_link,BODY,False,False,False,body_contacts.jsonl,
8200,68.33333333333333,base_link,BODY,False,False,False,body_contacts.jsonl,
8201,68.34166666666667,base_link,BODY,False,False,False,body_contacts.jsonl,
8202,68.35,base_link,BODY,False,False,False,body_contacts.jsonl,
8203,68.35833333333333,base_link,BODY,False,False,False,body_contacts.jsonl,
8204,68.36666666666666,base_link,BODY,False,False,False,body_contacts.jsonl,
8205,68.375,base_link,BODY,False,False,False,body_contacts.jsonl,
8206,68.38333333333333,base_link,BODY,False,False,False,body_contacts.jsonl,
8207,68.39166666666667,base_link,BODY,False,False,False,body_contacts.jsonl,
8208,68.4,base_link,BODY,False,False,False,body_contacts.jsonl,
8209,68.40833333333333,base_link,BODY,False,False,False,body_contacts.jsonl,
8210,68.41666666666667,base_link,BODY,False,False,False,body_contacts.jsonl,
8211,68.425,base_link,BODY,False,False,False,body_contacts.jsonl,
8212,68.43333333333334,base_link,BODY,False,False,False,body_contacts.jsonl,
8213,68.44166666666666,base_link,BODY,False,False,False,body_contacts.jsonl,
8214,68.45,base_link,BODY,False,False,False,body_contacts.jsonl,
8215,68.45833333333333,base_link,BODY,False,False,False,body_contacts.jsonl,
8216,68.46666666666667,base_link,BODY,False,False,False,body_contacts.jsonl,
8217,68.475,base_link,BODY,False,False,False,body_contacts.jsonl,
8218,68.48333333333333,base_link,BODY,False,False,False,body_contacts.jsonl,
8219,68.49166666666666,base_link,BODY,False,False,False,body_contacts.jsonl,
8220,68.5,base_link,BODY,False,False,False,body_contacts.jsonl,
8221,68.50833333333333,base_link,BODY,False,False,False,body_contacts.jsonl,
8222,68.51666666666667,base_link,BODY,False,False,False,body_contacts.jsonl,
8223,68.525,base_link,BODY,False,False,False,body_contacts.jsonl,
8224,68.53333333333333,base_link,BODY,False,False,False,body_contacts.jsonl,
8225,68.54166666666667,base_link,BODY,False,False,False,body_contacts.jsonl,
8226,68.55,base_link,BODY,False,False,False,body_contacts.jsonl,
8227,68.55833333333334,base_link,BODY,False,False,False,body_contacts.jsonl,
8228,68.56666666666666,base_link,BODY,False,False,False,body_contacts.jsonl,
8229,68.575,base_link,BODY,False,False,False,body_contacts.jsonl,
8230,68.58333333333333,base_link,BODY,False,False,False,body_contacts.jsonl,
8231,68.59166666666667,base_link,BODY,False,False,False,body_contacts.jsonl,
8232,68.6,base_link,BODY,False,False,False,body_contacts.jsonl,
8233,68.60833333333333,base_link,BODY,False,False,False,body_contacts.jsonl,
8234,68.61666666666666,base_link,BODY,False,False,False,body_contacts.jsonl,
8235,68.625,base_link,BODY,False,False,False,body_contacts.jsonl,
8236,68.63333333333333,base_link,BODY,False,False,False,body_contacts.jsonl,
8237,68.64166666666667,base_link,BODY,False,False,False,body_contacts.jsonl,
8238,68.65,base_link,BODY,False,False,False,body_contacts.jsonl,
8239,68.65833333333333,base_link,BODY,False,False,False,body_contacts.jsonl,
8240,68.66666666666667,base_link,BODY,False,False,False,body_contacts.jsonl,
8241,68.675,base_link,BODY,False,False,False,body_contacts.jsonl,
8242,68.68333333333334,base_link,BODY,False,False,False,body_contacts.jsonl,
8243,68.69166666666666,base_link,BODY,False,False,False,body_contacts.jsonl,
8244,68.7,base_link,BODY,False,False,False,body_contacts.jsonl,
8245,68.70833333333333,base_link,BODY,False,False,False,body_contacts.jsonl,
8246,68.71666666666667,base_link,BODY,False,False,False,body_contacts.jsonl,
8247,68.725,base_link,BODY,False,False,False,body_contacts.jsonl,
8248,68.73333333333333,base_link,BODY,False,False,False,body_contacts.jsonl,
8249,68.74166666666666,base_link,BODY,False,False,False,body_contacts.jsonl,
8250,68.75,base_link,BODY,False,False,False,body_contacts.jsonl,
8251,68.75833333333333,base_link,BODY,False,False,False,body_contacts.jsonl,
8252,68.76666666666667,base_link,BODY,False,False,False,body_contacts.jsonl,
8253,68.775,base_link,BODY,False,False,False,body_contacts.jsonl,
8254,68.78333333333333,base_link,BODY,False,False,False,body_contacts.jsonl,
8255,68.79166666666667,base_link,BODY,False,False,False,body_contacts.jsonl,
8256,68.8,base_link,BODY,False,False,False,body_contacts.jsonl,
8257,68.80833333333334,base_link,BODY,False,False,False,body_contacts.jsonl,
8258,68.81666666666666,base_link,BODY,False,False,False,body_contacts.jsonl,
8259,68.825,base_link,BODY,False,False,False,body_contacts.jsonl,
8260,68.83333333333333,base_link,BODY,False,False,False,body_contacts.jsonl,
8261,68.84166666666667,base_link,BODY,False,False,False,body_contacts.jsonl,
8262,68.85,base_link,BODY,False,False,False,body_contacts.jsonl,
8263,68.85833333333333,base_link,BODY,False,False,False,body_contacts.jsonl,
8264,68.86666666666666,base_link,BODY,False,False,False,body_contacts.jsonl,
8265,68.875,base_link,BODY,False,False,False,body_contacts.jsonl,
8266,68.88333333333333,base_link,BODY,False,False,False,body_contacts.jsonl,
8267,68.89166666666667,base_link,BODY,False,False,False,body_contacts.jsonl,
8268,68.9,base_link,BODY,False,False,False,body_contacts.jsonl,
8269,68.90833333333333,base_link,BODY,False,False,False,body_contacts.jsonl,
8270,68.91666666666667,base_link,BODY,False,False,False,body_contacts.jsonl,
8271,68.925,base_link,BODY,False,False,False,body_contacts.jsonl,
8272,68.93333333333334,base_link,BODY,False,False,False,body_contacts.jsonl,
8273,68.94166666666666,base_link,BODY,False,False,False,body_contacts.jsonl,
8274,68.95,base_link,BODY,False,False,False,body_contacts.jsonl,
8275,68.95833333333333,base_link,BODY,False,False,False,body_contacts.jsonl,
8276,68.96666666666667,base_link,BODY,False,False,False,body_contacts.jsonl,
8277,68.975,base_link,BODY,False,False,False,body_contacts.jsonl,
8278,68.98333333333333,base_link,BODY,False,False,False,body_contacts.jsonl,
8279,68.99166666666666,base_link,BODY,False,False,False,body_contacts.jsonl,
8280,69.0,base_link,BODY,False,False,False,body_contacts.jsonl,
8281,69.00833333333333,base_link,BODY,False,False,False,body_contacts.jsonl,
8282,69.01666666666667,base_link,BODY,False,False,False,body_contacts.jsonl,
8283,69.025,base_link,BODY,False,False,False,body_contacts.jsonl,
8284,69.03333333333333,base_link,BODY,False,False,False,body_contacts.jsonl,
8285,69.04166666666667,base_link,BODY,False,False,False,body_contacts.jsonl,
8286,69.05,base_link,BODY,False,False,False,body_contacts.jsonl,
8287,69.05833333333334,base_link,BODY,False,False,False,body_contacts.jsonl,
8288,69.06666666666666,base_link,BODY,False,False,False,body_contacts.jsonl,
8289,69.075,base_link,BODY,False,False,False,body_contacts.jsonl,
8290,69.08333333333333,base_link,BODY,False,False,False,body_contacts.jsonl,
8291,69.09166666666667,base_link,BODY,False,False,False,body_contacts.jsonl,
8292,69.1,base_link,BODY,False,False,False,body_contacts.jsonl,
8293,69.10833333333333,base_link,BODY,False,False,False,body_contacts.jsonl,
8294,69.11666666666666,base_link,BODY,False,False,False,body_contacts.jsonl,
8295,69.125,base_link,BODY,False,False,False,body_contacts.jsonl,
8296,69.13333333333333,base_link,BODY,False,False,False,body_contacts.jsonl,
8297,69.14166666666667,base_link,BODY,False,False,False,body_contacts.jsonl,
8298,69.15,base_link,BODY,False,False,False,body_contacts.jsonl,
8299,69.15833333333333,base_link,BODY,False,False,False,body_contacts.jsonl,
8300,69.16666666666667,base_link,BODY,False,False,False,body_contacts.jsonl,
8301,69.175,base_link,BODY,False,False,False,body_contacts.jsonl,
8302,69.18333333333334,base_link,BODY,False,False,False,body_contacts.jsonl,
8303,69.19166666666666,base_link,BODY,False,False,False,body_contacts.jsonl,
8304,69.2,base_link,BODY,False,False,False,body_contacts.jsonl,
8305,69.20833333333333,base_link,BODY,False,False,False,body_contacts.jsonl,
8306,69.21666666666667,base_link,BODY,False,False,False,body_contacts.jsonl,
8307,69.225,base_link,BODY,False,False,False,body_contacts.jsonl,
8308,69.23333333333333,base_link,BODY,False,False,False,body_contacts.jsonl,
8309,69.24166666666666,base_link,BODY,False,False,False,body_contacts.jsonl,
8310,69.25,base_link,BODY,False,False,False,body_contacts.jsonl,
8311,69.25833333333333,base_link,BODY,False,False,False,body_contacts.jsonl,
8312,69.26666666666667,base_link,BODY,False,False,False,body_contacts.jsonl,
8313,69.275,base_link,BODY,False,False,False,body_contacts.jsonl,
8314,69.28333333333333,base_link,BODY,False,False,False,body_contacts.jsonl,
8315,69.29166666666667,base_link,BODY,False,False,False,body_contacts.jsonl,
8316,69.3,base_link,BODY,False,False,False,body_contacts.jsonl,
8317,69.30833333333334,base_link,BODY,False,False,False,body_contacts.jsonl,
8318,69.31666666666666,base_link,BODY,False,False,False,body_contacts.jsonl,
8319,69.325,base_link,BODY,False,False,False,body_contacts.jsonl,
8320,69.33333333333333,base_link,BODY,False,False,False,body_contacts.jsonl,
8321,69.34166666666667,base_link,BODY,False,False,False,body_contacts.jsonl,
8322,69.35,base_link,BODY,False,False,False,body_contacts.jsonl,
8323,69.35833333333333,base_link,BODY,False,False,False,body_contacts.jsonl,
8324,69.36666666666666,base_link,BODY,False,False,False,body_contacts.jsonl,
8325,69.375,base_link,BODY,False,False,False,body_contacts.jsonl,
8326,69.38333333333333,base_link,BODY,False,False,False,body_contacts.jsonl,
8327,69.39166666666667,base_link,BODY,False,False,False,body_contacts.jsonl,
8328,69.4,base_link,BODY,False,False,False,body_contacts.jsonl,
8329,69.40833333333333,base_link,BODY,False,False,False,body_contacts.jsonl,
8330,69.41666666666667,base_link,BODY,False,False,False,body_contacts.jsonl,
8331,69.425,base_link,BODY,False,False,False,body_contacts.jsonl,
8332,69.43333333333334,base_link,BODY,False,False,False,body_contacts.jsonl,
8333,69.44166666666666,base_link,BODY,False,False,False,body_contacts.jsonl,
8334,69.45,base_link,BODY,False,False,False,body_contacts.jsonl,
8335,69.45833333333333,base_link,BODY,False,False,False,body_contacts.jsonl,
8336,69.46666666666667,base_link,BODY,False,False,False,body_contacts.jsonl,
8337,69.475,base_link,BODY,False,False,False,body_contacts.jsonl,
8338,69.48333333333333,base_link,BODY,False,False,False,body_contacts.jsonl,
8339,69.49166666666666,base_link,BODY,False,False,False,body_contacts.jsonl,
8340,69.5,base_link,BODY,False,False,False,body_contacts.jsonl,
8341,69.50833333333333,base_link,BODY,False,False,False,body_contacts.jsonl,
8342,69.51666666666667,base_link,BODY,False,False,False,body_contacts.jsonl,
8343,69.525,base_link,BODY,False,False,False,body_contacts.jsonl,
8344,69.53333333333333,base_link,BODY,False,False,False,body_contacts.jsonl,
8345,69.54166666666667,base_link,BODY,False,False,False,body_contacts.jsonl,
8346,69.55,base_link,BODY,False,False,False,body_contacts.jsonl,
8347,69.55833333333334,base_link,BODY,False,False,False,body_contacts.jsonl,
8348,69.56666666666666,base_link,BODY,False,False,False,body_contacts.jsonl,
8349,69.575,base_link,BODY,False,False,False,body_contacts.jsonl,
8350,69.58333333333333,base_link,BODY,False,False,False,body_contacts.jsonl,
8351,69.59166666666667,base_link,BODY,False,False,False,body_contacts.jsonl,
8352,69.6,base_link,BODY,False,False,False,body_contacts.jsonl,
8353,69.60833333333333,base_link,BODY,False,False,False,body_contacts.jsonl,
8354,69.61666666666666,base_link,BODY,False,False,False,body_contacts.jsonl,
8355,69.625,base_link,BODY,False,False,False,body_contacts.jsonl,
8356,69.63333333333333,base_link,BODY,False,False,False,body_contacts.jsonl,
8357,69.64166666666667,base_link,BODY,False,False,False,body_contacts.jsonl,
8358,69.65,base_link,BODY,False,False,False,body_contacts.jsonl,
8359,69.65833333333333,base_link,BODY,False,False,False,body_contacts.jsonl,
8360,69.66666666666667,base_link,BODY,False,False,False,body_contacts.jsonl,
8361,69.675,base_link,BODY,False,False,False,body_contacts.jsonl,
8362,69.68333333333334,base_link,BODY,False,False,False,body_contacts.jsonl,
8363,69.69166666666666,base_link,BODY,False,False,False,body_contacts.jsonl,
8364,69.7,base_link,BODY,False,False,False,body_contacts.jsonl,
8365,69.70833333333333,base_link,BODY,False,False,False,body_contacts.jsonl,
8366,69.71666666666667,base_link,BODY,False,False,False,body_contacts.jsonl,
8367,69.725,base_link,BODY,False,False,False,body_contacts.jsonl,
8368,69.73333333333333,base_link,BODY,False,False,False,body_contacts.jsonl,
8369,69.74166666666666,base_link,BODY,False,False,False,body_contacts.jsonl,
8370,69.75,base_link,BODY,False,False,False,body_contacts.jsonl,
8371,69.75833333333333,base_link,BODY,False,False,False,body_contacts.jsonl,
8372,69.76666666666667,base_link,BODY,False,False,False,body_contacts.jsonl,
8373,69.775,base_link,BODY,False,False,False,body_contacts.jsonl,
8374,69.78333333333333,base_link,BODY,False,False,False,body_contacts.jsonl,
8375,69.79166666666667,base_link,BODY,False,False,False,body_contacts.jsonl,
8376,69.8,base_link,BODY,False,False,False,body_contacts.jsonl,
8377,69.80833333333334,base_link,BODY,False,False,False,body_contacts.jsonl,
8378,69.81666666666666,base_link,BODY,False,False,False,body_contacts.jsonl,
8379,69.825,base_link,BODY,False,False,False,body_contacts.jsonl,
8380,69.83333333333333,base_link,BODY,False,False,False,body_contacts.jsonl,
8381,69.84166666666667,base_link,BODY,False,False,False,body_contacts.jsonl,
8382,69.85,base_link,BODY,False,False,False,body_contacts.jsonl,
8383,69.85833333333333,base_link,BODY,False,False,False,body_contacts.jsonl,
8384,69.86666666666666,base_link,BODY,False,False,False,body_contacts.jsonl,
8385,69.875,base_link,BODY,False,False,False,body_contacts.jsonl,
8386,69.88333333333333,base_link,BODY,False,False,False,body_contacts.jsonl,
8387,69.89166666666667,base_link,BODY,False,False,False,body_contacts.jsonl,
8388,69.9,base_link,BODY,False,False,False,body_contacts.jsonl,
8389,69.90833333333333,base_link,BODY,False,False,False,body_contacts.jsonl,
8390,69.91666666666667,base_link,BODY,False,False,False,body_contacts.jsonl,
8391,69.925,base_link,BODY,False,False,False,body_contacts.jsonl,
8392,69.93333333333334,base_link,BODY,False,False,False,body_contacts.jsonl,
8393,69.94166666666666,base_link,BODY,False,False,False,body_contacts.jsonl,
8394,69.95,base_link,BODY,False,False,False,body_contacts.jsonl,
8395,69.95833333333333,base_link,BODY,False,False,False,body_contacts.jsonl,
8396,69.96666666666667,base_link,BODY,False,False,False,body_contacts.jsonl,
8397,69.975,base_link,BODY,False,False,False,body_contacts.jsonl,
8398,69.98333333333333,base_link,BODY,False,False,False,body_contacts.jsonl,
8399,69.99166666666666,base_link,BODY,False,False,False,body_contacts.jsonl,
8400,70.0,base_link,BODY,False,False,False,body_contacts.jsonl,
8401,70.00833333333333,base_link,BODY,False,False,False,body_contacts.jsonl,
8402,70.01666666666667,base_link,BODY,False,False,False,body_contacts.jsonl,
8403,70.025,base_link,BODY,False,False,False,body_contacts.jsonl,
8404,70.03333333333333,base_link,BODY,False,False,False,body_contacts.jsonl,
8405,70.04166666666667,base_link,BODY,False,False,False,body_contacts.jsonl,
8406,70.05,base_link,BODY,False,False,False,body_contacts.jsonl,
8407,70.05833333333334,base_link,BODY,False,False,False,body_contacts.jsonl,
8408,70.06666666666666,base_link,BODY,False,False,False,body_contacts.jsonl,
8409,70.075,base_link,BODY,False,False,False,body_contacts.jsonl,
8410,70.08333333333333,base_link,BODY,False,False,False,body_contacts.jsonl,
8411,70.09166666666667,base_link,BODY,False,False,False,body_contacts.jsonl,
8412,70.1,base_link,BODY,False,False,False,body_contacts.jsonl,
8413,70.10833333333333,base_link,BODY,False,False,False,body_contacts.jsonl,
8414,70.11666666666666,base_link,BODY,False,False,False,body_contacts.jsonl,
8415,70.125,base_link,BODY,False,False,False,body_contacts.jsonl,
8416,70.13333333333333,base_link,BODY,False,False,False,body_contacts.jsonl,
8417,70.14166666666667,base_link,BODY,False,False,False,body_contacts.jsonl,
8418,70.15,base_link,BODY,False,False,False,body_contacts.jsonl,
8419,70.15833333333333,base_link,BODY,False,False,False,body_contacts.jsonl,
8420,70.16666666666667,base_link,BODY,False,False,False,body_contacts.jsonl,
8421,70.175,base_link,BODY,False,False,False,body_contacts.jsonl,
8422,70.18333333333334,base_link,BODY,False,False,False,body_contacts.jsonl,
8423,70.19166666666666,base_link,BODY,False,False,False,body_contacts.jsonl,
8424,70.2,base_link,BODY,False,False,False,body_contacts.jsonl,
8425,70.20833333333333,base_link,BODY,False,False,False,body_contacts.jsonl,
8426,70.21666666666667,base_link,BODY,False,False,False,body_contacts.jsonl,
8427,70.225,base_link,BODY,False,False,False,body_contacts.jsonl,
8428,70.23333333333333,base_link,BODY,False,False,False,body_contacts.jsonl,
8429,70.24166666666666,base_link,BODY,False,False,False,body_contacts.jsonl,
8430,70.25,base_link,BODY,False,False,False,body_contacts.jsonl,
8431,70.25833333333333,base_link,BODY,False,False,False,body_contacts.jsonl,
8432,70.26666666666667,base_link,BODY,False,False,False,body_contacts.jsonl,
8433,70.275,base_link,BODY,False,False,False,body_contacts.jsonl,
8434,70.28333333333333,base_link,BODY,False,False,False,body_contacts.jsonl,
8435,70.29166666666667,base_link,BODY,False,False,False,body_contacts.jsonl,
8436,70.3,base_link,BODY,False,False,False,body_contacts.jsonl,
8437,70.30833333333334,base_link,BODY,False,False,False,body_contacts.jsonl,
8438,70.31666666666666,base_link,BODY,False,False,False,body_contacts.jsonl,
8439,70.325,base_link,BODY,False,False,False,body_contacts.jsonl,
8440,70.33333333333333,base_link,BODY,False,False,False,body_contacts.jsonl,
8441,70.34166666666667,base_link,BODY,False,False,False,body_contacts.jsonl,
8442,70.35,base_link,BODY,False,False,False,body_contacts.jsonl,
8443,70.35833333333333,base_link,BODY,False,False,False,body_contacts.jsonl,
8444,70.36666666666666,base_link,BODY,False,False,False,body_contacts.jsonl,
8445,70.375,base_link,BODY,False,False,False,body_contacts.jsonl,
8446,70.38333333333333,base_link,BODY,False,False,False,body_contacts.jsonl,
8447,70.39166666666667,base_link,BODY,False,False,False,body_contacts.jsonl,
8448,70.4,base_link,BODY,False,False,False,body_contacts.jsonl,
8449,70.40833333333333,base_link,BODY,False,False,False,body_contacts.jsonl,
8450,70.41666666666667,base_link,BODY,False,False,False,body_contacts.jsonl,
8451,70.425,base_link,BODY,False,False,False,body_contacts.jsonl,
8452,70.43333333333334,base_link,BODY,False,False,False,body_contacts.jsonl,
8453,70.44166666666666,base_link,BODY,False,False,False,body_contacts.jsonl,
8454,70.45,base_link,BODY,False,False,False,body_contacts.jsonl,
8455,70.45833333333333,base_link,BODY,False,False,False,body_contacts.jsonl,
8456,70.46666666666667,base_link,BODY,False,False,False,body_contacts.jsonl,
8457,70.475,base_link,BODY,False,False,False,body_contacts.jsonl,
8458,70.48333333333333,base_link,BODY,False,False,False,body_contacts.jsonl,
8459,70.49166666666666,base_link,BODY,False,False,False,body_contacts.jsonl,
8460,70.5,base_link,BODY,False,False,False,body_contacts.jsonl,
8461,70.50833333333333,base_link,BODY,False,False,False,body_contacts.jsonl,
8462,70.51666666666667,base_link,BODY,False,False,False,body_contacts.jsonl,
8463,70.525,base_link,BODY,False,False,False,body_contacts.jsonl,
8464,70.53333333333333,base_link,BODY,False,False,False,body_contacts.jsonl,
8465,70.54166666666667,base_link,BODY,False,False,False,body_contacts.jsonl,
8466,70.55,base_link,BODY,False,False,False,body_contacts.jsonl,
8467,70.55833333333334,base_link,BODY,False,False,False,body_contacts.jsonl,
8468,70.56666666666666,base_link,BODY,False,False,False,body_contacts.jsonl,
8469,70.575,base_link,BODY,False,False,False,body_contacts.jsonl,
8470,70.58333333333333,base_link,BODY,False,False,False,body_contacts.jsonl,
8471,70.59166666666667,base_link,BODY,False,False,False,body_contacts.jsonl,
8472,70.6,base_link,BODY,False,False,False,body_contacts.jsonl,
8473,70.60833333333333,base_link,BODY,False,False,False,body_contacts.jsonl,
8474,70.61666666666666,base_link,BODY,False,False,False,body_contacts.jsonl,
8475,70.625,base_link,BODY,False,False,False,body_contacts.jsonl,
8476,70.63333333333333,base_link,BODY,False,False,False,body_contacts.jsonl,
8477,70.64166666666667,base_link,BODY,False,False,False,body_contacts.jsonl,
8478,70.65,base_link,BODY,False,False,False,body_contacts.jsonl,
8479,70.65833333333333,base_link,BODY,False,False,False,body_contacts.jsonl,
8480,70.66666666666667,base_link,BODY,False,False,False,body_contacts.jsonl,
8481,70.675,base_link,BODY,False,False,False,body_contacts.jsonl,
8482,70.68333333333334,base_link,BODY,False,False,False,body_contacts.jsonl,
8483,70.69166666666666,base_link,BODY,False,False,False,body_contacts.jsonl,
8484,70.7,base_link,BODY,False,False,False,body_contacts.jsonl,
8485,70.70833333333333,base_link,BODY,False,False,False,body_contacts.jsonl,
8486,70.71666666666667,base_link,BODY,False,False,False,body_contacts.jsonl,
8487,70.725,base_link,BODY,False,False,False,body_contacts.jsonl,
8488,70.73333333333333,base_link,BODY,False,False,False,body_contacts.jsonl,
8489,70.74166666666666,base_link,BODY,False,False,False,body_contacts.jsonl,
8490,70.75,base_link,BODY,False,False,False,body_contacts.jsonl,
8491,70.75833333333333,base_link,BODY,False,False,False,body_contacts.jsonl,
8492,70.76666666666667,base_link,BODY,False,False,False,body_contacts.jsonl,
8493,70.775,base_link,BODY,False,False,False,body_contacts.jsonl,
8494,70.78333333333333,base_link,BODY,False,False,False,body_contacts.jsonl,
8495,70.79166666666667,base_link,BODY,False,False,False,body_contacts.jsonl,
8496,70.8,base_link,BODY,False,False,False,body_contacts.jsonl,
8497,70.80833333333334,base_link,BODY,False,False,False,body_contacts.jsonl,
8498,70.81666666666666,base_link,BODY,False,False,False,body_contacts.jsonl,
8499,70.825,base_link,BODY,False,False,False,body_contacts.jsonl,
8500,70.83333333333333,base_link,BODY,False,False,False,body_contacts.jsonl,
8501,70.84166666666667,base_link,BODY,False,False,False,body_contacts.jsonl,
8502,70.85,base_link,BODY,False,False,False,body_contacts.jsonl,
8503,70.85833333333333,base_link,BODY,False,False,False,body_contacts.jsonl,
8504,70.86666666666666,base_link,BODY,False,False,False,body_contacts.jsonl,
8505,70.875,base_link,BODY,False,False,False,body_contacts.jsonl,
8506,70.88333333333333,base_link,BODY,False,False,False,body_contacts.jsonl,
8507,70.89166666666667,base_link,BODY,False,False,False,body_contacts.jsonl,
8508,70.9,base_link,BODY,False,False,False,body_contacts.jsonl,
8509,70.90833333333333,base_link,BODY,False,False,False,body_contacts.jsonl,
8510,70.91666666666667,base_link,BODY,False,False,False,body_contacts.jsonl,
8511,70.925,base_link,BODY,False,False,False,body_contacts.jsonl,
8512,70.93333333333334,base_link,BODY,False,False,False,body_contacts.jsonl,
8513,70.94166666666666,base_link,BODY,False,False,False,body_contacts.jsonl,
8514,70.95,base_link,BODY,False,False,False,body_contacts.jsonl,
8515,70.95833333333333,base_link,BODY,False,False,False,body_contacts.jsonl,
8516,70.96666666666667,base_link,BODY,False,False,False,body_contacts.jsonl,
8517,70.975,base_link,BODY,False,False,False,body_contacts.jsonl,
8518,70.98333333333333,base_link,BODY,False,False,False,body_contacts.jsonl,
8519,70.99166666666666,base_link,BODY,False,False,False,body_contacts.jsonl,
8520,71.0,base_link,BODY,False,False,False,body_contacts.jsonl,
8521,71.00833333333333,base_link,BODY,False,False,False,body_contacts.jsonl,
8522,71.01666666666667,base_link,BODY,False,False,False,body_contacts.jsonl,
8523,71.025,base_link,BODY,False,False,False,body_contacts.jsonl,
8524,71.03333333333333,base_link,BODY,False,False,False,body_contacts.jsonl,
8525,71.04166666666667,base_link,BODY,False,False,False,body_contacts.jsonl,
8526,71.05,base_link,BODY,False,False,False,body_contacts.jsonl,
8527,71.05833333333334,base_link,BODY,False,False,False,body_contacts.jsonl,
8528,71.06666666666666,base_link,BODY,False,False,False,body_contacts.jsonl,
8529,71.075,base_link,BODY,False,False,False,body_contacts.jsonl,
8530,71.08333333333333,base_link,BODY,False,False,False,body_contacts.jsonl,
8531,71.09166666666667,base_link,BODY,False,False,False,body_contacts.jsonl,
8532,71.1,base_link,BODY,False,False,False,body_contacts.jsonl,
8533,71.10833333333333,base_link,BODY,False,False,False,body_contacts.jsonl,
8534,71.11666666666666,base_link,BODY,False,False,False,body_contacts.jsonl,
8535,71.125,base_link,BODY,False,False,False,body_contacts.jsonl,
8536,71.13333333333333,base_link,BODY,False,False,False,body_contacts.jsonl,
8537,71.14166666666667,base_link,BODY,False,False,False,body_contacts.jsonl,
8538,71.15,base_link,BODY,False,False,False,body_contacts.jsonl,
8539,71.15833333333333,base_link,BODY,False,False,False,body_contacts.jsonl,
8540,71.16666666666667,base_link,BODY,False,False,False,body_contacts.jsonl,
8541,71.175,base_link,BODY,False,False,False,body_contacts.jsonl,
8542,71.18333333333334,base_link,BODY,False,False,False,body_contacts.jsonl,
8543,71.19166666666666,base_link,BODY,False,False,False,body_contacts.jsonl,
8544,71.2,base_link,BODY,False,False,False,body_contacts.jsonl,
8545,71.20833333333333,base_link,BODY,False,False,False,body_contacts.jsonl,
8546,71.21666666666667,base_link,BODY,False,False,False,body_contacts.jsonl,
8547,71.225,base_link,BODY,False,False,False,body_contacts.jsonl,
8548,71.23333333333333,base_link,BODY,False,False,False,body_contacts.jsonl,
8549,71.24166666666666,base_link,BODY,False,False,False,body_contacts.jsonl,
8550,71.25,base_link,BODY,False,False,False,body_contacts.jsonl,
8551,71.25833333333333,base_link,BODY,False,False,False,body_contacts.jsonl,
8552,71.26666666666667,base_link,BODY,False,False,False,body_contacts.jsonl,
8553,71.275,base_link,BODY,False,False,False,body_contacts.jsonl,
8554,71.28333333333333,base_link,BODY,False,False,False,body_contacts.jsonl,
8555,71.29166666666667,base_link,BODY,False,False,False,body_contacts.jsonl,
8556,71.3,base_link,BODY,False,False,False,body_contacts.jsonl,
8557,71.30833333333334,base_link,BODY,False,False,False,body_contacts.jsonl,
8558,71.31666666666666,base_link,BODY,False,False,False,body_contacts.jsonl,
8559,71.325,base_link,BODY,False,False,False,body_contacts.jsonl,
8560,71.33333333333333,base_link,BODY,False,False,False,body_contacts.jsonl,
8561,71.34166666666667,base_link,BODY,False,False,False,body_contacts.jsonl,
8562,71.35,base_link,BODY,False,False,False,body_contacts.jsonl,
8563,71.35833333333333,base_link,BODY,False,False,False,body_contacts.jsonl,
8564,71.36666666666666,base_link,BODY,False,False,False,body_contacts.jsonl,
8565,71.375,base_link,BODY,False,False,False,body_contacts.jsonl,
8566,71.38333333333333,base_link,BODY,False,False,False,body_contacts.jsonl,
8567,71.39166666666667,base_link,BODY,False,False,False,body_contacts.jsonl,
8568,71.4,base_link,BODY,False,False,False,body_contacts.jsonl,
8569,71.40833333333333,base_link,BODY,False,False,False,body_contacts.jsonl,
8570,71.41666666666667,base_link,BODY,False,False,False,body_contacts.jsonl,
8571,71.425,base_link,BODY,False,False,False,body_contacts.jsonl,
8572,71.43333333333334,base_link,BODY,False,False,False,body_contacts.jsonl,
8573,71.44166666666666,base_link,BODY,False,False,False,body_contacts.jsonl,
8574,71.45,base_link,BODY,False,False,False,body_contacts.jsonl,
8575,71.45833333333333,base_link,BODY,False,False,False,body_contacts.jsonl,
8576,71.46666666666667,base_link,BODY,False,False,False,body_contacts.jsonl,
8577,71.475,base_link,BODY,False,False,False,body_contacts.jsonl,
8578,71.48333333333333,base_link,BODY,False,False,False,body_contacts.jsonl,
8579,71.49166666666666,base_link,BODY,False,False,False,body_contacts.jsonl,
8580,71.5,base_link,BODY,False,False,False,body_contacts.jsonl,
8581,71.50833333333333,base_link,BODY,False,False,False,body_contacts.jsonl,
8582,71.51666666666667,base_link,BODY,False,False,False,body_contacts.jsonl,
8583,71.525,base_link,BODY,False,False,False,body_contacts.jsonl,
8584,71.53333333333333,base_link,BODY,False,False,False,body_contacts.jsonl,
8585,71.54166666666667,base_link,BODY,False,False,False,body_contacts.jsonl,
8586,71.55,base_link,BODY,False,False,False,body_contacts.jsonl,
8587,71.55833333333334,base_link,BODY,False,False,False,body_contacts.jsonl,
8588,71.56666666666666,base_link,BODY,False,False,False,body_contacts.jsonl,
8589,71.575,base_link,BODY,False,False,False,body_contacts.jsonl,
8590,71.58333333333333,base_link,BODY,False,False,False,body_contacts.jsonl,
8591,71.59166666666667,base_link,BODY,False,False,False,body_contacts.jsonl,
8592,71.6,base_link,BODY,False,False,False,body_contacts.jsonl,
8593,71.60833333333333,base_link,BODY,False,False,False,body_contacts.jsonl,
8594,71.61666666666666,base_link,BODY,False,False,False,body_contacts.jsonl,
8595,71.625,base_link,BODY,False,False,False,body_contacts.jsonl,
8596,71.63333333333333,base_link,BODY,False,False,False,body_contacts.jsonl,
8597,71.64166666666667,base_link,BODY,False,False,False,body_contacts.jsonl,
8598,71.65,base_link,BODY,False,False,False,body_contacts.jsonl,
8599,71.65833333333333,base_link,BODY,False,False,False,body_contacts.jsonl,
8600,71.66666666666667,base_link,BODY,False,False,False,body_contacts.jsonl,
8601,71.675,base_link,BODY,False,False,False,body_contacts.jsonl,
8602,71.68333333333334,base_link,BODY,False,False,False,body_contacts.jsonl,
8603,71.69166666666666,base_link,BODY,False,False,False,body_contacts.jsonl,
8604,71.7,base_link,BODY,False,False,False,body_contacts.jsonl,
8605,71.70833333333333,base_link,BODY,False,False,False,body_contacts.jsonl,
8606,71.71666666666667,base_link,BODY,False,False,False,body_contacts.jsonl,
8607,71.725,base_link,BODY,False,False,False,body_contacts.jsonl,
8608,71.73333333333333,base_link,BODY,False,False,False,body_contacts.jsonl,
8609,71.74166666666666,base_link,BODY,False,False,False,body_contacts.jsonl,
8610,71.75,base_link,BODY,False,False,False,body_contacts.jsonl,
8611,71.75833333333333,base_link,BODY,False,False,False,body_contacts.jsonl,
8612,71.76666666666667,base_link,BODY,False,False,False,body_contacts.jsonl,
8613,71.775,base_link,BODY,False,False,False,body_contacts.jsonl,
8614,71.78333333333333,base_link,BODY,False,False,False,body_contacts.jsonl,
8615,71.79166666666667,base_link,BODY,False,False,False,body_contacts.jsonl,
8616,71.8,base_link,BODY,False,False,False,body_contacts.jsonl,
8617,71.80833333333334,base_link,BODY,False,False,False,body_contacts.jsonl,
8618,71.81666666666666,base_link,BODY,False,False,False,body_contacts.jsonl,
8619,71.825,base_link,BODY,False,False,False,body_contacts.jsonl,
8620,71.83333333333333,base_link,BODY,False,False,False,body_contacts.jsonl,
8621,71.84166666666667,base_link,BODY,False,False,False,body_contacts.jsonl,
8622,71.85,base_link,BODY,False,False,False,body_contacts.jsonl,
8623,71.85833333333333,base_link,BODY,False,False,False,body_contacts.jsonl,
8624,71.86666666666666,base_link,BODY,False,False,False,body_contacts.jsonl,
8625,71.875,base_link,BODY,False,False,False,body_contacts.jsonl,
8626,71.88333333333333,base_link,BODY,False,False,False,body_contacts.jsonl,
8627,71.89166666666667,base_link,BODY,False,False,False,body_contacts.jsonl,
8628,71.9,base_link,BODY,False,False,False,body_contacts.jsonl,
8629,71.90833333333333,base_link,BODY,False,False,False,body_contacts.jsonl,
8630,71.91666666666667,base_link,BODY,False,False,False,body_contacts.jsonl,
8631,71.925,base_link,BODY,False,False,False,body_contacts.jsonl,
8632,71.93333333333334,base_link,BODY,False,False,False,body_contacts.jsonl,
8633,71.94166666666666,base_link,BODY,False,False,False,body_contacts.jsonl,
8634,71.95,base_link,BODY,False,False,False,body_contacts.jsonl,
8635,71.95833333333333,base_link,BODY,False,False,False,body_contacts.jsonl,
8636,71.96666666666667,base_link,BODY,False,False,False,body_contacts.jsonl,
8637,71.975,base_link,BODY,False,False,False,body_contacts.jsonl,
8638,71.98333333333333,base_link,BODY,False,False,False,body_contacts.jsonl,
8639,71.99166666666666,base_link,BODY,False,False,False,body_contacts.jsonl,
8640,72.0,base_link,BODY,False,False,False,body_contacts.jsonl,
8641,72.00833333333333,base_link,BODY,False,False,False,body_contacts.jsonl,
8642,72.01666666666667,base_link,BODY,False,False,False,body_contacts.jsonl,
8643,72.025,base_link,BODY,False,False,False,body_contacts.jsonl,
8644,72.03333333333333,base_link,BODY,False,False,False,body_contacts.jsonl,
8645,72.04166666666667,base_link,BODY,False,False,False,body_contacts.jsonl,
8646,72.05,base_link,BODY,False,False,False,body_contacts.jsonl,
8647,72.05833333333334,base_link,BODY,False,False,False,body_contacts.jsonl,
8648,72.06666666666666,base_link,BODY,False,False,False,body_contacts.jsonl,
8649,72.075,base_link,BODY,False,False,False,body_contacts.jsonl,
8650,72.08333333333333,base_link,BODY,False,False,False,body_contacts.jsonl,
8651,72.09166666666667,base_link,BODY,False,False,False,body_contacts.jsonl,
8652,72.1,base_link,BODY,False,False,False,body_contacts.jsonl,
8653,72.10833333333333,base_link,BODY,False,False,False,body_contacts.jsonl,
8654,72.11666666666666,base_link,BODY,False,False,False,body_contacts.jsonl,
8655,72.125,base_link,BODY,False,False,False,body_contacts.jsonl,
8656,72.13333333333333,base_link,BODY,False,False,False,body_contacts.jsonl,
8657,72.14166666666667,base_link,BODY,False,False,False,body_contacts.jsonl,
8658,72.15,base_link,BODY,False,False,False,body_contacts.jsonl,
8659,72.15833333333333,base_link,BODY,False,False,False,body_contacts.jsonl,
8660,72.16666666666667,base_link,BODY,False,False,False,body_contacts.jsonl,
8661,72.175,base_link,BODY,False,False,False,body_contacts.jsonl,
8662,72.18333333333334,base_link,BODY,False,False,False,body_contacts.jsonl,
8663,72.19166666666666,base_link,BODY,False,False,False,body_contacts.jsonl,
8664,72.2,base_link,BODY,False,False,False,body_contacts.jsonl,
8665,72.20833333333333,base_link,BODY,False,False,False,body_contacts.jsonl,
8666,72.21666666666667,base_link,BODY,False,False,False,body_contacts.jsonl,
8667,72.225,base_link,BODY,False,False,False,body_contacts.jsonl,
8668,72.23333333333333,base_link,BODY,False,False,False,body_contacts.jsonl,
8669,72.24166666666666,base_link,BODY,False,False,False,body_contacts.jsonl,
8670,72.25,base_link,BODY,False,False,False,body_contacts.jsonl,
8671,72.25833333333333,base_link,BODY,False,False,False,body_contacts.jsonl,
8672,72.26666666666667,base_link,BODY,False,False,False,body_contacts.jsonl,
8673,72.275,base_link,BODY,False,False,False,body_contacts.jsonl,
8674,72.28333333333333,base_link,BODY,False,False,False,body_contacts.jsonl,
8675,72.29166666666667,base_link,BODY,False,False,False,body_contacts.jsonl,
8676,72.3,base_link,BODY,False,False,False,body_contacts.jsonl,
8677,72.30833333333334,base_link,BODY,False,False,False,body_contacts.jsonl,
8678,72.31666666666666,base_link,BODY,False,False,False,body_contacts.jsonl,
8679,72.325,base_link,BODY,False,False,False,body_contacts.jsonl,
8680,72.33333333333333,base_link,BODY,False,False,False,body_contacts.jsonl,
8681,72.34166666666667,base_link,BODY,False,False,False,body_contacts.jsonl,
8682,72.35,base_link,BODY,False,False,False,body_contacts.jsonl,
8683,72.35833333333333,base_link,BODY,False,False,False,body_contacts.jsonl,
8684,72.36666666666666,base_link,BODY,False,False,False,body_contacts.jsonl,
8685,72.375,base_link,BODY,False,False,False,body_contacts.jsonl,
8686,72.38333333333333,base_link,BODY,False,False,False,body_contacts.jsonl,
8687,72.39166666666667,base_link,BODY,False,False,False,body_contacts.jsonl,
8688,72.4,base_link,BODY,False,False,False,body_contacts.jsonl,
8689,72.40833333333333,base_link,BODY,False,False,False,body_contacts.jsonl,
8690,72.41666666666667,base_link,BODY,False,False,False,body_contacts.jsonl,
8691,72.425,base_link,BODY,False,False,False,body_contacts.jsonl,
8692,72.43333333333334,base_link,BODY,False,False,False,body_contacts.jsonl,
8693,72.44166666666666,base_link,BODY,False,False,False,body_contacts.jsonl,
8694,72.45,base_link,BODY,False,False,False,body_contacts.jsonl,
8695,72.45833333333333,base_link,BODY,False,False,False,body_contacts.jsonl,
8696,72.46666666666667,base_link,BODY,False,False,False,body_contacts.jsonl,
8697,72.475,base_link,BODY,False,False,False,body_contacts.jsonl,
8698,72.48333333333333,base_link,BODY,False,False,False,body_contacts.jsonl,
8699,72.49166666666666,base_link,BODY,False,False,False,body_contacts.jsonl,
8700,72.5,base_link,BODY,False,False,False,body_contacts.jsonl,
8701,72.50833333333333,base_link,BODY,False,False,False,body_contacts.jsonl,
8702,72.51666666666667,base_link,BODY,False,False,False,body_contacts.jsonl,
8703,72.525,base_link,BODY,False,False,False,body_contacts.jsonl,
8704,72.53333333333333,base_link,BODY,False,False,False,body_contacts.jsonl,
8705,72.54166666666667,base_link,BODY,False,False,False,body_contacts.jsonl,
8706,72.55,base_link,BODY,False,False,False,body_contacts.jsonl,
8707,72.55833333333334,base_link,BODY,False,False,False,body_contacts.jsonl,
8708,72.56666666666666,base_link,BODY,False,False,False,body_contacts.jsonl,
8709,72.575,base_link,BODY,False,False,False,body_contacts.jsonl,
8710,72.58333333333333,base_link,BODY,False,False,False,body_contacts.jsonl,
8711,72.59166666666667,base_link,BODY,False,False,False,body_contacts.jsonl,
8712,72.6,base_link,BODY,False,False,False,body_contacts.jsonl,
8713,72.60833333333333,base_link,BODY,False,False,False,body_contacts.jsonl,
8714,72.61666666666666,base_link,BODY,False,False,False,body_contacts.jsonl,
8715,72.625,base_link,BODY,False,False,False,body_contacts.jsonl,
8716,72.63333333333333,base_link,BODY,False,False,False,body_contacts.jsonl,
8717,72.64166666666667,base_link,BODY,False,False,False,body_contacts.jsonl,
8718,72.65,base_link,BODY,False,False,False,body_contacts.jsonl,
8719,72.65833333333333,base_link,BODY,False,False,False,body_contacts.jsonl,
8720,72.66666666666667,base_link,BODY,False,False,False,body_contacts.jsonl,
8721,72.675,base_link,BODY,False,False,False,body_contacts.jsonl,
8722,72.68333333333334,base_link,BODY,False,False,False,body_contacts.jsonl,
8723,72.69166666666666,base_link,BODY,False,False,False,body_contacts.jsonl,
8724,72.7,base_link,BODY,False,False,False,body_contacts.jsonl,
8725,72.70833333333333,base_link,BODY,False,False,False,body_contacts.jsonl,
8726,72.71666666666667,base_link,BODY,False,False,False,body_contacts.jsonl,
8727,72.725,base_link,BODY,False,False,False,body_contacts.jsonl,
8728,72.73333333333333,base_link,BODY,False,False,False,body_contacts.jsonl,
8729,72.74166666666666,base_link,BODY,False,False,False,body_contacts.jsonl,
8730,72.75,base_link,BODY,False,False,False,body_contacts.jsonl,
8731,72.75833333333333,base_link,BODY,False,False,False,body_contacts.jsonl,
8732,72.76666666666667,base_link,BODY,False,False,False,body_contacts.jsonl,
8733,72.775,base_link,BODY,False,False,False,body_contacts.jsonl,
8734,72.78333333333333,base_link,BODY,False,False,False,body_contacts.jsonl,
8735,72.79166666666667,base_link,BODY,False,False,False,body_contacts.jsonl,
8736,72.8,base_link,BODY,False,False,False,body_contacts.jsonl,
8737,72.80833333333334,base_link,BODY,False,False,False,body_contacts.jsonl,
8738,72.81666666666666,base_link,BODY,False,False,False,body_contacts.jsonl,
8739,72.825,base_link,BODY,False,False,False,body_contacts.jsonl,
8740,72.83333333333333,base_link,BODY,False,False,False,body_contacts.jsonl,
8741,72.84166666666667,base_link,BODY,False,False,False,body_contacts.jsonl,
8742,72.85,base_link,BODY,False,False,False,body_contacts.jsonl,
8743,72.85833333333333,base_link,BODY,False,False,False,body_contacts.jsonl,
8744,72.86666666666666,base_link,BODY,False,False,False,body_contacts.jsonl,
8745,72.875,base_link,BODY,False,False,False,body_contacts.jsonl,
8746,72.88333333333333,base_link,BODY,False,False,False,body_contacts.jsonl,
8747,72.89166666666667,base_link,BODY,False,False,False,body_contacts.jsonl,
8748,72.9,base_link,BODY,False,False,False,body_contacts.jsonl,
8749,72.90833333333333,base_link,BODY,False,False,False,body_contacts.jsonl,
8750,72.91666666666667,base_link,BODY,False,False,False,body_contacts.jsonl,
8751,72.925,base_link,BODY,False,False,False,body_contacts.jsonl,
8752,72.93333333333334,base_link,BODY,False,False,False,body_contacts.jsonl,
8753,72.94166666666666,base_link,BODY,False,False,False,body_contacts.jsonl,
8754,72.95,base_link,BODY,False,False,False,body_contacts.jsonl,
8755,72.95833333333333,base_link,BODY,False,False,False,body_contacts.jsonl,
8756,72.96666666666667,base_link,BODY,False,False,False,body_contacts.jsonl,
8757,72.975,base_link,BODY,False,False,False,body_contacts.jsonl,
8758,72.98333333333333,base_link,BODY,False,False,False,body_contacts.jsonl,
8759,72.99166666666666,base_link,BODY,False,False,False,body_contacts.jsonl,
8760,73.0,base_link,BODY,False,False,False,body_contacts.jsonl,
8761,73.00833333333333,base_link,BODY,False,False,False,body_contacts.jsonl,
8762,73.01666666666667,base_link,BODY,False,False,False,body_contacts.jsonl,
8763,73.025,base_link,BODY,False,False,False,body_contacts.jsonl,
8764,73.03333333333333,base_link,BODY,False,False,False,body_contacts.jsonl,
8765,73.04166666666667,base_link,BODY,False,False,False,body_contacts.jsonl,
8766,73.05,base_link,BODY,False,False,False,body_contacts.jsonl,
8767,73.05833333333334,base_link,BODY,False,False,False,body_contacts.jsonl,
8768,73.06666666666666,base_link,BODY,False,False,False,body_contacts.jsonl,
8769,73.075,base_link,BODY,False,False,False,body_contacts.jsonl,
8770,73.08333333333333,base_link,BODY,False,False,False,body_contacts.jsonl,
8771,73.09166666666667,base_link,BODY,False,False,False,body_contacts.jsonl,
8772,73.1,base_link,BODY,False,False,False,body_contacts.jsonl,
8773,73.10833333333333,base_link,BODY,False,False,False,body_contacts.jsonl,
8774,73.11666666666666,base_link,BODY,False,False,False,body_contacts.jsonl,
8775,73.125,base_link,BODY,False,False,False,body_contacts.jsonl,
8776,73.13333333333333,base_link,BODY,False,False,False,body_contacts.jsonl,
8777,73.14166666666667,base_link,BODY,False,False,False,body_contacts.jsonl,
8778,73.15,base_link,BODY,False,False,False,body_contacts.jsonl,
8779,73.15833333333333,base_link,BODY,False,False,False,body_contacts.jsonl,
8780,73.16666666666667,base_link,BODY,False,False,False,body_contacts.jsonl,
8781,73.175,base_link,BODY,False,False,False,body_contacts.jsonl,
8782,73.18333333333334,base_link,BODY,False,False,False,body_contacts.jsonl,
8783,73.19166666666666,base_link,BODY,False,False,False,body_contacts.jsonl,
8784,73.2,base_link,BODY,False,False,False,body_contacts.jsonl,
8785,73.20833333333333,base_link,BODY,False,False,False,body_contacts.jsonl,
8786,73.21666666666667,base_link,BODY,False,False,False,body_contacts.jsonl,
8787,73.225,base_link,BODY,False,False,False,body_contacts.jsonl,
8788,73.23333333333333,base_link,BODY,False,False,False,body_contacts.jsonl,
8789,73.24166666666666,base_link,BODY,False,False,False,body_contacts.jsonl,
8790,73.25,base_link,BODY,False,False,False,body_contacts.jsonl,
8791,73.25833333333333,base_link,BODY,False,False,False,body_contacts.jsonl,
8792,73.26666666666667,base_link,BODY,False,False,False,body_contacts.jsonl,
8793,73.275,base_link,BODY,False,False,False,body_contacts.jsonl,
8794,73.28333333333333,base_link,BODY,False,False,False,body_contacts.jsonl,
8795,73.29166666666667,base_link,BODY,False,False,False,body_contacts.jsonl,
8796,73.3,base_link,BODY,False,False,False,body_contacts.jsonl,
8797,73.30833333333334,base_link,BODY,False,False,False,body_contacts.jsonl,
8798,73.31666666666666,base_link,BODY,False,False,False,body_contacts.jsonl,
8799,73.325,base_link,BODY,False,False,False,body_contacts.jsonl,
8800,73.33333333333333,base_link,BODY,False,False,False,body_contacts.jsonl,
8801,73.34166666666667,base_link,BODY,False,False,False,body_contacts.jsonl,
8802,73.35,base_link,BODY,False,False,False,body_contacts.jsonl,
8803,73.35833333333333,base_link,BODY,False,False,False,body_contacts.jsonl,
8804,73.36666666666666,base_link,BODY,False,False,False,body_contacts.jsonl,
8805,73.375,base_link,BODY,False,False,False,body_contacts.jsonl,
8806,73.38333333333333,base_link,BODY,False,False,False,body_contacts.jsonl,
8807,73.39166666666667,base_link,BODY,False,False,False,body_contacts.jsonl,
8808,73.4,base_link,BODY,False,False,False,body_contacts.jsonl,
8809,73.40833333333333,base_link,BODY,False,False,False,body_contacts.jsonl,
8810,73.41666666666667,base_link,BODY,False,False,False,body_contacts.jsonl,
8811,73.425,base_link,BODY,False,False,False,body_contacts.jsonl,
8812,73.43333333333334,base_link,BODY,False,False,False,body_contacts.jsonl,
8813,73.44166666666666,base_link,BODY,False,False,False,body_contacts.jsonl,
8814,73.45,base_link,BODY,False,False,False,body_contacts.jsonl,
8815,73.45833333333333,base_link,BODY,False,False,False,body_contacts.jsonl,
8816,73.46666666666667,base_link,BODY,False,False,False,body_contacts.jsonl,
8817,73.475,base_link,BODY,False,False,False,body_contacts.jsonl,
8818,73.48333333333333,base_link,BODY,False,False,False,body_contacts.jsonl,
8819,73.49166666666666,base_link,BODY,False,False,False,body_contacts.jsonl,
8820,73.5,base_link,BODY,False,False,False,body_contacts.jsonl,
8821,73.50833333333333,base_link,BODY,False,False,False,body_contacts.jsonl,
8822,73.51666666666667,base_link,BODY,False,False,False,body_contacts.jsonl,
8823,73.525,base_link,BODY,False,False,False,body_contacts.jsonl,
8824,73.53333333333333,base_link,BODY,False,False,False,body_contacts.jsonl,
8825,73.54166666666667,base_link,BODY,False,False,False,body_contacts.jsonl,
8826,73.55,base_link,BODY,False,False,False,body_contacts.jsonl,
8827,73.55833333333334,base_link,BODY,False,False,False,body_contacts.jsonl,
8828,73.56666666666666,base_link,BODY,False,False,False,body_contacts.jsonl,
8829,73.575,base_link,BODY,False,False,False,body_contacts.jsonl,
8830,73.58333333333333,base_link,BODY,False,False,False,body_contacts.jsonl,
8831,73.59166666666667,base_link,BODY,False,False,False,body_contacts.jsonl,
8832,73.6,base_link,BODY,False,False,False,body_contacts.jsonl,
8833,73.60833333333333,base_link,BODY,False,False,False,body_contacts.jsonl,
8834,73.61666666666666,base_link,BODY,False,False,False,body_contacts.jsonl,
8835,73.625,base_link,BODY,False,False,False,body_contacts.jsonl,
8836,73.63333333333333,base_link,BODY,False,False,False,body_contacts.jsonl,
8837,73.64166666666667,base_link,BODY,False,False,False,body_contacts.jsonl,
8838,73.65,base_link,BODY,False,False,False,body_contacts.jsonl,
8839,73.65833333333333,base_link,BODY,False,False,False,body_contacts.jsonl,
8840,73.66666666666667,base_link,BODY,False,False,False,body_contacts.jsonl,
8841,73.675,base_link,BODY,False,False,False,body_contacts.jsonl,
8842,73.68333333333334,base_link,BODY,False,False,False,body_contacts.jsonl,
8843,73.69166666666666,base_link,BODY,False,False,False,body_contacts.jsonl,
8844,73.7,base_link,BODY,False,False,False,body_contacts.jsonl,
8845,73.70833333333333,base_link,BODY,False,False,False,body_contacts.jsonl,
8846,73.71666666666667,base_link,BODY,False,False,False,body_contacts.jsonl,
8847,73.725,base_link,BODY,False,False,False,body_contacts.jsonl,
8848,73.73333333333333,base_link,BODY,False,False,False,body_contacts.jsonl,
8849,73.74166666666666,base_link,BODY,False,False,False,body_contacts.jsonl,
8850,73.75,base_link,BODY,False,False,False,body_contacts.jsonl,
8851,73.75833333333333,base_link,BODY,False,False,False,body_contacts.jsonl,
8852,73.76666666666667,base_link,BODY,False,False,False,body_contacts.jsonl,
8853,73.775,base_link,BODY,False,False,False,body_contacts.jsonl,
8854,73.78333333333333,base_link,BODY,False,False,False,body_contacts.jsonl,
8855,73.79166666666667,base_link,BODY,False,False,False,body_contacts.jsonl,
8856,73.8,base_link,BODY,False,False,False,body_contacts.jsonl,
8857,73.80833333333334,base_link,BODY,False,False,False,body_contacts.jsonl,
8858,73.81666666666666,base_link,BODY,False,False,False,body_contacts.jsonl,
8859,73.825,base_link,BODY,False,False,False,body_contacts.jsonl,
8860,73.83333333333333,base_link,BODY,False,False,False,body_contacts.jsonl,
8861,73.84166666666667,base_link,BODY,False,False,False,body_contacts.jsonl,
8862,73.85,base_link,BODY,False,False,False,body_contacts.jsonl,
8863,73.85833333333333,base_link,BODY,False,False,False,body_contacts.jsonl,
8864,73.86666666666666,base_link,BODY,False,False,False,body_contacts.jsonl,
8865,73.875,base_link,BODY,False,False,False,body_contacts.jsonl,
8866,73.88333333333333,base_link,BODY,False,False,False,body_contacts.jsonl,
8867,73.89166666666667,base_link,BODY,False,False,False,body_contacts.jsonl,
8868,73.9,base_link,BODY,False,False,False,body_contacts.jsonl,
8869,73.90833333333333,base_link,BODY,False,False,False,body_contacts.jsonl,
8870,73.91666666666667,base_link,BODY,False,False,False,body_contacts.jsonl,
8871,73.925,base_link,BODY,False,False,False,body_contacts.jsonl,
8872,73.93333333333334,base_link,BODY,False,False,False,body_contacts.jsonl,
8873,73.94166666666666,base_link,BODY,False,False,False,body_contacts.jsonl,
8874,73.95,base_link,BODY,False,False,False,body_contacts.jsonl,
8875,73.95833333333333,base_link,BODY,False,False,False,body_contacts.jsonl,
8876,73.96666666666667,base_link,BODY,False,False,False,body_contacts.jsonl,
8877,73.975,base_link,BODY,False,False,False,body_contacts.jsonl,
8878,73.98333333333333,base_link,BODY,False,False,False,body_contacts.jsonl,
8879,73.99166666666666,base_link,BODY,False,False,False,body_contacts.jsonl,
8880,74.0,base_link,BODY,False,False,False,body_contacts.jsonl,
8881,74.00833333333333,base_link,BODY,False,False,False,body_contacts.jsonl,
8882,74.01666666666667,base_link,BODY,False,False,False,body_contacts.jsonl,
8883,74.025,base_link,BODY,False,False,False,body_contacts.jsonl,
8884,74.03333333333333,base_link,BODY,False,False,False,body_contacts.jsonl,
8885,74.04166666666667,base_link,BODY,False,False,False,body_contacts.jsonl,
8886,74.05,base_link,BODY,False,False,False,body_contacts.jsonl,
8887,74.05833333333334,base_link,BODY,False,False,False,body_contacts.jsonl,
8888,74.06666666666666,base_link,BODY,False,False,False,body_contacts.jsonl,
8889,74.075,base_link,BODY,False,False,False,body_contacts.jsonl,
8890,74.08333333333333,base_link,BODY,False,False,False,body_contacts.jsonl,
8891,74.09166666666667,base_link,BODY,False,False,False,body_contacts.jsonl,
8892,74.1,base_link,BODY,False,False,False,body_contacts.jsonl,
8893,74.10833333333333,base_link,BODY,False,False,False,body_contacts.jsonl,
8894,74.11666666666666,base_link,BODY,False,False,False,body_contacts.jsonl,
8895,74.125,base_link,BODY,False,False,False,body_contacts.jsonl,
8896,74.13333333333333,base_link,BODY,False,False,False,body_contacts.jsonl,
8897,74.14166666666667,base_link,BODY,False,False,False,body_contacts.jsonl,
8898,74.15,base_link,BODY,False,False,False,body_contacts.jsonl,
8899,74.15833333333333,base_link,BODY,False,False,False,body_contacts.jsonl,
8900,74.16666666666667,base_link,BODY,False,False,False,body_contacts.jsonl,
8901,74.175,base_link,BODY,False,False,False,body_contacts.jsonl,
8902,74.18333333333334,base_link,BODY,False,False,False,body_contacts.jsonl,
8903,74.19166666666666,base_link,BODY,False,False,False,body_contacts.jsonl,
8904,74.2,base_link,BODY,False,False,False,body_contacts.jsonl,
8905,74.20833333333333,base_link,BODY,False,False,False,body_contacts.jsonl,
8906,74.21666666666667,base_link,BODY,False,False,False,body_contacts.jsonl,
8907,74.225,base_link,BODY,False,False,False,body_contacts.jsonl,
8908,74.23333333333333,base_link,BODY,False,False,False,body_contacts.jsonl,
8909,74.24166666666666,base_link,BODY,False,False,False,body_contacts.jsonl,
8910,74.25,base_link,BODY,False,False,False,body_contacts.jsonl,
8911,74.25833333333333,base_link,BODY,False,False,False,body_contacts.jsonl,
8912,74.26666666666667,base_link,BODY,False,False,False,body_contacts.jsonl,
8913,74.275,base_link,BODY,False,False,False,body_contacts.jsonl,
8914,74.28333333333333,base_link,BODY,False,False,False,body_contacts.jsonl,
8915,74.29166666666667,base_link,BODY,False,False,False,body_contacts.jsonl,
8916,74.3,base_link,BODY,False,False,False,body_contacts.jsonl,
8917,74.30833333333334,base_link,BODY,False,False,False,body_contacts.jsonl,
8918,74.31666666666666,base_link,BODY,False,False,False,body_contacts.jsonl,
8919,74.325,base_link,BODY,False,False,False,body_contacts.jsonl,
8920,74.33333333333333,base_link,BODY,False,False,False,body_contacts.jsonl,
8921,74.34166666666667,base_link,BODY,False,False,False,body_contacts.jsonl,
8922,74.35,base_link,BODY,False,False,False,body_contacts.jsonl,
8923,74.35833333333333,base_link,BODY,False,False,False,body_contacts.jsonl,
8924,74.36666666666666,base_link,BODY,False,False,False,body_contacts.jsonl,
8925,74.375,base_link,BODY,False,False,False,body_contacts.jsonl,
8926,74.38333333333333,base_link,BODY,False,False,False,body_contacts.jsonl,
8927,74.39166666666667,base_link,BODY,False,False,False,body_contacts.jsonl,
8928,74.4,base_link,BODY,False,False,False,body_contacts.jsonl,
8929,74.40833333333333,base_link,BODY,False,False,False,body_contacts.jsonl,
8930,74.41666666666667,base_link,BODY,False,False,False,body_contacts.jsonl,
8931,74.425,base_link,BODY,False,False,False,body_contacts.jsonl,
8932,74.43333333333334,base_link,BODY,False,False,False,body_contacts.jsonl,
8933,74.44166666666666,base_link,BODY,False,False,False,body_contacts.jsonl,
8934,74.45,base_link,BODY,False,False,False,body_contacts.jsonl,
8935,74.45833333333333,base_link,BODY,False,False,False,body_contacts.jsonl,
8936,74.46666666666667,base_link,BODY,False,False,False,body_contacts.jsonl,
8937,74.475,base_link,BODY,False,False,False,body_contacts.jsonl,
8938,74.48333333333333,base_link,BODY,False,False,False,body_contacts.jsonl,
8939,74.49166666666666,base_link,BODY,False,False,False,body_contacts.jsonl,
8940,74.5,base_link,BODY,False,False,False,body_contacts.jsonl,
8941,74.50833333333333,base_link,BODY,False,False,False,body_contacts.jsonl,
8942,74.51666666666667,base_link,BODY,False,False,False,body_contacts.jsonl,
8943,74.525,base_link,BODY,False,False,False,body_contacts.jsonl,
8944,74.53333333333333,base_link,BODY,False,False,False,body_contacts.jsonl,
8945,74.54166666666667,base_link,BODY,False,False,False,body_contacts.jsonl,
8946,74.55,base_link,BODY,False,False,False,body_contacts.jsonl,
8947,74.55833333333334,base_link,BODY,False,False,False,body_contacts.jsonl,
8948,74.56666666666666,base_link,BODY,False,False,False,body_contacts.jsonl,
8949,74.575,base_link,BODY,False,False,False,body_contacts.jsonl,
8950,74.58333333333333,base_link,BODY,False,False,False,body_contacts.jsonl,
8951,74.59166666666667,base_link,BODY,False,False,False,body_contacts.jsonl,
8952,74.6,base_link,BODY,False,False,False,body_contacts.jsonl,
8953,74.60833333333333,base_link,BODY,False,False,False,body_contacts.jsonl,
8954,74.61666666666666,base_link,BODY,False,False,False,body_contacts.jsonl,
8955,74.625,base_link,BODY,False,False,False,body_contacts.jsonl,
8956,74.63333333333333,base_link,BODY,False,False,False,body_contacts.jsonl,
8957,74.64166666666667,base_link,BODY,False,False,False,body_contacts.jsonl,
8958,74.65,base_link,BODY,False,False,False,body_contacts.jsonl,
8959,74.65833333333333,base_link,BODY,False,False,False,body_contacts.jsonl,
8960,74.66666666666667,base_link,BODY,False,False,False,body_contacts.jsonl,
8961,74.675,base_link,BODY,False,False,False,body_contacts.jsonl,
8962,74.68333333333334,base_link,BODY,False,False,False,body_contacts.jsonl,
8963,74.69166666666666,base_link,BODY,False,False,False,body_contacts.jsonl,
8964,74.7,base_link,BODY,False,False,False,body_contacts.jsonl,
8965,74.70833333333333,base_link,BODY,False,False,False,body_contacts.jsonl,
8966,74.71666666666667,base_link,BODY,False,False,False,body_contacts.jsonl,
8967,74.725,base_link,BODY,False,False,False,body_contacts.jsonl,
8968,74.73333333333333,base_link,BODY,False,False,False,body_contacts.jsonl,
8969,74.74166666666666,base_link,BODY,False,False,False,body_contacts.jsonl,
8970,74.75,base_link,BODY,False,False,False,body_contacts.jsonl,
8971,74.75833333333333,base_link,BODY,False,False,False,body_contacts.jsonl,
8972,74.76666666666667,base_link,BODY,False,False,False,body_contacts.jsonl,
8973,74.775,base_link,BODY,False,False,False,body_contacts.jsonl,
8974,74.78333333333333,base_link,BODY,False,False,False,body_contacts.jsonl,
8975,74.79166666666667,base_link,BODY,False,False,False,body_contacts.jsonl,
8976,74.8,base_link,BODY,False,False,False,body_contacts.jsonl,
8977,74.80833333333334,base_link,BODY,False,False,False,body_contacts.jsonl,
8978,74.81666666666666,base_link,BODY,False,False,False,body_contacts.jsonl,
8979,74.825,base_link,BODY,False,False,False,body_contacts.jsonl,
8980,74.83333333333333,base_link,BODY,False,False,False,body_contacts.jsonl,
8981,74.84166666666667,base_link,BODY,False,False,False,body_contacts.jsonl,
8982,74.85,base_link,BODY,False,False,False,body_contacts.jsonl,
8983,74.85833333333333,base_link,BODY,False,False,False,body_contacts.jsonl,
8984,74.86666666666666,base_link,BODY,False,False,False,body_contacts.jsonl,
8985,74.875,base_link,BODY,False,False,False,body_contacts.jsonl,
8986,74.88333333333333,base_link,BODY,False,False,False,body_contacts.jsonl,
8987,74.89166666666667,base_link,BODY,False,False,False,body_contacts.jsonl,
8988,74.9,base_link,BODY,False,False,False,body_contacts.jsonl,
8989,74.90833333333333,base_link,BODY,False,False,False,body_contacts.jsonl,
8990,74.91666666666667,base_link,BODY,False,False,False,body_contacts.jsonl,
8991,74.925,base_link,BODY,False,False,False,body_contacts.jsonl,
8992,74.93333333333334,base_link,BODY,False,False,False,body_contacts.jsonl,
8993,74.94166666666666,base_link,BODY,False,False,False,body_contacts.jsonl,
8994,74.95,base_link,BODY,False,False,False,body_contacts.jsonl,
8995,74.95833333333333,base_link,BODY,False,False,False,body_contacts.jsonl,
8996,74.96666666666667,base_link,BODY,False,False,False,body_contacts.jsonl,
8997,74.975,base_link,BODY,False,False,False,body_contacts.jsonl,
8998,74.98333333333333,base_link,BODY,False,False,False,body_contacts.jsonl,
8999,74.99166666666666,base_link,BODY,False,False,False,body_contacts.jsonl,
9000,75.0,base_link,BODY,False,False,False,body_contacts.jsonl,
9001,75.00833333333333,base_link,BODY,False,False,False,body_contacts.jsonl,
9002,75.01666666666667,base_link,BODY,False,False,False,body_contacts.jsonl,
9003,75.025,base_link,BODY,False,False,False,body_contacts.jsonl,
9004,75.03333333333333,base_link,BODY,False,False,False,body_contacts.jsonl,
9005,75.04166666666667,base_link,BODY,False,False,False,body_contacts.jsonl,
9006,75.05,base_link,BODY,False,False,False,body_contacts.jsonl,
9007,75.05833333333334,base_link,BODY,False,False,False,body_contacts.jsonl,
9008,75.06666666666666,base_link,BODY,False,False,False,body_contacts.jsonl,
9009,75.075,base_link,BODY,False,False,False,body_contacts.jsonl,
9010,75.08333333333333,base_link,BODY,False,False,False,body_contacts.jsonl,
9011,75.09166666666667,base_link,BODY,False,False,False,body_contacts.jsonl,
9012,75.1,base_link,BODY,False,False,False,body_contacts.jsonl,
9013,75.10833333333333,base_link,BODY,False,False,False,body_contacts.jsonl,
9014,75.11666666666666,base_link,BODY,False,False,False,body_contacts.jsonl,
9015,75.125,base_link,BODY,False,False,False,body_contacts.jsonl,
9016,75.13333333333333,base_link,BODY,False,False,False,body_contacts.jsonl,
9017,75.14166666666667,base_link,BODY,False,False,False,body_contacts.jsonl,
9018,75.15,base_link,BODY,False,False,False,body_contacts.jsonl,
9019,75.15833333333333,base_link,BODY,False,False,False,body_contacts.jsonl,
9020,75.16666666666667,base_link,BODY,False,False,False,body_contacts.jsonl,
9021,75.175,base_link,BODY,False,False,False,body_contacts.jsonl,
9022,75.18333333333334,base_link,BODY,False,False,False,body_contacts.jsonl,
9023,75.19166666666666,base_link,BODY,False,False,False,body_contacts.jsonl,
9024,75.2,base_link,BODY,False,False,False,body_contacts.jsonl,
9025,75.20833333333333,base_link,BODY,False,False,False,body_contacts.jsonl,
9026,75.21666666666667,base_link,BODY,False,False,False,body_contacts.jsonl,
9027,75.225,base_link,BODY,False,False,False,body_contacts.jsonl,
9028,75.23333333333333,base_link,BODY,False,False,False,body_contacts.jsonl,
9029,75.24166666666666,base_link,BODY,False,False,False,body_contacts.jsonl,
9030,75.25,base_link,BODY,False,False,False,body_contacts.jsonl,
9031,75.25833333333333,base_link,BODY,False,False,False,body_contacts.jsonl,
9032,75.26666666666667,base_link,BODY,False,False,False,body_contacts.jsonl,
9033,75.275,base_link,BODY,False,False,False,body_contacts.jsonl,
9034,75.28333333333333,base_link,BODY,False,False,False,body_contacts.jsonl,
9035,75.29166666666667,base_link,BODY,False,False,False,body_contacts.jsonl,
9036,75.3,base_link,BODY,False,False,False,body_contacts.jsonl,
9037,75.30833333333334,base_link,BODY,False,False,False,body_contacts.jsonl,
9038,75.31666666666666,base_link,BODY,False,False,False,body_contacts.jsonl,
9039,75.325,base_link,BODY,False,False,False,body_contacts.jsonl,
9040,75.33333333333333,base_link,BODY,False,False,False,body_contacts.jsonl,
9041,75.34166666666667,base_link,BODY,False,False,False,body_contacts.jsonl,
9042,75.35,base_link,BODY,False,False,False,body_contacts.jsonl,
9043,75.35833333333333,base_link,BODY,False,False,False,body_contacts.jsonl,
9044,75.36666666666666,base_link,BODY,False,False,False,body_contacts.jsonl,
9045,75.375,base_link,BODY,False,False,False,body_contacts.jsonl,
9046,75.38333333333333,base_link,BODY,False,False,False,body_contacts.jsonl,
9047,75.39166666666667,base_link,BODY,False,False,False,body_contacts.jsonl,
9048,75.4,base_link,BODY,False,False,False,body_contacts.jsonl,
9049,75.40833333333333,base_link,BODY,False,False,False,body_contacts.jsonl,
9050,75.41666666666667,base_link,BODY,False,False,False,body_contacts.jsonl,
9051,75.425,base_link,BODY,False,False,False,body_contacts.jsonl,
9052,75.43333333333334,base_link,BODY,False,False,False,body_contacts.jsonl,
9053,75.44166666666666,base_link,BODY,False,False,False,body_contacts.jsonl,
9054,75.45,base_link,BODY,False,False,False,body_contacts.jsonl,
9055,75.45833333333333,base_link,BODY,False,False,False,body_contacts.jsonl,
9056,75.46666666666667,base_link,BODY,False,False,False,body_contacts.jsonl,
9057,75.475,base_link,BODY,False,False,False,body_contacts.jsonl,
9058,75.48333333333333,base_link,BODY,False,False,False,body_contacts.jsonl,
9059,75.49166666666666,base_link,BODY,False,False,False,body_contacts.jsonl,
9060,75.5,base_link,BODY,False,False,False,body_contacts.jsonl,
9061,75.50833333333333,base_link,BODY,False,False,False,body_contacts.jsonl,
9062,75.51666666666667,base_link,BODY,False,False,False,body_contacts.jsonl,
9063,75.525,base_link,BODY,False,False,False,body_contacts.jsonl,
9064,75.53333333333333,base_link,BODY,False,False,False,body_contacts.jsonl,
9065,75.54166666666667,base_link,BODY,False,False,False,body_contacts.jsonl,
9066,75.55,base_link,BODY,False,False,False,body_contacts.jsonl,
9067,75.55833333333334,base_link,BODY,False,False,False,body_contacts.jsonl,
9068,75.56666666666666,base_link,BODY,False,False,False,body_contacts.jsonl,
9069,75.575,base_link,BODY,False,False,False,body_contacts.jsonl,
9070,75.58333333333333,base_link,BODY,False,False,False,body_contacts.jsonl,
9071,75.59166666666667,base_link,BODY,False,False,False,body_contacts.jsonl,
9072,75.6,base_link,BODY,False,False,False,body_contacts.jsonl,
9073,75.60833333333333,base_link,BODY,False,False,False,body_contacts.jsonl,
9074,75.61666666666666,base_link,BODY,False,False,False,body_contacts.jsonl,
9075,75.625,base_link,BODY,False,False,False,body_contacts.jsonl,
9076,75.63333333333333,base_link,BODY,False,False,False,body_contacts.jsonl,
9077,75.64166666666667,base_link,BODY,False,False,False,body_contacts.jsonl,
9078,75.65,base_link,BODY,False,False,False,body_contacts.jsonl,
9079,75.65833333333333,base_link,BODY,False,False,False,body_contacts.jsonl,
9080,75.66666666666667,base_link,BODY,False,False,False,body_contacts.jsonl,
9081,75.675,base_link,BODY,False,False,False,body_contacts.jsonl,
9082,75.68333333333334,base_link,BODY,False,False,False,body_contacts.jsonl,
9083,75.69166666666666,base_link,BODY,False,False,False,body_contacts.jsonl,
9084,75.7,base_link,BODY,False,False,False,body_contacts.jsonl,
9085,75.70833333333333,base_link,BODY,False,False,False,body_contacts.jsonl,
9086,75.71666666666667,base_link,BODY,False,False,False,body_contacts.jsonl,
9087,75.725,base_link,BODY,False,False,False,body_contacts.jsonl,
9088,75.73333333333333,base_link,BODY,False,False,False,body_contacts.jsonl,
9089,75.74166666666666,base_link,BODY,False,False,False,body_contacts.jsonl,
9090,75.75,base_link,BODY,False,False,False,body_contacts.jsonl,
9091,75.75833333333333,base_link,BODY,False,False,False,body_contacts.jsonl,
9092,75.76666666666667,base_link,BODY,False,False,False,body_contacts.jsonl,
9093,75.775,base_link,BODY,False,False,False,body_contacts.jsonl,
9094,75.78333333333333,base_link,BODY,False,False,False,body_contacts.jsonl,
9095,75.79166666666667,base_link,BODY,False,False,False,body_contacts.jsonl,
9096,75.8,base_link,BODY,False,False,False,body_contacts.jsonl,
9097,75.80833333333334,base_link,BODY,False,False,False,body_contacts.jsonl,
9098,75.81666666666666,base_link,BODY,False,False,False,body_contacts.jsonl,
9099,75.825,base_link,BODY,False,False,False,body_contacts.jsonl,
9100,75.83333333333333,base_link,BODY,False,False,False,body_contacts.jsonl,
9101,75.84166666666667,base_link,BODY,False,False,False,body_contacts.jsonl,
9102,75.85,base_link,BODY,False,False,False,body_contacts.jsonl,
9103,75.85833333333333,base_link,BODY,False,False,False,body_contacts.jsonl,
9104,75.86666666666666,base_link,BODY,False,False,False,body_contacts.jsonl,
9105,75.875,base_link,BODY,False,False,False,body_contacts.jsonl,
9106,75.88333333333333,base_link,BODY,False,False,False,body_contacts.jsonl,
9107,75.89166666666667,base_link,BODY,False,False,False,body_contacts.jsonl,
9108,75.9,base_link,BODY,False,False,False,body_contacts.jsonl,
9109,75.90833333333333,base_link,BODY,False,False,False,body_contacts.jsonl,
9110,75.91666666666667,base_link,BODY,False,False,False,body_contacts.jsonl,
9111,75.925,base_link,BODY,False,False,False,body_contacts.jsonl,
9112,75.93333333333334,base_link,BODY,False,False,False,body_contacts.jsonl,
9113,75.94166666666666,base_link,BODY,False,False,False,body_contacts.jsonl,
9114,75.95,base_link,BODY,False,False,False,body_contacts.jsonl,
9115,75.95833333333333,base_link,BODY,False,False,False,body_contacts.jsonl,
9116,75.96666666666667,base_link,BODY,False,False,False,body_contacts.jsonl,
9117,75.975,base_link,BODY,False,False,False,body_contacts.jsonl,
9118,75.98333333333333,base_link,BODY,False,False,False,body_contacts.jsonl,
9119,75.99166666666666,base_link,BODY,False,False,False,body_contacts.jsonl,
9120,76.0,base_link,BODY,False,False,False,body_contacts.jsonl,
9121,76.00833333333333,base_link,BODY,False,False,False,body_contacts.jsonl,
9122,76.01666666666667,base_link,BODY,False,False,False,body_contacts.jsonl,
9123,76.025,base_link,BODY,False,False,False,body_contacts.jsonl,
9124,76.03333333333333,base_link,BODY,False,False,False,body_contacts.jsonl,
9125,76.04166666666667,base_link,BODY,False,False,False,body_contacts.jsonl,
9126,76.05,base_link,BODY,False,False,False,body_contacts.jsonl,
9127,76.05833333333334,base_link,BODY,False,False,False,body_contacts.jsonl,
9128,76.06666666666666,base_link,BODY,False,False,False,body_contacts.jsonl,
9129,76.075,base_link,BODY,False,False,False,body_contacts.jsonl,
9130,76.08333333333333,base_link,BODY,False,False,False,body_contacts.jsonl,
9131,76.09166666666667,base_link,BODY,False,False,False,body_contacts.jsonl,
9132,76.1,base_link,BODY,False,False,False,body_contacts.jsonl,
9133,76.10833333333333,base_link,BODY,False,False,False,body_contacts.jsonl,
9134,76.11666666666666,base_link,BODY,False,False,False,body_contacts.jsonl,
9135,76.125,base_link,BODY,False,False,False,body_contacts.jsonl,
9136,76.13333333333333,base_link,BODY,False,False,False,body_contacts.jsonl,
9137,76.14166666666667,base_link,BODY,False,False,False,body_contacts.jsonl,
9138,76.15,base_link,BODY,False,False,False,body_contacts.jsonl,
9139,76.15833333333333,base_link,BODY,False,False,False,body_contacts.jsonl,
9140,76.16666666666667,base_link,BODY,False,False,False,body_contacts.jsonl,
9141,76.175,base_link,BODY,False,False,False,body_contacts.jsonl,
9142,76.18333333333334,base_link,BODY,False,False,False,body_contacts.jsonl,
9143,76.19166666666666,base_link,BODY,False,False,False,body_contacts.jsonl,
9144,76.2,base_link,BODY,False,False,False,body_contacts.jsonl,
9145,76.20833333333333,base_link,BODY,False,False,False,body_contacts.jsonl,
9146,76.21666666666667,base_link,BODY,False,False,False,body_contacts.jsonl,
9147,76.225,base_link,BODY,False,False,False,body_contacts.jsonl,
9148,76.23333333333333,base_link,BODY,False,False,False,body_contacts.jsonl,
9149,76.24166666666666,base_link,BODY,False,False,False,body_contacts.jsonl,
9150,76.25,base_link,BODY,False,False,False,body_contacts.jsonl,
9151,76.25833333333333,base_link,BODY,False,False,False,body_contacts.jsonl,
9152,76.26666666666667,base_link,BODY,False,False,False,body_contacts.jsonl,
9153,76.275,base_link,BODY,False,False,False,body_contacts.jsonl,
9154,76.28333333333333,base_link,BODY,False,False,False,body_contacts.jsonl,
9155,76.29166666666667,base_link,BODY,False,False,False,body_contacts.jsonl,
9156,76.3,base_link,BODY,False,False,False,body_contacts.jsonl,
9157,76.30833333333334,base_link,BODY,False,False,False,body_contacts.jsonl,
9158,76.31666666666666,base_link,BODY,False,False,False,body_contacts.jsonl,
9159,76.325,base_link,BODY,False,False,False,body_contacts.jsonl,
9160,76.33333333333333,base_link,BODY,False,False,False,body_contacts.jsonl,
9161,76.34166666666667,base_link,BODY,False,False,False,body_contacts.jsonl,
9162,76.35,base_link,BODY,False,False,False,body_contacts.jsonl,
9163,76.35833333333333,base_link,BODY,False,False,False,body_contacts.jsonl,
9164,76.36666666666666,base_link,BODY,False,False,False,body_contacts.jsonl,
9165,76.375,base_link,BODY,False,False,False,body_contacts.jsonl,
9166,76.38333333333333,base_link,BODY,False,False,False,body_contacts.jsonl,
9167,76.39166666666667,base_link,BODY,False,False,False,body_contacts.jsonl,
9168,76.4,base_link,BODY,False,False,False,body_contacts.jsonl,
9169,76.40833333333333,base_link,BODY,False,False,False,body_contacts.jsonl,
9170,76.41666666666667,base_link,BODY,False,False,False,body_contacts.jsonl,
9171,76.425,base_link,BODY,False,False,False,body_contacts.jsonl,
9172,76.43333333333334,base_link,BODY,False,False,False,body_contacts.jsonl,
9173,76.44166666666666,base_link,BODY,False,False,False,body_contacts.jsonl,
9174,76.45,base_link,BODY,False,False,False,body_contacts.jsonl,
9175,76.45833333333333,base_link,BODY,False,False,False,body_contacts.jsonl,
9176,76.46666666666667,base_link,BODY,False,False,False,body_contacts.jsonl,
9177,76.475,base_link,BODY,False,False,False,body_contacts.jsonl,
9178,76.48333333333333,base_link,BODY,False,False,False,body_contacts.jsonl,
9179,76.49166666666666,base_link,BODY,False,False,False,body_contacts.jsonl,
9180,76.5,base_link,BODY,False,False,False,body_contacts.jsonl,
9181,76.50833333333333,base_link,BODY,False,False,False,body_contacts.jsonl,
9182,76.51666666666667,base_link,BODY,False,False,False,body_contacts.jsonl,
9183,76.525,base_link,BODY,False,False,False,body_contacts.jsonl,
9184,76.53333333333333,base_link,BODY,False,False,False,body_contacts.jsonl,
9185,76.54166666666667,base_link,BODY,False,False,False,body_contacts.jsonl,
9186,76.55,base_link,BODY,False,False,False,body_contacts.jsonl,
9187,76.55833333333334,base_link,BODY,False,False,False,body_contacts.jsonl,
9188,76.56666666666666,base_link,BODY,False,False,False,body_contacts.jsonl,
9189,76.575,base_link,BODY,False,False,False,body_contacts.jsonl,
9190,76.58333333333333,base_link,BODY,False,False,False,body_contacts.jsonl,
9191,76.59166666666667,base_link,BODY,False,False,False,body_contacts.jsonl,
9192,76.6,base_link,BODY,False,False,False,body_contacts.jsonl,
9193,76.60833333333333,base_link,BODY,False,False,False,body_contacts.jsonl,
9194,76.61666666666666,base_link,BODY,False,False,False,body_contacts.jsonl,
9195,76.625,base_link,BODY,False,False,False,body_contacts.jsonl,
9196,76.63333333333333,base_link,BODY,False,False,False,body_contacts.jsonl,
9197,76.64166666666667,base_link,BODY,False,False,False,body_contacts.jsonl,
9198,76.65,base_link,BODY,False,False,False,body_contacts.jsonl,
9199,76.65833333333333,base_link,BODY,False,False,False,body_contacts.jsonl,
9200,76.66666666666667,base_link,BODY,False,False,False,body_contacts.jsonl,
9201,76.675,base_link,BODY,False,False,False,body_contacts.jsonl,
9202,76.68333333333334,base_link,BODY,False,False,False,body_contacts.jsonl,
9203,76.69166666666666,base_link,BODY,False,False,False,body_contacts.jsonl,
9204,76.7,base_link,BODY,False,False,False,body_contacts.jsonl,
9205,76.70833333333333,base_link,BODY,False,False,False,body_contacts.jsonl,
9206,76.71666666666667,base_link,BODY,False,False,False,body_contacts.jsonl,
9207,76.725,base_link,BODY,False,False,False,body_contacts.jsonl,
9208,76.73333333333333,base_link,BODY,False,False,False,body_contacts.jsonl,
9209,76.74166666666666,base_link,BODY,False,False,False,body_contacts.jsonl,
9210,76.75,base_link,BODY,False,False,False,body_contacts.jsonl,
9211,76.75833333333333,base_link,BODY,False,False,False,body_contacts.jsonl,
9212,76.76666666666667,base_link,BODY,False,False,False,body_contacts.jsonl,
9213,76.775,base_link,BODY,False,False,False,body_contacts.jsonl,
9214,76.78333333333333,base_link,BODY,False,False,False,body_contacts.jsonl,
9215,76.79166666666667,base_link,BODY,False,False,False,body_contacts.jsonl,
9216,76.8,base_link,BODY,False,False,False,body_contacts.jsonl,
9217,76.80833333333334,base_link,BODY,False,False,False,body_contacts.jsonl,
9218,76.81666666666666,base_link,BODY,False,False,False,body_contacts.jsonl,
9219,76.825,base_link,BODY,False,False,False,body_contacts.jsonl,
9220,76.83333333333333,base_link,BODY,False,False,False,body_contacts.jsonl,
9221,76.84166666666667,base_link,BODY,False,False,False,body_contacts.jsonl,
9222,76.85,base_link,BODY,False,False,False,body_contacts.jsonl,
9223,76.85833333333333,base_link,BODY,False,False,False,body_contacts.jsonl,
9224,76.86666666666666,base_link,BODY,False,False,False,body_contacts.jsonl,
9225,76.875,base_link,BODY,False,False,False,body_contacts.jsonl,
9226,76.88333333333333,base_link,BODY,False,False,False,body_contacts.jsonl,
9227,76.89166666666667,base_link,BODY,False,False,False,body_contacts.jsonl,
9228,76.9,base_link,BODY,False,False,False,body_contacts.jsonl,
9229,76.90833333333333,base_link,BODY,False,False,False,body_contacts.jsonl,
9230,76.91666666666667,base_link,BODY,False,False,False,body_contacts.jsonl,
9231,76.925,base_link,BODY,False,False,False,body_contacts.jsonl,
9232,76.93333333333334,base_link,BODY,False,False,False,body_contacts.jsonl,
9233,76.94166666666666,base_link,BODY,False,False,False,body_contacts.jsonl,
9234,76.95,base_link,BODY,False,False,False,body_contacts.jsonl,
9235,76.95833333333333,base_link,BODY,False,False,False,body_contacts.jsonl,
9236,76.96666666666667,base_link,BODY,False,False,False,body_contacts.jsonl,
9237,76.975,base_link,BODY,False,False,False,body_contacts.jsonl,
9238,76.98333333333333,base_link,BODY,False,False,False,body_contacts.jsonl,
9239,76.99166666666666,base_link,BODY,False,False,False,body_contacts.jsonl,
9240,77.0,base_link,BODY,False,False,False,body_contacts.jsonl,
9241,77.00833333333333,base_link,BODY,False,False,False,body_contacts.jsonl,
9242,77.01666666666667,base_link,BODY,False,False,False,body_contacts.jsonl,
9243,77.025,base_link,BODY,False,False,False,body_contacts.jsonl,
9244,77.03333333333333,base_link,BODY,False,False,False,body_contacts.jsonl,
9245,77.04166666666667,base_link,BODY,False,False,False,body_contacts.jsonl,
9246,77.05,base_link,BODY,False,False,False,body_contacts.jsonl,
9247,77.05833333333334,base_link,BODY,False,False,False,body_contacts.jsonl,
9248,77.06666666666666,base_link,BODY,False,False,False,body_contacts.jsonl,
9249,77.075,base_link,BODY,False,False,False,body_contacts.jsonl,
9250,77.08333333333333,base_link,BODY,False,False,False,body_contacts.jsonl,
9251,77.09166666666667,base_link,BODY,False,False,False,body_contacts.jsonl,
9252,77.1,base_link,BODY,False,False,False,body_contacts.jsonl,
9253,77.10833333333333,base_link,BODY,False,False,False,body_contacts.jsonl,
9254,77.11666666666666,base_link,BODY,False,False,False,body_contacts.jsonl,
9255,77.125,base_link,BODY,False,False,False,body_contacts.jsonl,
9256,77.13333333333333,base_link,BODY,False,False,False,body_contacts.jsonl,
9257,77.14166666666667,base_link,BODY,False,False,False,body_contacts.jsonl,
9258,77.15,base_link,BODY,False,False,False,body_contacts.jsonl,
9259,77.15833333333333,base_link,BODY,False,False,False,body_contacts.jsonl,
9260,77.16666666666667,base_link,BODY,False,False,False,body_contacts.jsonl,
9261,77.175,base_link,BODY,False,False,False,body_contacts.jsonl,
9262,77.18333333333334,base_link,BODY,False,False,False,body_contacts.jsonl,
9263,77.19166666666666,base_link,BODY,False,False,False,body_contacts.jsonl,
9264,77.2,base_link,BODY,False,False,False,body_contacts.jsonl,
9265,77.20833333333333,base_link,BODY,False,False,False,body_contacts.jsonl,
9266,77.21666666666667,base_link,BODY,False,False,False,body_contacts.jsonl,
9267,77.225,base_link,BODY,False,False,False,body_contacts.jsonl,
9268,77.23333333333333,base_link,BODY,False,False,False,body_contacts.jsonl,
9269,77.24166666666666,base_link,BODY,False,False,False,body_contacts.jsonl,
9270,77.25,base_link,BODY,False,False,False,body_contacts.jsonl,
9271,77.25833333333333,base_link,BODY,False,False,False,body_contacts.jsonl,
9272,77.26666666666667,base_link,BODY,False,False,False,body_contacts.jsonl,
9273,77.275,base_link,BODY,False,False,False,body_contacts.jsonl,
9274,77.28333333333333,base_link,BODY,False,False,False,body_contacts.jsonl,
9275,77.29166666666667,base_link,BODY,False,False,False,body_contacts.jsonl,
9276,77.3,base_link,BODY,False,False,False,body_contacts.jsonl,
9277,77.30833333333334,base_link,BODY,False,False,False,body_contacts.jsonl,
9278,77.31666666666666,base_link,BODY,False,False,False,body_contacts.jsonl,
9279,77.325,base_link,BODY,False,False,False,body_contacts.jsonl,
9280,77.33333333333333,base_link,BODY,False,False,False,body_contacts.jsonl,
9281,77.34166666666667,base_link,BODY,False,False,False,body_contacts.jsonl,
9282,77.35,base_link,BODY,False,False,False,body_contacts.jsonl,
9283,77.35833333333333,base_link,BODY,False,False,False,body_contacts.jsonl,
9284,77.36666666666666,base_link,BODY,False,False,False,body_contacts.jsonl,
9285,77.375,base_link,BODY,False,False,False,body_contacts.jsonl,
9286,77.38333333333333,base_link,BODY,False,False,False,body_contacts.jsonl,
9287,77.39166666666667,base_link,BODY,False,False,False,body_contacts.jsonl,
9288,77.4,base_link,BODY,False,False,False,body_contacts.jsonl,
9289,77.40833333333333,base_link,BODY,False,False,False,body_contacts.jsonl,
9290,77.41666666666667,base_link,BODY,False,False,False,body_contacts.jsonl,
9291,77.425,base_link,BODY,False,False,False,body_contacts.jsonl,
9292,77.43333333333334,base_link,BODY,False,False,False,body_contacts.jsonl,
9293,77.44166666666666,base_link,BODY,False,False,False,body_contacts.jsonl,
9294,77.45,base_link,BODY,False,False,False,body_contacts.jsonl,
9295,77.45833333333333,base_link,BODY,False,False,False,body_contacts.jsonl,
9296,77.46666666666667,base_link,BODY,False,False,False,body_contacts.jsonl,
9297,77.475,base_link,BODY,False,False,False,body_contacts.jsonl,
9298,77.48333333333333,base_link,BODY,False,False,False,body_contacts.jsonl,
9299,77.49166666666666,base_link,BODY,False,False,False,body_contacts.jsonl,
9300,77.5,base_link,BODY,False,False,False,body_contacts.jsonl,
9301,77.50833333333333,base_link,BODY,False,False,False,body_contacts.jsonl,
9302,77.51666666666667,base_link,BODY,False,False,False,body_contacts.jsonl,
9303,77.525,base_link,BODY,False,False,False,body_contacts.jsonl,
9304,77.53333333333333,base_link,BODY,False,False,False,body_contacts.jsonl,
9305,77.54166666666667,base_link,BODY,False,False,False,body_contacts.jsonl,
9306,77.55,base_link,BODY,False,False,False,body_contacts.jsonl,
9307,77.55833333333334,base_link,BODY,False,False,False,body_contacts.jsonl,
9308,77.56666666666666,base_link,BODY,False,False,False,body_contacts.jsonl,
9309,77.575,base_link,BODY,False,False,False,body_contacts.jsonl,
9310,77.58333333333333,base_link,BODY,False,False,False,body_contacts.jsonl,
9311,77.59166666666667,base_link,BODY,False,False,False,body_contacts.jsonl,
9312,77.6,base_link,BODY,False,False,False,body_contacts.jsonl,
9313,77.60833333333333,base_link,BODY,False,False,False,body_contacts.jsonl,
9314,77.61666666666666,base_link,BODY,False,False,False,body_contacts.jsonl,
9315,77.625,base_link,BODY,False,False,False,body_contacts.jsonl,
9316,77.63333333333333,base_link,BODY,False,False,False,body_contacts.jsonl,
9317,77.64166666666667,base_link,BODY,False,False,False,body_contacts.jsonl,
9318,77.65,base_link,BODY,False,False,False,body_contacts.jsonl,
9319,77.65833333333333,base_link,BODY,False,False,False,body_contacts.jsonl,
9320,77.66666666666667,base_link,BODY,False,False,False,body_contacts.jsonl,
9321,77.675,base_link,BODY,False,False,False,body_contacts.jsonl,
9322,77.68333333333334,base_link,BODY,False,False,False,body_contacts.jsonl,
9323,77.69166666666666,base_link,BODY,False,False,False,body_contacts.jsonl,
9324,77.7,base_link,BODY,False,False,False,body_contacts.jsonl,
9325,77.70833333333333,base_link,BODY,False,False,False,body_contacts.jsonl,
9326,77.71666666666667,base_link,BODY,False,False,False,body_contacts.jsonl,
9327,77.725,base_link,BODY,False,False,False,body_contacts.jsonl,
9328,77.73333333333333,base_link,BODY,False,False,False,body_contacts.jsonl,
9329,77.74166666666666,base_link,BODY,False,False,False,body_contacts.jsonl,
9330,77.75,base_link,BODY,False,False,False,body_contacts.jsonl,
9331,77.75833333333333,base_link,BODY,False,False,False,body_contacts.jsonl,
9332,77.76666666666667,base_link,BODY,False,False,False,body_contacts.jsonl,
9333,77.775,base_link,BODY,False,False,False,body_contacts.jsonl,
9334,77.78333333333333,base_link,BODY,False,False,False,body_contacts.jsonl,
9335,77.79166666666667,base_link,BODY,False,False,False,body_contacts.jsonl,
9336,77.8,base_link,BODY,False,False,False,body_contacts.jsonl,
9337,77.80833333333334,base_link,BODY,False,False,False,body_contacts.jsonl,
9338,77.81666666666666,base_link,BODY,False,False,False,body_contacts.jsonl,
9339,77.825,base_link,BODY,False,False,False,body_contacts.jsonl,
9340,77.83333333333333,base_link,BODY,False,False,False,body_contacts.jsonl,
9341,77.84166666666667,base_link,BODY,False,False,False,body_contacts.jsonl,
9342,77.85,base_link,BODY,False,False,False,body_contacts.jsonl,
9343,77.85833333333333,base_link,BODY,False,False,False,body_contacts.jsonl,
9344,77.86666666666666,base_link,BODY,False,False,False,body_contacts.jsonl,
9345,77.875,base_link,BODY,False,False,False,body_contacts.jsonl,
9346,77.88333333333333,base_link,BODY,False,False,False,body_contacts.jsonl,
9347,77.89166666666667,base_link,BODY,False,False,False,body_contacts.jsonl,
9348,77.9,base_link,BODY,False,False,False,body_contacts.jsonl,
9349,77.90833333333333,base_link,BODY,False,False,False,body_contacts.jsonl,
9350,77.91666666666667,base_link,BODY,False,False,False,body_contacts.jsonl,
9351,77.925,base_link,BODY,False,False,False,body_contacts.jsonl,
9352,77.93333333333334,base_link,BODY,False,False,False,body_contacts.jsonl,
9353,77.94166666666666,base_link,BODY,False,False,False,body_contacts.jsonl,
9354,77.95,base_link,BODY,False,False,False,body_contacts.jsonl,
9355,77.95833333333333,base_link,BODY,False,False,False,body_contacts.jsonl,
9356,77.96666666666667,base_link,BODY,False,False,False,body_contacts.jsonl,
9357,77.975,base_link,BODY,False,False,False,body_contacts.jsonl,
9358,77.98333333333333,base_link,BODY,False,False,False,body_contacts.jsonl,
9359,77.99166666666666,base_link,BODY,False,False,False,body_contacts.jsonl,
9360,78.0,base_link,BODY,False,False,False,body_contacts.jsonl,
9361,78.00833333333333,base_link,BODY,False,False,False,body_contacts.jsonl,
9362,78.01666666666667,base_link,BODY,False,False,False,body_contacts.jsonl,
9363,78.025,base_link,BODY,False,False,False,body_contacts.jsonl,
9364,78.03333333333333,base_link,BODY,False,False,False,body_contacts.jsonl,
9365,78.04166666666667,base_link,BODY,False,False,False,body_contacts.jsonl,
9366,78.05,base_link,BODY,False,False,False,body_contacts.jsonl,
9367,78.05833333333334,base_link,BODY,False,False,False,body_contacts.jsonl,
9368,78.06666666666666,base_link,BODY,False,False,False,body_contacts.jsonl,
9369,78.075,base_link,BODY,False,False,False,body_contacts.jsonl,
9370,78.08333333333333,base_link,BODY,False,False,False,body_contacts.jsonl,
9371,78.09166666666667,base_link,BODY,False,False,False,body_contacts.jsonl,
9372,78.1,base_link,BODY,False,False,False,body_contacts.jsonl,
9373,78.10833333333333,base_link,BODY,False,False,False,body_contacts.jsonl,
9374,78.11666666666666,base_link,BODY,False,False,False,body_contacts.jsonl,
9375,78.125,base_link,BODY,False,False,False,body_contacts.jsonl,
9376,78.13333333333333,base_link,BODY,False,False,False,body_contacts.jsonl,
9377,78.14166666666667,base_link,BODY,False,False,False,body_contacts.jsonl,
9378,78.15,base_link,BODY,False,False,False,body_contacts.jsonl,
9379,78.15833333333333,base_link,BODY,False,False,False,body_contacts.jsonl,
9380,78.16666666666667,base_link,BODY,False,False,False,body_contacts.jsonl,
9381,78.175,base_link,BODY,False,False,False,body_contacts.jsonl,
9382,78.18333333333334,base_link,BODY,False,False,False,body_contacts.jsonl,
9383,78.19166666666666,base_link,BODY,False,False,False,body_contacts.jsonl,
9384,78.2,base_link,BODY,False,False,False,body_contacts.jsonl,
9385,78.20833333333333,base_link,BODY,False,False,False,body_contacts.jsonl,
9386,78.21666666666667,base_link,BODY,False,False,False,body_contacts.jsonl,
9387,78.225,base_link,BODY,False,False,False,body_contacts.jsonl,
9388,78.23333333333333,base_link,BODY,False,False,False,body_contacts.jsonl,
9389,78.24166666666666,base_link,BODY,False,False,False,body_contacts.jsonl,
9390,78.25,base_link,BODY,False,False,False,body_contacts.jsonl,
9391,78.25833333333333,base_link,BODY,False,False,False,body_contacts.jsonl,
9392,78.26666666666667,base_link,BODY,False,False,False,body_contacts.jsonl,
9393,78.275,base_link,BODY,False,False,False,body_contacts.jsonl,
9394,78.28333333333333,base_link,BODY,False,False,False,body_contacts.jsonl,
9395,78.29166666666667,base_link,BODY,False,False,False,body_contacts.jsonl,
9396,78.3,base_link,BODY,False,False,False,body_contacts.jsonl,
9397,78.30833333333334,base_link,BODY,False,False,False,body_contacts.jsonl,
9398,78.31666666666666,base_link,BODY,False,False,False,body_contacts.jsonl,
9399,78.325,base_link,BODY,False,False,False,body_contacts.jsonl,
9400,78.33333333333333,base_link,BODY,False,False,False,body_contacts.jsonl,
9401,78.34166666666667,base_link,BODY,False,False,False,body_contacts.jsonl,
9402,78.35,base_link,BODY,False,False,False,body_contacts.jsonl,
9403,78.35833333333333,base_link,BODY,False,False,False,body_contacts.jsonl,
9404,78.36666666666666,base_link,BODY,False,False,False,body_contacts.jsonl,
9405,78.375,base_link,BODY,False,False,False,body_contacts.jsonl,
9406,78.38333333333333,base_link,BODY,False,False,False,body_contacts.jsonl,
9407,78.39166666666667,base_link,BODY,False,False,False,body_contacts.jsonl,
9408,78.4,base_link,BODY,False,False,False,body_contacts.jsonl,
9409,78.40833333333333,base_link,BODY,False,False,False,body_contacts.jsonl,
9410,78.41666666666667,base_link,BODY,False,False,False,body_contacts.jsonl,
9411,78.425,base_link,BODY,False,False,False,body_contacts.jsonl,
9412,78.43333333333334,base_link,BODY,False,False,False,body_contacts.jsonl,
9413,78.44166666666666,base_link,BODY,False,False,False,body_contacts.jsonl,
9414,78.45,base_link,BODY,False,False,False,body_contacts.jsonl,
9415,78.45833333333333,base_link,BODY,False,False,False,body_contacts.jsonl,
9416,78.46666666666667,base_link,BODY,False,False,False,body_contacts.jsonl,
9417,78.475,base_link,BODY,False,False,False,body_contacts.jsonl,
9418,78.48333333333333,base_link,BODY,False,False,False,body_contacts.jsonl,
9419,78.49166666666666,base_link,BODY,False,False,False,body_contacts.jsonl,
9420,78.5,base_link,BODY,False,False,False,body_contacts.jsonl,
9421,78.50833333333333,base_link,BODY,False,False,False,body_contacts.jsonl,
9422,78.51666666666667,base_link,BODY,False,False,False,body_contacts.jsonl,
9423,78.525,base_link,BODY,False,False,False,body_contacts.jsonl,
9424,78.53333333333333,base_link,BODY,False,False,False,body_contacts.jsonl,
9425,78.54166666666667,base_link,BODY,False,False,False,body_contacts.jsonl,
9426,78.55,base_link,BODY,False,False,False,body_contacts.jsonl,
9427,78.55833333333334,base_link,BODY,False,False,False,body_contacts.jsonl,
9428,78.56666666666666,base_link,BODY,False,False,False,body_contacts.jsonl,
9429,78.575,base_link,BODY,False,False,False,body_contacts.jsonl,
9430,78.58333333333333,base_link,BODY,False,False,False,body_contacts.jsonl,
9431,78.59166666666667,base_link,BODY,False,False,False,body_contacts.jsonl,
9432,78.6,base_link,BODY,False,False,False,body_contacts.jsonl,
9433,78.60833333333333,base_link,BODY,False,False,False,body_contacts.jsonl,
9434,78.61666666666666,base_link,BODY,False,False,False,body_contacts.jsonl,
9435,78.625,base_link,BODY,False,False,False,body_contacts.jsonl,
9436,78.63333333333333,base_link,BODY,False,False,False,body_contacts.jsonl,
9437,78.64166666666667,base_link,BODY,False,False,False,body_contacts.jsonl,
9438,78.65,base_link,BODY,False,False,False,body_contacts.jsonl,
9439,78.65833333333333,base_link,BODY,False,False,False,body_contacts.jsonl,
9440,78.66666666666667,base_link,BODY,False,False,False,body_contacts.jsonl,
9441,78.675,base_link,BODY,False,False,False,body_contacts.jsonl,
9442,78.68333333333334,base_link,BODY,False,False,False,body_contacts.jsonl,
9443,78.69166666666666,base_link,BODY,False,False,False,body_contacts.jsonl,
9444,78.7,base_link,BODY,False,False,False,body_contacts.jsonl,
9445,78.70833333333333,base_link,BODY,False,False,False,body_contacts.jsonl,
9446,78.71666666666667,base_link,BODY,False,False,False,body_contacts.jsonl,
9447,78.725,base_link,BODY,False,False,False,body_contacts.jsonl,
9448,78.73333333333333,base_link,BODY,False,False,False,body_contacts.jsonl,
9449,78.74166666666666,base_link,BODY,False,False,False,body_contacts.jsonl,
9450,78.75,base_link,BODY,False,False,False,body_contacts.jsonl,
9451,78.75833333333333,base_link,BODY,False,False,False,body_contacts.jsonl,
9452,78.76666666666667,base_link,BODY,False,False,False,body_contacts.jsonl,
9453,78.775,base_link,BODY,False,False,False,body_contacts.jsonl,
9454,78.78333333333333,base_link,BODY,False,False,False,body_contacts.jsonl,
9455,78.79166666666667,base_link,BODY,False,False,False,body_contacts.jsonl,
9456,78.8,base_link,BODY,False,False,False,body_contacts.jsonl,
9457,78.80833333333334,base_link,BODY,False,False,False,body_contacts.jsonl,
9458,78.81666666666666,base_link,BODY,False,False,False,body_contacts.jsonl,
9459,78.825,base_link,BODY,False,False,False,body_contacts.jsonl,
9460,78.83333333333333,base_link,BODY,False,False,False,body_contacts.jsonl,
9461,78.84166666666667,base_link,BODY,False,False,False,body_contacts.jsonl,
9462,78.85,base_link,BODY,False,False,False,body_contacts.jsonl,
9463,78.85833333333333,base_link,BODY,False,False,False,body_contacts.jsonl,
9464,78.86666666666666,base_link,BODY,False,False,False,body_contacts.jsonl,
9465,78.875,base_link,BODY,False,False,False,body_contacts.jsonl,
9466,78.88333333333333,base_link,BODY,False,False,False,body_contacts.jsonl,
9467,78.89166666666667,base_link,BODY,False,False,False,body_contacts.jsonl,
9468,78.9,base_link,BODY,False,False,False,body_contacts.jsonl,
9469,78.90833333333333,base_link,BODY,False,False,False,body_contacts.jsonl,
9470,78.91666666666667,base_link,BODY,False,False,False,body_contacts.jsonl,
9471,78.925,base_link,BODY,False,False,False,body_contacts.jsonl,
9472,78.93333333333334,base_link,BODY,False,False,False,body_contacts.jsonl,
9473,78.94166666666666,base_link,BODY,False,False,False,body_contacts.jsonl,
9474,78.95,base_link,BODY,False,False,False,body_contacts.jsonl,
9475,78.95833333333333,base_link,BODY,False,False,False,body_contacts.jsonl,
9476,78.96666666666667,base_link,BODY,False,False,False,body_contacts.jsonl,
9477,78.975,base_link,BODY,False,False,False,body_contacts.jsonl,
9478,78.98333333333333,base_link,BODY,False,False,False,body_contacts.jsonl,
9479,78.99166666666666,base_link,BODY,False,False,False,body_contacts.jsonl,
9480,79.0,base_link,BODY,False,False,False,body_contacts.jsonl,
9481,79.00833333333333,base_link,BODY,False,False,False,body_contacts.jsonl,
9482,79.01666666666667,base_link,BODY,False,False,False,body_contacts.jsonl,
9483,79.025,base_link,BODY,False,False,False,body_contacts.jsonl,
9484,79.03333333333333,base_link,BODY,False,False,False,body_contacts.jsonl,
9485,79.04166666666667,base_link,BODY,False,False,False,body_contacts.jsonl,
9486,79.05,base_link,BODY,False,False,False,body_contacts.jsonl,
9487,79.05833333333334,base_link,BODY,False,False,False,body_contacts.jsonl,
9488,79.06666666666666,base_link,BODY,False,False,False,body_contacts.jsonl,
9489,79.075,base_link,BODY,False,False,False,body_contacts.jsonl,
9490,79.08333333333333,base_link,BODY,False,False,False,body_contacts.jsonl,
9491,79.09166666666667,base_link,BODY,False,False,False,body_contacts.jsonl,
9492,79.1,base_link,BODY,False,False,False,body_contacts.jsonl,
9493,79.10833333333333,base_link,BODY,False,False,False,body_contacts.jsonl,
9494,79.11666666666666,base_link,BODY,False,False,False,body_contacts.jsonl,
9495,79.125,base_link,BODY,False,False,False,body_contacts.jsonl,
9496,79.13333333333333,base_link,BODY,False,False,False,body_contacts.jsonl,
9497,79.14166666666667,base_link,BODY,False,False,False,body_contacts.jsonl,
9498,79.15,base_link,BODY,False,False,False,body_contacts.jsonl,
9499,79.15833333333333,base_link,BODY,False,False,False,body_contacts.jsonl,
9500,79.16666666666667,base_link,BODY,False,False,False,body_contacts.jsonl,
9501,79.175,base_link,BODY,False,False,False,body_contacts.jsonl,
9502,79.18333333333334,base_link,BODY,False,False,False,body_contacts.jsonl,
9503,79.19166666666666,base_link,BODY,False,False,False,body_contacts.jsonl,
9504,79.2,base_link,BODY,False,False,False,body_contacts.jsonl,
9505,79.20833333333333,base_link,BODY,False,False,False,body_contacts.jsonl,
9506,79.21666666666667,base_link,BODY,False,False,False,body_contacts.jsonl,
9507,79.225,base_link,BODY,False,False,False,body_contacts.jsonl,
9508,79.23333333333333,base_link,BODY,False,False,False,body_contacts.jsonl,
9509,79.24166666666666,base_link,BODY,False,False,False,body_contacts.jsonl,
9510,79.25,base_link,BODY,False,False,False,body_contacts.jsonl,
9511,79.25833333333333,base_link,BODY,False,False,False,body_contacts.jsonl,
9512,79.26666666666667,base_link,BODY,False,False,False,body_contacts.jsonl,
9513,79.275,base_link,BODY,False,False,False,body_contacts.jsonl,
9514,79.28333333333333,base_link,BODY,False,False,False,body_contacts.jsonl,
9515,79.29166666666667,base_link,BODY,False,False,False,body_contacts.jsonl,
9516,79.3,base_link,BODY,False,False,False,body_contacts.jsonl,
9517,79.30833333333334,base_link,BODY,False,False,False,body_contacts.jsonl,
9518,79.31666666666666,base_link,BODY,False,False,False,body_contacts.jsonl,
9519,79.325,base_link,BODY,False,False,False,body_contacts.jsonl,
9520,79.33333333333333,base_link,BODY,False,False,False,body_contacts.jsonl,
9521,79.34166666666667,base_link,BODY,False,False,False,body_contacts.jsonl,
9522,79.35,base_link,BODY,False,False,False,body_contacts.jsonl,
9523,79.35833333333333,base_link,BODY,False,False,False,body_contacts.jsonl,
9524,79.36666666666666,base_link,BODY,False,False,False,body_contacts.jsonl,
9525,79.375,base_link,BODY,False,False,False,body_contacts.jsonl,
9526,79.38333333333333,base_link,BODY,False,False,False,body_contacts.jsonl,
9527,79.39166666666667,base_link,BODY,False,False,False,body_contacts.jsonl,
9528,79.4,base_link,BODY,False,False,False,body_contacts.jsonl,
9529,79.40833333333333,base_link,BODY,False,False,False,body_contacts.jsonl,
9530,79.41666666666667,base_link,BODY,False,False,False,body_contacts.jsonl,
9531,79.425,base_link,BODY,False,False,False,body_contacts.jsonl,
9532,79.43333333333334,base_link,BODY,False,False,False,body_contacts.jsonl,
9533,79.44166666666666,base_link,BODY,False,False,False,body_contacts.jsonl,
9534,79.45,base_link,BODY,False,False,False,body_contacts.jsonl,
9535,79.45833333333333,base_link,BODY,False,False,False,body_contacts.jsonl,
9536,79.46666666666667,base_link,BODY,False,False,False,body_contacts.jsonl,
9537,79.475,base_link,BODY,False,False,False,body_contacts.jsonl,
9538,79.48333333333333,base_link,BODY,False,False,False,body_contacts.jsonl,
9539,79.49166666666666,base_link,BODY,False,False,False,body_contacts.jsonl,
9540,79.5,base_link,BODY,False,False,False,body_contacts.jsonl,
9541,79.50833333333333,base_link,BODY,False,False,False,body_contacts.jsonl,
9542,79.51666666666667,base_link,BODY,False,False,False,body_contacts.jsonl,
9543,79.525,base_link,BODY,False,False,False,body_contacts.jsonl,
9544,79.53333333333333,base_link,BODY,False,False,False,body_contacts.jsonl,
9545,79.54166666666667,base_link,BODY,False,False,False,body_contacts.jsonl,
9546,79.55,base_link,BODY,False,False,False,body_contacts.jsonl,
9547,79.55833333333334,base_link,BODY,False,False,False,body_contacts.jsonl,
9548,79.56666666666666,base_link,BODY,False,False,False,body_contacts.jsonl,
9549,79.575,base_link,BODY,False,False,False,body_contacts.jsonl,
9550,79.58333333333333,base_link,BODY,False,False,False,body_contacts.jsonl,
9551,79.59166666666667,base_link,BODY,False,False,False,body_contacts.jsonl,
9552,79.6,base_link,BODY,False,False,False,body_contacts.jsonl,
9553,79.60833333333333,base_link,BODY,False,False,False,body_contacts.jsonl,
9554,79.61666666666666,base_link,BODY,False,False,False,body_contacts.jsonl,
9555,79.625,base_link,BODY,False,False,False,body_contacts.jsonl,
9556,79.63333333333333,base_link,BODY,False,False,False,body_contacts.jsonl,
9557,79.64166666666667,base_link,BODY,False,False,False,body_contacts.jsonl,
9558,79.65,base_link,BODY,False,False,False,body_contacts.jsonl,
9559,79.65833333333333,base_link,BODY,False,False,False,body_contacts.jsonl,
9560,79.66666666666667,base_link,BODY,False,False,False,body_contacts.jsonl,
9561,79.675,base_link,BODY,False,False,False,body_contacts.jsonl,
9562,79.68333333333334,base_link,BODY,False,False,False,body_contacts.jsonl,
9563,79.69166666666666,base_link,BODY,False,False,False,body_contacts.jsonl,
9564,79.7,base_link,BODY,False,False,False,body_contacts.jsonl,
9565,79.70833333333333,base_link,BODY,False,False,False,body_contacts.jsonl,
9566,79.71666666666667,base_link,BODY,False,False,False,body_contacts.jsonl,
9567,79.725,base_link,BODY,False,False,False,body_contacts.jsonl,
9568,79.73333333333333,base_link,BODY,False,False,False,body_contacts.jsonl,
9569,79.74166666666666,base_link,BODY,False,False,False,body_contacts.jsonl,
9570,79.75,base_link,BODY,False,False,False,body_contacts.jsonl,
9571,79.75833333333333,base_link,BODY,False,False,False,body_contacts.jsonl,
9572,79.76666666666667,base_link,BODY,False,False,False,body_contacts.jsonl,
9573,79.775,base_link,BODY,False,False,False,body_contacts.jsonl,
9574,79.78333333333333,base_link,BODY,False,False,False,body_contacts.jsonl,
9575,79.79166666666667,base_link,BODY,False,False,False,body_contacts.jsonl,
9576,79.8,base_link,BODY,False,False,False,body_contacts.jsonl,
9577,79.80833333333334,base_link,BODY,False,False,False,body_contacts.jsonl,
9578,79.81666666666666,base_link,BODY,False,False,False,body_contacts.jsonl,
9579,79.825,base_link,BODY,False,False,False,body_contacts.jsonl,
9580,79.83333333333333,base_link,BODY,False,False,False,body_contacts.jsonl,
9581,79.84166666666667,base_link,BODY,False,False,False,body_contacts.jsonl,
9582,79.85,base_link,BODY,False,False,False,body_contacts.jsonl,
9583,79.85833333333333,base_link,BODY,False,False,False,body_contacts.jsonl,
9584,79.86666666666666,base_link,BODY,False,False,False,body_contacts.jsonl,
9585,79.875,base_link,BODY,False,False,False,body_contacts.jsonl,
9586,79.88333333333333,base_link,BODY,False,False,False,body_contacts.jsonl,
9587,79.89166666666667,base_link,BODY,False,False,False,body_contacts.jsonl,
9588,79.9,base_link,BODY,False,False,False,body_contacts.jsonl,
9589,79.90833333333333,base_link,BODY,False,False,False,body_contacts.jsonl,
9590,79.91666666666667,base_link,BODY,False,False,False,body_contacts.jsonl,
9591,79.925,base_link,BODY,False,False,False,body_contacts.jsonl,
9592,79.93333333333334,base_link,BODY,False,False,False,body_contacts.jsonl,
9593,79.94166666666666,base_link,BODY,False,False,False,body_contacts.jsonl,
9594,79.95,base_link,BODY,False,False,False,body_contacts.jsonl,
9595,79.95833333333333,base_link,BODY,False,False,False,body_contacts.jsonl,
9596,79.96666666666667,base_link,BODY,False,False,False,body_contacts.jsonl,
9597,79.975,base_link,BODY,False,False,False,body_contacts.jsonl,
9598,79.98333333333333,base_link,BODY,False,False,False,body_contacts.jsonl,
9599,79.99166666666666,base_link,BODY,False,False,False,body_contacts.jsonl,
9600,80.0,base_link,BODY,False,False,False,body_contacts.jsonl,
9601,80.00833333333333,base_link,BODY,False,False,False,body_contacts.jsonl,
9602,80.01666666666667,base_link,BODY,False,False,False,body_contacts.jsonl,
9603,80.025,base_link,BODY,False,False,False,body_contacts.jsonl,
9604,80.03333333333333,base_link,BODY,False,False,False,body_contacts.jsonl,
9605,80.04166666666667,base_link,BODY,False,False,False,body_contacts.jsonl,
9606,80.05,base_link,BODY,False,False,False,body_contacts.jsonl,
9607,80.05833333333334,base_link,BODY,False,False,False,body_contacts.jsonl,
9608,80.06666666666666,base_link,BODY,False,False,False,body_contacts.jsonl,
9609,80.075,base_link,BODY,False,False,False,body_contacts.jsonl,
9610,80.08333333333333,base_link,BODY,False,False,False,body_contacts.jsonl,
9611,80.09166666666667,base_link,BODY,False,False,False,body_contacts.jsonl,
9612,80.1,base_link,BODY,False,False,False,body_contacts.jsonl,
9613,80.10833333333333,base_link,BODY,False,False,False,body_contacts.jsonl,
9614,80.11666666666666,base_link,BODY,False,False,False,body_contacts.jsonl,
9615,80.125,base_link,BODY,False,False,False,body_contacts.jsonl,
9616,80.13333333333333,base_link,BODY,False,False,False,body_contacts.jsonl,
9617,80.14166666666667,base_link,BODY,False,False,False,body_contacts.jsonl,
9618,80.15,base_link,BODY,False,False,False,body_contacts.jsonl,
9619,80.15833333333333,base_link,BODY,False,False,False,body_contacts.jsonl,
9620,80.16666666666667,base_link,BODY,False,False,False,body_contacts.jsonl,
9621,80.175,base_link,BODY,False,False,False,body_contacts.jsonl,
9622,80.18333333333334,base_link,BODY,False,False,False,body_contacts.jsonl,
9623,80.19166666666666,base_link,BODY,False,False,False,body_contacts.jsonl,
9624,80.2,base_link,BODY,False,False,False,body_contacts.jsonl,
9625,80.20833333333333,base_link,BODY,False,False,False,body_contacts.jsonl,
9626,80.21666666666667,base_link,BODY,False,False,False,body_contacts.jsonl,
9627,80.225,base_link,BODY,False,False,False,body_contacts.jsonl,
9628,80.23333333333333,base_link,BODY,False,False,False,body_contacts.jsonl,
9629,80.24166666666666,base_link,BODY,False,False,False,body_contacts.jsonl,
9630,80.25,base_link,BODY,False,False,False,body_contacts.jsonl,
9631,80.25833333333333,base_link,BODY,False,False,False,body_contacts.jsonl,
9632,80.26666666666667,base_link,BODY,False,False,False,body_contacts.jsonl,
9633,80.275,base_link,BODY,False,False,False,body_contacts.jsonl,
9634,80.28333333333333,base_link,BODY,False,False,False,body_contacts.jsonl,
9635,80.29166666666667,base_link,BODY,False,False,False,body_contacts.jsonl,
9636,80.3,base_link,BODY,False,False,False,body_contacts.jsonl,
9637,80.30833333333334,base_link,BODY,False,False,False,body_contacts.jsonl,
9638,80.31666666666666,base_link,BODY,False,False,False,body_contacts.jsonl,
9639,80.325,base_link,BODY,False,False,False,body_contacts.jsonl,
9640,80.33333333333333,base_link,BODY,False,False,False,body_contacts.jsonl,
9641,80.34166666666667,base_link,BODY,False,False,False,body_contacts.jsonl,
9642,80.35,base_link,BODY,False,False,False,body_contacts.jsonl,
9643,80.35833333333333,base_link,BODY,False,False,False,body_contacts.jsonl,
9644,80.36666666666666,base_link,BODY,False,False,False,body_contacts.jsonl,
9645,80.375,base_link,BODY,False,False,False,body_contacts.jsonl,
9646,80.38333333333333,base_link,BODY,False,False,False,body_contacts.jsonl,
9647,80.39166666666667,base_link,BODY,False,False,False,body_contacts.jsonl,
9648,80.4,base_link,BODY,False,False,False,body_contacts.jsonl,
9649,80.40833333333333,base_link,BODY,False,False,False,body_contacts.jsonl,
9650,80.41666666666667,base_link,BODY,False,False,False,body_contacts.jsonl,
9651,80.425,base_link,BODY,False,False,False,body_contacts.jsonl,
9652,80.43333333333334,base_link,BODY,False,False,False,body_contacts.jsonl,
9653,80.44166666666666,base_link,BODY,False,False,False,body_contacts.jsonl,
9654,80.45,base_link,BODY,False,False,False,body_contacts.jsonl,
9655,80.45833333333333,base_link,BODY,False,False,False,body_contacts.jsonl,
9656,80.46666666666667,base_link,BODY,False,False,False,body_contacts.jsonl,
9657,80.475,base_link,BODY,False,False,False,body_contacts.jsonl,
9658,80.48333333333333,base_link,BODY,False,False,False,body_contacts.jsonl,
9659,80.49166666666666,base_link,BODY,False,False,False,body_contacts.jsonl,
9660,80.5,base_link,BODY,False,False,False,body_contacts.jsonl,
9661,80.50833333333333,base_link,BODY,False,False,False,body_contacts.jsonl,
9662,80.51666666666667,base_link,BODY,False,False,False,body_contacts.jsonl,
9663,80.525,base_link,BODY,False,False,False,body_contacts.jsonl,
9664,80.53333333333333,base_link,BODY,False,False,False,body_contacts.jsonl,
9665,80.54166666666667,base_link,BODY,False,False,False,body_contacts.jsonl,
9666,80.55,base_link,BODY,False,False,False,body_contacts.jsonl,
9667,80.55833333333334,base_link,BODY,False,False,False,body_contacts.jsonl,
9668,80.56666666666666,base_link,BODY,False,False,False,body_contacts.jsonl,
9669,80.575,base_link,BODY,False,False,False,body_contacts.jsonl,
9670,80.58333333333333,base_link,BODY,False,False,False,body_contacts.jsonl,
9671,80.59166666666667,base_link,BODY,False,False,False,body_contacts.jsonl,
9672,80.6,base_link,BODY,False,False,False,body_contacts.jsonl,
9673,80.60833333333333,base_link,BODY,False,False,False,body_contacts.jsonl,
9674,80.61666666666666,base_link,BODY,False,False,False,body_contacts.jsonl,
9675,80.625,base_link,BODY,False,False,False,body_contacts.jsonl,
9676,80.63333333333333,base_link,BODY,False,False,False,body_contacts.jsonl,
9677,80.64166666666667,base_link,BODY,False,False,False,body_contacts.jsonl,
9678,80.65,base_link,BODY,False,False,False,body_contacts.jsonl,
9679,80.65833333333333,base_link,BODY,False,False,False,body_contacts.jsonl,
9680,80.66666666666667,base_link,BODY,False,False,False,body_contacts.jsonl,
9681,80.675,base_link,BODY,False,False,False,body_contacts.jsonl,
9682,80.68333333333334,base_link,BODY,False,False,False,body_contacts.jsonl,
9683,80.69166666666666,base_link,BODY,False,False,False,body_contacts.jsonl,
9684,80.7,base_link,BODY,False,False,False,body_contacts.jsonl,
9685,80.70833333333333,base_link,BODY,False,False,False,body_contacts.jsonl,
9686,80.71666666666667,base_link,BODY,False,False,False,body_contacts.jsonl,
9687,80.725,base_link,BODY,False,False,False,body_contacts.jsonl,
9688,80.73333333333333,base_link,BODY,False,False,False,body_contacts.jsonl,
9689,80.74166666666666,base_link,BODY,False,False,False,body_contacts.jsonl,
9690,80.75,base_link,BODY,False,False,False,body_contacts.jsonl,
9691,80.75833333333333,base_link,BODY,False,False,False,body_contacts.jsonl,
9692,80.76666666666667,base_link,BODY,False,False,False,body_contacts.jsonl,
9693,80.775,base_link,BODY,False,False,False,body_contacts.jsonl,
9694,80.78333333333333,base_link,BODY,False,False,False,body_contacts.jsonl,
9695,80.79166666666667,base_link,BODY,False,False,False,body_contacts.jsonl,
9696,80.8,base_link,BODY,False,False,False,body_contacts.jsonl,
9697,80.80833333333334,base_link,BODY,False,False,False,body_contacts.jsonl,
9698,80.81666666666666,base_link,BODY,False,False,False,body_contacts.jsonl,
9699,80.825,base_link,BODY,False,False,False,body_contacts.jsonl,
9700,80.83333333333333,base_link,BODY,False,False,False,body_contacts.jsonl,
9701,80.84166666666667,base_link,BODY,False,False,False,body_contacts.jsonl,
9702,80.85,base_link,BODY,False,False,False,body_contacts.jsonl,
9703,80.85833333333333,base_link,BODY,False,False,False,body_contacts.jsonl,
9704,80.86666666666666,base_link,BODY,False,False,False,body_contacts.jsonl,
9705,80.875,base_link,BODY,False,False,False,body_contacts.jsonl,
9706,80.88333333333333,base_link,BODY,False,False,False,body_contacts.jsonl,
9707,80.89166666666667,base_link,BODY,False,False,False,body_contacts.jsonl,
9708,80.9,base_link,BODY,False,False,False,body_contacts.jsonl,
9709,80.90833333333333,base_link,BODY,False,False,False,body_contacts.jsonl,
9710,80.91666666666667,base_link,BODY,False,False,False,body_contacts.jsonl,
9711,80.925,base_link,BODY,False,False,False,body_contacts.jsonl,
9712,80.93333333333334,base_link,BODY,False,False,False,body_contacts.jsonl,
9713,80.94166666666666,base_link,BODY,False,False,False,body_contacts.jsonl,
9714,80.95,base_link,BODY,False,False,False,body_contacts.jsonl,
9715,80.95833333333333,base_link,BODY,False,False,False,body_contacts.jsonl,
9716,80.96666666666667,base_link,BODY,False,False,False,body_contacts.jsonl,
9717,80.975,base_link,BODY,False,False,False,body_contacts.jsonl,
9718,80.98333333333333,base_link,BODY,False,False,False,body_contacts.jsonl,
9719,80.99166666666666,base_link,BODY,False,False,False,body_contacts.jsonl,
9720,81.0,base_link,BODY,False,False,False,body_contacts.jsonl,
9721,81.00833333333333,base_link,BODY,False,False,False,body_contacts.jsonl,
9722,81.01666666666667,base_link,BODY,False,False,False,body_contacts.jsonl,
9723,81.025,base_link,BODY,False,False,False,body_contacts.jsonl,
9724,81.03333333333333,base_link,BODY,False,False,False,body_contacts.jsonl,
9725,81.04166666666667,base_link,BODY,False,False,False,body_contacts.jsonl,
9726,81.05,base_link,BODY,False,False,False,body_contacts.jsonl,
9727,81.05833333333334,base_link,BODY,False,False,False,body_contacts.jsonl,
9728,81.06666666666666,base_link,BODY,False,False,False,body_contacts.jsonl,
9729,81.075,base_link,BODY,False,False,False,body_contacts.jsonl,
9730,81.08333333333333,base_link,BODY,False,False,False,body_contacts.jsonl,
9731,81.09166666666667,base_link,BODY,False,False,False,body_contacts.jsonl,
9732,81.1,base_link,BODY,False,False,False,body_contacts.jsonl,
9733,81.10833333333333,base_link,BODY,False,False,False,body_contacts.jsonl,
9734,81.11666666666666,base_link,BODY,False,False,False,body_contacts.jsonl,
9735,81.125,base_link,BODY,False,False,False,body_contacts.jsonl,
9736,81.13333333333333,base_link,BODY,False,False,False,body_contacts.jsonl,
9737,81.14166666666667,base_link,BODY,False,False,False,body_contacts.jsonl,
9738,81.15,base_link,BODY,False,False,False,body_contacts.jsonl,
9739,81.15833333333333,base_link,BODY,False,False,False,body_contacts.jsonl,
9740,81.16666666666667,base_link,BODY,False,False,False,body_contacts.jsonl,
9741,81.175,base_link,BODY,False,False,False,body_contacts.jsonl,
9742,81.18333333333334,base_link,BODY,False,False,False,body_contacts.jsonl,
9743,81.19166666666666,base_link,BODY,False,False,False,body_contacts.jsonl,
9744,81.2,base_link,BODY,False,False,False,body_contacts.jsonl,
9745,81.20833333333333,base_link,BODY,False,False,False,body_contacts.jsonl,
9746,81.21666666666667,base_link,BODY,False,False,False,body_contacts.jsonl,
9747,81.225,base_link,BODY,False,False,False,body_contacts.jsonl,
9748,81.23333333333333,base_link,BODY,False,False,False,body_contacts.jsonl,
9749,81.24166666666666,base_link,BODY,False,False,False,body_contacts.jsonl,
9750,81.25,base_link,BODY,False,False,False,body_contacts.jsonl,
9751,81.25833333333333,base_link,BODY,False,False,False,body_contacts.jsonl,
9752,81.26666666666667,base_link,BODY,False,False,False,body_contacts.jsonl,
9753,81.275,base_link,BODY,False,False,False,body_contacts.jsonl,
9754,81.28333333333333,base_link,BODY,False,False,False,body_contacts.jsonl,
9755,81.29166666666667,base_link,BODY,False,False,False,body_contacts.jsonl,
9756,81.3,base_link,BODY,False,False,False,body_contacts.jsonl,
9757,81.30833333333334,base_link,BODY,False,False,False,body_contacts.jsonl,
9758,81.31666666666666,base_link,BODY,False,False,False,body_contacts.jsonl,
9759,81.325,base_link,BODY,False,False,False,body_contacts.jsonl,
9760,81.33333333333333,base_link,BODY,False,False,False,body_contacts.jsonl,
9761,81.34166666666667,base_link,BODY,False,False,False,body_contacts.jsonl,
9762,81.35,base_link,BODY,False,False,False,body_contacts.jsonl,
9763,81.35833333333333,base_link,BODY,False,False,False,body_contacts.jsonl,
9764,81.36666666666666,base_link,BODY,False,False,False,body_contacts.jsonl,
9765,81.375,base_link,BODY,False,False,False,body_contacts.jsonl,
9766,81.38333333333333,base_link,BODY,False,False,False,body_contacts.jsonl,
9767,81.39166666666667,base_link,BODY,False,False,False,body_contacts.jsonl,
9768,81.4,base_link,BODY,False,False,False,body_contacts.jsonl,
9769,81.40833333333333,base_link,BODY,False,False,False,body_contacts.jsonl,
9770,81.41666666666667,base_link,BODY,False,False,False,body_contacts.jsonl,
9771,81.425,base_link,BODY,False,False,False,body_contacts.jsonl,
9772,81.43333333333334,base_link,BODY,False,False,False,body_contacts.jsonl,
9773,81.44166666666666,base_link,BODY,False,False,False,body_contacts.jsonl,
9774,81.45,base_link,BODY,False,False,False,body_contacts.jsonl,
9775,81.45833333333333,base_link,BODY,False,False,False,body_contacts.jsonl,
9776,81.46666666666667,base_link,BODY,False,False,False,body_contacts.jsonl,
9777,81.475,base_link,BODY,False,False,False,body_contacts.jsonl,
9778,81.48333333333333,base_link,BODY,False,False,False,body_contacts.jsonl,
9779,81.49166666666666,base_link,BODY,False,False,False,body_contacts.jsonl,
9780,81.5,base_link,BODY,False,False,False,body_contacts.jsonl,
9781,81.50833333333333,base_link,BODY,False,False,False,body_contacts.jsonl,
9782,81.51666666666667,base_link,BODY,False,False,False,body_contacts.jsonl,
9783,81.525,base_link,BODY,False,False,False,body_contacts.jsonl,
9784,81.53333333333333,base_link,BODY,False,False,False,body_contacts.jsonl,
9785,81.54166666666667,base_link,BODY,False,False,False,body_contacts.jsonl,
9786,81.55,base_link,BODY,False,False,False,body_contacts.jsonl,
9787,81.55833333333334,base_link,BODY,False,False,False,body_contacts.jsonl,
9788,81.56666666666666,base_link,BODY,False,False,False,body_contacts.jsonl,
9789,81.575,base_link,BODY,False,False,False,body_contacts.jsonl,
9790,81.58333333333333,base_link,BODY,False,False,False,body_contacts.jsonl,
9791,81.59166666666667,base_link,BODY,False,False,False,body_contacts.jsonl,
9792,81.6,base_link,BODY,False,False,False,body_contacts.jsonl,
9793,81.60833333333333,base_link,BODY,False,False,False,body_contacts.jsonl,
9794,81.61666666666666,base_link,BODY,False,False,False,body_contacts.jsonl,
9795,81.625,base_link,BODY,False,False,False,body_contacts.jsonl,
9796,81.63333333333333,base_link,BODY,False,False,False,body_contacts.jsonl,
9797,81.64166666666667,base_link,BODY,False,False,False,body_contacts.jsonl,
9798,81.65,base_link,BODY,False,False,False,body_contacts.jsonl,
9799,81.65833333333333,base_link,BODY,False,False,False,body_contacts.jsonl,
9800,81.66666666666667,base_link,BODY,False,False,False,body_contacts.jsonl,
9801,81.675,base_link,BODY,False,False,False,body_contacts.jsonl,
9802,81.68333333333334,base_link,BODY,False,False,False,body_contacts.jsonl,
9803,81.69166666666666,base_link,BODY,False,False,False,body_contacts.jsonl,
9804,81.7,base_link,BODY,False,False,False,body_contacts.jsonl,
9805,81.70833333333333,base_link,BODY,False,False,False,body_contacts.jsonl,
9806,81.71666666666667,base_link,BODY,False,False,False,body_contacts.jsonl,
9807,81.725,base_link,BODY,False,False,False,body_contacts.jsonl,
9808,81.73333333333333,base_link,BODY,False,False,False,body_contacts.jsonl,
9809,81.74166666666666,base_link,BODY,False,False,False,body_contacts.jsonl,
9810,81.75,base_link,BODY,False,False,False,body_contacts.jsonl,
9811,81.75833333333333,base_link,BODY,False,False,False,body_contacts.jsonl,
9812,81.76666666666667,base_link,BODY,False,False,False,body_contacts.jsonl,
9813,81.775,base_link,BODY,False,False,False,body_contacts.jsonl,
9814,81.78333333333333,base_link,BODY,False,False,False,body_contacts.jsonl,
9815,81.79166666666667,base_link,BODY,False,False,False,body_contacts.jsonl,
9816,81.8,base_link,BODY,False,False,False,body_contacts.jsonl,
9817,81.80833333333334,base_link,BODY,False,False,False,body_contacts.jsonl,
9818,81.81666666666666,base_link,BODY,False,False,False,body_contacts.jsonl,
9819,81.825,base_link,BODY,False,False,False,body_contacts.jsonl,
9820,81.83333333333333,base_link,BODY,False,False,False,body_contacts.jsonl,
9821,81.84166666666667,base_link,BODY,False,False,False,body_contacts.jsonl,
9822,81.85,base_link,BODY,False,False,False,body_contacts.jsonl,
9823,81.85833333333333,base_link,BODY,False,False,False,body_contacts.jsonl,
9824,81.86666666666666,base_link,BODY,False,False,False,body_contacts.jsonl,
9825,81.875,base_link,BODY,False,False,False,body_contacts.jsonl,
9826,81.88333333333333,base_link,BODY,False,False,False,body_contacts.jsonl,
9827,81.89166666666667,base_link,BODY,False,False,False,body_contacts.jsonl,
9828,81.9,base_link,BODY,False,False,False,body_contacts.jsonl,
9829,81.90833333333333,base_link,BODY,False,False,False,body_contacts.jsonl,
9830,81.91666666666667,base_link,BODY,False,False,False,body_contacts.jsonl,
9831,81.925,base_link,BODY,False,False,False,body_contacts.jsonl,
9832,81.93333333333334,base_link,BODY,False,False,False,body_contacts.jsonl,
9833,81.94166666666666,base_link,BODY,False,False,False,body_contacts.jsonl,
9834,81.95,base_link,BODY,False,False,False,body_contacts.jsonl,
9835,81.95833333333333,base_link,BODY,False,False,False,body_contacts.jsonl,
9836,81.96666666666667,base_link,BODY,False,False,False,body_contacts.jsonl,
9837,81.975,base_link,BODY,False,False,False,body_contacts.jsonl,
9838,81.98333333333333,base_link,BODY,False,False,False,body_contacts.jsonl,
9839,81.99166666666666,base_link,BODY,False,False,False,body_contacts.jsonl,
9840,82.0,base_link,BODY,False,False,False,body_contacts.jsonl,
9841,82.00833333333333,base_link,BODY,False,False,False,body_contacts.jsonl,
9842,82.01666666666667,base_link,BODY,False,False,False,body_contacts.jsonl,
9843,82.025,base_link,BODY,False,False,False,body_contacts.jsonl,
9844,82.03333333333333,base_link,BODY,False,False,False,body_contacts.jsonl,
9845,82.04166666666667,base_link,BODY,False,False,False,body_contacts.jsonl,
9846,82.05,base_link,BODY,False,False,False,body_contacts.jsonl,
9847,82.05833333333334,base_link,BODY,False,False,False,body_contacts.jsonl,
9848,82.06666666666666,base_link,BODY,False,False,False,body_contacts.jsonl,
9849,82.075,base_link,BODY,False,False,False,body_contacts.jsonl,
9850,82.08333333333333,base_link,BODY,False,False,False,body_contacts.jsonl,
9851,82.09166666666667,base_link,BODY,False,False,False,body_contacts.jsonl,
9852,82.1,base_link,BODY,False,False,False,body_contacts.jsonl,
9853,82.10833333333333,base_link,BODY,False,False,False,body_contacts.jsonl,
9854,82.11666666666666,base_link,BODY,False,False,False,body_contacts.jsonl,
9855,82.125,base_link,BODY,False,False,False,body_contacts.jsonl,
9856,82.13333333333333,base_link,BODY,False,False,False,body_contacts.jsonl,
9857,82.14166666666667,base_link,BODY,False,False,False,body_contacts.jsonl,
9858,82.15,base_link,BODY,False,False,False,body_contacts.jsonl,
9859,82.15833333333333,base_link,BODY,False,False,False,body_contacts.jsonl,
9860,82.16666666666667,base_link,BODY,False,False,False,body_contacts.jsonl,
9861,82.175,base_link,BODY,False,False,False,body_contacts.jsonl,
9862,82.18333333333334,base_link,BODY,False,False,False,body_contacts.jsonl,
9863,82.19166666666666,base_link,BODY,False,False,False,body_contacts.jsonl,
9864,82.2,base_link,BODY,False,False,False,body_contacts.jsonl,
9865,82.20833333333333,base_link,BODY,False,False,False,body_contacts.jsonl,
9866,82.21666666666667,base_link,BODY,False,False,False,body_contacts.jsonl,
9867,82.225,base_link,BODY,False,False,False,body_contacts.jsonl,
9868,82.23333333333333,base_link,BODY,False,False,False,body_contacts.jsonl,
9869,82.24166666666666,base_link,BODY,False,False,False,body_contacts.jsonl,
9870,82.25,base_link,BODY,False,False,False,body_contacts.jsonl,
9871,82.25833333333333,base_link,BODY,False,False,False,body_contacts.jsonl,
9872,82.26666666666667,base_link,BODY,False,False,False,body_contacts.jsonl,
9873,82.275,base_link,BODY,False,False,False,body_contacts.jsonl,
9874,82.28333333333333,base_link,BODY,False,False,False,body_contacts.jsonl,
9875,82.29166666666667,base_link,BODY,False,False,False,body_contacts.jsonl,
9876,82.3,base_link,BODY,False,False,False,body_contacts.jsonl,
9877,82.30833333333334,base_link,BODY,False,False,False,body_contacts.jsonl,
9878,82.31666666666666,base_link,BODY,False,False,False,body_contacts.jsonl,
9879,82.325,base_link,BODY,False,False,False,body_contacts.jsonl,
9880,82.33333333333333,base_link,BODY,False,False,False,body_contacts.jsonl,
9881,82.34166666666667,base_link,BODY,False,False,False,body_contacts.jsonl,
9882,82.35,base_link,BODY,False,False,False,body_contacts.jsonl,
9883,82.35833333333333,base_link,BODY,False,False,False,body_contacts.jsonl,
9884,82.36666666666666,base_link,BODY,False,False,False,body_contacts.jsonl,
9885,82.375,base_link,BODY,False,False,False,body_contacts.jsonl,
9886,82.38333333333333,base_link,BODY,False,False,False,body_contacts.jsonl,
9887,82.39166666666667,base_link,BODY,False,False,False,body_contacts.jsonl,
9888,82.4,base_link,BODY,False,False,False,body_contacts.jsonl,
9889,82.40833333333333,base_link,BODY,False,False,False,body_contacts.jsonl,
9890,82.41666666666667,base_link,BODY,False,False,False,body_contacts.jsonl,
9891,82.425,base_link,BODY,False,False,False,body_contacts.jsonl,
9892,82.43333333333334,base_link,BODY,False,False,False,body_contacts.jsonl,
9893,82.44166666666666,base_link,BODY,False,False,False,body_contacts.jsonl,
9894,82.45,base_link,BODY,False,False,False,body_contacts.jsonl,
9895,82.45833333333333,base_link,BODY,False,False,False,body_contacts.jsonl,
9896,82.46666666666667,base_link,BODY,False,False,False,body_contacts.jsonl,
9897,82.475,base_link,BODY,False,False,False,body_contacts.jsonl,
9898,82.48333333333333,base_link,BODY,False,False,False,body_contacts.jsonl,
9899,82.49166666666666,base_link,BODY,False,False,False,body_contacts.jsonl,
9900,82.5,base_link,BODY,False,False,False,body_contacts.jsonl,
9901,82.50833333333333,base_link,BODY,False,False,False,body_contacts.jsonl,
9902,82.51666666666667,base_link,BODY,False,False,False,body_contacts.jsonl,
9903,82.525,base_link,BODY,False,False,False,body_contacts.jsonl,
9904,82.53333333333333,base_link,BODY,False,False,False,body_contacts.jsonl,
9905,82.54166666666667,base_link,BODY,False,False,False,body_contacts.jsonl,
9906,82.55,base_link,BODY,False,False,False,body_contacts.jsonl,
9907,82.55833333333334,base_link,BODY,False,False,False,body_contacts.jsonl,
9908,82.56666666666666,base_link,BODY,False,False,False,body_contacts.jsonl,
9909,82.575,base_link,BODY,False,False,False,body_contacts.jsonl,
9910,82.58333333333333,base_link,BODY,False,False,False,body_contacts.jsonl,
9911,82.59166666666667,base_link,BODY,False,False,False,body_contacts.jsonl,
9912,82.6,base_link,BODY,False,False,False,body_contacts.jsonl,
9913,82.60833333333333,base_link,BODY,False,False,False,body_contacts.jsonl,
9914,82.61666666666666,base_link,BODY,False,False,False,body_contacts.jsonl,
9915,82.625,base_link,BODY,False,False,False,body_contacts.jsonl,
9916,82.63333333333333,base_link,BODY,False,False,False,body_contacts.jsonl,
9917,82.64166666666667,base_link,BODY,False,False,False,body_contacts.jsonl,
9918,82.65,base_link,BODY,False,False,False,body_contacts.jsonl,
9919,82.65833333333333,base_link,BODY,False,False,False,body_contacts.jsonl,
9920,82.66666666666667,base_link,BODY,False,False,False,body_contacts.jsonl,
9921,82.675,base_link,BODY,False,False,False,body_contacts.jsonl,
9922,82.68333333333334,base_link,BODY,False,False,False,body_contacts.jsonl,
9923,82.69166666666666,base_link,BODY,False,False,False,body_contacts.jsonl,
9924,82.7,base_link,BODY,False,False,False,body_contacts.jsonl,
9925,82.70833333333333,base_link,BODY,False,False,False,body_contacts.jsonl,
9926,82.71666666666667,base_link,BODY,False,False,False,body_contacts.jsonl,
9927,82.725,base_link,BODY,False,False,False,body_contacts.jsonl,
9928,82.73333333333333,base_link,BODY,False,False,False,body_contacts.jsonl,
9929,82.74166666666666,base_link,BODY,False,False,False,body_contacts.jsonl,
9930,82.75,base_link,BODY,False,False,False,body_contacts.jsonl,
9931,82.75833333333333,base_link,BODY,False,False,False,body_contacts.jsonl,
9932,82.76666666666667,base_link,BODY,False,False,False,body_contacts.jsonl,
9933,82.775,base_link,BODY,False,False,False,body_contacts.jsonl,
9934,82.78333333333333,base_link,BODY,False,False,False,body_contacts.jsonl,
9935,82.79166666666667,base_link,BODY,False,False,False,body_contacts.jsonl,
9936,82.8,base_link,BODY,False,False,False,body_contacts.jsonl,
9937,82.80833333333334,base_link,BODY,False,False,False,body_contacts.jsonl,
9938,82.81666666666666,base_link,BODY,False,False,False,body_contacts.jsonl,
9939,82.825,base_link,BODY,False,False,False,body_contacts.jsonl,
9940,82.83333333333333,base_link,BODY,False,False,False,body_contacts.jsonl,
9941,82.84166666666667,base_link,BODY,False,False,False,body_contacts.jsonl,
9942,82.85,base_link,BODY,False,False,False,body_contacts.jsonl,
9943,82.85833333333333,base_link,BODY,False,False,False,body_contacts.jsonl,
9944,82.86666666666666,base_link,BODY,False,False,False,body_contacts.jsonl,
9945,82.875,base_link,BODY,False,False,False,body_contacts.jsonl,
9946,82.88333333333333,base_link,BODY,False,False,False,body_contacts.jsonl,
9947,82.89166666666667,base_link,BODY,False,False,False,body_contacts.jsonl,
9948,82.9,base_link,BODY,False,False,False,body_contacts.jsonl,
9949,82.90833333333333,base_link,BODY,False,False,False,body_contacts.jsonl,
9950,82.91666666666667,base_link,BODY,False,False,False,body_contacts.jsonl,
9951,82.925,base_link,BODY,False,False,False,body_contacts.jsonl,
9952,82.93333333333334,base_link,BODY,False,False,False,body_contacts.jsonl,
9953,82.94166666666666,base_link,BODY,False,False,False,body_contacts.jsonl,
9954,82.95,base_link,BODY,False,False,False,body_contacts.jsonl,
9955,82.95833333333333,base_link,BODY,False,False,False,body_contacts.jsonl,
9956,82.96666666666667,base_link,BODY,False,False,False,body_contacts.jsonl,
9957,82.975,base_link,BODY,False,False,False,body_contacts.jsonl,
9958,82.98333333333333,base_link,BODY,False,False,False,body_contacts.jsonl,
9959,82.99166666666666,base_link,BODY,False,False,False,body_contacts.jsonl,
9960,83.0,base_link,BODY,False,False,False,body_contacts.jsonl,
9961,83.00833333333333,base_link,BODY,False,False,False,body_contacts.jsonl,
9962,83.01666666666667,base_link,BODY,False,False,False,body_contacts.jsonl,
9963,83.025,base_link,BODY,False,False,False,body_contacts.jsonl,
9964,83.03333333333333,base_link,BODY,False,False,False,body_contacts.jsonl,
9965,83.04166666666667,base_link,BODY,False,False,False,body_contacts.jsonl,
9966,83.05,base_link,BODY,False,False,False,body_contacts.jsonl,
9967,83.05833333333334,base_link,BODY,False,False,False,body_contacts.jsonl,
9968,83.06666666666666,base_link,BODY,False,False,False,body_contacts.jsonl,
9969,83.075,base_link,BODY,False,False,False,body_contacts.jsonl,
9970,83.08333333333333,base_link,BODY,False,False,False,body_contacts.jsonl,
9971,83.09166666666667,base_link,BODY,False,False,False,body_contacts.jsonl,
9972,83.1,base_link,BODY,False,False,False,body_contacts.jsonl,
9973,83.10833333333333,base_link,BODY,False,False,False,body_contacts.jsonl,
9974,83.11666666666666,base_link,BODY,False,False,False,body_contacts.jsonl,
9975,83.125,base_link,BODY,False,False,False,body_contacts.jsonl,
9976,83.13333333333333,base_link,BODY,False,False,False,body_contacts.jsonl,
9977,83.14166666666667,base_link,BODY,False,False,False,body_contacts.jsonl,
9978,83.15,base_link,BODY,False,False,False,body_contacts.jsonl,
9979,83.15833333333333,base_link,BODY,False,False,False,body_contacts.jsonl,
9980,83.16666666666667,base_link,BODY,False,False,False,body_contacts.jsonl,
9981,83.175,base_link,BODY,False,False,False,body_contacts.jsonl,
9982,83.18333333333334,base_link,BODY,False,False,False,body_contacts.jsonl,
9983,83.19166666666666,base_link,BODY,False,False,False,body_contacts.jsonl,
9984,83.2,base_link,BODY,False,False,False,body_contacts.jsonl,
9985,83.20833333333333,base_link,BODY,False,False,False,body_contacts.jsonl,
9986,83.21666666666667,base_link,BODY,False,False,False,body_contacts.jsonl,
9987,83.225,base_link,BODY,False,False,False,body_contacts.jsonl,
9988,83.23333333333333,base_link,BODY,False,False,False,body_contacts.jsonl,
9989,83.24166666666666,base_link,BODY,False,False,False,body_contacts.jsonl,
9990,83.25,base_link,BODY,False,False,False,body_contacts.jsonl,
9991,83.25833333333333,base_link,BODY,False,False,False,body_contacts.jsonl,
9992,83.26666666666667,base_link,BODY,False,False,False,body_contacts.jsonl,
9993,83.275,base_link,BODY,False,False,False,body_contacts.jsonl,
9994,83.28333333333333,base_link,BODY,False,False,False,body_contacts.jsonl,
9995,83.29166666666667,base_link,BODY,False,False,False,body_contacts.jsonl,
9996,83.3,base_link,BODY,False,False,False,body_contacts.jsonl,
9997,83.30833333333334,base_link,BODY,False,False,False,body_contacts.jsonl,
9998,83.31666666666666,base_link,BODY,False,False,False,body_contacts.jsonl,
9999,83.325,base_link,BODY,False,False,False,body_contacts.jsonl,
10000,83.33333333333333,base_link,BODY,False,False,False,body_contacts.jsonl,
10001,83.34166666666667,base_link,BODY,False,False,False,body_contacts.jsonl,
10002,83.35,base_link,BODY,False,False,False,body_contacts.jsonl,
10003,83.35833333333333,base_link,BODY,False,False,False,body_contacts.jsonl,
10004,83.36666666666666,base_link,BODY,False,False,False,body_contacts.jsonl,
10005,83.375,base_link,BODY,False,False,False,body_contacts.jsonl,
10006,83.38333333333333,base_link,BODY,False,False,False,body_contacts.jsonl,
10007,83.39166666666667,base_link,BODY,False,False,False,body_contacts.jsonl,
10008,83.4,base_link,BODY,False,False,False,body_contacts.jsonl,
10009,83.40833333333333,base_link,BODY,False,False,False,body_contacts.jsonl,
10010,83.41666666666667,base_link,BODY,False,False,False,body_contacts.jsonl,
10011,83.425,base_link,BODY,False,False,False,body_contacts.jsonl,
10012,83.43333333333334,base_link,BODY,False,False,False,body_contacts.jsonl,
10013,83.44166666666666,base_link,BODY,False,False,False,body_contacts.jsonl,
10014,83.45,base_link,BODY,False,False,False,body_contacts.jsonl,
10015,83.45833333333333,base_link,BODY,False,False,False,body_contacts.jsonl,
10016,83.46666666666667,base_link,BODY,False,False,False,body_contacts.jsonl,
10017,83.475,base_link,BODY,False,False,False,body_contacts.jsonl,
10018,83.48333333333333,base_link,BODY,False,False,False,body_contacts.jsonl,
10019,83.49166666666666,base_link,BODY,False,False,False,body_contacts.jsonl,
10020,83.5,base_link,BODY,False,False,False,body_contacts.jsonl,
10021,83.50833333333333,base_link,BODY,False,False,False,body_contacts.jsonl,
10022,83.51666666666667,base_link,BODY,False,False,False,body_contacts.jsonl,
10023,83.525,base_link,BODY,False,False,False,body_contacts.jsonl,
10024,83.53333333333333,base_link,BODY,False,False,False,body_contacts.jsonl,
10025,83.54166666666667,base_link,BODY,False,False,False,body_contacts.jsonl,
10026,83.55,base_link,BODY,False,False,False,body_contacts.jsonl,
10027,83.55833333333334,base_link,BODY,False,False,False,body_contacts.jsonl,
10028,83.56666666666666,base_link,BODY,False,False,False,body_contacts.jsonl,
10029,83.575,base_link,BODY,False,False,False,body_contacts.jsonl,
10030,83.58333333333333,base_link,BODY,False,False,False,body_contacts.jsonl,
10031,83.59166666666667,base_link,BODY,False,False,False,body_contacts.jsonl,
10032,83.6,base_link,BODY,False,False,False,body_contacts.jsonl,
10033,83.60833333333333,base_link,BODY,False,False,False,body_contacts.jsonl,
10034,83.61666666666666,base_link,BODY,False,False,False,body_contacts.jsonl,
10035,83.625,base_link,BODY,False,False,False,body_contacts.jsonl,
10036,83.63333333333333,base_link,BODY,False,False,False,body_contacts.jsonl,
10037,83.64166666666667,base_link,BODY,False,False,False,body_contacts.jsonl,
10038,83.65,base_link,BODY,False,False,False,body_contacts.jsonl,
10039,83.65833333333333,base_link,BODY,False,False,False,body_contacts.jsonl,
10040,83.66666666666667,base_link,BODY,False,False,False,body_contacts.jsonl,
10041,83.675,base_link,BODY,False,False,False,body_contacts.jsonl,
10042,83.68333333333334,base_link,BODY,False,False,False,body_contacts.jsonl,
10043,83.69166666666666,base_link,BODY,False,False,False,body_contacts.jsonl,
10044,83.7,base_link,BODY,False,False,False,body_contacts.jsonl,
10045,83.70833333333333,base_link,BODY,False,False,False,body_contacts.jsonl,
10046,83.71666666666667,base_link,BODY,False,False,False,body_contacts.jsonl,
10047,83.725,base_link,BODY,False,False,False,body_contacts.jsonl,
10048,83.73333333333333,base_link,BODY,False,False,False,body_contacts.jsonl,
10049,83.74166666666666,base_link,BODY,False,False,False,body_contacts.jsonl,
10050,83.75,base_link,BODY,False,False,False,body_contacts.jsonl,
10051,83.75833333333333,base_link,BODY,False,False,False,body_contacts.jsonl,
10052,83.76666666666667,base_link,BODY,False,False,False,body_contacts.jsonl,
10053,83.775,base_link,BODY,False,False,False,body_contacts.jsonl,
10054,83.78333333333333,base_link,BODY,False,False,False,body_contacts.jsonl,
10055,83.79166666666667,base_link,BODY,False,False,False,body_contacts.jsonl,
10056,83.8,base_link,BODY,False,False,False,body_contacts.jsonl,
10057,83.80833333333334,base_link,BODY,False,False,False,body_contacts.jsonl,
10058,83.81666666666666,base_link,BODY,False,False,False,body_contacts.jsonl,
10059,83.825,base_link,BODY,False,False,False,body_contacts.jsonl,
10060,83.83333333333333,base_link,BODY,False,False,False,body_contacts.jsonl,
10061,83.84166666666667,base_link,BODY,False,False,False,body_contacts.jsonl,
10062,83.85,base_link,BODY,False,False,False,body_contacts.jsonl,
10063,83.85833333333333,base_link,BODY,False,False,False,body_contacts.jsonl,
10064,83.86666666666666,base_link,BODY,False,False,False,body_contacts.jsonl,
10065,83.875,base_link,BODY,False,False,False,body_contacts.jsonl,
10066,83.88333333333333,base_link,BODY,False,False,False,body_contacts.jsonl,
10067,83.89166666666667,base_link,BODY,False,False,False,body_contacts.jsonl,
10068,83.9,base_link,BODY,False,False,False,body_contacts.jsonl,
10069,83.90833333333333,base_link,BODY,False,False,False,body_contacts.jsonl,
10070,83.91666666666667,base_link,BODY,False,False,False,body_contacts.jsonl,
10071,83.925,base_link,BODY,False,False,False,body_contacts.jsonl,
10072,83.93333333333334,base_link,BODY,False,False,False,body_contacts.jsonl,
10073,83.94166666666666,base_link,BODY,False,False,False,body_contacts.jsonl,
10074,83.95,base_link,BODY,False,False,False,body_contacts.jsonl,
10075,83.95833333333333,base_link,BODY,False,False,False,body_contacts.jsonl,
10076,83.96666666666667,base_link,BODY,False,False,False,body_contacts.jsonl,
10077,83.975,base_link,BODY,False,False,False,body_contacts.jsonl,
10078,83.98333333333333,base_link,BODY,False,False,False,body_contacts.jsonl,
10079,83.99166666666666,base_link,BODY,False,False,False,body_contacts.jsonl,
10080,84.0,base_link,BODY,False,False,False,body_contacts.jsonl,
10081,84.00833333333333,base_link,BODY,False,False,False,body_contacts.jsonl,
10082,84.01666666666667,base_link,BODY,False,False,False,body_contacts.jsonl,
10083,84.025,base_link,BODY,False,False,False,body_contacts.jsonl,
10084,84.03333333333333,base_link,BODY,False,False,False,body_contacts.jsonl,
10085,84.04166666666667,base_link,BODY,False,False,False,body_contacts.jsonl,
10086,84.05,base_link,BODY,False,False,False,body_contacts.jsonl,
10087,84.05833333333334,base_link,BODY,False,False,False,body_contacts.jsonl,
10088,84.06666666666666,base_link,BODY,False,False,False,body_contacts.jsonl,
10089,84.075,base_link,BODY,False,False,False,body_contacts.jsonl,
10090,84.08333333333333,base_link,BODY,False,False,False,body_contacts.jsonl,
10091,84.09166666666667,base_link,BODY,False,False,False,body_contacts.jsonl,
10092,84.1,base_link,BODY,False,False,False,body_contacts.jsonl,
10093,84.10833333333333,base_link,BODY,False,False,False,body_contacts.jsonl,
10094,84.11666666666666,base_link,BODY,False,False,False,body_contacts.jsonl,
10095,84.125,base_link,BODY,False,False,False,body_contacts.jsonl,
10096,84.13333333333333,base_link,BODY,False,False,False,body_contacts.jsonl,
10097,84.14166666666667,base_link,BODY,False,False,False,body_contacts.jsonl,
10098,84.15,base_link,BODY,False,False,False,body_contacts.jsonl,
10099,84.15833333333333,base_link,BODY,False,False,False,body_contacts.jsonl,
10100,84.16666666666667,base_link,BODY,False,False,False,body_contacts.jsonl,
10101,84.175,base_link,BODY,False,False,False,body_contacts.jsonl,
10102,84.18333333333334,base_link,BODY,False,False,False,body_contacts.jsonl,
10103,84.19166666666666,base_link,BODY,False,False,False,body_contacts.jsonl,
10104,84.2,base_link,BODY,False,False,False,body_contacts.jsonl,
10105,84.20833333333333,base_link,BODY,False,False,False,body_contacts.jsonl,
10106,84.21666666666667,base_link,BODY,False,False,False,body_contacts.jsonl,
10107,84.225,base_link,BODY,False,False,False,body_contacts.jsonl,
10108,84.23333333333333,base_link,BODY,False,False,False,body_contacts.jsonl,
10109,84.24166666666666,base_link,BODY,False,False,False,body_contacts.jsonl,
10110,84.25,base_link,BODY,False,False,False,body_contacts.jsonl,
10111,84.25833333333333,base_link,BODY,False,False,False,body_contacts.jsonl,
10112,84.26666666666667,base_link,BODY,False,False,False,body_contacts.jsonl,
10113,84.275,base_link,BODY,False,False,False,body_contacts.jsonl,
10114,84.28333333333333,base_link,BODY,False,False,False,body_contacts.jsonl,
10115,84.29166666666667,base_link,BODY,False,False,False,body_contacts.jsonl,
10116,84.3,base_link,BODY,False,False,False,body_contacts.jsonl,
10117,84.30833333333334,base_link,BODY,False,False,False,body_contacts.jsonl,
10118,84.31666666666666,base_link,BODY,False,False,False,body_contacts.jsonl,
10119,84.325,base_link,BODY,False,False,False,body_contacts.jsonl,
10120,84.33333333333333,base_link,BODY,False,False,False,body_contacts.jsonl,
10121,84.34166666666667,base_link,BODY,False,False,False,body_contacts.jsonl,
10122,84.35,base_link,BODY,False,False,False,body_contacts.jsonl,
10123,84.35833333333333,base_link,BODY,False,False,False,body_contacts.jsonl,
10124,84.36666666666666,base_link,BODY,False,False,False,body_contacts.jsonl,
10125,84.375,base_link,BODY,False,False,False,body_contacts.jsonl,
10126,84.38333333333333,base_link,BODY,False,False,False,body_contacts.jsonl,
10127,84.39166666666667,base_link,BODY,False,False,False,body_contacts.jsonl,
10128,84.4,base_link,BODY,False,False,False,body_contacts.jsonl,
10129,84.40833333333333,base_link,BODY,False,False,False,body_contacts.jsonl,
10130,84.41666666666667,base_link,BODY,False,False,False,body_contacts.jsonl,
10131,84.425,base_link,BODY,False,False,False,body_contacts.jsonl,
10132,84.43333333333334,base_link,BODY,False,False,False,body_contacts.jsonl,
10133,84.44166666666666,base_link,BODY,False,False,False,body_contacts.jsonl,
10134,84.45,base_link,BODY,False,False,False,body_contacts.jsonl,
10135,84.45833333333333,base_link,BODY,False,False,False,body_contacts.jsonl,
10136,84.46666666666667,base_link,BODY,False,False,False,body_contacts.jsonl,
10137,84.475,base_link,BODY,False,False,False,body_contacts.jsonl,
10138,84.48333333333333,base_link,BODY,False,False,False,body_contacts.jsonl,
10139,84.49166666666666,base_link,BODY,False,False,False,body_contacts.jsonl,
10140,84.5,base_link,BODY,False,False,False,body_contacts.jsonl,
10141,84.50833333333333,base_link,BODY,False,False,False,body_contacts.jsonl,
10142,84.51666666666667,base_link,BODY,False,False,False,body_contacts.jsonl,
10143,84.525,base_link,BODY,False,False,False,body_contacts.jsonl,
10144,84.53333333333333,base_link,BODY,False,False,False,body_contacts.jsonl,
10145,84.54166666666667,base_link,BODY,False,False,False,body_contacts.jsonl,
10146,84.55,base_link,BODY,False,False,False,body_contacts.jsonl,
10147,84.55833333333334,base_link,BODY,False,False,False,body_contacts.jsonl,
10148,84.56666666666666,base_link,BODY,False,False,False,body_contacts.jsonl,
10149,84.575,base_link,BODY,False,False,False,body_contacts.jsonl,
10150,84.58333333333333,base_link,BODY,False,False,False,body_contacts.jsonl,
10151,84.59166666666667,base_link,BODY,False,False,False,body_contacts.jsonl,
10152,84.6,base_link,BODY,False,False,False,body_contacts.jsonl,
10153,84.60833333333333,base_link,BODY,False,False,False,body_contacts.jsonl,
10154,84.61666666666666,base_link,BODY,False,False,False,body_contacts.jsonl,
10155,84.625,base_link,BODY,False,False,False,body_contacts.jsonl,
10156,84.63333333333333,base_link,BODY,False,False,False,body_contacts.jsonl,
10157,84.64166666666667,base_link,BODY,False,False,False,body_contacts.jsonl,
10158,84.65,base_link,BODY,False,False,False,body_contacts.jsonl,
10159,84.65833333333333,base_link,BODY,False,False,False,body_contacts.jsonl,
10160,84.66666666666667,base_link,BODY,False,False,False,body_contacts.jsonl,
10161,84.675,base_link,BODY,False,False,False,body_contacts.jsonl,
10162,84.68333333333334,base_link,BODY,False,False,False,body_contacts.jsonl,
10163,84.69166666666666,base_link,BODY,False,False,False,body_contacts.jsonl,
10164,84.7,base_link,BODY,False,False,False,body_contacts.jsonl,
10165,84.70833333333333,base_link,BODY,False,False,False,body_contacts.jsonl,
10166,84.71666666666667,base_link,BODY,False,False,False,body_contacts.jsonl,
10167,84.725,base_link,BODY,False,False,False,body_contacts.jsonl,
10168,84.73333333333333,base_link,BODY,False,False,False,body_contacts.jsonl,
10169,84.74166666666666,base_link,BODY,False,False,False,body_contacts.jsonl,
10170,84.75,base_link,BODY,False,False,False,body_contacts.jsonl,
10171,84.75833333333333,base_link,BODY,False,False,False,body_contacts.jsonl,
10172,84.76666666666667,base_link,BODY,False,False,False,body_contacts.jsonl,
10173,84.775,base_link,BODY,False,False,False,body_contacts.jsonl,
10174,84.78333333333333,base_link,BODY,False,False,False,body_contacts.jsonl,
10175,84.79166666666667,base_link,BODY,False,False,False,body_contacts.jsonl,
10176,84.8,base_link,BODY,False,False,False,body_contacts.jsonl,
10177,84.80833333333334,base_link,BODY,False,False,False,body_contacts.jsonl,
10178,84.81666666666666,base_link,BODY,False,False,False,body_contacts.jsonl,
10179,84.825,base_link,BODY,False,False,False,body_contacts.jsonl,
10180,84.83333333333333,base_link,BODY,False,False,False,body_contacts.jsonl,
10181,84.84166666666667,base_link,BODY,False,False,False,body_contacts.jsonl,
10182,84.85,base_link,BODY,False,False,False,body_contacts.jsonl,
10183,84.85833333333333,base_link,BODY,False,False,False,body_contacts.jsonl,
10184,84.86666666666666,base_link,BODY,False,False,False,body_contacts.jsonl,
10185,84.875,base_link,BODY,False,False,False,body_contacts.jsonl,
10186,84.88333333333333,base_link,BODY,False,False,False,body_contacts.jsonl,
10187,84.89166666666667,base_link,BODY,False,False,False,body_contacts.jsonl,
10188,84.9,base_link,BODY,False,False,False,body_contacts.jsonl,
10189,84.90833333333333,base_link,BODY,False,False,False,body_contacts.jsonl,
10190,84.91666666666667,base_link,BODY,False,False,False,body_contacts.jsonl,
10191,84.925,base_link,BODY,False,False,False,body_contacts.jsonl,
10192,84.93333333333334,base_link,BODY,False,False,False,body_contacts.jsonl,
10193,84.94166666666666,base_link,BODY,False,False,False,body_contacts.jsonl,
10194,84.95,base_link,BODY,False,False,False,body_contacts.jsonl,
10195,84.95833333333333,base_link,BODY,False,False,False,body_contacts.jsonl,
10196,84.96666666666667,base_link,BODY,False,False,False,body_contacts.jsonl,
10197,84.975,base_link,BODY,False,False,False,body_contacts.jsonl,
10198,84.98333333333333,base_link,BODY,False,False,False,body_contacts.jsonl,
10199,84.99166666666666,base_link,BODY,False,False,False,body_contacts.jsonl,
10200,85.0,base_link,BODY,False,False,False,body_contacts.jsonl,
10201,85.00833333333333,base_link,BODY,False,False,False,body_contacts.jsonl,
10202,85.01666666666667,base_link,BODY,False,False,False,body_contacts.jsonl,
10203,85.025,base_link,BODY,False,False,False,body_contacts.jsonl,
10204,85.03333333333333,base_link,BODY,False,False,False,body_contacts.jsonl,
10205,85.04166666666667,base_link,BODY,False,False,False,body_contacts.jsonl,
10206,85.05,base_link,BODY,False,False,False,body_contacts.jsonl,
10207,85.05833333333334,base_link,BODY,False,False,False,body_contacts.jsonl,
10208,85.06666666666666,base_link,BODY,False,False,False,body_contacts.jsonl,
10209,85.075,base_link,BODY,False,False,False,body_contacts.jsonl,
10210,85.08333333333333,base_link,BODY,False,False,False,body_contacts.jsonl,
10211,85.09166666666667,base_link,BODY,False,False,False,body_contacts.jsonl,
10212,85.1,base_link,BODY,False,False,False,body_contacts.jsonl,
10213,85.10833333333333,base_link,BODY,False,False,False,body_contacts.jsonl,
10214,85.11666666666666,base_link,BODY,False,False,False,body_contacts.jsonl,
10215,85.125,base_link,BODY,False,False,False,body_contacts.jsonl,
10216,85.13333333333333,base_link,BODY,False,False,False,body_contacts.jsonl,
10217,85.14166666666667,base_link,BODY,False,False,False,body_contacts.jsonl,
10218,85.15,base_link,BODY,False,False,False,body_contacts.jsonl,
10219,85.15833333333333,base_link,BODY,False,False,False,body_contacts.jsonl,
10220,85.16666666666667,base_link,BODY,False,False,False,body_contacts.jsonl,
10221,85.175,base_link,BODY,False,False,False,body_contacts.jsonl,
10222,85.18333333333334,base_link,BODY,False,False,False,body_contacts.jsonl,
10223,85.19166666666666,base_link,BODY,False,False,False,body_contacts.jsonl,
10224,85.2,base_link,BODY,False,False,False,body_contacts.jsonl,
10225,85.20833333333333,base_link,BODY,False,False,False,body_contacts.jsonl,
10226,85.21666666666667,base_link,BODY,False,False,False,body_contacts.jsonl,
10227,85.225,base_link,BODY,False,False,False,body_contacts.jsonl,
10228,85.23333333333333,base_link,BODY,False,False,False,body_contacts.jsonl,
10229,85.24166666666666,base_link,BODY,False,False,False,body_contacts.jsonl,
10230,85.25,base_link,BODY,False,False,False,body_contacts.jsonl,
10231,85.25833333333333,base_link,BODY,False,False,False,body_contacts.jsonl,
10232,85.26666666666667,base_link,BODY,False,False,False,body_contacts.jsonl,
10233,85.275,base_link,BODY,False,False,False,body_contacts.jsonl,
10234,85.28333333333333,base_link,BODY,False,False,False,body_contacts.jsonl,
10235,85.29166666666667,base_link,BODY,False,False,False,body_contacts.jsonl,
10236,85.3,base_link,BODY,False,False,False,body_contacts.jsonl,
10237,85.30833333333334,base_link,BODY,False,False,False,body_contacts.jsonl,
10238,85.31666666666666,base_link,BODY,False,False,False,body_contacts.jsonl,
10239,85.325,base_link,BODY,False,False,False,body_contacts.jsonl,
10240,85.33333333333333,base_link,BODY,False,False,False,body_contacts.jsonl,
10241,85.34166666666667,base_link,BODY,False,False,False,body_contacts.jsonl,
10242,85.35,base_link,BODY,False,False,False,body_contacts.jsonl,
10243,85.35833333333333,base_link,BODY,False,False,False,body_contacts.jsonl,
10244,85.36666666666666,base_link,BODY,False,False,False,body_contacts.jsonl,
10245,85.375,base_link,BODY,False,False,False,body_contacts.jsonl,
10246,85.38333333333333,base_link,BODY,False,False,False,body_contacts.jsonl,
10247,85.39166666666667,base_link,BODY,False,False,False,body_contacts.jsonl,
10248,85.4,base_link,BODY,False,False,False,body_contacts.jsonl,
10249,85.40833333333333,base_link,BODY,False,False,False,body_contacts.jsonl,
10250,85.41666666666667,base_link,BODY,False,False,False,body_contacts.jsonl,
10251,85.425,base_link,BODY,False,False,False,body_contacts.jsonl,
10252,85.43333333333334,base_link,BODY,False,False,False,body_contacts.jsonl,
10253,85.44166666666666,base_link,BODY,False,False,False,body_contacts.jsonl,
10254,85.45,base_link,BODY,False,False,False,body_contacts.jsonl,
10255,85.45833333333333,base_link,BODY,False,False,False,body_contacts.jsonl,
10256,85.46666666666667,base_link,BODY,False,False,False,body_contacts.jsonl,
10257,85.475,base_link,BODY,False,False,False,body_contacts.jsonl,
10258,85.48333333333333,base_link,BODY,False,False,False,body_contacts.jsonl,
10259,85.49166666666666,base_link,BODY,False,False,False,body_contacts.jsonl,
10260,85.5,base_link,BODY,False,False,False,body_contacts.jsonl,
10261,85.50833333333333,base_link,BODY,False,False,False,body_contacts.jsonl,
10262,85.51666666666667,base_link,BODY,False,False,False,body_contacts.jsonl,
10263,85.525,base_link,BODY,False,False,False,body_contacts.jsonl,
10264,85.53333333333333,base_link,BODY,False,False,False,body_contacts.jsonl,
10265,85.54166666666667,base_link,BODY,False,False,False,body_contacts.jsonl,
10266,85.55,base_link,BODY,False,False,False,body_contacts.jsonl,
10267,85.55833333333334,base_link,BODY,False,False,False,body_contacts.jsonl,
10268,85.56666666666666,base_link,BODY,False,False,False,body_contacts.jsonl,
10269,85.575,base_link,BODY,False,False,False,body_contacts.jsonl,
10270,85.58333333333333,base_link,BODY,False,False,False,body_contacts.jsonl,
10271,85.59166666666667,base_link,BODY,False,False,False,body_contacts.jsonl,
10272,85.6,base_link,BODY,False,False,False,body_contacts.jsonl,
10273,85.60833333333333,base_link,BODY,False,False,False,body_contacts.jsonl,
10274,85.61666666666666,base_link,BODY,False,False,False,body_contacts.jsonl,
10275,85.625,base_link,BODY,False,False,False,body_contacts.jsonl,
10276,85.63333333333333,base_link,BODY,False,False,False,body_contacts.jsonl,
10277,85.64166666666667,base_link,BODY,False,False,False,body_contacts.jsonl,
10278,85.65,base_link,BODY,False,False,False,body_contacts.jsonl,
10279,85.65833333333333,base_link,BODY,False,False,False,body_contacts.jsonl,
10280,85.66666666666667,base_link,BODY,False,False,False,body_contacts.jsonl,
10281,85.675,base_link,BODY,False,False,False,body_contacts.jsonl,
10282,85.68333333333334,base_link,BODY,False,False,False,body_contacts.jsonl,
10283,85.69166666666666,base_link,BODY,False,False,False,body_contacts.jsonl,
10284,85.7,base_link,BODY,False,False,False,body_contacts.jsonl,
10285,85.70833333333333,base_link,BODY,False,False,False,body_contacts.jsonl,
10286,85.71666666666667,base_link,BODY,False,False,False,body_contacts.jsonl,
10287,85.725,base_link,BODY,False,False,False,body_contacts.jsonl,
10288,85.73333333333333,base_link,BODY,False,False,False,body_contacts.jsonl,
10289,85.74166666666666,base_link,BODY,False,False,False,body_contacts.jsonl,
10290,85.75,base_link,BODY,False,False,False,body_contacts.jsonl,
10291,85.75833333333333,base_link,BODY,False,False,False,body_contacts.jsonl,
10292,85.76666666666667,base_link,BODY,False,False,False,body_contacts.jsonl,
10293,85.775,base_link,BODY,False,False,False,body_contacts.jsonl,
10294,85.78333333333333,base_link,BODY,False,False,False,body_contacts.jsonl,
10295,85.79166666666667,base_link,BODY,False,False,False,body_contacts.jsonl,
10296,85.8,base_link,BODY,False,False,False,body_contacts.jsonl,
10297,85.80833333333334,base_link,BODY,False,False,False,body_contacts.jsonl,
10298,85.81666666666666,base_link,BODY,False,False,False,body_contacts.jsonl,
10299,85.825,base_link,BODY,False,False,False,body_contacts.jsonl,
10300,85.83333333333333,base_link,BODY,False,False,False,body_contacts.jsonl,
10301,85.84166666666667,base_link,BODY,False,False,False,body_contacts.jsonl,
10302,85.85,base_link,BODY,False,False,False,body_contacts.jsonl,
10303,85.85833333333333,base_link,BODY,False,False,False,body_contacts.jsonl,
10304,85.86666666666666,base_link,BODY,False,False,False,body_contacts.jsonl,
10305,85.875,base_link,BODY,False,False,False,body_contacts.jsonl,
10306,85.88333333333333,base_link,BODY,False,False,False,body_contacts.jsonl,
10307,85.89166666666667,base_link,BODY,False,False,False,body_contacts.jsonl,
10308,85.9,base_link,BODY,False,False,False,body_contacts.jsonl,
10309,85.90833333333333,base_link,BODY,False,False,False,body_contacts.jsonl,
10310,85.91666666666667,base_link,BODY,False,False,False,body_contacts.jsonl,
10311,85.925,base_link,BODY,False,False,False,body_contacts.jsonl,
10312,85.93333333333334,base_link,BODY,False,False,False,body_contacts.jsonl,
10313,85.94166666666666,base_link,BODY,False,False,False,body_contacts.jsonl,
10314,85.95,base_link,BODY,False,False,False,body_contacts.jsonl,
10315,85.95833333333333,base_link,BODY,False,False,False,body_contacts.jsonl,
10316,85.96666666666667,base_link,BODY,False,False,False,body_contacts.jsonl,
10317,85.975,base_link,BODY,False,False,False,body_contacts.jsonl,
10318,85.98333333333333,base_link,BODY,False,False,False,body_contacts.jsonl,
10319,85.99166666666666,base_link,BODY,False,False,False,body_contacts.jsonl,
10320,86.0,base_link,BODY,False,False,False,body_contacts.jsonl,
10321,86.00833333333333,base_link,BODY,False,False,False,body_contacts.jsonl,
10322,86.01666666666667,base_link,BODY,False,False,False,body_contacts.jsonl,
10323,86.025,base_link,BODY,False,False,False,body_contacts.jsonl,
10324,86.03333333333333,base_link,BODY,False,False,False,body_contacts.jsonl,
10325,86.04166666666667,base_link,BODY,False,False,False,body_contacts.jsonl,
10326,86.05,base_link,BODY,False,False,False,body_contacts.jsonl,
10327,86.05833333333334,base_link,BODY,False,False,False,body_contacts.jsonl,
10328,86.06666666666666,base_link,BODY,False,False,False,body_contacts.jsonl,
10329,86.075,base_link,BODY,False,False,False,body_contacts.jsonl,
10330,86.08333333333333,base_link,BODY,False,False,False,body_contacts.jsonl,
10331,86.09166666666667,base_link,BODY,False,False,False,body_contacts.jsonl,
10332,86.1,base_link,BODY,False,False,False,body_contacts.jsonl,
10333,86.10833333333333,base_link,BODY,False,False,False,body_contacts.jsonl,
10334,86.11666666666666,base_link,BODY,False,False,False,body_contacts.jsonl,
10335,86.125,base_link,BODY,False,False,False,body_contacts.jsonl,
10336,86.13333333333333,base_link,BODY,False,False,False,body_contacts.jsonl,
10337,86.14166666666667,base_link,BODY,False,False,False,body_contacts.jsonl,
10338,86.15,base_link,BODY,False,False,False,body_contacts.jsonl,
10339,86.15833333333333,base_link,BODY,False,False,False,body_contacts.jsonl,
10340,86.16666666666667,base_link,BODY,False,False,False,body_contacts.jsonl,
10341,86.175,base_link,BODY,False,False,False,body_contacts.jsonl,
10342,86.18333333333334,base_link,BODY,False,False,False,body_contacts.jsonl,
10343,86.19166666666666,base_link,BODY,False,False,False,body_contacts.jsonl,
10344,86.2,base_link,BODY,False,False,False,body_contacts.jsonl,
10345,86.20833333333333,base_link,BODY,False,False,False,body_contacts.jsonl,
10346,86.21666666666667,base_link,BODY,False,False,False,body_contacts.jsonl,
10347,86.225,base_link,BODY,False,False,False,body_contacts.jsonl,
10348,86.23333333333333,base_link,BODY,False,False,False,body_contacts.jsonl,
10349,86.24166666666666,base_link,BODY,False,False,False,body_contacts.jsonl,
10350,86.25,base_link,BODY,False,False,False,body_contacts.jsonl,
10351,86.25833333333333,base_link,BODY,False,False,False,body_contacts.jsonl,
10352,86.26666666666667,base_link,BODY,False,False,False,body_contacts.jsonl,
10353,86.275,base_link,BODY,False,False,False,body_contacts.jsonl,
10354,86.28333333333333,base_link,BODY,False,False,False,body_contacts.jsonl,
10355,86.29166666666667,base_link,BODY,False,False,False,body_contacts.jsonl,
10356,86.3,base_link,BODY,False,False,False,body_contacts.jsonl,
10357,86.30833333333334,base_link,BODY,False,False,False,body_contacts.jsonl,
10358,86.31666666666666,base_link,BODY,False,False,False,body_contacts.jsonl,
10359,86.325,base_link,BODY,False,False,False,body_contacts.jsonl,
10360,86.33333333333333,base_link,BODY,False,False,False,body_contacts.jsonl,
10361,86.34166666666667,base_link,BODY,False,False,False,body_contacts.jsonl,
10362,86.35,base_link,BODY,False,False,False,body_contacts.jsonl,
10363,86.35833333333333,base_link,BODY,False,False,False,body_contacts.jsonl,
10364,86.36666666666666,base_link,BODY,False,False,False,body_contacts.jsonl,
10365,86.375,base_link,BODY,False,False,False,body_contacts.jsonl,
10366,86.38333333333333,base_link,BODY,False,False,False,body_contacts.jsonl,
10367,86.39166666666667,base_link,BODY,False,False,False,body_contacts.jsonl,
10368,86.4,base_link,BODY,False,False,False,body_contacts.jsonl,
10369,86.40833333333333,base_link,BODY,False,False,False,body_contacts.jsonl,
10370,86.41666666666667,base_link,BODY,False,False,False,body_contacts.jsonl,
10371,86.425,base_link,BODY,False,False,False,body_contacts.jsonl,
10372,86.43333333333334,base_link,BODY,False,False,False,body_contacts.jsonl,
10373,86.44166666666666,base_link,BODY,False,False,False,body_contacts.jsonl,
10374,86.45,base_link,BODY,False,False,False,body_contacts.jsonl,
10375,86.45833333333333,base_link,BODY,False,False,False,body_contacts.jsonl,
10376,86.46666666666667,base_link,BODY,False,False,False,body_contacts.jsonl,
10377,86.475,base_link,BODY,False,False,False,body_contacts.jsonl,
10378,86.48333333333333,base_link,BODY,False,False,False,body_contacts.jsonl,
10379,86.49166666666666,base_link,BODY,False,False,False,body_contacts.jsonl,
10380,86.5,base_link,BODY,False,False,False,body_contacts.jsonl,
10381,86.50833333333333,base_link,BODY,False,False,False,body_contacts.jsonl,
10382,86.51666666666667,base_link,BODY,False,False,False,body_contacts.jsonl,
10383,86.525,base_link,BODY,False,False,False,body_contacts.jsonl,
10384,86.53333333333333,base_link,BODY,False,False,False,body_contacts.jsonl,
10385,86.54166666666667,base_link,BODY,False,False,False,body_contacts.jsonl,
10386,86.55,base_link,BODY,False,False,False,body_contacts.jsonl,
10387,86.55833333333334,base_link,BODY,False,False,False,body_contacts.jsonl,
10388,86.56666666666666,base_link,BODY,False,False,False,body_contacts.jsonl,
10389,86.575,base_link,BODY,False,False,False,body_contacts.jsonl,
10390,86.58333333333333,base_link,BODY,False,False,False,body_contacts.jsonl,
10391,86.59166666666667,base_link,BODY,False,False,False,body_contacts.jsonl,
10392,86.6,base_link,BODY,False,False,False,body_contacts.jsonl,
10393,86.60833333333333,base_link,BODY,False,False,False,body_contacts.jsonl,
10394,86.61666666666666,base_link,BODY,False,False,False,body_contacts.jsonl,
10395,86.625,base_link,BODY,False,False,False,body_contacts.jsonl,
10396,86.63333333333333,base_link,BODY,False,False,False,body_contacts.jsonl,
10397,86.64166666666667,base_link,BODY,False,False,False,body_contacts.jsonl,
10398,86.65,base_link,BODY,False,False,False,body_contacts.jsonl,
10399,86.65833333333333,base_link,BODY,False,False,False,body_contacts.jsonl,
10400,86.66666666666667,base_link,BODY,False,False,False,body_contacts.jsonl,
10401,86.675,base_link,BODY,False,False,False,body_contacts.jsonl,
10402,86.68333333333334,base_link,BODY,False,False,False,body_contacts.jsonl,
10403,86.69166666666666,base_link,BODY,False,False,False,body_contacts.jsonl,
10404,86.7,base_link,BODY,False,False,False,body_contacts.jsonl,
10405,86.70833333333333,base_link,BODY,False,False,False,body_contacts.jsonl,
10406,86.71666666666667,base_link,BODY,False,False,False,body_contacts.jsonl,
10407,86.725,base_link,BODY,False,False,False,body_contacts.jsonl,
10408,86.73333333333333,base_link,BODY,False,False,False,body_contacts.jsonl,
10409,86.74166666666666,base_link,BODY,False,False,False,body_contacts.jsonl,
10410,86.75,base_link,BODY,False,False,False,body_contacts.jsonl,
10411,86.75833333333333,base_link,BODY,False,False,False,body_contacts.jsonl,
10412,86.76666666666667,base_link,BODY,False,False,False,body_contacts.jsonl,
10413,86.775,base_link,BODY,False,False,False,body_contacts.jsonl,
10414,86.78333333333333,base_link,BODY,False,False,False,body_contacts.jsonl,
10415,86.79166666666667,base_link,BODY,False,False,False,body_contacts.jsonl,
10416,86.8,base_link,BODY,False,False,False,body_contacts.jsonl,
10417,86.80833333333334,base_link,BODY,False,False,False,body_contacts.jsonl,
10418,86.81666666666666,base_link,BODY,False,False,False,body_contacts.jsonl,
10419,86.825,base_link,BODY,False,False,False,body_contacts.jsonl,
10420,86.83333333333333,base_link,BODY,False,False,False,body_contacts.jsonl,
10421,86.84166666666667,base_link,BODY,False,False,False,body_contacts.jsonl,
10422,86.85,base_link,BODY,False,False,False,body_contacts.jsonl,
10423,86.85833333333333,base_link,BODY,False,False,False,body_contacts.jsonl,
10424,86.86666666666666,base_link,BODY,False,False,False,body_contacts.jsonl,
10425,86.875,base_link,BODY,False,False,False,body_contacts.jsonl,
10426,86.88333333333333,base_link,BODY,False,False,False,body_contacts.jsonl,
10427,86.89166666666667,base_link,BODY,False,False,False,body_contacts.jsonl,
10428,86.9,base_link,BODY,False,False,False,body_contacts.jsonl,
10429,86.90833333333333,base_link,BODY,False,False,False,body_contacts.jsonl,
10430,86.91666666666667,base_link,BODY,False,False,False,body_contacts.jsonl,
10431,86.925,base_link,BODY,False,False,False,body_contacts.jsonl,
10432,86.93333333333334,base_link,BODY,False,False,False,body_contacts.jsonl,
10433,86.94166666666666,base_link,BODY,False,False,False,body_contacts.jsonl,
10434,86.95,base_link,BODY,False,False,False,body_contacts.jsonl,
10435,86.95833333333333,base_link,BODY,False,False,False,body_contacts.jsonl,
10436,86.96666666666667,base_link,BODY,False,False,False,body_contacts.jsonl,
10437,86.975,base_link,BODY,False,False,False,body_contacts.jsonl,
10438,86.98333333333333,base_link,BODY,False,False,False,body_contacts.jsonl,
10439,86.99166666666666,base_link,BODY,False,False,False,body_contacts.jsonl,
10440,87.0,base_link,BODY,False,False,False,body_contacts.jsonl,
10441,87.00833333333333,base_link,BODY,False,False,False,body_contacts.jsonl,
10442,87.01666666666667,base_link,BODY,False,False,False,body_contacts.jsonl,
10443,87.025,base_link,BODY,False,False,False,body_contacts.jsonl,
10444,87.03333333333333,base_link,BODY,False,False,False,body_contacts.jsonl,
10445,87.04166666666667,base_link,BODY,False,False,False,body_contacts.jsonl,
10446,87.05,base_link,BODY,False,False,False,body_contacts.jsonl,
10447,87.05833333333334,base_link,BODY,False,False,False,body_contacts.jsonl,
10448,87.06666666666666,base_link,BODY,False,False,False,body_contacts.jsonl,
10449,87.075,base_link,BODY,False,False,False,body_contacts.jsonl,
10450,87.08333333333333,base_link,BODY,False,False,False,body_contacts.jsonl,
10451,87.09166666666667,base_link,BODY,False,False,False,body_contacts.jsonl,
10452,87.1,base_link,BODY,False,False,False,body_contacts.jsonl,
10453,87.10833333333333,base_link,BODY,False,False,False,body_contacts.jsonl,
10454,87.11666666666666,base_link,BODY,False,False,False,body_contacts.jsonl,
10455,87.125,base_link,BODY,False,False,False,body_contacts.jsonl,
10456,87.13333333333333,base_link,BODY,False,False,False,body_contacts.jsonl,
10457,87.14166666666667,base_link,BODY,False,False,False,body_contacts.jsonl,
10458,87.15,base_link,BODY,False,False,False,body_contacts.jsonl,
10459,87.15833333333333,base_link,BODY,False,False,False,body_contacts.jsonl,
10460,87.16666666666667,base_link,BODY,False,False,False,body_contacts.jsonl,
10461,87.175,base_link,BODY,False,False,False,body_contacts.jsonl,
10462,87.18333333333334,base_link,BODY,False,False,False,body_contacts.jsonl,
10463,87.19166666666666,base_link,BODY,False,False,False,body_contacts.jsonl,
10464,87.2,base_link,BODY,False,False,False,body_contacts.jsonl,
10465,87.20833333333333,base_link,BODY,False,False,False,body_contacts.jsonl,
10466,87.21666666666667,base_link,BODY,False,False,False,body_contacts.jsonl,
10467,87.225,base_link,BODY,False,False,False,body_contacts.jsonl,
10468,87.23333333333333,base_link,BODY,False,False,False,body_contacts.jsonl,
10469,87.24166666666666,base_link,BODY,False,False,False,body_contacts.jsonl,
10470,87.25,base_link,BODY,False,False,False,body_contacts.jsonl,
10471,87.25833333333333,base_link,BODY,False,False,False,body_contacts.jsonl,
10472,87.26666666666667,base_link,BODY,False,False,False,body_contacts.jsonl,
10473,87.275,base_link,BODY,False,False,False,body_contacts.jsonl,
10474,87.28333333333333,base_link,BODY,False,False,False,body_contacts.jsonl,
10475,87.29166666666667,base_link,BODY,False,False,False,body_contacts.jsonl,
10476,87.3,base_link,BODY,False,False,False,body_contacts.jsonl,
10477,87.30833333333334,base_link,BODY,False,False,False,body_contacts.jsonl,
10478,87.31666666666666,base_link,BODY,False,False,False,body_contacts.jsonl,
10479,87.325,base_link,BODY,False,False,False,body_contacts.jsonl,
10480,87.33333333333333,base_link,BODY,False,False,False,body_contacts.jsonl,
10481,87.34166666666667,base_link,BODY,False,False,False,body_contacts.jsonl,
10482,87.35,base_link,BODY,False,False,False,body_contacts.jsonl,
10483,87.35833333333333,base_link,BODY,False,False,False,body_contacts.jsonl,
10484,87.36666666666666,base_link,BODY,False,False,False,body_contacts.jsonl,
10485,87.375,base_link,BODY,False,False,False,body_contacts.jsonl,
10486,87.38333333333333,base_link,BODY,False,False,False,body_contacts.jsonl,
10487,87.39166666666667,base_link,BODY,False,False,False,body_contacts.jsonl,
10488,87.4,base_link,BODY,False,False,False,body_contacts.jsonl,
10489,87.40833333333333,base_link,BODY,False,False,False,body_contacts.jsonl,
10490,87.41666666666667,base_link,BODY,False,False,False,body_contacts.jsonl,
10491,87.425,base_link,BODY,False,False,False,body_contacts.jsonl,
10492,87.43333333333334,base_link,BODY,False,False,False,body_contacts.jsonl,
10493,87.44166666666666,base_link,BODY,False,False,False,body_contacts.jsonl,
10494,87.45,base_link,BODY,False,False,False,body_contacts.jsonl,
10495,87.45833333333333,base_link,BODY,False,False,False,body_contacts.jsonl,
10496,87.46666666666667,base_link,BODY,False,False,False,body_contacts.jsonl,
10497,87.475,base_link,BODY,False,False,False,body_contacts.jsonl,
10498,87.48333333333333,base_link,BODY,False,False,False,body_contacts.jsonl,
10499,87.49166666666666,base_link,BODY,False,False,False,body_contacts.jsonl,
10500,87.5,base_link,BODY,False,False,False,body_contacts.jsonl,
10501,87.50833333333333,base_link,BODY,False,False,False,body_contacts.jsonl,
10502,87.51666666666667,base_link,BODY,False,False,False,body_contacts.jsonl,
10503,87.525,base_link,BODY,False,False,False,body_contacts.jsonl,
10504,87.53333333333333,base_link,BODY,False,False,False,body_contacts.jsonl,
10505,87.54166666666667,base_link,BODY,False,False,False,body_contacts.jsonl,
10506,87.55,base_link,BODY,False,False,False,body_contacts.jsonl,
10507,87.55833333333334,base_link,BODY,False,False,False,body_contacts.jsonl,
10508,87.56666666666666,base_link,BODY,False,False,False,body_contacts.jsonl,
10509,87.575,base_link,BODY,False,False,False,body_contacts.jsonl,
10510,87.58333333333333,base_link,BODY,False,False,False,body_contacts.jsonl,
10511,87.59166666666667,base_link,BODY,False,False,False,body_contacts.jsonl,
10512,87.6,base_link,BODY,False,False,False,body_contacts.jsonl,
10513,87.60833333333333,base_link,BODY,False,False,False,body_contacts.jsonl,
10514,87.61666666666666,base_link,BODY,False,False,False,body_contacts.jsonl,
10515,87.625,base_link,BODY,False,False,False,body_contacts.jsonl,
10516,87.63333333333333,base_link,BODY,False,False,False,body_contacts.jsonl,
10517,87.64166666666667,base_link,BODY,False,False,False,body_contacts.jsonl,
10518,87.65,base_link,BODY,False,False,False,body_contacts.jsonl,
10519,87.65833333333333,base_link,BODY,False,False,False,body_contacts.jsonl,
10520,87.66666666666667,base_link,BODY,False,False,False,body_contacts.jsonl,
10521,87.675,base_link,BODY,False,False,False,body_contacts.jsonl,
10522,87.68333333333334,base_link,BODY,False,False,False,body_contacts.jsonl,
10523,87.69166666666666,base_link,BODY,False,False,False,body_contacts.jsonl,
10524,87.7,base_link,BODY,False,False,False,body_contacts.jsonl,
10525,87.70833333333333,base_link,BODY,False,False,False,body_contacts.jsonl,
10526,87.71666666666667,base_link,BODY,False,False,False,body_contacts.jsonl,
10527,87.725,base_link,BODY,False,False,False,body_contacts.jsonl,
10528,87.73333333333333,base_link,BODY,False,False,False,body_contacts.jsonl,
10529,87.74166666666666,base_link,BODY,False,False,False,body_contacts.jsonl,
10530,87.75,base_link,BODY,False,False,False,body_contacts.jsonl,
10531,87.75833333333333,base_link,BODY,False,False,False,body_contacts.jsonl,
10532,87.76666666666667,base_link,BODY,False,False,False,body_contacts.jsonl,
10533,87.775,base_link,BODY,False,False,False,body_contacts.jsonl,
10534,87.78333333333333,base_link,BODY,False,False,False,body_contacts.jsonl,
10535,87.79166666666667,base_link,BODY,False,False,False,body_contacts.jsonl,
10536,87.8,base_link,BODY,False,False,False,body_contacts.jsonl,
10537,87.80833333333334,base_link,BODY,False,False,False,body_contacts.jsonl,
10538,87.81666666666666,base_link,BODY,False,False,False,body_contacts.jsonl,
10539,87.825,base_link,BODY,False,False,False,body_contacts.jsonl,
10540,87.83333333333333,base_link,BODY,False,False,False,body_contacts.jsonl,
10541,87.84166666666667,base_link,BODY,False,False,False,body_contacts.jsonl,
10542,87.85,base_link,BODY,False,False,False,body_contacts.jsonl,
10543,87.85833333333333,base_link,BODY,False,False,False,body_contacts.jsonl,
10544,87.86666666666666,base_link,BODY,False,False,False,body_contacts.jsonl,
10545,87.875,base_link,BODY,False,False,False,body_contacts.jsonl,
10546,87.88333333333333,base_link,BODY,False,False,False,body_contacts.jsonl,
10547,87.89166666666667,base_link,BODY,False,False,False,body_contacts.jsonl,
10548,87.9,base_link,BODY,False,False,False,body_contacts.jsonl,
10549,87.90833333333333,base_link,BODY,False,False,False,body_contacts.jsonl,
10550,87.91666666666667,base_link,BODY,False,False,False,body_contacts.jsonl,
10551,87.925,base_link,BODY,False,False,False,body_contacts.jsonl,
10552,87.93333333333334,base_link,BODY,False,False,False,body_contacts.jsonl,
10553,87.94166666666666,base_link,BODY,False,False,False,body_contacts.jsonl,
10554,87.95,base_link,BODY,False,False,False,body_contacts.jsonl,
10555,87.95833333333333,base_link,BODY,False,False,False,body_contacts.jsonl,
10556,87.96666666666667,base_link,BODY,False,False,False,body_contacts.jsonl,
10557,87.975,base_link,BODY,False,False,False,body_contacts.jsonl,
10558,87.98333333333333,base_link,BODY,False,False,False,body_contacts.jsonl,
10559,87.99166666666666,base_link,BODY,False,False,False,body_contacts.jsonl,
10560,88.0,base_link,BODY,False,False,False,body_contacts.jsonl,
10561,88.00833333333333,base_link,BODY,False,False,False,body_contacts.jsonl,
10562,88.01666666666667,base_link,BODY,False,False,False,body_contacts.jsonl,
10563,88.025,base_link,BODY,False,False,False,body_contacts.jsonl,
10564,88.03333333333333,base_link,BODY,False,False,False,body_contacts.jsonl,
10565,88.04166666666667,base_link,BODY,False,False,False,body_contacts.jsonl,
10566,88.05,base_link,BODY,False,False,False,body_contacts.jsonl,
10567,88.05833333333334,base_link,BODY,False,False,False,body_contacts.jsonl,
10568,88.06666666666666,base_link,BODY,False,False,False,body_contacts.jsonl,
10569,88.075,base_link,BODY,False,False,False,body_contacts.jsonl,
10570,88.08333333333333,base_link,BODY,False,False,False,body_contacts.jsonl,
10571,88.09166666666667,base_link,BODY,False,False,False,body_contacts.jsonl,
10572,88.1,base_link,BODY,False,False,False,body_contacts.jsonl,
10573,88.10833333333333,base_link,BODY,False,False,False,body_contacts.jsonl,
10574,88.11666666666666,base_link,BODY,False,False,False,body_contacts.jsonl,
10575,88.125,base_link,BODY,False,False,False,body_contacts.jsonl,
10576,88.13333333333333,base_link,BODY,False,False,False,body_contacts.jsonl,
10577,88.14166666666667,base_link,BODY,False,False,False,body_contacts.jsonl,
10578,88.15,base_link,BODY,False,False,False,body_contacts.jsonl,
10579,88.15833333333333,base_link,BODY,False,False,False,body_contacts.jsonl,
10580,88.16666666666667,base_link,BODY,False,False,False,body_contacts.jsonl,
10581,88.175,base_link,BODY,False,False,False,body_contacts.jsonl,
10582,88.18333333333334,base_link,BODY,False,False,False,body_contacts.jsonl,
10583,88.19166666666666,base_link,BODY,False,False,False,body_contacts.jsonl,
10584,88.2,base_link,BODY,False,False,False,body_contacts.jsonl,
10585,88.20833333333333,base_link,BODY,False,False,False,body_contacts.jsonl,
10586,88.21666666666667,base_link,BODY,False,False,False,body_contacts.jsonl,
10587,88.225,base_link,BODY,False,False,False,body_contacts.jsonl,
10588,88.23333333333333,base_link,BODY,False,False,False,body_contacts.jsonl,
10589,88.24166666666666,base_link,BODY,False,False,False,body_contacts.jsonl,
10590,88.25,base_link,BODY,False,False,False,body_contacts.jsonl,
10591,88.25833333333333,base_link,BODY,False,False,False,body_contacts.jsonl,
10592,88.26666666666667,base_link,BODY,False,False,False,body_contacts.jsonl,
10593,88.275,base_link,BODY,False,False,False,body_contacts.jsonl,
10594,88.28333333333333,base_link,BODY,False,False,False,body_contacts.jsonl,
10595,88.29166666666667,base_link,BODY,False,False,False,body_contacts.jsonl,
10596,88.3,base_link,BODY,False,False,False,body_contacts.jsonl,
10597,88.30833333333334,base_link,BODY,False,False,False,body_contacts.jsonl,
10598,88.31666666666666,base_link,BODY,False,False,False,body_contacts.jsonl,
10599,88.325,base_link,BODY,False,False,False,body_contacts.jsonl,
10600,88.33333333333333,base_link,BODY,False,False,False,body_contacts.jsonl,
10601,88.34166666666667,base_link,BODY,False,False,False,body_contacts.jsonl,
10602,88.35,base_link,BODY,False,False,False,body_contacts.jsonl,
10603,88.35833333333333,base_link,BODY,False,False,False,body_contacts.jsonl,
10604,88.36666666666666,base_link,BODY,False,False,False,body_contacts.jsonl,
10605,88.375,base_link,BODY,False,False,False,body_contacts.jsonl,
10606,88.38333333333333,base_link,BODY,False,False,False,body_contacts.jsonl,
10607,88.39166666666667,base_link,BODY,False,False,False,body_contacts.jsonl,
10608,88.4,base_link,BODY,False,False,False,body_contacts.jsonl,
10609,88.40833333333333,base_link,BODY,False,False,False,body_contacts.jsonl,
10610,88.41666666666667,base_link,BODY,False,False,False,body_contacts.jsonl,
10611,88.425,base_link,BODY,False,False,False,body_contacts.jsonl,
10612,88.43333333333334,base_link,BODY,False,False,False,body_contacts.jsonl,
10613,88.44166666666666,base_link,BODY,False,False,False,body_contacts.jsonl,
10614,88.45,base_link,BODY,False,False,False,body_contacts.jsonl,
10615,88.45833333333333,base_link,BODY,False,False,False,body_contacts.jsonl,
10616,88.46666666666667,base_link,BODY,False,False,False,body_contacts.jsonl,
10617,88.475,base_link,BODY,False,False,False,body_contacts.jsonl,
10618,88.48333333333333,base_link,BODY,False,False,False,body_contacts.jsonl,
10619,88.49166666666666,base_link,BODY,False,False,False,body_contacts.jsonl,
10620,88.5,base_link,BODY,False,False,False,body_contacts.jsonl,
10621,88.50833333333333,base_link,BODY,False,False,False,body_contacts.jsonl,
10622,88.51666666666667,base_link,BODY,False,False,False,body_contacts.jsonl,
10623,88.525,base_link,BODY,False,False,False,body_contacts.jsonl,
10624,88.53333333333333,base_link,BODY,False,False,False,body_contacts.jsonl,
10625,88.54166666666667,base_link,BODY,False,False,False,body_contacts.jsonl,
10626,88.55,base_link,BODY,False,False,False,body_contacts.jsonl,
10627,88.55833333333334,base_link,BODY,False,False,False,body_contacts.jsonl,
10628,88.56666666666666,base_link,BODY,False,False,False,body_contacts.jsonl,
10629,88.575,base_link,BODY,False,False,False,body_contacts.jsonl,
10630,88.58333333333333,base_link,BODY,False,False,False,body_contacts.jsonl,
10631,88.59166666666667,base_link,BODY,False,False,False,body_contacts.jsonl,
10632,88.6,base_link,BODY,False,False,False,body_contacts.jsonl,
10633,88.60833333333333,base_link,BODY,False,False,False,body_contacts.jsonl,
10634,88.61666666666666,base_link,BODY,False,False,False,body_contacts.jsonl,
10635,88.625,base_link,BODY,False,False,False,body_contacts.jsonl,
10636,88.63333333333333,base_link,BODY,False,False,False,body_contacts.jsonl,
10637,88.64166666666667,base_link,BODY,False,False,False,body_contacts.jsonl,
10638,88.65,base_link,BODY,False,False,False,body_contacts.jsonl,
10639,88.65833333333333,base_link,BODY,False,False,False,body_contacts.jsonl,
10640,88.66666666666667,base_link,BODY,False,False,False,body_contacts.jsonl,
10641,88.675,base_link,BODY,False,False,False,body_contacts.jsonl,
10642,88.68333333333334,base_link,BODY,False,False,False,body_contacts.jsonl,
10643,88.69166666666666,base_link,BODY,False,False,False,body_contacts.jsonl,
10644,88.7,base_link,BODY,False,False,False,body_contacts.jsonl,
10645,88.70833333333333,base_link,BODY,False,False,False,body_contacts.jsonl,
10646,88.71666666666667,base_link,BODY,False,False,False,body_contacts.jsonl,
10647,88.725,base_link,BODY,False,False,False,body_contacts.jsonl,
10648,88.73333333333333,base_link,BODY,False,False,False,body_contacts.jsonl,
10649,88.74166666666666,base_link,BODY,False,False,False,body_contacts.jsonl,
10650,88.75,base_link,BODY,False,False,False,body_contacts.jsonl,
10651,88.75833333333333,base_link,BODY,False,False,False,body_contacts.jsonl,
10652,88.76666666666667,base_link,BODY,False,False,False,body_contacts.jsonl,
10653,88.775,base_link,BODY,False,False,False,body_contacts.jsonl,
10654,88.78333333333333,base_link,BODY,False,False,False,body_contacts.jsonl,
10655,88.79166666666667,base_link,BODY,False,False,False,body_contacts.jsonl,
10656,88.8,base_link,BODY,False,False,False,body_contacts.jsonl,
10657,88.80833333333334,base_link,BODY,False,False,False,body_contacts.jsonl,
10658,88.81666666666666,base_link,BODY,False,False,False,body_contacts.jsonl,
10659,88.825,base_link,BODY,False,False,False,body_contacts.jsonl,
10660,88.83333333333333,base_link,BODY,False,False,False,body_contacts.jsonl,
10661,88.84166666666667,base_link,BODY,False,False,False,body_contacts.jsonl,
10662,88.85,base_link,BODY,False,False,False,body_contacts.jsonl,
10663,88.85833333333333,base_link,BODY,False,False,False,body_contacts.jsonl,
10664,88.86666666666666,base_link,BODY,False,False,False,body_contacts.jsonl,
10665,88.875,base_link,BODY,False,False,False,body_contacts.jsonl,
10666,88.88333333333333,base_link,BODY,False,False,False,body_contacts.jsonl,
10667,88.89166666666667,base_link,BODY,False,False,False,body_contacts.jsonl,
10668,88.9,base_link,BODY,False,False,False,body_contacts.jsonl,
10669,88.90833333333333,base_link,BODY,False,False,False,body_contacts.jsonl,
10670,88.91666666666667,base_link,BODY,False,False,False,body_contacts.jsonl,
10671,88.925,base_link,BODY,False,False,False,body_contacts.jsonl,
10672,88.93333333333334,base_link,BODY,False,False,False,body_contacts.jsonl,
10673,88.94166666666666,base_link,BODY,False,False,False,body_contacts.jsonl,
10674,88.95,base_link,BODY,False,False,False,body_contacts.jsonl,
10675,88.95833333333333,base_link,BODY,False,False,False,body_contacts.jsonl,
10676,88.96666666666667,base_link,BODY,False,False,False,body_contacts.jsonl,
10677,88.975,base_link,BODY,False,False,False,body_contacts.jsonl,
10678,88.98333333333333,base_link,BODY,False,False,False,body_contacts.jsonl,
10679,88.99166666666666,base_link,BODY,False,False,False,body_contacts.jsonl,
10680,89.0,base_link,BODY,False,False,False,body_contacts.jsonl,
10681,89.00833333333333,base_link,BODY,False,False,False,body_contacts.jsonl,
10682,89.01666666666667,base_link,BODY,False,False,False,body_contacts.jsonl,
10683,89.025,base_link,BODY,False,False,False,body_contacts.jsonl,
10684,89.03333333333333,base_link,BODY,False,False,False,body_contacts.jsonl,
10685,89.04166666666667,base_link,BODY,False,False,False,body_contacts.jsonl,
10686,89.05,base_link,BODY,False,False,False,body_contacts.jsonl,
10687,89.05833333333334,base_link,BODY,False,False,False,body_contacts.jsonl,
10688,89.06666666666666,base_link,BODY,False,False,False,body_contacts.jsonl,
10689,89.075,base_link,BODY,False,False,False,body_contacts.jsonl,
10690,89.08333333333333,base_link,BODY,False,False,False,body_contacts.jsonl,
10691,89.09166666666667,base_link,BODY,False,False,False,body_contacts.jsonl,
10692,89.1,base_link,BODY,False,False,False,body_contacts.jsonl,
10693,89.10833333333333,base_link,BODY,False,False,False,body_contacts.jsonl,
10694,89.11666666666666,base_link,BODY,False,False,False,body_contacts.jsonl,
10695,89.125,base_link,BODY,False,False,False,body_contacts.jsonl,
10696,89.13333333333333,base_link,BODY,False,False,False,body_contacts.jsonl,
10697,89.14166666666667,base_link,BODY,False,False,False,body_contacts.jsonl,
10698,89.15,base_link,BODY,False,False,False,body_contacts.jsonl,
10699,89.15833333333333,base_link,BODY,False,False,False,body_contacts.jsonl,
10700,89.16666666666667,base_link,BODY,False,False,False,body_contacts.jsonl,
10701,89.175,base_link,BODY,False,False,False,body_contacts.jsonl,
10702,89.18333333333334,base_link,BODY,False,False,False,body_contacts.jsonl,
10703,89.19166666666666,base_link,BODY,False,False,False,body_contacts.jsonl,
10704,89.2,base_link,BODY,False,False,False,body_contacts.jsonl,
10705,89.20833333333333,base_link,BODY,False,False,False,body_contacts.jsonl,
10706,89.21666666666667,base_link,BODY,False,False,False,body_contacts.jsonl,
10707,89.225,base_link,BODY,False,False,False,body_contacts.jsonl,
10708,89.23333333333333,base_link,BODY,False,False,False,body_contacts.jsonl,
10709,89.24166666666666,base_link,BODY,False,False,False,body_contacts.jsonl,
10710,89.25,base_link,BODY,False,False,False,body_contacts.jsonl,
10711,89.25833333333333,base_link,BODY,False,False,False,body_contacts.jsonl,
10712,89.26666666666667,base_link,BODY,False,False,False,body_contacts.jsonl,
10713,89.275,base_link,BODY,False,False,False,body_contacts.jsonl,
10714,89.28333333333333,base_link,BODY,False,False,False,body_contacts.jsonl,
10715,89.29166666666667,base_link,BODY,False,False,False,body_contacts.jsonl,
10716,89.3,base_link,BODY,False,False,False,body_contacts.jsonl,
10717,89.30833333333334,base_link,BODY,False,False,False,body_contacts.jsonl,
10718,89.31666666666666,base_link,BODY,False,False,False,body_contacts.jsonl,
10719,89.325,base_link,BODY,False,False,False,body_contacts.jsonl,
10720,89.33333333333333,base_link,BODY,False,False,False,body_contacts.jsonl,
10721,89.34166666666667,base_link,BODY,False,False,False,body_contacts.jsonl,
10722,89.35,base_link,BODY,False,False,False,body_contacts.jsonl,
10723,89.35833333333333,base_link,BODY,False,False,False,body_contacts.jsonl,
10724,89.36666666666666,base_link,BODY,False,False,False,body_contacts.jsonl,
10725,89.375,base_link,BODY,False,False,False,body_contacts.jsonl,
10726,89.38333333333333,base_link,BODY,False,False,False,body_contacts.jsonl,
10727,89.39166666666667,base_link,BODY,False,False,False,body_contacts.jsonl,
10728,89.4,base_link,BODY,False,False,False,body_contacts.jsonl,
10729,89.40833333333333,base_link,BODY,False,False,False,body_contacts.jsonl,
10730,89.41666666666667,base_link,BODY,False,False,False,body_contacts.jsonl,
10731,89.425,base_link,BODY,False,False,False,body_contacts.jsonl,
10732,89.43333333333334,base_link,BODY,False,False,False,body_contacts.jsonl,
10733,89.44166666666666,base_link,BODY,False,False,False,body_contacts.jsonl,
10734,89.45,base_link,BODY,False,False,False,body_contacts.jsonl,
10735,89.45833333333333,base_link,BODY,False,False,False,body_contacts.jsonl,
10736,89.46666666666667,base_link,BODY,False,False,False,body_contacts.jsonl,
10737,89.475,base_link,BODY,False,False,False,body_contacts.jsonl,
10738,89.48333333333333,base_link,BODY,False,False,False,body_contacts.jsonl,
10739,89.49166666666666,base_link,BODY,False,False,False,body_contacts.jsonl,
10740,89.5,base_link,BODY,False,False,False,body_contacts.jsonl,
10741,89.50833333333333,base_link,BODY,False,False,False,body_contacts.jsonl,
10742,89.51666666666667,base_link,BODY,False,False,False,body_contacts.jsonl,
10743,89.525,base_link,BODY,False,False,False,body_contacts.jsonl,
10744,89.53333333333333,base_link,BODY,False,False,False,body_contacts.jsonl,
10745,89.54166666666667,base_link,BODY,False,False,False,body_contacts.jsonl,
10746,89.55,base_link,BODY,False,False,False,body_contacts.jsonl,
10747,89.55833333333334,base_link,BODY,False,False,False,body_contacts.jsonl,
10748,89.56666666666666,base_link,BODY,False,False,False,body_contacts.jsonl,
10749,89.575,base_link,BODY,False,False,False,body_contacts.jsonl,
10750,89.58333333333333,base_link,BODY,False,False,False,body_contacts.jsonl,
10751,89.59166666666667,base_link,BODY,False,False,False,body_contacts.jsonl,
10752,89.6,base_link,BODY,False,False,False,body_contacts.jsonl,
10753,89.60833333333333,base_link,BODY,False,False,False,body_contacts.jsonl,
10754,89.61666666666666,base_link,BODY,False,False,False,body_contacts.jsonl,
10755,89.625,base_link,BODY,False,False,False,body_contacts.jsonl,
10756,89.63333333333333,base_link,BODY,False,False,False,body_contacts.jsonl,
10757,89.64166666666667,base_link,BODY,False,False,False,body_contacts.jsonl,
10758,89.65,base_link,BODY,False,False,False,body_contacts.jsonl,
10759,89.65833333333333,base_link,BODY,False,False,False,body_contacts.jsonl,
10760,89.66666666666667,base_link,BODY,False,False,False,body_contacts.jsonl,
10761,89.675,base_link,BODY,False,False,False,body_contacts.jsonl,
10762,89.68333333333334,base_link,BODY,False,False,False,body_contacts.jsonl,
10763,89.69166666666666,base_link,BODY,False,False,False,body_contacts.jsonl,
10764,89.7,base_link,BODY,False,False,False,body_contacts.jsonl,
10765,89.70833333333333,base_link,BODY,False,False,False,body_contacts.jsonl,
10766,89.71666666666667,base_link,BODY,False,False,False,body_contacts.jsonl,
10767,89.725,base_link,BODY,False,False,False,body_contacts.jsonl,
10768,89.73333333333333,base_link,BODY,False,False,False,body_contacts.jsonl,
10769,89.74166666666666,base_link,BODY,False,False,False,body_contacts.jsonl,
10770,89.75,base_link,BODY,False,False,False,body_contacts.jsonl,
10771,89.75833333333333,base_link,BODY,False,False,False,body_contacts.jsonl,
10772,89.76666666666667,base_link,BODY,False,False,False,body_contacts.jsonl,
10773,89.775,base_link,BODY,False,False,False,body_contacts.jsonl,
10774,89.78333333333333,base_link,BODY,False,False,False,body_contacts.jsonl,
10775,89.79166666666667,base_link,BODY,False,False,False,body_contacts.jsonl,
10776,89.8,base_link,BODY,False,False,False,body_contacts.jsonl,
10777,89.80833333333334,base_link,BODY,False,False,False,body_contacts.jsonl,
10778,89.81666666666666,base_link,BODY,False,False,False,body_contacts.jsonl,
10779,89.825,base_link,BODY,False,False,False,body_contacts.jsonl,
10780,89.83333333333333,base_link,BODY,False,False,False,body_contacts.jsonl,
10781,89.84166666666667,base_link,BODY,False,False,False,body_contacts.jsonl,
10782,89.85,base_link,BODY,False,False,False,body_contacts.jsonl,
10783,89.85833333333333,base_link,BODY,False,False,False,body_contacts.jsonl,
10784,89.86666666666666,base_link,BODY,False,False,False,body_contacts.jsonl,
10785,89.875,base_link,BODY,False,False,False,body_contacts.jsonl,
10786,89.88333333333333,base_link,BODY,False,False,False,body_contacts.jsonl,
10787,89.89166666666667,base_link,BODY,False,False,False,body_contacts.jsonl,
10788,89.9,base_link,BODY,False,False,False,body_contacts.jsonl,
10789,89.90833333333333,base_link,BODY,False,False,False,body_contacts.jsonl,
10790,89.91666666666667,base_link,BODY,False,False,False,body_contacts.jsonl,
10791,89.925,base_link,BODY,False,False,False,body_contacts.jsonl,
10792,89.93333333333334,base_link,BODY,False,False,False,body_contacts.jsonl,
10793,89.94166666666666,base_link,BODY,False,False,False,body_contacts.jsonl,
10794,89.95,base_link,BODY,False,False,False,body_contacts.jsonl,
10795,89.95833333333333,base_link,BODY,False,False,False,body_contacts.jsonl,
10796,89.96666666666667,base_link,BODY,False,False,False,body_contacts.jsonl,
10797,89.975,base_link,BODY,False,False,False,body_contacts.jsonl,
10798,89.98333333333333,base_link,BODY,False,False,False,body_contacts.jsonl,
10799,89.99166666666666,base_link,BODY,False,False,False,body_contacts.jsonl,
10800,90.0,base_link,BODY,False,False,False,body_contacts.jsonl,
10801,90.00833333333333,base_link,BODY,False,False,False,body_contacts.jsonl,
10802,90.01666666666667,base_link,BODY,False,False,False,body_contacts.jsonl,
10803,90.025,base_link,BODY,False,False,False,body_contacts.jsonl,
10804,90.03333333333333,base_link,BODY,False,False,False,body_contacts.jsonl,
10805,90.04166666666667,base_link,BODY,False,False,False,body_contacts.jsonl,
10806,90.05,base_link,BODY,False,False,False,body_contacts.jsonl,
10807,90.05833333333334,base_link,BODY,False,False,False,body_contacts.jsonl,
10808,90.06666666666666,base_link,BODY,False,False,False,body_contacts.jsonl,
10809,90.075,base_link,BODY,False,False,False,body_contacts.jsonl,
10810,90.08333333333333,base_link,BODY,False,False,False,body_contacts.jsonl,
10811,90.09166666666667,base_link,BODY,False,False,False,body_contacts.jsonl,
10812,90.1,base_link,BODY,False,False,False,body_contacts.jsonl,
10813,90.10833333333333,base_link,BODY,False,False,False,body_contacts.jsonl,
10814,90.11666666666666,base_link,BODY,False,False,False,body_contacts.jsonl,
10815,90.125,base_link,BODY,False,False,False,body_contacts.jsonl,
10816,90.13333333333333,base_link,BODY,False,False,False,body_contacts.jsonl,
10817,90.14166666666667,base_link,BODY,False,False,False,body_contacts.jsonl,
10818,90.15,base_link,BODY,False,False,False,body_contacts.jsonl,
10819,90.15833333333333,base_link,BODY,False,False,False,body_contacts.jsonl,
10820,90.16666666666667,base_link,BODY,False,False,False,body_contacts.jsonl,
10821,90.175,base_link,BODY,False,False,False,body_contacts.jsonl,
10822,90.18333333333334,base_link,BODY,False,False,False,body_contacts.jsonl,
10823,90.19166666666666,base_link,BODY,False,False,False,body_contacts.jsonl,
10824,90.2,base_link,BODY,False,False,False,body_contacts.jsonl,
10825,90.20833333333333,base_link,BODY,False,False,False,body_contacts.jsonl,
10826,90.21666666666667,base_link,BODY,False,False,False,body_contacts.jsonl,
10827,90.225,base_link,BODY,False,False,False,body_contacts.jsonl,
10828,90.23333333333333,base_link,BODY,False,False,False,body_contacts.jsonl,
10829,90.24166666666666,base_link,BODY,False,False,False,body_contacts.jsonl,
10830,90.25,base_link,BODY,False,False,False,body_contacts.jsonl,
10831,90.25833333333333,base_link,BODY,False,False,False,body_contacts.jsonl,
10832,90.26666666666667,base_link,BODY,False,False,False,body_contacts.jsonl,
10833,90.275,base_link,BODY,False,False,False,body_contacts.jsonl,
10834,90.28333333333333,base_link,BODY,False,False,False,body_contacts.jsonl,
10835,90.29166666666667,base_link,BODY,False,False,False,body_contacts.jsonl,
10836,90.3,base_link,BODY,False,False,False,body_contacts.jsonl,
10837,90.30833333333334,base_link,BODY,False,False,False,body_contacts.jsonl,
10838,90.31666666666666,base_link,BODY,False,False,False,body_contacts.jsonl,
10839,90.325,base_link,BODY,False,False,False,body_contacts.jsonl,
10840,90.33333333333333,base_link,BODY,False,False,False,body_contacts.jsonl,
10841,90.34166666666667,base_link,BODY,False,False,False,body_contacts.jsonl,
10842,90.35,base_link,BODY,False,False,False,body_contacts.jsonl,
10843,90.35833333333333,base_link,BODY,False,False,False,body_contacts.jsonl,
10844,90.36666666666666,base_link,BODY,False,False,False,body_contacts.jsonl,
10845,90.375,base_link,BODY,False,False,False,body_contacts.jsonl,
10846,90.38333333333333,base_link,BODY,False,False,False,body_contacts.jsonl,
10847,90.39166666666667,base_link,BODY,False,False,False,body_contacts.jsonl,
10848,90.4,base_link,BODY,False,False,False,body_contacts.jsonl,
10849,90.40833333333333,base_link,BODY,False,False,False,body_contacts.jsonl,
10850,90.41666666666667,base_link,BODY,False,False,False,body_contacts.jsonl,
10851,90.425,base_link,BODY,False,False,False,body_contacts.jsonl,
10852,90.43333333333334,base_link,BODY,False,False,False,body_contacts.jsonl,
10853,90.44166666666666,base_link,BODY,False,False,False,body_contacts.jsonl,
10854,90.45,base_link,BODY,False,False,False,body_contacts.jsonl,
10855,90.45833333333333,base_link,BODY,False,False,False,body_contacts.jsonl,
10856,90.46666666666667,base_link,BODY,False,False,False,body_contacts.jsonl,
10857,90.475,base_link,BODY,False,False,False,body_contacts.jsonl,
10858,90.48333333333333,base_link,BODY,False,False,False,body_contacts.jsonl,
10859,90.49166666666666,base_link,BODY,False,False,False,body_contacts.jsonl,
10860,90.5,base_link,BODY,False,False,False,body_contacts.jsonl,
10861,90.50833333333333,base_link,BODY,False,False,False,body_contacts.jsonl,
10862,90.51666666666667,base_link,BODY,False,False,False,body_contacts.jsonl,
10863,90.525,base_link,BODY,False,False,False,body_contacts.jsonl,
10864,90.53333333333333,base_link,BODY,False,False,False,body_contacts.jsonl,
10865,90.54166666666667,base_link,BODY,False,False,False,body_contacts.jsonl,
10866,90.55,base_link,BODY,False,False,False,body_contacts.jsonl,
10867,90.55833333333334,base_link,BODY,False,False,False,body_contacts.jsonl,
10868,90.56666666666666,base_link,BODY,False,False,False,body_contacts.jsonl,
10869,90.575,base_link,BODY,False,False,False,body_contacts.jsonl,
10870,90.58333333333333,base_link,BODY,False,False,False,body_contacts.jsonl,
10871,90.59166666666667,base_link,BODY,False,False,False,body_contacts.jsonl,
10872,90.6,base_link,BODY,False,False,False,body_contacts.jsonl,
10873,90.60833333333333,base_link,BODY,False,False,False,body_contacts.jsonl,
10874,90.61666666666666,base_link,BODY,False,False,False,body_contacts.jsonl,
10875,90.625,base_link,BODY,False,False,False,body_contacts.jsonl,
10876,90.63333333333333,base_link,BODY,False,False,False,body_contacts.jsonl,
10877,90.64166666666667,base_link,BODY,False,False,False,body_contacts.jsonl,
10878,90.65,base_link,BODY,False,False,False,body_contacts.jsonl,
10879,90.65833333333333,base_link,BODY,False,False,False,body_contacts.jsonl,
10880,90.66666666666667,base_link,BODY,False,False,False,body_contacts.jsonl,
10881,90.675,base_link,BODY,False,False,False,body_contacts.jsonl,
10882,90.68333333333334,base_link,BODY,False,False,False,body_contacts.jsonl,
10883,90.69166666666666,base_link,BODY,False,False,False,body_contacts.jsonl,
10884,90.7,base_link,BODY,False,False,False,body_contacts.jsonl,
10885,90.70833333333333,base_link,BODY,False,False,False,body_contacts.jsonl,
10886,90.71666666666667,base_link,BODY,False,False,False,body_contacts.jsonl,
10887,90.725,base_link,BODY,False,False,False,body_contacts.jsonl,
10888,90.73333333333333,base_link,BODY,False,False,False,body_contacts.jsonl,
10889,90.74166666666666,base_link,BODY,False,False,False,body_contacts.jsonl,
10890,90.75,base_link,BODY,False,False,False,body_contacts.jsonl,
10891,90.75833333333333,base_link,BODY,False,False,False,body_contacts.jsonl,
10892,90.76666666666667,base_link,BODY,False,False,False,body_contacts.jsonl,
10893,90.775,base_link,BODY,False,False,False,body_contacts.jsonl,
10894,90.78333333333333,base_link,BODY,False,False,False,body_contacts.jsonl,
10895,90.79166666666667,base_link,BODY,False,False,False,body_contacts.jsonl,
10896,90.8,base_link,BODY,False,False,False,body_contacts.jsonl,
10897,90.80833333333334,base_link,BODY,False,False,False,body_contacts.jsonl,
10898,90.81666666666666,base_link,BODY,False,False,False,body_contacts.jsonl,
10899,90.825,base_link,BODY,False,False,False,body_contacts.jsonl,
10900,90.83333333333333,base_link,BODY,False,False,False,body_contacts.jsonl,
10901,90.84166666666667,base_link,BODY,False,False,False,body_contacts.jsonl,
10902,90.85,base_link,BODY,False,False,False,body_contacts.jsonl,
10903,90.85833333333333,base_link,BODY,False,False,False,body_contacts.jsonl,
10904,90.86666666666666,base_link,BODY,False,False,False,body_contacts.jsonl,
10905,90.875,base_link,BODY,False,False,False,body_contacts.jsonl,
10906,90.88333333333333,base_link,BODY,False,False,False,body_contacts.jsonl,
10907,90.89166666666667,base_link,BODY,False,False,False,body_contacts.jsonl,
10908,90.9,base_link,BODY,False,False,False,body_contacts.jsonl,
10909,90.90833333333333,base_link,BODY,False,False,False,body_contacts.jsonl,
10910,90.91666666666667,base_link,BODY,False,False,False,body_contacts.jsonl,
10911,90.925,base_link,BODY,False,False,False,body_contacts.jsonl,
10912,90.93333333333334,base_link,BODY,False,False,False,body_contacts.jsonl,
10913,90.94166666666666,base_link,BODY,False,False,False,body_contacts.jsonl,
10914,90.95,base_link,BODY,False,False,False,body_contacts.jsonl,
10915,90.95833333333333,base_link,BODY,False,False,False,body_contacts.jsonl,
10916,90.96666666666667,base_link,BODY,False,False,False,body_contacts.jsonl,
10917,90.975,base_link,BODY,False,False,False,body_contacts.jsonl,
10918,90.98333333333333,base_link,BODY,False,False,False,body_contacts.jsonl,
10919,90.99166666666666,base_link,BODY,False,False,False,body_contacts.jsonl,
10920,91.0,base_link,BODY,False,False,False,body_contacts.jsonl,
10921,91.00833333333333,base_link,BODY,False,False,False,body_contacts.jsonl,
10922,91.01666666666667,base_link,BODY,False,False,False,body_contacts.jsonl,
10923,91.025,base_link,BODY,False,False,False,body_contacts.jsonl,
10924,91.03333333333333,base_link,BODY,False,False,False,body_contacts.jsonl,
10925,91.04166666666667,base_link,BODY,False,False,False,body_contacts.jsonl,
10926,91.05,base_link,BODY,False,False,False,body_contacts.jsonl,
10927,91.05833333333334,base_link,BODY,False,False,False,body_contacts.jsonl,
10928,91.06666666666666,base_link,BODY,False,False,False,body_contacts.jsonl,
10929,91.075,base_link,BODY,False,False,False,body_contacts.jsonl,
10930,91.08333333333333,base_link,BODY,False,False,False,body_contacts.jsonl,
10931,91.09166666666667,base_link,BODY,False,False,False,body_contacts.jsonl,
10932,91.1,base_link,BODY,False,False,False,body_contacts.jsonl,
10933,91.10833333333333,base_link,BODY,False,False,False,body_contacts.jsonl,
10934,91.11666666666666,base_link,BODY,False,False,False,body_contacts.jsonl,
10935,91.125,base_link,BODY,False,False,False,body_contacts.jsonl,
10936,91.13333333333333,base_link,BODY,False,False,False,body_contacts.jsonl,
10937,91.14166666666667,base_link,BODY,False,False,False,body_contacts.jsonl,
10938,91.15,base_link,BODY,False,False,False,body_contacts.jsonl,
10939,91.15833333333333,base_link,BODY,False,False,False,body_contacts.jsonl,
10940,91.16666666666667,base_link,BODY,False,False,False,body_contacts.jsonl,
10941,91.175,base_link,BODY,False,False,False,body_contacts.jsonl,
10942,91.18333333333334,base_link,BODY,False,False,False,body_contacts.jsonl,
10943,91.19166666666666,base_link,BODY,False,False,False,body_contacts.jsonl,
10944,91.2,base_link,BODY,False,False,False,body_contacts.jsonl,
10945,91.20833333333333,base_link,BODY,False,False,False,body_contacts.jsonl,
10946,91.21666666666667,base_link,BODY,False,False,False,body_contacts.jsonl,
10947,91.225,base_link,BODY,False,False,False,body_contacts.jsonl,
10948,91.23333333333333,base_link,BODY,False,False,False,body_contacts.jsonl,
10949,91.24166666666666,base_link,BODY,False,False,False,body_contacts.jsonl,
10950,91.25,base_link,BODY,False,False,False,body_contacts.jsonl,
10951,91.25833333333333,base_link,BODY,False,False,False,body_contacts.jsonl,
10952,91.26666666666667,base_link,BODY,False,False,False,body_contacts.jsonl,
10953,91.275,base_link,BODY,False,False,False,body_contacts.jsonl,
10954,91.28333333333333,base_link,BODY,False,False,False,body_contacts.jsonl,
10955,91.29166666666667,base_link,BODY,False,False,False,body_contacts.jsonl,
10956,91.3,base_link,BODY,False,False,False,body_contacts.jsonl,
10957,91.30833333333334,base_link,BODY,False,False,False,body_contacts.jsonl,
10958,91.31666666666666,base_link,BODY,False,False,False,body_contacts.jsonl,
10959,91.325,base_link,BODY,False,False,False,body_contacts.jsonl,
10960,91.33333333333333,base_link,BODY,False,False,False,body_contacts.jsonl,
10961,91.34166666666667,base_link,BODY,False,False,False,body_contacts.jsonl,
10962,91.35,base_link,BODY,False,False,False,body_contacts.jsonl,
10963,91.35833333333333,base_link,BODY,False,False,False,body_contacts.jsonl,
10964,91.36666666666666,base_link,BODY,False,False,False,body_contacts.jsonl,
10965,91.375,base_link,BODY,False,False,False,body_contacts.jsonl,
10966,91.38333333333333,base_link,BODY,False,False,False,body_contacts.jsonl,
10967,91.39166666666667,base_link,BODY,False,False,False,body_contacts.jsonl,
10968,91.4,base_link,BODY,False,False,False,body_contacts.jsonl,
10969,91.40833333333333,base_link,BODY,False,False,False,body_contacts.jsonl,
10970,91.41666666666667,base_link,BODY,False,False,False,body_contacts.jsonl,
10971,91.425,base_link,BODY,False,False,False,body_contacts.jsonl,
10972,91.43333333333334,base_link,BODY,False,False,False,body_contacts.jsonl,
10973,91.44166666666666,base_link,BODY,False,False,False,body_contacts.jsonl,
10974,91.45,base_link,BODY,False,False,False,body_contacts.jsonl,
10975,91.45833333333333,base_link,BODY,False,False,False,body_contacts.jsonl,
10976,91.46666666666667,base_link,BODY,False,False,False,body_contacts.jsonl,
10977,91.475,base_link,BODY,False,False,False,body_contacts.jsonl,
10978,91.48333333333333,base_link,BODY,False,False,False,body_contacts.jsonl,
10979,91.49166666666666,base_link,BODY,False,False,False,body_contacts.jsonl,
10980,91.5,base_link,BODY,False,False,False,body_contacts.jsonl,
10981,91.50833333333333,base_link,BODY,False,False,False,body_contacts.jsonl,
10982,91.51666666666667,base_link,BODY,False,False,False,body_contacts.jsonl,
10983,91.525,base_link,BODY,False,False,False,body_contacts.jsonl,
10984,91.53333333333333,base_link,BODY,False,False,False,body_contacts.jsonl,
10985,91.54166666666667,base_link,BODY,False,False,False,body_contacts.jsonl,
10986,91.55,base_link,BODY,False,False,False,body_contacts.jsonl,
10987,91.55833333333334,base_link,BODY,False,False,False,body_contacts.jsonl,
10988,91.56666666666666,base_link,BODY,False,False,False,body_contacts.jsonl,
10989,91.575,base_link,BODY,False,False,False,body_contacts.jsonl,
10990,91.58333333333333,base_link,BODY,False,False,False,body_contacts.jsonl,
10991,91.59166666666667,base_link,BODY,False,False,False,body_contacts.jsonl,
10992,91.6,base_link,BODY,False,False,False,body_contacts.jsonl,
10993,91.60833333333333,base_link,BODY,False,False,False,body_contacts.jsonl,
10994,91.61666666666666,base_link,BODY,False,False,False,body_contacts.jsonl,
10995,91.625,base_link,BODY,False,False,False,body_contacts.jsonl,
10996,91.63333333333333,base_link,BODY,False,False,False,body_contacts.jsonl,
10997,91.64166666666667,base_link,BODY,False,False,False,body_contacts.jsonl,
10998,91.65,base_link,BODY,False,False,False,body_contacts.jsonl,
10999,91.65833333333333,base_link,BODY,False,False,False,body_contacts.jsonl,
11000,91.66666666666667,base_link,BODY,False,False,False,body_contacts.jsonl,
11001,91.675,base_link,BODY,False,False,False,body_contacts.jsonl,
11002,91.68333333333334,base_link,BODY,False,False,False,body_contacts.jsonl,
11003,91.69166666666666,base_link,BODY,False,False,False,body_contacts.jsonl,
11004,91.7,base_link,BODY,False,False,False,body_contacts.jsonl,
11005,91.70833333333333,base_link,BODY,False,False,False,body_contacts.jsonl,
11006,91.71666666666667,base_link,BODY,False,False,False,body_contacts.jsonl,
11007,91.725,base_link,BODY,False,False,False,body_contacts.jsonl,
11008,91.73333333333333,base_link,BODY,False,False,False,body_contacts.jsonl,
11009,91.74166666666666,base_link,BODY,False,False,False,body_contacts.jsonl,
11010,91.75,base_link,BODY,False,False,False,body_contacts.jsonl,
11011,91.75833333333333,base_link,BODY,False,False,False,body_contacts.jsonl,
11012,91.76666666666667,base_link,BODY,False,False,False,body_contacts.jsonl,
11013,91.775,base_link,BODY,False,False,False,body_contacts.jsonl,
11014,91.78333333333333,base_link,BODY,False,False,False,body_contacts.jsonl,
11015,91.79166666666667,base_link,BODY,False,False,False,body_contacts.jsonl,
11016,91.8,base_link,BODY,False,False,False,body_contacts.jsonl,
11017,91.80833333333334,base_link,BODY,False,False,False,body_contacts.jsonl,
11018,91.81666666666666,base_link,BODY,False,False,False,body_contacts.jsonl,
11019,91.825,base_link,BODY,False,False,False,body_contacts.jsonl,
11020,91.83333333333333,base_link,BODY,False,False,False,body_contacts.jsonl,
11021,91.84166666666667,base_link,BODY,False,False,False,body_contacts.jsonl,
11022,91.85,base_link,BODY,False,False,False,body_contacts.jsonl,
11023,91.85833333333333,base_link,BODY,False,False,False,body_contacts.jsonl,
11024,91.86666666666666,base_link,BODY,False,False,False,body_contacts.jsonl,
11025,91.875,base_link,BODY,False,False,False,body_contacts.jsonl,
11026,91.88333333333333,base_link,BODY,False,False,False,body_contacts.jsonl,
11027,91.89166666666667,base_link,BODY,False,False,False,body_contacts.jsonl,
11028,91.9,base_link,BODY,False,False,False,body_contacts.jsonl,
11029,91.90833333333333,base_link,BODY,False,False,False,body_contacts.jsonl,
11030,91.91666666666667,base_link,BODY,False,False,False,body_contacts.jsonl,
11031,91.925,base_link,BODY,False,False,False,body_contacts.jsonl,
11032,91.93333333333334,base_link,BODY,False,False,False,body_contacts.jsonl,
11033,91.94166666666666,base_link,BODY,False,False,False,body_contacts.jsonl,
11034,91.95,base_link,BODY,False,False,False,body_contacts.jsonl,
11035,91.95833333333333,base_link,BODY,False,False,False,body_contacts.jsonl,
11036,91.96666666666667,base_link,BODY,False,False,False,body_contacts.jsonl,
11037,91.975,base_link,BODY,False,False,False,body_contacts.jsonl,
11038,91.98333333333333,base_link,BODY,False,False,False,body_contacts.jsonl,
11039,91.99166666666666,base_link,BODY,False,False,False,body_contacts.jsonl,
11040,92.0,base_link,BODY,False,False,False,body_contacts.jsonl,
11041,92.00833333333333,base_link,BODY,False,False,False,body_contacts.jsonl,
11042,92.01666666666667,base_link,BODY,False,False,False,body_contacts.jsonl,
11043,92.025,base_link,BODY,False,False,False,body_contacts.jsonl,
11044,92.03333333333333,base_link,BODY,False,False,False,body_contacts.jsonl,
11045,92.04166666666667,base_link,BODY,False,False,False,body_contacts.jsonl,
11046,92.05,base_link,BODY,False,False,False,body_contacts.jsonl,
11047,92.05833333333334,base_link,BODY,False,False,False,body_contacts.jsonl,
11048,92.06666666666666,base_link,BODY,False,False,False,body_contacts.jsonl,
11049,92.075,base_link,BODY,False,False,False,body_contacts.jsonl,
11050,92.08333333333333,base_link,BODY,False,False,False,body_contacts.jsonl,
11051,92.09166666666667,base_link,BODY,False,False,False,body_contacts.jsonl,
11052,92.1,base_link,BODY,False,False,False,body_contacts.jsonl,
11053,92.10833333333333,base_link,BODY,False,False,False,body_contacts.jsonl,
11054,92.11666666666666,base_link,BODY,False,False,False,body_contacts.jsonl,
11055,92.125,base_link,BODY,False,False,False,body_contacts.jsonl,
11056,92.13333333333333,base_link,BODY,False,False,False,body_contacts.jsonl,
11057,92.14166666666667,base_link,BODY,False,False,False,body_contacts.jsonl,
11058,92.15,base_link,BODY,False,False,False,body_contacts.jsonl,
11059,92.15833333333333,base_link,BODY,False,False,False,body_contacts.jsonl,
11060,92.16666666666667,base_link,BODY,False,False,False,body_contacts.jsonl,
11061,92.175,base_link,BODY,False,False,False,body_contacts.jsonl,
11062,92.18333333333334,base_link,BODY,False,False,False,body_contacts.jsonl,
11063,92.19166666666666,base_link,BODY,False,False,False,body_contacts.jsonl,
11064,92.2,base_link,BODY,False,False,False,body_contacts.jsonl,
11065,92.20833333333333,base_link,BODY,False,False,False,body_contacts.jsonl,
11066,92.21666666666667,base_link,BODY,False,False,False,body_contacts.jsonl,
11067,92.225,base_link,BODY,False,False,False,body_contacts.jsonl,
11068,92.23333333333333,base_link,BODY,False,False,False,body_contacts.jsonl,
11069,92.24166666666666,base_link,BODY,False,False,False,body_contacts.jsonl,
11070,92.25,base_link,BODY,False,False,False,body_contacts.jsonl,
11071,92.25833333333333,base_link,BODY,False,False,False,body_contacts.jsonl,
11072,92.26666666666667,base_link,BODY,False,False,False,body_contacts.jsonl,
11073,92.275,base_link,BODY,False,False,False,body_contacts.jsonl,
11074,92.28333333333333,base_link,BODY,False,False,False,body_contacts.jsonl,
11075,92.29166666666667,base_link,BODY,False,False,False,body_contacts.jsonl,
11076,92.3,base_link,BODY,False,False,False,body_contacts.jsonl,
11077,92.30833333333334,base_link,BODY,False,False,False,body_contacts.jsonl,
11078,92.31666666666666,base_link,BODY,False,False,False,body_contacts.jsonl,
11079,92.325,base_link,BODY,False,False,False,body_contacts.jsonl,
11080,92.33333333333333,base_link,BODY,False,False,False,body_contacts.jsonl,
11081,92.34166666666667,base_link,BODY,False,False,False,body_contacts.jsonl,
11082,92.35,base_link,BODY,False,False,False,body_contacts.jsonl,
11083,92.35833333333333,base_link,BODY,False,False,False,body_contacts.jsonl,
11084,92.36666666666666,base_link,BODY,False,False,False,body_contacts.jsonl,
11085,92.375,base_link,BODY,False,False,False,body_contacts.jsonl,
11086,92.38333333333333,base_link,BODY,False,False,False,body_contacts.jsonl,
11087,92.39166666666667,base_link,BODY,False,False,False,body_contacts.jsonl,
11088,92.4,base_link,BODY,False,False,False,body_contacts.jsonl,
11089,92.40833333333333,base_link,BODY,False,False,False,body_contacts.jsonl,
11090,92.41666666666667,base_link,BODY,False,False,False,body_contacts.jsonl,
11091,92.425,base_link,BODY,False,False,False,body_contacts.jsonl,
11092,92.43333333333334,base_link,BODY,False,False,False,body_contacts.jsonl,
11093,92.44166666666666,base_link,BODY,False,False,False,body_contacts.jsonl,
11094,92.45,base_link,BODY,False,False,False,body_contacts.jsonl,
11095,92.45833333333333,base_link,BODY,False,False,False,body_contacts.jsonl,
11096,92.46666666666667,base_link,BODY,False,False,False,body_contacts.jsonl,
11097,92.475,base_link,BODY,False,False,False,body_contacts.jsonl,
11098,92.48333333333333,base_link,BODY,False,False,False,body_contacts.jsonl,
11099,92.49166666666666,base_link,BODY,False,False,False,body_contacts.jsonl,
11100,92.5,base_link,BODY,False,False,False,body_contacts.jsonl,
11101,92.50833333333333,base_link,BODY,False,False,False,body_contacts.jsonl,
11102,92.51666666666667,base_link,BODY,False,False,False,body_contacts.jsonl,
11103,92.525,base_link,BODY,False,False,False,body_contacts.jsonl,
11104,92.53333333333333,base_link,BODY,False,False,False,body_contacts.jsonl,
11105,92.54166666666667,base_link,BODY,False,False,False,body_contacts.jsonl,
11106,92.55,base_link,BODY,False,False,False,body_contacts.jsonl,
11107,92.55833333333334,base_link,BODY,False,False,False,body_contacts.jsonl,
11108,92.56666666666666,base_link,BODY,False,False,False,body_contacts.jsonl,
11109,92.575,base_link,BODY,False,False,False,body_contacts.jsonl,
11110,92.58333333333333,base_link,BODY,False,False,False,body_contacts.jsonl,
11111,92.59166666666667,base_link,BODY,False,False,False,body_contacts.jsonl,
11112,92.6,base_link,BODY,False,False,False,body_contacts.jsonl,
11113,92.60833333333333,base_link,BODY,False,False,False,body_contacts.jsonl,
11114,92.61666666666666,base_link,BODY,False,False,False,body_contacts.jsonl,
11115,92.625,base_link,BODY,False,False,False,body_contacts.jsonl,
11116,92.63333333333333,base_link,BODY,False,False,False,body_contacts.jsonl,
11117,92.64166666666667,base_link,BODY,False,False,False,body_contacts.jsonl,
11118,92.65,base_link,BODY,False,False,False,body_contacts.jsonl,
11119,92.65833333333333,base_link,BODY,False,False,False,body_contacts.jsonl,
11120,92.66666666666667,base_link,BODY,False,False,False,body_contacts.jsonl,
11121,92.675,base_link,BODY,False,False,False,body_contacts.jsonl,
11122,92.68333333333334,base_link,BODY,False,False,False,body_contacts.jsonl,
11123,92.69166666666666,base_link,BODY,False,False,False,body_contacts.jsonl,
11124,92.7,base_link,BODY,False,False,False,body_contacts.jsonl,
11125,92.70833333333333,base_link,BODY,False,False,False,body_contacts.jsonl,
11126,92.71666666666667,base_link,BODY,False,False,False,body_contacts.jsonl,
11127,92.725,base_link,BODY,False,False,False,body_contacts.jsonl,
11128,92.73333333333333,base_link,BODY,False,False,False,body_contacts.jsonl,
11129,92.74166666666666,base_link,BODY,False,False,False,body_contacts.jsonl,
11130,92.75,base_link,BODY,False,False,False,body_contacts.jsonl,
11131,92.75833333333333,base_link,BODY,False,False,False,body_contacts.jsonl,
11132,92.76666666666667,base_link,BODY,False,False,False,body_contacts.jsonl,
11133,92.775,base_link,BODY,False,False,False,body_contacts.jsonl,
11134,92.78333333333333,base_link,BODY,False,False,False,body_contacts.jsonl,
11135,92.79166666666667,base_link,BODY,False,False,False,body_contacts.jsonl,
11136,92.8,base_link,BODY,False,False,False,body_contacts.jsonl,
11137,92.80833333333334,base_link,BODY,False,False,False,body_contacts.jsonl,
11138,92.81666666666666,base_link,BODY,False,False,False,body_contacts.jsonl,
11139,92.825,base_link,BODY,False,False,False,body_contacts.jsonl,
11140,92.83333333333333,base_link,BODY,False,False,False,body_contacts.jsonl,
11141,92.84166666666667,base_link,BODY,False,False,False,body_contacts.jsonl,
11142,92.85,base_link,BODY,False,False,False,body_contacts.jsonl,
11143,92.85833333333333,base_link,BODY,False,False,False,body_contacts.jsonl,
11144,92.86666666666666,base_link,BODY,False,False,False,body_contacts.jsonl,
11145,92.875,base_link,BODY,False,False,False,body_contacts.jsonl,
11146,92.88333333333333,base_link,BODY,False,False,False,body_contacts.jsonl,
11147,92.89166666666667,base_link,BODY,False,False,False,body_contacts.jsonl,
11148,92.9,base_link,BODY,False,False,False,body_contacts.jsonl,
11149,92.90833333333333,base_link,BODY,False,False,False,body_contacts.jsonl,
11150,92.91666666666667,base_link,BODY,False,False,False,body_contacts.jsonl,
11151,92.925,base_link,BODY,False,False,False,body_contacts.jsonl,
11152,92.93333333333334,base_link,BODY,False,False,False,body_contacts.jsonl,
11153,92.94166666666666,base_link,BODY,False,False,False,body_contacts.jsonl,
11154,92.95,base_link,BODY,False,False,False,body_contacts.jsonl,
11155,92.95833333333333,base_link,BODY,False,False,False,body_contacts.jsonl,
11156,92.96666666666667,base_link,BODY,False,False,False,body_contacts.jsonl,
11157,92.975,base_link,BODY,False,False,False,body_contacts.jsonl,
11158,92.98333333333333,base_link,BODY,False,False,False,body_contacts.jsonl,
11159,92.99166666666666,base_link,BODY,False,False,False,body_contacts.jsonl,
11160,93.0,base_link,BODY,False,False,False,body_contacts.jsonl,
11161,93.00833333333333,base_link,BODY,False,False,False,body_contacts.jsonl,
11162,93.01666666666667,base_link,BODY,False,False,False,body_contacts.jsonl,
11163,93.025,base_link,BODY,False,False,False,body_contacts.jsonl,
11164,93.03333333333333,base_link,BODY,False,False,False,body_contacts.jsonl,
11165,93.04166666666667,base_link,BODY,False,False,False,body_contacts.jsonl,
11166,93.05,base_link,BODY,False,False,False,body_contacts.jsonl,
11167,93.05833333333334,base_link,BODY,False,False,False,body_contacts.jsonl,
11168,93.06666666666666,base_link,BODY,False,False,False,body_contacts.jsonl,
11169,93.075,base_link,BODY,False,False,False,body_contacts.jsonl,
11170,93.08333333333333,base_link,BODY,False,False,False,body_contacts.jsonl,
11171,93.09166666666667,base_link,BODY,False,False,False,body_contacts.jsonl,
11172,93.1,base_link,BODY,False,False,False,body_contacts.jsonl,
11173,93.10833333333333,base_link,BODY,False,False,False,body_contacts.jsonl,
11174,93.11666666666666,base_link,BODY,False,False,False,body_contacts.jsonl,
11175,93.125,base_link,BODY,False,False,False,body_contacts.jsonl,
11176,93.13333333333333,base_link,BODY,False,False,False,body_contacts.jsonl,
11177,93.14166666666667,base_link,BODY,False,False,False,body_contacts.jsonl,
11178,93.15,base_link,BODY,False,False,False,body_contacts.jsonl,
11179,93.15833333333333,base_link,BODY,False,False,False,body_contacts.jsonl,
11180,93.16666666666667,base_link,BODY,False,False,False,body_contacts.jsonl,
11181,93.175,base_link,BODY,False,False,False,body_contacts.jsonl,
11182,93.18333333333334,base_link,BODY,False,False,False,body_contacts.jsonl,
11183,93.19166666666666,base_link,BODY,False,False,False,body_contacts.jsonl,
11184,93.2,base_link,BODY,False,False,False,body_contacts.jsonl,
11185,93.20833333333333,base_link,BODY,False,False,False,body_contacts.jsonl,
11186,93.21666666666667,base_link,BODY,False,False,False,body_contacts.jsonl,
11187,93.225,base_link,BODY,False,False,False,body_contacts.jsonl,
11188,93.23333333333333,base_link,BODY,False,False,False,body_contacts.jsonl,
11189,93.24166666666666,base_link,BODY,False,False,False,body_contacts.jsonl,
11190,93.25,base_link,BODY,False,False,False,body_contacts.jsonl,
11191,93.25833333333333,base_link,BODY,False,False,False,body_contacts.jsonl,
11192,93.26666666666667,base_link,BODY,False,False,False,body_contacts.jsonl,
11193,93.275,base_link,BODY,False,False,False,body_contacts.jsonl,
11194,93.28333333333333,base_link,BODY,False,False,False,body_contacts.jsonl,
11195,93.29166666666667,base_link,BODY,False,False,False,body_contacts.jsonl,
11196,93.3,base_link,BODY,False,False,False,body_contacts.jsonl,
11197,93.30833333333334,base_link,BODY,False,False,False,body_contacts.jsonl,
11198,93.31666666666666,base_link,BODY,False,False,False,body_contacts.jsonl,
11199,93.325,base_link,BODY,False,False,False,body_contacts.jsonl,
11200,93.33333333333333,base_link,BODY,False,False,False,body_contacts.jsonl,
11201,93.34166666666667,base_link,BODY,False,False,False,body_contacts.jsonl,
11202,93.35,base_link,BODY,False,False,False,body_contacts.jsonl,
11203,93.35833333333333,base_link,BODY,False,False,False,body_contacts.jsonl,
11204,93.36666666666666,base_link,BODY,False,False,False,body_contacts.jsonl,
11205,93.375,base_link,BODY,False,False,False,body_contacts.jsonl,
11206,93.38333333333333,base_link,BODY,False,False,False,body_contacts.jsonl,
11207,93.39166666666667,base_link,BODY,False,False,False,body_contacts.jsonl,
11208,93.4,base_link,BODY,False,False,False,body_contacts.jsonl,
11209,93.40833333333333,base_link,BODY,False,False,False,body_contacts.jsonl,
11210,93.41666666666667,base_link,BODY,False,False,False,body_contacts.jsonl,
11211,93.425,base_link,BODY,False,False,False,body_contacts.jsonl,
11212,93.43333333333334,base_link,BODY,False,False,False,body_contacts.jsonl,
11213,93.44166666666666,base_link,BODY,False,False,False,body_contacts.jsonl,
11214,93.45,base_link,BODY,False,False,False,body_contacts.jsonl,
11215,93.45833333333333,base_link,BODY,False,False,False,body_contacts.jsonl,
11216,93.46666666666667,base_link,BODY,False,False,False,body_contacts.jsonl,
11217,93.475,base_link,BODY,False,False,False,body_contacts.jsonl,
11218,93.48333333333333,base_link,BODY,False,False,False,body_contacts.jsonl,
11219,93.49166666666666,base_link,BODY,False,False,False,body_contacts.jsonl,
11220,93.5,base_link,BODY,False,False,False,body_contacts.jsonl,
11221,93.50833333333333,base_link,BODY,False,False,False,body_contacts.jsonl,
11222,93.51666666666667,base_link,BODY,False,False,False,body_contacts.jsonl,
11223,93.525,base_link,BODY,False,False,False,body_contacts.jsonl,
11224,93.53333333333333,base_link,BODY,False,False,False,body_contacts.jsonl,
11225,93.54166666666667,base_link,BODY,False,False,False,body_contacts.jsonl,
11226,93.55,base_link,BODY,False,False,False,body_contacts.jsonl,
11227,93.55833333333334,base_link,BODY,False,False,False,body_contacts.jsonl,
11228,93.56666666666666,base_link,BODY,False,False,False,body_contacts.jsonl,
11229,93.575,base_link,BODY,False,False,False,body_contacts.jsonl,
11230,93.58333333333333,base_link,BODY,False,False,False,body_contacts.jsonl,
11231,93.59166666666667,base_link,BODY,False,False,False,body_contacts.jsonl,
11232,93.6,base_link,BODY,False,False,False,body_contacts.jsonl,
11233,93.60833333333333,base_link,BODY,False,False,False,body_contacts.jsonl,
11234,93.61666666666666,base_link,BODY,False,False,False,body_contacts.jsonl,
11235,93.625,base_link,BODY,False,False,False,body_contacts.jsonl,
11236,93.63333333333333,base_link,BODY,False,False,False,body_contacts.jsonl,
11237,93.64166666666667,base_link,BODY,False,False,False,body_contacts.jsonl,
11238,93.65,base_link,BODY,False,False,False,body_contacts.jsonl,
11239,93.65833333333333,base_link,BODY,False,False,False,body_contacts.jsonl,
11240,93.66666666666667,base_link,BODY,False,False,False,body_contacts.jsonl,
11241,93.675,base_link,BODY,False,False,False,body_contacts.jsonl,
11242,93.68333333333334,base_link,BODY,False,False,False,body_contacts.jsonl,
11243,93.69166666666666,base_link,BODY,False,False,False,body_contacts.jsonl,
11244,93.7,base_link,BODY,False,False,False,body_contacts.jsonl,
11245,93.70833333333333,base_link,BODY,False,False,False,body_contacts.jsonl,
11246,93.71666666666667,base_link,BODY,False,False,False,body_contacts.jsonl,
11247,93.725,base_link,BODY,False,False,False,body_contacts.jsonl,
11248,93.73333333333333,base_link,BODY,False,False,False,body_contacts.jsonl,
11249,93.74166666666666,base_link,BODY,False,False,False,body_contacts.jsonl,
11250,93.75,base_link,BODY,False,False,False,body_contacts.jsonl,
11251,93.75833333333333,base_link,BODY,False,False,False,body_contacts.jsonl,
11252,93.76666666666667,base_link,BODY,False,False,False,body_contacts.jsonl,
11253,93.775,base_link,BODY,False,False,False,body_contacts.jsonl,
11254,93.78333333333333,base_link,BODY,False,False,False,body_contacts.jsonl,
11255,93.79166666666667,base_link,BODY,False,False,False,body_contacts.jsonl,
11256,93.8,base_link,BODY,False,False,False,body_contacts.jsonl,
11257,93.80833333333334,base_link,BODY,False,False,False,body_contacts.jsonl,
11258,93.81666666666666,base_link,BODY,False,False,False,body_contacts.jsonl,
11259,93.825,base_link,BODY,False,False,False,body_contacts.jsonl,
11260,93.83333333333333,base_link,BODY,False,False,False,body_contacts.jsonl,
11261,93.84166666666667,base_link,BODY,False,False,False,body_contacts.jsonl,
11262,93.85,base_link,BODY,False,False,False,body_contacts.jsonl,
11263,93.85833333333333,base_link,BODY,False,False,False,body_contacts.jsonl,
11264,93.86666666666666,base_link,BODY,False,False,False,body_contacts.jsonl,
11265,93.875,base_link,BODY,False,False,False,body_contacts.jsonl,
11266,93.88333333333333,base_link,BODY,False,False,False,body_contacts.jsonl,
11267,93.89166666666667,base_link,BODY,False,False,False,body_contacts.jsonl,
11268,93.9,base_link,BODY,False,False,False,body_contacts.jsonl,
11269,93.90833333333333,base_link,BODY,False,False,False,body_contacts.jsonl,
11270,93.91666666666667,base_link,BODY,False,False,False,body_contacts.jsonl,
11271,93.925,base_link,BODY,False,False,False,body_contacts.jsonl,
11272,93.93333333333334,base_link,BODY,False,False,False,body_contacts.jsonl,
11273,93.94166666666666,base_link,BODY,False,False,False,body_contacts.jsonl,
11274,93.95,base_link,BODY,False,False,False,body_contacts.jsonl,
11275,93.95833333333333,base_link,BODY,False,False,False,body_contacts.jsonl,
11276,93.96666666666667,base_link,BODY,False,False,False,body_contacts.jsonl,
11277,93.975,base_link,BODY,False,False,False,body_contacts.jsonl,
11278,93.98333333333333,base_link,BODY,False,False,False,body_contacts.jsonl,
11279,93.99166666666666,base_link,BODY,False,False,False,body_contacts.jsonl,
11280,94.0,base_link,BODY,False,False,False,body_contacts.jsonl,
11281,94.00833333333333,base_link,BODY,False,False,False,body_contacts.jsonl,
11282,94.01666666666667,base_link,BODY,False,False,False,body_contacts.jsonl,
11283,94.025,base_link,BODY,False,False,False,body_contacts.jsonl,
11284,94.03333333333333,base_link,BODY,False,False,False,body_contacts.jsonl,
11285,94.04166666666667,base_link,BODY,False,False,False,body_contacts.jsonl,
11286,94.05,base_link,BODY,False,False,False,body_contacts.jsonl,
11287,94.05833333333334,base_link,BODY,False,False,False,body_contacts.jsonl,
11288,94.06666666666666,base_link,BODY,False,False,False,body_contacts.jsonl,
11289,94.075,base_link,BODY,False,False,False,body_contacts.jsonl,
11290,94.08333333333333,base_link,BODY,False,False,False,body_contacts.jsonl,
11291,94.09166666666667,base_link,BODY,False,False,False,body_contacts.jsonl,
11292,94.1,base_link,BODY,False,False,False,body_contacts.jsonl,
11293,94.10833333333333,base_link,BODY,False,False,False,body_contacts.jsonl,
11294,94.11666666666666,base_link,BODY,False,False,False,body_contacts.jsonl,
11295,94.125,base_link,BODY,False,False,False,body_contacts.jsonl,
11296,94.13333333333333,base_link,BODY,False,False,False,body_contacts.jsonl,
11297,94.14166666666667,base_link,BODY,False,False,False,body_contacts.jsonl,
11298,94.15,base_link,BODY,False,False,False,body_contacts.jsonl,
11299,94.15833333333333,base_link,BODY,False,False,False,body_contacts.jsonl,
11300,94.16666666666667,base_link,BODY,False,False,False,body_contacts.jsonl,
11301,94.175,base_link,BODY,False,False,False,body_contacts.jsonl,
11302,94.18333333333334,base_link,BODY,False,False,False,body_contacts.jsonl,
11303,94.19166666666666,base_link,BODY,False,False,False,body_contacts.jsonl,
11304,94.2,base_link,BODY,False,False,False,body_contacts.jsonl,
11305,94.20833333333333,base_link,BODY,False,False,False,body_contacts.jsonl,
11306,94.21666666666667,base_link,BODY,False,False,False,body_contacts.jsonl,
11307,94.225,base_link,BODY,False,False,False,body_contacts.jsonl,
11308,94.23333333333333,base_link,BODY,False,False,False,body_contacts.jsonl,
11309,94.24166666666666,base_link,BODY,False,False,False,body_contacts.jsonl,
11310,94.25,base_link,BODY,False,False,False,body_contacts.jsonl,
11311,94.25833333333333,base_link,BODY,False,False,False,body_contacts.jsonl,
11312,94.26666666666667,base_link,BODY,False,False,False,body_contacts.jsonl,
11313,94.275,base_link,BODY,False,False,False,body_contacts.jsonl,
11314,94.28333333333333,base_link,BODY,False,False,False,body_contacts.jsonl,
11315,94.29166666666667,base_link,BODY,False,False,False,body_contacts.jsonl,
11316,94.3,base_link,BODY,False,False,False,body_contacts.jsonl,
11317,94.30833333333334,base_link,BODY,False,False,False,body_contacts.jsonl,
11318,94.31666666666666,base_link,BODY,False,False,False,body_contacts.jsonl,
11319,94.325,base_link,BODY,False,False,False,body_contacts.jsonl,
11320,94.33333333333333,base_link,BODY,False,False,False,body_contacts.jsonl,
11321,94.34166666666667,base_link,BODY,False,False,False,body_contacts.jsonl,
11322,94.35,base_link,BODY,False,False,False,body_contacts.jsonl,
11323,94.35833333333333,base_link,BODY,False,False,False,body_contacts.jsonl,
11324,94.36666666666666,base_link,BODY,False,False,False,body_contacts.jsonl,
11325,94.375,base_link,BODY,False,False,False,body_contacts.jsonl,
11326,94.38333333333333,base_link,BODY,False,False,False,body_contacts.jsonl,
11327,94.39166666666667,base_link,BODY,False,False,False,body_contacts.jsonl,
11328,94.4,base_link,BODY,False,False,False,body_contacts.jsonl,
11329,94.40833333333333,base_link,BODY,False,False,False,body_contacts.jsonl,
11330,94.41666666666667,base_link,BODY,False,False,False,body_contacts.jsonl,
11331,94.425,base_link,BODY,False,False,False,body_contacts.jsonl,
11332,94.43333333333334,base_link,BODY,False,False,False,body_contacts.jsonl,
11333,94.44166666666666,base_link,BODY,False,False,False,body_contacts.jsonl,
11334,94.45,base_link,BODY,False,False,False,body_contacts.jsonl,
11335,94.45833333333333,base_link,BODY,False,False,False,body_contacts.jsonl,
11336,94.46666666666667,base_link,BODY,False,False,False,body_contacts.jsonl,
11337,94.475,base_link,BODY,False,False,False,body_contacts.jsonl,
11338,94.48333333333333,base_link,BODY,False,False,False,body_contacts.jsonl,
11339,94.49166666666666,base_link,BODY,False,False,False,body_contacts.jsonl,
11340,94.5,base_link,BODY,False,False,False,body_contacts.jsonl,
11341,94.50833333333333,base_link,BODY,False,False,False,body_contacts.jsonl,
11342,94.51666666666667,base_link,BODY,False,False,False,body_contacts.jsonl,
11343,94.525,base_link,BODY,False,False,False,body_contacts.jsonl,
11344,94.53333333333333,base_link,BODY,False,False,False,body_contacts.jsonl,
11345,94.54166666666667,base_link,BODY,False,False,False,body_contacts.jsonl,
11346,94.55,base_link,BODY,False,False,False,body_contacts.jsonl,
11347,94.55833333333334,base_link,BODY,False,False,False,body_contacts.jsonl,
11348,94.56666666666666,base_link,BODY,False,False,False,body_contacts.jsonl,
11349,94.575,base_link,BODY,False,False,False,body_contacts.jsonl,
11350,94.58333333333333,base_link,BODY,False,False,False,body_contacts.jsonl,
11351,94.59166666666667,base_link,BODY,False,False,False,body_contacts.jsonl,
11352,94.6,base_link,BODY,False,False,False,body_contacts.jsonl,
11353,94.60833333333333,base_link,BODY,False,False,False,body_contacts.jsonl,
11354,94.61666666666666,base_link,BODY,False,False,False,body_contacts.jsonl,
11355,94.625,base_link,BODY,False,False,False,body_contacts.jsonl,
11356,94.63333333333333,base_link,BODY,False,False,False,body_contacts.jsonl,
11357,94.64166666666667,base_link,BODY,False,False,False,body_contacts.jsonl,
11358,94.65,base_link,BODY,False,False,False,body_contacts.jsonl,
11359,94.65833333333333,base_link,BODY,False,False,False,body_contacts.jsonl,
11360,94.66666666666667,base_link,BODY,False,False,False,body_contacts.jsonl,
11361,94.675,base_link,BODY,False,False,False,body_contacts.jsonl,
11362,94.68333333333334,base_link,BODY,False,False,False,body_contacts.jsonl,
11363,94.69166666666666,base_link,BODY,False,False,False,body_contacts.jsonl,
11364,94.7,base_link,BODY,False,False,False,body_contacts.jsonl,
11365,94.70833333333333,base_link,BODY,False,False,False,body_contacts.jsonl,
11366,94.71666666666667,base_link,BODY,False,False,False,body_contacts.jsonl,
11367,94.725,base_link,BODY,False,False,False,body_contacts.jsonl,
11368,94.73333333333333,base_link,BODY,False,False,False,body_contacts.jsonl,
11369,94.74166666666666,base_link,BODY,False,False,False,body_contacts.jsonl,
11370,94.75,base_link,BODY,False,False,False,body_contacts.jsonl,
11371,94.75833333333333,base_link,BODY,False,False,False,body_contacts.jsonl,
11372,94.76666666666667,base_link,BODY,False,False,False,body_contacts.jsonl,
11373,94.775,base_link,BODY,False,False,False,body_contacts.jsonl,
11374,94.78333333333333,base_link,BODY,False,False,False,body_contacts.jsonl,
11375,94.79166666666667,base_link,BODY,False,False,False,body_contacts.jsonl,
11376,94.8,base_link,BODY,False,False,False,body_contacts.jsonl,
11377,94.80833333333334,base_link,BODY,False,False,False,body_contacts.jsonl,
11378,94.81666666666666,base_link,BODY,False,False,False,body_contacts.jsonl,
11379,94.825,base_link,BODY,False,False,False,body_contacts.jsonl,
11380,94.83333333333333,base_link,BODY,False,False,False,body_contacts.jsonl,
11381,94.84166666666667,base_link,BODY,False,False,False,body_contacts.jsonl,
11382,94.85,base_link,BODY,False,False,False,body_contacts.jsonl,
11383,94.85833333333333,base_link,BODY,False,False,False,body_contacts.jsonl,
11384,94.86666666666666,base_link,BODY,False,False,False,body_contacts.jsonl,
11385,94.875,base_link,BODY,False,False,False,body_contacts.jsonl,
11386,94.88333333333333,base_link,BODY,False,False,False,body_contacts.jsonl,
11387,94.89166666666667,base_link,BODY,False,False,False,body_contacts.jsonl,
11388,94.9,base_link,BODY,False,False,False,body_contacts.jsonl,
11389,94.90833333333333,base_link,BODY,False,False,False,body_contacts.jsonl,
11390,94.91666666666667,base_link,BODY,False,False,False,body_contacts.jsonl,
11391,94.925,base_link,BODY,False,False,False,body_contacts.jsonl,
11392,94.93333333333334,base_link,BODY,False,False,False,body_contacts.jsonl,
11393,94.94166666666666,base_link,BODY,False,False,False,body_contacts.jsonl,
11394,94.95,base_link,BODY,False,False,False,body_contacts.jsonl,
11395,94.95833333333333,base_link,BODY,False,False,False,body_contacts.jsonl,
11396,94.96666666666667,base_link,BODY,False,False,False,body_contacts.jsonl,
11397,94.975,base_link,BODY,False,False,False,body_contacts.jsonl,
11398,94.98333333333333,base_link,BODY,False,False,False,body_contacts.jsonl,
11399,94.99166666666666,base_link,BODY,False,False,False,body_contacts.jsonl,
11400,95.0,base_link,BODY,False,False,False,body_contacts.jsonl,
11401,95.00833333333333,base_link,BODY,False,False,False,body_contacts.jsonl,
11402,95.01666666666667,base_link,BODY,False,False,False,body_contacts.jsonl,
11403,95.025,base_link,BODY,False,False,False,body_contacts.jsonl,
11404,95.03333333333333,base_link,BODY,False,False,False,body_contacts.jsonl,
11405,95.04166666666667,base_link,BODY,False,False,False,body_contacts.jsonl,
11406,95.05,base_link,BODY,False,False,False,body_contacts.jsonl,
11407,95.05833333333334,base_link,BODY,False,False,False,body_contacts.jsonl,
11408,95.06666666666666,base_link,BODY,False,False,False,body_contacts.jsonl,
11409,95.075,base_link,BODY,False,False,False,body_contacts.jsonl,
11410,95.08333333333333,base_link,BODY,False,False,False,body_contacts.jsonl,
11411,95.09166666666667,base_link,BODY,False,False,False,body_contacts.jsonl,
11412,95.1,base_link,BODY,False,False,False,body_contacts.jsonl,
11413,95.10833333333333,base_link,BODY,False,False,False,body_contacts.jsonl,
11414,95.11666666666666,base_link,BODY,False,False,False,body_contacts.jsonl,
11415,95.125,base_link,BODY,False,False,False,body_contacts.jsonl,
11416,95.13333333333333,base_link,BODY,False,False,False,body_contacts.jsonl,
11417,95.14166666666667,base_link,BODY,False,False,False,body_contacts.jsonl,
11418,95.15,base_link,BODY,False,False,False,body_contacts.jsonl,
11419,95.15833333333333,base_link,BODY,False,False,False,body_contacts.jsonl,
11420,95.16666666666667,base_link,BODY,False,False,False,body_contacts.jsonl,
11421,95.175,base_link,BODY,False,False,False,body_contacts.jsonl,
11422,95.18333333333334,base_link,BODY,False,False,False,body_contacts.jsonl,
11423,95.19166666666666,base_link,BODY,False,False,False,body_contacts.jsonl,
11424,95.2,base_link,BODY,False,False,False,body_contacts.jsonl,
11425,95.20833333333333,base_link,BODY,False,False,False,body_contacts.jsonl,
11426,95.21666666666667,base_link,BODY,False,False,False,body_contacts.jsonl,
11427,95.225,base_link,BODY,False,False,False,body_contacts.jsonl,
11428,95.23333333333333,base_link,BODY,False,False,False,body_contacts.jsonl,
11429,95.24166666666666,base_link,BODY,False,False,False,body_contacts.jsonl,
11430,95.25,base_link,BODY,False,False,False,body_contacts.jsonl,
11431,95.25833333333333,base_link,BODY,False,False,False,body_contacts.jsonl,
11432,95.26666666666667,base_link,BODY,False,False,False,body_contacts.jsonl,
11433,95.275,base_link,BODY,False,False,False,body_contacts.jsonl,
11434,95.28333333333333,base_link,BODY,False,False,False,body_contacts.jsonl,
11435,95.29166666666667,base_link,BODY,False,False,False,body_contacts.jsonl,
11436,95.3,base_link,BODY,False,False,False,body_contacts.jsonl,
11437,95.30833333333334,base_link,BODY,False,False,False,body_contacts.jsonl,
11438,95.31666666666666,base_link,BODY,False,False,False,body_contacts.jsonl,
11439,95.325,base_link,BODY,False,False,False,body_contacts.jsonl,
11440,95.33333333333333,base_link,BODY,False,False,False,body_contacts.jsonl,
11441,95.34166666666667,base_link,BODY,False,False,False,body_contacts.jsonl,
11442,95.35,base_link,BODY,False,False,False,body_contacts.jsonl,
11443,95.35833333333333,base_link,BODY,False,False,False,body_contacts.jsonl,
11444,95.36666666666666,base_link,BODY,False,False,False,body_contacts.jsonl,
11445,95.375,base_link,BODY,False,False,False,body_contacts.jsonl,
11446,95.38333333333333,base_link,BODY,False,False,False,body_contacts.jsonl,
11447,95.39166666666667,base_link,BODY,False,False,False,body_contacts.jsonl,
11448,95.4,base_link,BODY,False,False,False,body_contacts.jsonl,
11449,95.40833333333333,base_link,BODY,False,False,False,body_contacts.jsonl,
11450,95.41666666666667,base_link,BODY,False,False,False,body_contacts.jsonl,
11451,95.425,base_link,BODY,False,False,False,body_contacts.jsonl,
11452,95.43333333333334,base_link,BODY,False,False,False,body_contacts.jsonl,
11453,95.44166666666666,base_link,BODY,False,False,False,body_contacts.jsonl,
11454,95.45,base_link,BODY,False,False,False,body_contacts.jsonl,
11455,95.45833333333333,base_link,BODY,False,False,False,body_contacts.jsonl,
11456,95.46666666666667,base_link,BODY,False,False,False,body_contacts.jsonl,
11457,95.475,base_link,BODY,False,False,False,body_contacts.jsonl,
11458,95.48333333333333,base_link,BODY,False,False,False,body_contacts.jsonl,
11459,95.49166666666666,base_link,BODY,False,False,False,body_contacts.jsonl,
11460,95.5,base_link,BODY,False,False,False,body_contacts.jsonl,
11461,95.50833333333333,base_link,BODY,False,False,False,body_contacts.jsonl,
11462,95.51666666666667,base_link,BODY,False,False,False,body_contacts.jsonl,
11463,95.525,base_link,BODY,False,False,False,body_contacts.jsonl,
11464,95.53333333333333,base_link,BODY,False,False,False,body_contacts.jsonl,
11465,95.54166666666667,base_link,BODY,False,False,False,body_contacts.jsonl,
11466,95.55,base_link,BODY,False,False,False,body_contacts.jsonl,
11467,95.55833333333334,base_link,BODY,False,False,False,body_contacts.jsonl,
11468,95.56666666666666,base_link,BODY,False,False,False,body_contacts.jsonl,
11469,95.575,base_link,BODY,False,False,False,body_contacts.jsonl,
11470,95.58333333333333,base_link,BODY,False,False,False,body_contacts.jsonl,
11471,95.59166666666667,base_link,BODY,False,False,False,body_contacts.jsonl,
11472,95.6,base_link,BODY,False,False,False,body_contacts.jsonl,
11473,95.60833333333333,base_link,BODY,False,False,False,body_contacts.jsonl,
11474,95.61666666666666,base_link,BODY,False,False,False,body_contacts.jsonl,
11475,95.625,base_link,BODY,False,False,False,body_contacts.jsonl,
11476,95.63333333333333,base_link,BODY,False,False,False,body_contacts.jsonl,
11477,95.64166666666667,base_link,BODY,False,False,False,body_contacts.jsonl,
11478,95.65,base_link,BODY,False,False,False,body_contacts.jsonl,
11479,95.65833333333333,base_link,BODY,False,False,False,body_contacts.jsonl,
11480,95.66666666666667,base_link,BODY,False,False,False,body_contacts.jsonl,
11481,95.675,base_link,BODY,False,False,False,body_contacts.jsonl,
11482,95.68333333333334,base_link,BODY,False,False,False,body_contacts.jsonl,
11483,95.69166666666666,base_link,BODY,False,False,False,body_contacts.jsonl,
11484,95.7,base_link,BODY,False,False,False,body_contacts.jsonl,
11485,95.70833333333333,base_link,BODY,False,False,False,body_contacts.jsonl,
11486,95.71666666666667,base_link,BODY,False,False,False,body_contacts.jsonl,
11487,95.725,base_link,BODY,False,False,False,body_contacts.jsonl,
11488,95.73333333333333,base_link,BODY,False,False,False,body_contacts.jsonl,
11489,95.74166666666666,base_link,BODY,False,False,False,body_contacts.jsonl,
11490,95.75,base_link,BODY,False,False,False,body_contacts.jsonl,
11491,95.75833333333333,base_link,BODY,False,False,False,body_contacts.jsonl,
11492,95.76666666666667,base_link,BODY,False,False,False,body_contacts.jsonl,
11493,95.775,base_link,BODY,False,False,False,body_contacts.jsonl,
11494,95.78333333333333,base_link,BODY,False,False,False,body_contacts.jsonl,
11495,95.79166666666667,base_link,BODY,False,False,False,body_contacts.jsonl,
11496,95.8,base_link,BODY,False,False,False,body_contacts.jsonl,
11497,95.80833333333334,base_link,BODY,False,False,False,body_contacts.jsonl,
11498,95.81666666666666,base_link,BODY,False,False,False,body_contacts.jsonl,
11499,95.825,base_link,BODY,False,False,False,body_contacts.jsonl,
11500,95.83333333333333,base_link,BODY,False,False,False,body_contacts.jsonl,
11501,95.84166666666667,base_link,BODY,False,False,False,body_contacts.jsonl,
11502,95.85,base_link,BODY,False,False,False,body_contacts.jsonl,
11503,95.85833333333333,base_link,BODY,False,False,False,body_contacts.jsonl,
11504,95.86666666666666,base_link,BODY,False,False,False,body_contacts.jsonl,
11505,95.875,base_link,BODY,False,False,False,body_contacts.jsonl,
11506,95.88333333333333,base_link,BODY,False,False,False,body_contacts.jsonl,
11507,95.89166666666667,base_link,BODY,False,False,False,body_contacts.jsonl,
11508,95.9,base_link,BODY,False,False,False,body_contacts.jsonl,
11509,95.90833333333333,base_link,BODY,False,False,False,body_contacts.jsonl,
11510,95.91666666666667,base_link,BODY,False,False,False,body_contacts.jsonl,
11511,95.925,base_link,BODY,False,False,False,body_contacts.jsonl,
11512,95.93333333333334,base_link,BODY,False,False,False,body_contacts.jsonl,
11513,95.94166666666666,base_link,BODY,False,False,False,body_contacts.jsonl,
11514,95.95,base_link,BODY,False,False,False,body_contacts.jsonl,
11515,95.95833333333333,base_link,BODY,False,False,False,body_contacts.jsonl,
11516,95.96666666666667,base_link,BODY,False,False,False,body_contacts.jsonl,
11517,95.975,base_link,BODY,False,False,False,body_contacts.jsonl,
11518,95.98333333333333,base_link,BODY,False,False,False,body_contacts.jsonl,
11519,95.99166666666666,base_link,BODY,False,False,False,body_contacts.jsonl,
11520,96.0,base_link,BODY,False,False,False,body_contacts.jsonl,
11521,96.00833333333333,base_link,BODY,False,False,False,body_contacts.jsonl,
11522,96.01666666666667,base_link,BODY,False,False,False,body_contacts.jsonl,
11523,96.025,base_link,BODY,False,False,False,body_contacts.jsonl,
11524,96.03333333333333,base_link,BODY,False,False,False,body_contacts.jsonl,
11525,96.04166666666667,base_link,BODY,False,False,False,body_contacts.jsonl,
11526,96.05,base_link,BODY,False,False,False,body_contacts.jsonl,
11527,96.05833333333334,base_link,BODY,False,False,False,body_contacts.jsonl,
11528,96.06666666666666,base_link,BODY,False,False,False,body_contacts.jsonl,
11529,96.075,base_link,BODY,False,False,False,body_contacts.jsonl,
11530,96.08333333333333,base_link,BODY,False,False,False,body_contacts.jsonl,
11531,96.09166666666667,base_link,BODY,False,False,False,body_contacts.jsonl,
11532,96.1,base_link,BODY,False,False,False,body_contacts.jsonl,
11533,96.10833333333333,base_link,BODY,False,False,False,body_contacts.jsonl,
11534,96.11666666666666,base_link,BODY,False,False,False,body_contacts.jsonl,
11535,96.125,base_link,BODY,False,False,False,body_contacts.jsonl,
11536,96.13333333333333,base_link,BODY,False,False,False,body_contacts.jsonl,
11537,96.14166666666667,base_link,BODY,False,False,False,body_contacts.jsonl,
11538,96.15,base_link,BODY,False,False,False,body_contacts.jsonl,
11539,96.15833333333333,base_link,BODY,False,False,False,body_contacts.jsonl,
11540,96.16666666666667,base_link,BODY,False,False,False,body_contacts.jsonl,
11541,96.175,base_link,BODY,False,False,False,body_contacts.jsonl,
11542,96.18333333333334,base_link,BODY,False,False,False,body_contacts.jsonl,
11543,96.19166666666666,base_link,BODY,False,False,False,body_contacts.jsonl,
11544,96.2,base_link,BODY,False,False,False,body_contacts.jsonl,
11545,96.20833333333333,base_link,BODY,False,False,False,body_contacts.jsonl,
11546,96.21666666666667,base_link,BODY,False,False,False,body_contacts.jsonl,
11547,96.225,base_link,BODY,False,False,False,body_contacts.jsonl,
11548,96.23333333333333,base_link,BODY,False,False,False,body_contacts.jsonl,
11549,96.24166666666666,base_link,BODY,False,False,False,body_contacts.jsonl,
11550,96.25,base_link,BODY,False,False,False,body_contacts.jsonl,
11551,96.25833333333333,base_link,BODY,False,False,False,body_contacts.jsonl,
11552,96.26666666666667,base_link,BODY,False,False,False,body_contacts.jsonl,
11553,96.275,base_link,BODY,False,False,False,body_contacts.jsonl,
11554,96.28333333333333,base_link,BODY,False,False,False,body_contacts.jsonl,
11555,96.29166666666667,base_link,BODY,False,False,False,body_contacts.jsonl,
11556,96.3,base_link,BODY,False,False,False,body_contacts.jsonl,
11557,96.30833333333334,base_link,BODY,False,False,False,body_contacts.jsonl,
11558,96.31666666666666,base_link,BODY,False,False,False,body_contacts.jsonl,
11559,96.325,base_link,BODY,False,False,False,body_contacts.jsonl,
11560,96.33333333333333,base_link,BODY,False,False,False,body_contacts.jsonl,
11561,96.34166666666667,base_link,BODY,False,False,False,body_contacts.jsonl,
11562,96.35,base_link,BODY,False,False,False,body_contacts.jsonl,
11563,96.35833333333333,base_link,BODY,False,False,False,body_contacts.jsonl,
11564,96.36666666666666,base_link,BODY,False,False,False,body_contacts.jsonl,
11565,96.375,base_link,BODY,False,False,False,body_contacts.jsonl,
11566,96.38333333333333,base_link,BODY,False,False,False,body_contacts.jsonl,
11567,96.39166666666667,base_link,BODY,False,False,False,body_contacts.jsonl,
11568,96.4,base_link,BODY,False,False,False,body_contacts.jsonl,
11569,96.40833333333333,base_link,BODY,False,False,False,body_contacts.jsonl,
11570,96.41666666666667,base_link,BODY,False,False,False,body_contacts.jsonl,
11571,96.425,base_link,BODY,False,False,False,body_contacts.jsonl,
11572,96.43333333333334,base_link,BODY,False,False,False,body_contacts.jsonl,
11573,96.44166666666666,base_link,BODY,False,False,False,body_contacts.jsonl,
11574,96.45,base_link,BODY,False,False,False,body_contacts.jsonl,
11575,96.45833333333333,base_link,BODY,False,False,False,body_contacts.jsonl,
11576,96.46666666666667,base_link,BODY,False,False,False,body_contacts.jsonl,
11577,96.475,base_link,BODY,False,False,False,body_contacts.jsonl,
11578,96.48333333333333,base_link,BODY,False,False,False,body_contacts.jsonl,
11579,96.49166666666666,base_link,BODY,False,False,False,body_contacts.jsonl,
11580,96.5,base_link,BODY,False,False,False,body_contacts.jsonl,
11581,96.50833333333333,base_link,BODY,False,False,False,body_contacts.jsonl,
11582,96.51666666666667,base_link,BODY,False,False,False,body_contacts.jsonl,
11583,96.525,base_link,BODY,False,False,False,body_contacts.jsonl,
11584,96.53333333333333,base_link,BODY,False,False,False,body_contacts.jsonl,
11585,96.54166666666667,base_link,BODY,False,False,False,body_contacts.jsonl,
11586,96.55,base_link,BODY,False,False,False,body_contacts.jsonl,
11587,96.55833333333334,base_link,BODY,False,False,False,body_contacts.jsonl,
11588,96.56666666666666,base_link,BODY,False,False,False,body_contacts.jsonl,
11589,96.575,base_link,BODY,False,False,False,body_contacts.jsonl,
11590,96.58333333333333,base_link,BODY,False,False,False,body_contacts.jsonl,
11591,96.59166666666667,base_link,BODY,False,False,False,body_contacts.jsonl,
11592,96.6,base_link,BODY,False,False,False,body_contacts.jsonl,
11593,96.60833333333333,base_link,BODY,False,False,False,body_contacts.jsonl,
11594,96.61666666666666,base_link,BODY,False,False,False,body_contacts.jsonl,
11595,96.625,base_link,BODY,False,False,False,body_contacts.jsonl,
11596,96.63333333333333,base_link,BODY,False,False,False,body_contacts.jsonl,
11597,96.64166666666667,base_link,BODY,False,False,False,body_contacts.jsonl,
11598,96.65,base_link,BODY,False,False,False,body_contacts.jsonl,
11599,96.65833333333333,base_link,BODY,False,False,False,body_contacts.jsonl,
11600,96.66666666666667,base_link,BODY,False,False,False,body_contacts.jsonl,
11601,96.675,base_link,BODY,False,False,False,body_contacts.jsonl,
11602,96.68333333333334,base_link,BODY,False,False,False,body_contacts.jsonl,
11603,96.69166666666666,base_link,BODY,False,False,False,body_contacts.jsonl,
11604,96.7,base_link,BODY,False,False,False,body_contacts.jsonl,
11605,96.70833333333333,base_link,BODY,False,False,False,body_contacts.jsonl,
11606,96.71666666666667,base_link,BODY,False,False,False,body_contacts.jsonl,
11607,96.725,base_link,BODY,False,False,False,body_contacts.jsonl,
11608,96.73333333333333,base_link,BODY,False,False,False,body_contacts.jsonl,
11609,96.74166666666666,base_link,BODY,False,False,False,body_contacts.jsonl,
11610,96.75,base_link,BODY,False,False,False,body_contacts.jsonl,
11611,96.75833333333333,base_link,BODY,False,False,False,body_contacts.jsonl,
11612,96.76666666666667,base_link,BODY,False,False,False,body_contacts.jsonl,
11613,96.775,base_link,BODY,False,False,False,body_contacts.jsonl,
11614,96.78333333333333,base_link,BODY,False,False,False,body_contacts.jsonl,
11615,96.79166666666667,base_link,BODY,False,False,False,body_contacts.jsonl,
11616,96.8,base_link,BODY,False,False,False,body_contacts.jsonl,
11617,96.80833333333334,base_link,BODY,False,False,False,body_contacts.jsonl,
11618,96.81666666666666,base_link,BODY,False,False,False,body_contacts.jsonl,
11619,96.825,base_link,BODY,False,False,False,body_contacts.jsonl,
11620,96.83333333333333,base_link,BODY,False,False,False,body_contacts.jsonl,
11621,96.84166666666667,base_link,BODY,False,False,False,body_contacts.jsonl,
11622,96.85,base_link,BODY,False,False,False,body_contacts.jsonl,
11623,96.85833333333333,base_link,BODY,False,False,False,body_contacts.jsonl,
11624,96.86666666666666,base_link,BODY,False,False,False,body_contacts.jsonl,
11625,96.875,base_link,BODY,False,False,False,body_contacts.jsonl,
11626,96.88333333333333,base_link,BODY,False,False,False,body_contacts.jsonl,
11627,96.89166666666667,base_link,BODY,False,False,False,body_contacts.jsonl,
11628,96.9,base_link,BODY,False,False,False,body_contacts.jsonl,
11629,96.90833333333333,base_link,BODY,False,False,False,body_contacts.jsonl,
11630,96.91666666666667,base_link,BODY,False,False,False,body_contacts.jsonl,
11631,96.925,base_link,BODY,False,False,False,body_contacts.jsonl,
11632,96.93333333333334,base_link,BODY,False,False,False,body_contacts.jsonl,
11633,96.94166666666666,base_link,BODY,False,False,False,body_contacts.jsonl,
11634,96.95,base_link,BODY,False,False,False,body_contacts.jsonl,
11635,96.95833333333333,base_link,BODY,False,False,False,body_contacts.jsonl,
11636,96.96666666666667,base_link,BODY,False,False,False,body_contacts.jsonl,
11637,96.975,base_link,BODY,False,False,False,body_contacts.jsonl,
11638,96.98333333333333,base_link,BODY,False,False,False,body_contacts.jsonl,
11639,96.99166666666666,base_link,BODY,False,False,False,body_contacts.jsonl,
11640,97.0,base_link,BODY,False,False,False,body_contacts.jsonl,
11641,97.00833333333333,base_link,BODY,False,False,False,body_contacts.jsonl,
11642,97.01666666666667,base_link,BODY,False,False,False,body_contacts.jsonl,
11643,97.025,base_link,BODY,False,False,False,body_contacts.jsonl,
11644,97.03333333333333,base_link,BODY,False,False,False,body_contacts.jsonl,
11645,97.04166666666667,base_link,BODY,False,False,False,body_contacts.jsonl,
11646,97.05,base_link,BODY,False,False,False,body_contacts.jsonl,
11647,97.05833333333334,base_link,BODY,False,False,False,body_contacts.jsonl,
11648,97.06666666666666,base_link,BODY,False,False,False,body_contacts.jsonl,
11649,97.075,base_link,BODY,False,False,False,body_contacts.jsonl,
11650,97.08333333333333,base_link,BODY,False,False,False,body_contacts.jsonl,
11651,97.09166666666667,base_link,BODY,False,False,False,body_contacts.jsonl,
11652,97.1,base_link,BODY,False,False,False,body_contacts.jsonl,
11653,97.10833333333333,base_link,BODY,False,False,False,body_contacts.jsonl,
11654,97.11666666666666,base_link,BODY,False,False,False,body_contacts.jsonl,
11655,97.125,base_link,BODY,False,False,False,body_contacts.jsonl,
11656,97.13333333333333,base_link,BODY,False,False,False,body_contacts.jsonl,
11657,97.14166666666667,base_link,BODY,False,False,False,body_contacts.jsonl,
11658,97.15,base_link,BODY,False,False,False,body_contacts.jsonl,
11659,97.15833333333333,base_link,BODY,False,False,False,body_contacts.jsonl,
11660,97.16666666666667,base_link,BODY,False,False,False,body_contacts.jsonl,
11661,97.175,base_link,BODY,False,False,False,body_contacts.jsonl,
11662,97.18333333333334,base_link,BODY,False,False,False,body_contacts.jsonl,
11663,97.19166666666666,base_link,BODY,False,False,False,body_contacts.jsonl,
11664,97.2,base_link,BODY,False,False,False,body_contacts.jsonl,
11665,97.20833333333333,base_link,BODY,False,False,False,body_contacts.jsonl,
11666,97.21666666666667,base_link,BODY,False,False,False,body_contacts.jsonl,
11667,97.225,base_link,BODY,False,False,False,body_contacts.jsonl,
11668,97.23333333333333,base_link,BODY,False,False,False,body_contacts.jsonl,
11669,97.24166666666666,base_link,BODY,False,False,False,body_contacts.jsonl,
11670,97.25,base_link,BODY,False,False,False,body_contacts.jsonl,
11671,97.25833333333333,base_link,BODY,False,False,False,body_contacts.jsonl,
11672,97.26666666666667,base_link,BODY,False,False,False,body_contacts.jsonl,
11673,97.275,base_link,BODY,False,False,False,body_contacts.jsonl,
11674,97.28333333333333,base_link,BODY,False,False,False,body_contacts.jsonl,
11675,97.29166666666667,base_link,BODY,False,False,False,body_contacts.jsonl,
11676,97.3,base_link,BODY,False,False,False,body_contacts.jsonl,
11677,97.30833333333334,base_link,BODY,False,False,False,body_contacts.jsonl,
11678,97.31666666666666,base_link,BODY,False,False,False,body_contacts.jsonl,
11679,97.325,base_link,BODY,False,False,False,body_contacts.jsonl,
11680,97.33333333333333,base_link,BODY,False,False,False,body_contacts.jsonl,
11681,97.34166666666667,base_link,BODY,False,False,False,body_contacts.jsonl,
11682,97.35,base_link,BODY,False,False,False,body_contacts.jsonl,
11683,97.35833333333333,base_link,BODY,False,False,False,body_contacts.jsonl,
11684,97.36666666666666,base_link,BODY,False,False,False,body_contacts.jsonl,
11685,97.375,base_link,BODY,False,False,False,body_contacts.jsonl,
11686,97.38333333333333,base_link,BODY,False,False,False,body_contacts.jsonl,
11687,97.39166666666667,base_link,BODY,False,False,False,body_contacts.jsonl,
11688,97.4,base_link,BODY,False,False,False,body_contacts.jsonl,
11689,97.40833333333333,base_link,BODY,False,False,False,body_contacts.jsonl,
11690,97.41666666666667,base_link,BODY,False,False,False,body_contacts.jsonl,
11691,97.425,base_link,BODY,False,False,False,body_contacts.jsonl,
11692,97.43333333333334,base_link,BODY,False,False,False,body_contacts.jsonl,
11693,97.44166666666666,base_link,BODY,False,False,False,body_contacts.jsonl,
11694,97.45,base_link,BODY,False,False,False,body_contacts.jsonl,
11695,97.45833333333333,base_link,BODY,False,False,False,body_contacts.jsonl,
11696,97.46666666666667,base_link,BODY,False,False,False,body_contacts.jsonl,
11697,97.475,base_link,BODY,False,False,False,body_contacts.jsonl,
11698,97.48333333333333,base_link,BODY,False,False,False,body_contacts.jsonl,
11699,97.49166666666666,base_link,BODY,False,False,False,body_contacts.jsonl,
11700,97.5,base_link,BODY,False,False,False,body_contacts.jsonl,
11701,97.50833333333333,base_link,BODY,False,False,False,body_contacts.jsonl,
11702,97.51666666666667,base_link,BODY,False,False,False,body_contacts.jsonl,
11703,97.525,base_link,BODY,False,False,False,body_contacts.jsonl,
11704,97.53333333333333,base_link,BODY,False,False,False,body_contacts.jsonl,
11705,97.54166666666667,base_link,BODY,False,False,False,body_contacts.jsonl,
11706,97.55,base_link,BODY,False,False,False,body_contacts.jsonl,
11707,97.55833333333334,base_link,BODY,False,False,False,body_contacts.jsonl,
11708,97.56666666666666,base_link,BODY,False,False,False,body_contacts.jsonl,
11709,97.575,base_link,BODY,False,False,False,body_contacts.jsonl,
11710,97.58333333333333,base_link,BODY,False,False,False,body_contacts.jsonl,
11711,97.59166666666667,base_link,BODY,False,False,False,body_contacts.jsonl,
11712,97.6,base_link,BODY,False,False,False,body_contacts.jsonl,
11713,97.60833333333333,base_link,BODY,False,False,False,body_contacts.jsonl,
11714,97.61666666666666,base_link,BODY,False,False,False,body_contacts.jsonl,
11715,97.625,base_link,BODY,False,False,False,body_contacts.jsonl,
11716,97.63333333333333,base_link,BODY,False,False,False,body_contacts.jsonl,
11717,97.64166666666667,base_link,BODY,False,False,False,body_contacts.jsonl,
11718,97.65,base_link,BODY,False,False,False,body_contacts.jsonl,
11719,97.65833333333333,base_link,BODY,False,False,False,body_contacts.jsonl,
11720,97.66666666666667,base_link,BODY,False,False,False,body_contacts.jsonl,
11721,97.675,base_link,BODY,False,False,False,body_contacts.jsonl,
11722,97.68333333333334,base_link,BODY,False,False,False,body_contacts.jsonl,
11723,97.69166666666666,base_link,BODY,False,False,False,body_contacts.jsonl,
11724,97.7,base_link,BODY,False,False,False,body_contacts.jsonl,
11725,97.70833333333333,base_link,BODY,False,False,False,body_contacts.jsonl,
11726,97.71666666666667,base_link,BODY,False,False,False,body_contacts.jsonl,
11727,97.725,base_link,BODY,False,False,False,body_contacts.jsonl,
11728,97.73333333333333,base_link,BODY,False,False,False,body_contacts.jsonl,
11729,97.74166666666666,base_link,BODY,False,False,False,body_contacts.jsonl,
11730,97.75,base_link,BODY,False,False,False,body_contacts.jsonl,
11731,97.75833333333333,base_link,BODY,False,False,False,body_contacts.jsonl,
11732,97.76666666666667,base_link,BODY,False,False,False,body_contacts.jsonl,
11733,97.775,base_link,BODY,False,False,False,body_contacts.jsonl,
11734,97.78333333333333,base_link,BODY,False,False,False,body_contacts.jsonl,
11735,97.79166666666667,base_link,BODY,False,False,False,body_contacts.jsonl,
11736,97.8,base_link,BODY,False,False,False,body_contacts.jsonl,
11737,97.80833333333334,base_link,BODY,False,False,False,body_contacts.jsonl,
11738,97.81666666666666,base_link,BODY,False,False,False,body_contacts.jsonl,
11739,97.825,base_link,BODY,False,False,False,body_contacts.jsonl,
11740,97.83333333333333,base_link,BODY,False,False,False,body_contacts.jsonl,
11741,97.84166666666667,base_link,BODY,False,False,False,body_contacts.jsonl,
11742,97.85,base_link,BODY,False,False,False,body_contacts.jsonl,
11743,97.85833333333333,base_link,BODY,False,False,False,body_contacts.jsonl,
11744,97.86666666666666,base_link,BODY,False,False,False,body_contacts.jsonl,
11745,97.875,base_link,BODY,False,False,False,body_contacts.jsonl,
11746,97.88333333333333,base_link,BODY,False,False,False,body_contacts.jsonl,
11747,97.89166666666667,base_link,BODY,False,False,False,body_contacts.jsonl,
11748,97.9,base_link,BODY,False,False,False,body_contacts.jsonl,
11749,97.90833333333333,base_link,BODY,False,False,False,body_contacts.jsonl,
11750,97.91666666666667,base_link,BODY,False,False,False,body_contacts.jsonl,
11751,97.925,base_link,BODY,False,False,False,body_contacts.jsonl,
11752,97.93333333333334,base_link,BODY,False,False,False,body_contacts.jsonl,
11753,97.94166666666666,base_link,BODY,False,False,False,body_contacts.jsonl,
11754,97.95,base_link,BODY,False,False,False,body_contacts.jsonl,
11755,97.95833333333333,base_link,BODY,False,False,False,body_contacts.jsonl,
11756,97.96666666666667,base_link,BODY,False,False,False,body_contacts.jsonl,
11757,97.975,base_link,BODY,False,False,False,body_contacts.jsonl,
11758,97.98333333333333,base_link,BODY,False,False,False,body_contacts.jsonl,
11759,97.99166666666666,base_link,BODY,False,False,False,body_contacts.jsonl,
11760,98.0,base_link,BODY,False,False,False,body_contacts.jsonl,
11761,98.00833333333333,base_link,BODY,False,False,False,body_contacts.jsonl,
11762,98.01666666666667,base_link,BODY,False,False,False,body_contacts.jsonl,
11763,98.025,base_link,BODY,False,False,False,body_contacts.jsonl,
11764,98.03333333333333,base_link,BODY,False,False,False,body_contacts.jsonl,
11765,98.04166666666667,base_link,BODY,False,False,False,body_contacts.jsonl,
11766,98.05,base_link,BODY,False,False,False,body_contacts.jsonl,
11767,98.05833333333334,base_link,BODY,False,False,False,body_contacts.jsonl,
11768,98.06666666666666,base_link,BODY,False,False,False,body_contacts.jsonl,
11769,98.075,base_link,BODY,False,False,False,body_contacts.jsonl,
11770,98.08333333333333,base_link,BODY,False,False,False,body_contacts.jsonl,
11771,98.09166666666667,base_link,BODY,False,False,False,body_contacts.jsonl,
11772,98.1,base_link,BODY,False,False,False,body_contacts.jsonl,
11773,98.10833333333333,base_link,BODY,False,False,False,body_contacts.jsonl,
11774,98.11666666666666,base_link,BODY,False,False,False,body_contacts.jsonl,
11775,98.125,base_link,BODY,False,False,False,body_contacts.jsonl,
11776,98.13333333333333,base_link,BODY,False,False,False,body_contacts.jsonl,
11777,98.14166666666667,base_link,BODY,False,False,False,body_contacts.jsonl,
11778,98.15,base_link,BODY,False,False,False,body_contacts.jsonl,
11779,98.15833333333333,base_link,BODY,False,False,False,body_contacts.jsonl,
11780,98.16666666666667,base_link,BODY,False,False,False,body_contacts.jsonl,
11781,98.175,base_link,BODY,False,False,False,body_contacts.jsonl,
11782,98.18333333333334,base_link,BODY,False,False,False,body_contacts.jsonl,
11783,98.19166666666666,base_link,BODY,False,False,False,body_contacts.jsonl,
11784,98.2,base_link,BODY,False,False,False,body_contacts.jsonl,
11785,98.20833333333333,base_link,BODY,False,False,False,body_contacts.jsonl,
11786,98.21666666666667,base_link,BODY,False,False,False,body_contacts.jsonl,
11787,98.225,base_link,BODY,False,False,False,body_contacts.jsonl,
11788,98.23333333333333,base_link,BODY,False,False,False,body_contacts.jsonl,
11789,98.24166666666666,base_link,BODY,False,False,False,body_contacts.jsonl,
11790,98.25,base_link,BODY,False,False,False,body_contacts.jsonl,
11791,98.25833333333333,base_link,BODY,False,False,False,body_contacts.jsonl,
11792,98.26666666666667,base_link,BODY,False,False,False,body_contacts.jsonl,
11793,98.275,base_link,BODY,False,False,False,body_contacts.jsonl,
11794,98.28333333333333,base_link,BODY,False,False,False,body_contacts.jsonl,
11795,98.29166666666667,base_link,BODY,False,False,False,body_contacts.jsonl,
11796,98.3,base_link,BODY,False,False,False,body_contacts.jsonl,
11797,98.30833333333334,base_link,BODY,False,False,False,body_contacts.jsonl,
11798,98.31666666666666,base_link,BODY,False,False,False,body_contacts.jsonl,
11799,98.325,base_link,BODY,False,False,False,body_contacts.jsonl,
11800,98.33333333333333,base_link,BODY,False,False,False,body_contacts.jsonl,
11801,98.34166666666667,base_link,BODY,False,False,False,body_contacts.jsonl,
11802,98.35,base_link,BODY,False,False,False,body_contacts.jsonl,
11803,98.35833333333333,base_link,BODY,False,False,False,body_contacts.jsonl,
11804,98.36666666666666,base_link,BODY,False,False,False,body_contacts.jsonl,
11805,98.375,base_link,BODY,False,False,False,body_contacts.jsonl,
11806,98.38333333333333,base_link,BODY,False,False,False,body_contacts.jsonl,
11807,98.39166666666667,base_link,BODY,False,False,False,body_contacts.jsonl,
11808,98.4,base_link,BODY,False,False,False,body_contacts.jsonl,
11809,98.40833333333333,base_link,BODY,False,False,False,body_contacts.jsonl,
11810,98.41666666666667,base_link,BODY,False,False,False,body_contacts.jsonl,
11811,98.425,base_link,BODY,False,False,False,body_contacts.jsonl,
11812,98.43333333333334,base_link,BODY,False,False,False,body_contacts.jsonl,
11813,98.44166666666666,base_link,BODY,False,False,False,body_contacts.jsonl,
11814,98.45,base_link,BODY,False,False,False,body_contacts.jsonl,
11815,98.45833333333333,base_link,BODY,False,False,False,body_contacts.jsonl,
11816,98.46666666666667,base_link,BODY,False,False,False,body_contacts.jsonl,
11817,98.475,base_link,BODY,False,False,False,body_contacts.jsonl,
11818,98.48333333333333,base_link,BODY,False,False,False,body_contacts.jsonl,
11819,98.49166666666666,base_link,BODY,False,False,False,body_contacts.jsonl,
11820,98.5,base_link,BODY,False,False,False,body_contacts.jsonl,
11821,98.50833333333333,base_link,BODY,False,False,False,body_contacts.jsonl,
11822,98.51666666666667,base_link,BODY,False,False,False,body_contacts.jsonl,
11823,98.525,base_link,BODY,False,False,False,body_contacts.jsonl,
11824,98.53333333333333,base_link,BODY,False,False,False,body_contacts.jsonl,
11825,98.54166666666667,base_link,BODY,False,False,False,body_contacts.jsonl,
11826,98.55,base_link,BODY,False,False,False,body_contacts.jsonl,
11827,98.55833333333334,base_link,BODY,False,False,False,body_contacts.jsonl,
11828,98.56666666666666,base_link,BODY,False,False,False,body_contacts.jsonl,
11829,98.575,base_link,BODY,False,False,False,body_contacts.jsonl,
11830,98.58333333333333,base_link,BODY,False,False,False,body_contacts.jsonl,
11831,98.59166666666667,base_link,BODY,False,False,False,body_contacts.jsonl,
11832,98.6,base_link,BODY,False,False,False,body_contacts.jsonl,
11833,98.60833333333333,base_link,BODY,False,False,False,body_contacts.jsonl,
11834,98.61666666666666,base_link,BODY,False,False,False,body_contacts.jsonl,
11835,98.625,base_link,BODY,False,False,False,body_contacts.jsonl,
11836,98.63333333333333,base_link,BODY,False,False,False,body_contacts.jsonl,
11837,98.64166666666667,base_link,BODY,False,False,False,body_contacts.jsonl,
11838,98.65,base_link,BODY,False,False,False,body_contacts.jsonl,
11839,98.65833333333333,base_link,BODY,False,False,False,body_contacts.jsonl,
11840,98.66666666666667,base_link,BODY,False,False,False,body_contacts.jsonl,
11841,98.675,base_link,BODY,False,False,False,body_contacts.jsonl,
11842,98.68333333333334,base_link,BODY,False,False,False,body_contacts.jsonl,
11843,98.69166666666666,base_link,BODY,False,False,False,body_contacts.jsonl,
11844,98.7,base_link,BODY,False,False,False,body_contacts.jsonl,
11845,98.70833333333333,base_link,BODY,False,False,False,body_contacts.jsonl,
11846,98.71666666666667,base_link,BODY,False,False,False,body_contacts.jsonl,
11847,98.725,base_link,BODY,False,False,False,body_contacts.jsonl,
11848,98.73333333333333,base_link,BODY,False,False,False,body_contacts.jsonl,
11849,98.74166666666666,base_link,BODY,False,False,False,body_contacts.jsonl,
11850,98.75,base_link,BODY,False,False,False,body_contacts.jsonl,
11851,98.75833333333333,base_link,BODY,False,False,False,body_contacts.jsonl,
11852,98.76666666666667,base_link,BODY,False,False,False,body_contacts.jsonl,
11853,98.775,base_link,BODY,False,False,False,body_contacts.jsonl,
11854,98.78333333333333,base_link,BODY,False,False,False,body_contacts.jsonl,
11855,98.79166666666667,base_link,BODY,False,False,False,body_contacts.jsonl,
11856,98.8,base_link,BODY,False,False,False,body_contacts.jsonl,
11857,98.80833333333334,base_link,BODY,False,False,False,body_contacts.jsonl,
11858,98.81666666666666,base_link,BODY,False,False,False,body_contacts.jsonl,
11859,98.825,base_link,BODY,False,False,False,body_contacts.jsonl,
11860,98.83333333333333,base_link,BODY,False,False,False,body_contacts.jsonl,
11861,98.84166666666667,base_link,BODY,False,False,False,body_contacts.jsonl,
11862,98.85,base_link,BODY,False,False,False,body_contacts.jsonl,
11863,98.85833333333333,base_link,BODY,False,False,False,body_contacts.jsonl,
11864,98.86666666666666,base_link,BODY,False,False,False,body_contacts.jsonl,
11865,98.875,base_link,BODY,False,False,False,body_contacts.jsonl,
11866,98.88333333333333,base_link,BODY,False,False,False,body_contacts.jsonl,
11867,98.89166666666667,base_link,BODY,False,False,False,body_contacts.jsonl,
11868,98.9,base_link,BODY,False,False,False,body_contacts.jsonl,
11869,98.90833333333333,base_link,BODY,False,False,False,body_contacts.jsonl,
11870,98.91666666666667,base_link,BODY,False,False,False,body_contacts.jsonl,
11871,98.925,base_link,BODY,False,False,False,body_contacts.jsonl,
11872,98.93333333333334,base_link,BODY,False,False,False,body_contacts.jsonl,
11873,98.94166666666666,base_link,BODY,False,False,False,body_contacts.jsonl,
11874,98.95,base_link,BODY,False,False,False,body_contacts.jsonl,
11875,98.95833333333333,base_link,BODY,False,False,False,body_contacts.jsonl,
11876,98.96666666666667,base_link,BODY,False,False,False,body_contacts.jsonl,
11877,98.975,base_link,BODY,False,False,False,body_contacts.jsonl,
11878,98.98333333333333,base_link,BODY,False,False,False,body_contacts.jsonl,
11879,98.99166666666666,base_link,BODY,False,False,False,body_contacts.jsonl,
11880,99.0,base_link,BODY,False,False,False,body_contacts.jsonl,
11881,99.00833333333333,base_link,BODY,False,False,False,body_contacts.jsonl,
11882,99.01666666666667,base_link,BODY,False,False,False,body_contacts.jsonl,
11883,99.025,base_link,BODY,False,False,False,body_contacts.jsonl,
11884,99.03333333333333,base_link,BODY,False,False,False,body_contacts.jsonl,
11885,99.04166666666667,base_link,BODY,False,False,False,body_contacts.jsonl,
11886,99.05,base_link,BODY,False,False,False,body_contacts.jsonl,
11887,99.05833333333334,base_link,BODY,False,False,False,body_contacts.jsonl,
11888,99.06666666666666,base_link,BODY,False,False,False,body_contacts.jsonl,
11889,99.075,base_link,BODY,False,False,False,body_contacts.jsonl,
11890,99.08333333333333,base_link,BODY,False,False,False,body_contacts.jsonl,
11891,99.09166666666667,base_link,BODY,False,False,False,body_contacts.jsonl,
11892,99.1,base_link,BODY,False,False,False,body_contacts.jsonl,
11893,99.10833333333333,base_link,BODY,False,False,False,body_contacts.jsonl,
11894,99.11666666666666,base_link,BODY,False,False,False,body_contacts.jsonl,
11895,99.125,base_link,BODY,False,False,False,body_contacts.jsonl,
11896,99.13333333333333,base_link,BODY,False,False,False,body_contacts.jsonl,
11897,99.14166666666667,base_link,BODY,False,False,False,body_contacts.jsonl,
11898,99.15,base_link,BODY,False,False,False,body_contacts.jsonl,
11899,99.15833333333333,base_link,BODY,False,False,False,body_contacts.jsonl,
11900,99.16666666666667,base_link,BODY,False,False,False,body_contacts.jsonl,
11901,99.175,base_link,BODY,False,False,False,body_contacts.jsonl,
11902,99.18333333333334,base_link,BODY,False,False,False,body_contacts.jsonl,
11903,99.19166666666666,base_link,BODY,False,False,False,body_contacts.jsonl,
11904,99.2,base_link,BODY,False,False,False,body_contacts.jsonl,
11905,99.20833333333333,base_link,BODY,False,False,False,body_contacts.jsonl,
11906,99.21666666666667,base_link,BODY,False,False,False,body_contacts.jsonl,
11907,99.225,base_link,BODY,False,False,False,body_contacts.jsonl,
11908,99.23333333333333,base_link,BODY,False,False,False,body_contacts.jsonl,
11909,99.24166666666666,base_link,BODY,False,False,False,body_contacts.jsonl,
11910,99.25,base_link,BODY,False,False,False,body_contacts.jsonl,
11911,99.25833333333333,base_link,BODY,False,False,False,body_contacts.jsonl,
11912,99.26666666666667,base_link,BODY,False,False,False,body_contacts.jsonl,
11913,99.275,base_link,BODY,False,False,False,body_contacts.jsonl,
11914,99.28333333333333,base_link,BODY,False,False,False,body_contacts.jsonl,
11915,99.29166666666667,base_link,BODY,False,False,False,body_contacts.jsonl,
11916,99.3,base_link,BODY,False,False,False,body_contacts.jsonl,
11917,99.30833333333334,base_link,BODY,False,False,False,body_contacts.jsonl,
11918,99.31666666666666,base_link,BODY,False,False,False,body_contacts.jsonl,
11919,99.325,base_link,BODY,False,False,False,body_contacts.jsonl,
11920,99.33333333333333,base_link,BODY,False,False,False,body_contacts.jsonl,
11921,99.34166666666667,base_link,BODY,False,False,False,body_contacts.jsonl,
11922,99.35,base_link,BODY,False,False,False,body_contacts.jsonl,
11923,99.35833333333333,base_link,BODY,False,False,False,body_contacts.jsonl,
11924,99.36666666666666,base_link,BODY,False,False,False,body_contacts.jsonl,
11925,99.375,base_link,BODY,False,False,False,body_contacts.jsonl,
11926,99.38333333333333,base_link,BODY,False,False,False,body_contacts.jsonl,
11927,99.39166666666667,base_link,BODY,False,False,False,body_contacts.jsonl,
11928,99.4,base_link,BODY,False,False,False,body_contacts.jsonl,
11929,99.40833333333333,base_link,BODY,False,False,False,body_contacts.jsonl,
11930,99.41666666666667,base_link,BODY,False,False,False,body_contacts.jsonl,
11931,99.425,base_link,BODY,False,False,False,body_contacts.jsonl,
11932,99.43333333333334,base_link,BODY,False,False,False,body_contacts.jsonl,
11933,99.44166666666666,base_link,BODY,False,False,False,body_contacts.jsonl,
11934,99.45,base_link,BODY,False,False,False,body_contacts.jsonl,
11935,99.45833333333333,base_link,BODY,False,False,False,body_contacts.jsonl,
11936,99.46666666666667,base_link,BODY,False,False,False,body_contacts.jsonl,
11937,99.475,base_link,BODY,False,False,False,body_contacts.jsonl,
11938,99.48333333333333,base_link,BODY,False,False,False,body_contacts.jsonl,
11939,99.49166666666666,base_link,BODY,False,False,False,body_contacts.jsonl,
11940,99.5,base_link,BODY,False,False,False,body_contacts.jsonl,
11941,99.50833333333333,base_link,BODY,False,False,False,body_contacts.jsonl,
11942,99.51666666666667,base_link,BODY,False,False,False,body_contacts.jsonl,
11943,99.525,base_link,BODY,False,False,False,body_contacts.jsonl,
11944,99.53333333333333,base_link,BODY,False,False,False,body_contacts.jsonl,
11945,99.54166666666667,base_link,BODY,False,False,False,body_contacts.jsonl,
11946,99.55,base_link,BODY,False,False,False,body_contacts.jsonl,
11947,99.55833333333334,base_link,BODY,False,False,False,body_contacts.jsonl,
11948,99.56666666666666,base_link,BODY,False,False,False,body_contacts.jsonl,
11949,99.575,base_link,BODY,False,False,False,body_contacts.jsonl,
11950,99.58333333333333,base_link,BODY,False,False,False,body_contacts.jsonl,
11951,99.59166666666667,base_link,BODY,False,False,False,body_contacts.jsonl,
11952,99.6,base_link,BODY,False,False,False,body_contacts.jsonl,
11953,99.60833333333333,base_link,BODY,False,False,False,body_contacts.jsonl,
11954,99.61666666666666,base_link,BODY,False,False,False,body_contacts.jsonl,
11955,99.625,base_link,BODY,False,False,False,body_contacts.jsonl,
11956,99.63333333333333,base_link,BODY,False,False,False,body_contacts.jsonl,
11957,99.64166666666667,base_link,BODY,False,False,False,body_contacts.jsonl,
11958,99.65,base_link,BODY,False,False,False,body_contacts.jsonl,
11959,99.65833333333333,base_link,BODY,False,False,False,body_contacts.jsonl,
11960,99.66666666666667,base_link,BODY,False,False,False,body_contacts.jsonl,
11961,99.675,base_link,BODY,False,False,False,body_contacts.jsonl,
11962,99.68333333333334,base_link,BODY,False,False,False,body_contacts.jsonl,
11963,99.69166666666666,base_link,BODY,False,False,False,body_contacts.jsonl,
11964,99.7,base_link,BODY,False,False,False,body_contacts.jsonl,
11965,99.70833333333333,base_link,BODY,False,False,False,body_contacts.jsonl,
11966,99.71666666666667,base_link,BODY,False,False,False,body_contacts.jsonl,
11967,99.725,base_link,BODY,False,False,False,body_contacts.jsonl,
11968,99.73333333333333,base_link,BODY,False,False,False,body_contacts.jsonl,
11969,99.74166666666666,base_link,BODY,False,False,False,body_contacts.jsonl,
11970,99.75,base_link,BODY,False,False,False,body_contacts.jsonl,
11971,99.75833333333333,base_link,BODY,False,False,False,body_contacts.jsonl,
11972,99.76666666666667,base_link,BODY,False,False,False,body_contacts.jsonl,
11973,99.775,base_link,BODY,False,False,False,body_contacts.jsonl,
11974,99.78333333333333,base_link,BODY,False,False,False,body_contacts.jsonl,
11975,99.79166666666667,base_link,BODY,False,False,False,body_contacts.jsonl,
11976,99.8,base_link,BODY,False,False,False,body_contacts.jsonl,
11977,99.80833333333334,base_link,BODY,False,False,False,body_contacts.jsonl,
11978,99.81666666666666,base_link,BODY,False,False,False,body_contacts.jsonl,
11979,99.825,base_link,BODY,False,False,False,body_contacts.jsonl,
11980,99.83333333333333,base_link,BODY,False,False,False,body_contacts.jsonl,
11981,99.84166666666667,base_link,BODY,False,False,False,body_contacts.jsonl,
11982,99.85,base_link,BODY,False,False,False,body_contacts.jsonl,
11983,99.85833333333333,base_link,BODY,False,False,False,body_contacts.jsonl,
11984,99.86666666666666,base_link,BODY,False,False,False,body_contacts.jsonl,
11985,99.875,base_link,BODY,False,False,False,body_contacts.jsonl,
11986,99.88333333333333,base_link,BODY,False,False,False,body_contacts.jsonl,
11987,99.89166666666667,base_link,BODY,False,False,False,body_contacts.jsonl,
11988,99.9,base_link,BODY,False,False,False,body_contacts.jsonl,
11989,99.90833333333333,base_link,BODY,False,False,False,body_contacts.jsonl,
11990,99.91666666666667,base_link,BODY,False,False,False,body_contacts.jsonl,
11991,99.925,base_link,BODY,False,False,False,body_contacts.jsonl,
11992,99.93333333333334,base_link,BODY,False,False,False,body_contacts.jsonl,
11993,99.94166666666666,base_link,BODY,False,False,False,body_contacts.jsonl,
11994,99.95,base_link,BODY,False,False,False,body_contacts.jsonl,
11995,99.95833333333333,base_link,BODY,False,False,False,body_contacts.jsonl,
11996,99.96666666666667,base_link,BODY,False,False,False,body_contacts.jsonl,
11997,99.975,base_link,BODY,False,False,False,body_contacts.jsonl,
11998,99.98333333333333,base_link,BODY,False,False,False,body_contacts.jsonl,
11999,99.99166666666666,base_link,BODY,False,False,False,body_contacts.jsonl,
12000,100.0,base_link,BODY,False,False,False,body_contacts.jsonl,
12001,100.00833333333333,base_link,BODY,False,False,False,body_contacts.jsonl,
12002,100.01666666666667,base_link,BODY,False,False,False,body_contacts.jsonl,
12003,100.025,base_link,BODY,False,False,False,body_contacts.jsonl,
12004,100.03333333333333,base_link,BODY,False,False,False,body_contacts.jsonl,
12005,100.04166666666667,base_link,BODY,False,False,False,body_contacts.jsonl,
12006,100.05,base_link,BODY,False,False,False,body_contacts.jsonl,
12007,100.05833333333334,base_link,BODY,False,False,False,body_contacts.jsonl,
12008,100.06666666666666,base_link,BODY,False,False,False,body_contacts.jsonl,
12009,100.075,base_link,BODY,False,False,False,body_contacts.jsonl,
12010,100.08333333333333,base_link,BODY,False,False,False,body_contacts.jsonl,
12011,100.09166666666667,base_link,BODY,False,False,False,body_contacts.jsonl,
12012,100.1,base_link,BODY,False,False,False,body_contacts.jsonl,
12013,100.10833333333333,base_link,BODY,False,False,False,body_contacts.jsonl,
12014,100.11666666666666,base_link,BODY,False,False,False,body_contacts.jsonl,
12015,100.125,base_link,BODY,False,False,False,body_contacts.jsonl,
12016,100.13333333333333,base_link,BODY,False,False,False,body_contacts.jsonl,
12017,100.14166666666667,base_link,BODY,False,False,False,body_contacts.jsonl,
12018,100.15,base_link,BODY,False,False,False,body_contacts.jsonl,
12019,100.15833333333333,base_link,BODY,False,False,False,body_contacts.jsonl,
12020,100.16666666666667,base_link,BODY,False,False,False,body_contacts.jsonl,
12021,100.175,base_link,BODY,False,False,False,body_contacts.jsonl,
12022,100.18333333333334,base_link,BODY,False,False,False,body_contacts.jsonl,
12023,100.19166666666666,base_link,BODY,False,False,False,body_contacts.jsonl,
12024,100.2,base_link,BODY,False,False,False,body_contacts.jsonl,
12025,100.20833333333333,base_link,BODY,False,False,False,body_contacts.jsonl,
12026,100.21666666666667,base_link,BODY,False,False,False,body_contacts.jsonl,
12027,100.225,base_link,BODY,False,False,False,body_contacts.jsonl,
12028,100.23333333333333,base_link,BODY,False,False,False,body_contacts.jsonl,
12029,100.24166666666666,base_link,BODY,False,False,False,body_contacts.jsonl,
12030,100.25,base_link,BODY,False,False,False,body_contacts.jsonl,
12031,100.25833333333333,base_link,BODY,False,False,False,body_contacts.jsonl,
12032,100.26666666666667,base_link,BODY,False,False,False,body_contacts.jsonl,
12033,100.275,base_link,BODY,False,False,False,body_contacts.jsonl,
12034,100.28333333333333,base_link,BODY,False,False,False,body_contacts.jsonl,
12035,100.29166666666667,base_link,BODY,False,False,False,body_contacts.jsonl,
12036,100.3,base_link,BODY,False,False,False,body_contacts.jsonl,
12037,100.30833333333334,base_link,BODY,False,False,False,body_contacts.jsonl,
12038,100.31666666666666,base_link,BODY,False,False,False,body_contacts.jsonl,
12039,100.325,base_link,BODY,False,False,False,body_contacts.jsonl,
12040,100.33333333333333,base_link,BODY,False,False,False,body_contacts.jsonl,
12041,100.34166666666667,base_link,BODY,False,False,False,body_contacts.jsonl,
12042,100.35,base_link,BODY,False,False,False,body_contacts.jsonl,
12043,100.35833333333333,base_link,BODY,False,False,False,body_contacts.jsonl,
12044,100.36666666666666,base_link,BODY,False,False,False,body_contacts.jsonl,
12045,100.375,base_link,BODY,False,False,False,body_contacts.jsonl,
12046,100.38333333333333,base_link,BODY,False,False,False,body_contacts.jsonl,
12047,100.39166666666667,base_link,BODY,False,False,False,body_contacts.jsonl,
12048,100.4,base_link,BODY,False,False,False,body_contacts.jsonl,
12049,100.40833333333333,base_link,BODY,False,False,False,body_contacts.jsonl,
12050,100.41666666666667,base_link,BODY,False,False,False,body_contacts.jsonl,
12051,100.425,base_link,BODY,False,False,False,body_contacts.jsonl,
12052,100.43333333333334,base_link,BODY,False,False,False,body_contacts.jsonl,
12053,100.44166666666666,base_link,BODY,False,False,False,body_contacts.jsonl,
12054,100.45,base_link,BODY,False,False,False,body_contacts.jsonl,
12055,100.45833333333333,base_link,BODY,False,False,False,body_contacts.jsonl,
12056,100.46666666666667,base_link,BODY,False,False,False,body_contacts.jsonl,
12057,100.475,base_link,BODY,False,False,False,body_contacts.jsonl,
12058,100.48333333333333,base_link,BODY,False,False,False,body_contacts.jsonl,
12059,100.49166666666666,base_link,BODY,False,False,False,body_contacts.jsonl,
12060,100.5,base_link,BODY,False,False,False,body_contacts.jsonl,
12061,100.50833333333333,base_link,BODY,False,False,False,body_contacts.jsonl,
12062,100.51666666666667,base_link,BODY,False,False,False,body_contacts.jsonl,
12063,100.525,base_link,BODY,False,False,False,body_contacts.jsonl,
12064,100.53333333333333,base_link,BODY,False,False,False,body_contacts.jsonl,
12065,100.54166666666667,base_link,BODY,False,False,False,body_contacts.jsonl,
12066,100.55,base_link,BODY,False,False,False,body_contacts.jsonl,
12067,100.55833333333334,base_link,BODY,False,False,False,body_contacts.jsonl,
12068,100.56666666666666,base_link,BODY,False,False,False,body_contacts.jsonl,
12069,100.575,base_link,BODY,False,False,False,body_contacts.jsonl,
12070,100.58333333333333,base_link,BODY,False,False,False,body_contacts.jsonl,
12071,100.59166666666667,base_link,BODY,False,False,False,body_contacts.jsonl,
12072,100.6,base_link,BODY,False,False,False,body_contacts.jsonl,
12073,100.60833333333333,base_link,BODY,False,False,False,body_contacts.jsonl,
12074,100.61666666666666,base_link,BODY,False,False,False,body_contacts.jsonl,
12075,100.625,base_link,BODY,False,False,False,body_contacts.jsonl,
12076,100.63333333333333,base_link,BODY,False,False,False,body_contacts.jsonl,
12077,100.64166666666667,base_link,BODY,False,False,False,body_contacts.jsonl,
12078,100.65,base_link,BODY,False,False,False,body_contacts.jsonl,
12079,100.65833333333333,base_link,BODY,False,False,False,body_contacts.jsonl,
12080,100.66666666666667,base_link,BODY,False,False,False,body_contacts.jsonl,
12081,100.675,base_link,BODY,False,False,False,body_contacts.jsonl,
12082,100.68333333333334,base_link,BODY,False,False,False,body_contacts.jsonl,
12083,100.69166666666666,base_link,BODY,False,False,False,body_contacts.jsonl,
12084,100.7,base_link,BODY,False,False,False,body_contacts.jsonl,
12085,100.70833333333333,base_link,BODY,False,False,False,body_contacts.jsonl,
12086,100.71666666666667,base_link,BODY,False,False,False,body_contacts.jsonl,
12087,100.725,base_link,BODY,False,False,False,body_contacts.jsonl,
12088,100.73333333333333,base_link,BODY,False,False,False,body_contacts.jsonl,
12089,100.74166666666666,base_link,BODY,False,False,False,body_contacts.jsonl,
12090,100.75,base_link,BODY,False,False,False,body_contacts.jsonl,
12091,100.75833333333333,base_link,BODY,False,False,False,body_contacts.jsonl,
12092,100.76666666666667,base_link,BODY,False,False,False,body_contacts.jsonl,
12093,100.775,base_link,BODY,False,False,False,body_contacts.jsonl,
12094,100.78333333333333,base_link,BODY,False,False,False,body_contacts.jsonl,
12095,100.79166666666667,base_link,BODY,False,False,False,body_contacts.jsonl,
12096,100.8,base_link,BODY,False,False,False,body_contacts.jsonl,
12097,100.80833333333334,base_link,BODY,False,False,False,body_contacts.jsonl,
12098,100.81666666666666,base_link,BODY,False,False,False,body_contacts.jsonl,
12099,100.825,base_link,BODY,False,False,False,body_contacts.jsonl,
12100,100.83333333333333,base_link,BODY,False,False,False,body_contacts.jsonl,
12101,100.84166666666667,base_link,BODY,False,False,False,body_contacts.jsonl,
12102,100.85,base_link,BODY,False,False,False,body_contacts.jsonl,
12103,100.85833333333333,base_link,BODY,False,False,False,body_contacts.jsonl,
12104,100.86666666666666,base_link,BODY,False,False,False,body_contacts.jsonl,
12105,100.875,base_link,BODY,False,False,False,body_contacts.jsonl,
12106,100.88333333333333,base_link,BODY,False,False,False,body_contacts.jsonl,
12107,100.89166666666667,base_link,BODY,False,False,False,body_contacts.jsonl,
12108,100.9,base_link,BODY,False,False,False,body_contacts.jsonl,
12109,100.90833333333333,base_link,BODY,False,False,False,body_contacts.jsonl,
12110,100.91666666666667,base_link,BODY,False,False,False,body_contacts.jsonl,
12111,100.925,base_link,BODY,False,False,False,body_contacts.jsonl,
12112,100.93333333333334,base_link,BODY,False,False,False,body_contacts.jsonl,
12113,100.94166666666666,base_link,BODY,False,False,False,body_contacts.jsonl,
12114,100.95,base_link,BODY,False,False,False,body_contacts.jsonl,
12115,100.95833333333333,base_link,BODY,False,False,False,body_contacts.jsonl,
12116,100.96666666666667,base_link,BODY,False,False,False,body_contacts.jsonl,
12117,100.975,base_link,BODY,False,False,False,body_contacts.jsonl,
12118,100.98333333333333,base_link,BODY,False,False,False,body_contacts.jsonl,
12119,100.99166666666666,base_link,BODY,False,False,False,body_contacts.jsonl,
12120,101.0,base_link,BODY,False,False,False,body_contacts.jsonl,
12121,101.00833333333333,base_link,BODY,False,False,False,body_contacts.jsonl,
12122,101.01666666666667,base_link,BODY,False,False,False,body_contacts.jsonl,
12123,101.025,base_link,BODY,False,False,False,body_contacts.jsonl,
12124,101.03333333333333,base_link,BODY,False,False,False,body_contacts.jsonl,
12125,101.04166666666667,base_link,BODY,False,False,False,body_contacts.jsonl,
12126,101.05,base_link,BODY,False,False,False,body_contacts.jsonl,
12127,101.05833333333334,base_link,BODY,False,False,False,body_contacts.jsonl,
12128,101.06666666666666,base_link,BODY,False,False,False,body_contacts.jsonl,
12129,101.075,base_link,BODY,False,False,False,body_contacts.jsonl,
12130,101.08333333333333,base_link,BODY,False,False,False,body_contacts.jsonl,
12131,101.09166666666667,base_link,BODY,False,False,False,body_contacts.jsonl,
12132,101.1,base_link,BODY,False,False,False,body_contacts.jsonl,
12133,101.10833333333333,base_link,BODY,False,False,False,body_contacts.jsonl,
12134,101.11666666666666,base_link,BODY,False,False,False,body_contacts.jsonl,
12135,101.125,base_link,BODY,False,False,False,body_contacts.jsonl,
12136,101.13333333333333,base_link,BODY,False,False,False,body_contacts.jsonl,
12137,101.14166666666667,base_link,BODY,False,False,False,body_contacts.jsonl,
12138,101.15,base_link,BODY,False,False,False,body_contacts.jsonl,
12139,101.15833333333333,base_link,BODY,False,False,False,body_contacts.jsonl,
12140,101.16666666666667,base_link,BODY,False,False,False,body_contacts.jsonl,
12141,101.175,base_link,BODY,False,False,False,body_contacts.jsonl,
12142,101.18333333333334,base_link,BODY,False,False,False,body_contacts.jsonl,
12143,101.19166666666666,base_link,BODY,False,False,False,body_contacts.jsonl,
12144,101.2,base_link,BODY,False,False,False,body_contacts.jsonl,
12145,101.20833333333333,base_link,BODY,False,False,False,body_contacts.jsonl,
12146,101.21666666666667,base_link,BODY,False,False,False,body_contacts.jsonl,
12147,101.225,base_link,BODY,False,False,False,body_contacts.jsonl,
12148,101.23333333333333,base_link,BODY,False,False,False,body_contacts.jsonl,
12149,101.24166666666666,base_link,BODY,False,False,False,body_contacts.jsonl,
12150,101.25,base_link,BODY,False,False,False,body_contacts.jsonl,
12151,101.25833333333333,base_link,BODY,False,False,False,body_contacts.jsonl,
12152,101.26666666666667,base_link,BODY,False,False,False,body_contacts.jsonl,
12153,101.275,base_link,BODY,False,False,False,body_contacts.jsonl,
12154,101.28333333333333,base_link,BODY,False,False,False,body_contacts.jsonl,
12155,101.29166666666667,base_link,BODY,False,False,False,body_contacts.jsonl,
12156,101.3,base_link,BODY,False,False,False,body_contacts.jsonl,
12157,101.30833333333334,base_link,BODY,False,False,False,body_contacts.jsonl,
12158,101.31666666666666,base_link,BODY,False,False,False,body_contacts.jsonl,
12159,101.325,base_link,BODY,False,False,False,body_contacts.jsonl,
12160,101.33333333333333,base_link,BODY,False,False,False,body_contacts.jsonl,
12161,101.34166666666667,base_link,BODY,False,False,False,body_contacts.jsonl,
12162,101.35,base_link,BODY,False,False,False,body_contacts.jsonl,
12163,101.35833333333333,base_link,BODY,False,False,False,body_contacts.jsonl,
12164,101.36666666666666,base_link,BODY,False,False,False,body_contacts.jsonl,
12165,101.375,base_link,BODY,False,False,False,body_contacts.jsonl,
12166,101.38333333333333,base_link,BODY,False,False,False,body_contacts.jsonl,
12167,101.39166666666667,base_link,BODY,False,False,False,body_contacts.jsonl,
12168,101.4,base_link,BODY,False,False,False,body_contacts.jsonl,
12169,101.40833333333333,base_link,BODY,False,False,False,body_contacts.jsonl,
12170,101.41666666666667,base_link,BODY,False,False,False,body_contacts.jsonl,
12171,101.425,base_link,BODY,False,False,False,body_contacts.jsonl,
12172,101.43333333333334,base_link,BODY,False,False,False,body_contacts.jsonl,
12173,101.44166666666666,base_link,BODY,False,False,False,body_contacts.jsonl,
12174,101.45,base_link,BODY,False,False,False,body_contacts.jsonl,
12175,101.45833333333333,base_link,BODY,False,False,False,body_contacts.jsonl,
12176,101.46666666666667,base_link,BODY,False,False,False,body_contacts.jsonl,
12177,101.475,base_link,BODY,False,False,False,body_contacts.jsonl,
12178,101.48333333333333,base_link,BODY,False,False,False,body_contacts.jsonl,
12179,101.49166666666666,base_link,BODY,False,False,False,body_contacts.jsonl,
12180,101.5,base_link,BODY,False,False,False,body_contacts.jsonl,
12181,101.50833333333333,base_link,BODY,False,False,False,body_contacts.jsonl,
12182,101.51666666666667,base_link,BODY,False,False,False,body_contacts.jsonl,
12183,101.525,base_link,BODY,False,False,False,body_contacts.jsonl,
12184,101.53333333333333,base_link,BODY,False,False,False,body_contacts.jsonl,
12185,101.54166666666667,base_link,BODY,False,False,False,body_contacts.jsonl,
12186,101.55,base_link,BODY,False,False,False,body_contacts.jsonl,
12187,101.55833333333334,base_link,BODY,False,False,False,body_contacts.jsonl,
12188,101.56666666666666,base_link,BODY,False,False,False,body_contacts.jsonl,
12189,101.575,base_link,BODY,False,False,False,body_contacts.jsonl,
12190,101.58333333333333,base_link,BODY,False,False,False,body_contacts.jsonl,
12191,101.59166666666667,base_link,BODY,False,False,False,body_contacts.jsonl,
12192,101.6,base_link,BODY,False,False,False,body_contacts.jsonl,
12193,101.60833333333333,base_link,BODY,False,False,False,body_contacts.jsonl,
12194,101.61666666666666,base_link,BODY,False,False,False,body_contacts.jsonl,
12195,101.625,base_link,BODY,False,False,False,body_contacts.jsonl,
12196,101.63333333333333,base_link,BODY,False,False,False,body_contacts.jsonl,
12197,101.64166666666667,base_link,BODY,False,False,False,body_contacts.jsonl,
12198,101.65,base_link,BODY,False,False,False,body_contacts.jsonl,
12199,101.65833333333333,base_link,BODY,False,False,False,body_contacts.jsonl,
12200,101.66666666666667,base_link,BODY,False,False,False,body_contacts.jsonl,
12201,101.675,base_link,BODY,False,False,False,body_contacts.jsonl,
12202,101.68333333333334,base_link,BODY,False,False,False,body_contacts.jsonl,
12203,101.69166666666666,base_link,BODY,False,False,False,body_contacts.jsonl,
12204,101.7,base_link,BODY,False,False,False,body_contacts.jsonl,
12205,101.70833333333333,base_link,BODY,False,False,False,body_contacts.jsonl,
12206,101.71666666666667,base_link,BODY,False,False,False,body_contacts.jsonl,
12207,101.725,base_link,BODY,False,False,False,body_contacts.jsonl,
12208,101.73333333333333,base_link,BODY,False,False,False,body_contacts.jsonl,
12209,101.74166666666666,base_link,BODY,False,False,False,body_contacts.jsonl,
12210,101.75,base_link,BODY,False,False,False,body_contacts.jsonl,
12211,101.75833333333333,base_link,BODY,False,False,False,body_contacts.jsonl,
12212,101.76666666666667,base_link,BODY,False,False,False,body_contacts.jsonl,
12213,101.775,base_link,BODY,False,False,False,body_contacts.jsonl,
12214,101.78333333333333,base_link,BODY,False,False,False,body_contacts.jsonl,
12215,101.79166666666667,base_link,BODY,False,False,False,body_contacts.jsonl,
12216,101.8,base_link,BODY,False,False,False,body_contacts.jsonl,
12217,101.80833333333334,base_link,BODY,False,False,False,body_contacts.jsonl,
12218,101.81666666666666,base_link,BODY,False,False,False,body_contacts.jsonl,
12219,101.825,base_link,BODY,False,False,False,body_contacts.jsonl,
12220,101.83333333333333,base_link,BODY,False,False,False,body_contacts.jsonl,
12221,101.84166666666667,base_link,BODY,False,False,False,body_contacts.jsonl,
12222,101.85,base_link,BODY,False,False,False,body_contacts.jsonl,
12223,101.85833333333333,base_link,BODY,False,False,False,body_contacts.jsonl,
12224,101.86666666666666,base_link,BODY,False,False,False,body_contacts.jsonl,
12225,101.875,base_link,BODY,False,False,False,body_contacts.jsonl,
12226,101.88333333333333,base_link,BODY,False,False,False,body_contacts.jsonl,
12227,101.89166666666667,base_link,BODY,False,False,False,body_contacts.jsonl,
12228,101.9,base_link,BODY,False,False,False,body_contacts.jsonl,
12229,101.90833333333333,base_link,BODY,False,False,False,body_contacts.jsonl,
12230,101.91666666666667,base_link,BODY,False,False,False,body_contacts.jsonl,
12231,101.925,base_link,BODY,False,False,False,body_contacts.jsonl,
12232,101.93333333333334,base_link,BODY,False,False,False,body_contacts.jsonl,
12233,101.94166666666666,base_link,BODY,False,False,False,body_contacts.jsonl,
12234,101.95,base_link,BODY,False,False,False,body_contacts.jsonl,
12235,101.95833333333333,base_link,BODY,False,False,False,body_contacts.jsonl,
12236,101.96666666666667,base_link,BODY,False,False,False,body_contacts.jsonl,
12237,101.975,base_link,BODY,False,False,False,body_contacts.jsonl,
12238,101.98333333333333,base_link,BODY,False,False,False,body_contacts.jsonl,
12239,101.99166666666666,base_link,BODY,False,False,False,body_contacts.jsonl,
12240,102.0,base_link,BODY,False,False,False,body_contacts.jsonl,
12241,102.00833333333333,base_link,BODY,False,False,False,body_contacts.jsonl,
12242,102.01666666666667,base_link,BODY,False,False,False,body_contacts.jsonl,
12243,102.025,base_link,BODY,False,False,False,body_contacts.jsonl,
12244,102.03333333333333,base_link,BODY,False,False,False,body_contacts.jsonl,
12245,102.04166666666667,base_link,BODY,False,False,False,body_contacts.jsonl,
12246,102.05,base_link,BODY,False,False,False,body_contacts.jsonl,
12247,102.05833333333334,base_link,BODY,False,False,False,body_contacts.jsonl,
12248,102.06666666666666,base_link,BODY,False,False,False,body_contacts.jsonl,
12249,102.075,base_link,BODY,False,False,False,body_contacts.jsonl,
12250,102.08333333333333,base_link,BODY,False,False,False,body_contacts.jsonl,
12251,102.09166666666667,base_link,BODY,False,False,False,body_contacts.jsonl,
12252,102.1,base_link,BODY,False,False,False,body_contacts.jsonl,
12253,102.10833333333333,base_link,BODY,False,False,False,body_contacts.jsonl,
12254,102.11666666666666,base_link,BODY,False,False,False,body_contacts.jsonl,
12255,102.125,base_link,BODY,False,False,False,body_contacts.jsonl,
12256,102.13333333333333,base_link,BODY,False,False,False,body_contacts.jsonl,
12257,102.14166666666667,base_link,BODY,False,False,False,body_contacts.jsonl,
12258,102.15,base_link,BODY,False,False,False,body_contacts.jsonl,
12259,102.15833333333333,base_link,BODY,False,False,False,body_contacts.jsonl,
12260,102.16666666666667,base_link,BODY,False,False,False,body_contacts.jsonl,
12261,102.175,base_link,BODY,False,False,False,body_contacts.jsonl,
12262,102.18333333333334,base_link,BODY,False,False,False,body_contacts.jsonl,
12263,102.19166666666666,base_link,BODY,False,False,False,body_contacts.jsonl,
12264,102.2,base_link,BODY,False,False,False,body_contacts.jsonl,
12265,102.20833333333333,base_link,BODY,False,False,False,body_contacts.jsonl,
12266,102.21666666666667,base_link,BODY,False,False,False,body_contacts.jsonl,
12267,102.225,base_link,BODY,False,False,False,body_contacts.jsonl,
12268,102.23333333333333,base_link,BODY,False,False,False,body_contacts.jsonl,
12269,102.24166666666666,base_link,BODY,False,False,False,body_contacts.jsonl,
12270,102.25,base_link,BODY,False,False,False,body_contacts.jsonl,
12271,102.25833333333333,base_link,BODY,False,False,False,body_contacts.jsonl,
12272,102.26666666666667,base_link,BODY,False,False,False,body_contacts.jsonl,
12273,102.275,base_link,BODY,False,False,False,body_contacts.jsonl,
12274,102.28333333333333,base_link,BODY,False,False,False,body_contacts.jsonl,
12275,102.29166666666667,base_link,BODY,False,False,False,body_contacts.jsonl,
12276,102.3,base_link,BODY,False,False,False,body_contacts.jsonl,
12277,102.30833333333334,base_link,BODY,False,False,False,body_contacts.jsonl,
12278,102.31666666666666,base_link,BODY,False,False,False,body_contacts.jsonl,
12279,102.325,base_link,BODY,False,False,False,body_contacts.jsonl,
12280,102.33333333333333,base_link,BODY,False,False,False,body_contacts.jsonl,
12281,102.34166666666667,base_link,BODY,False,False,False,body_contacts.jsonl,
12282,102.35,base_link,BODY,False,False,False,body_contacts.jsonl,
12283,102.35833333333333,base_link,BODY,False,False,False,body_contacts.jsonl,
12284,102.36666666666666,base_link,BODY,False,False,False,body_contacts.jsonl,
12285,102.375,base_link,BODY,False,False,False,body_contacts.jsonl,
12286,102.38333333333333,base_link,BODY,False,False,False,body_contacts.jsonl,
12287,102.39166666666667,base_link,BODY,False,False,False,body_contacts.jsonl,
12288,102.4,base_link,BODY,False,False,False,body_contacts.jsonl,
12289,102.40833333333333,base_link,BODY,False,False,False,body_contacts.jsonl,
12290,102.41666666666667,base_link,BODY,False,False,False,body_contacts.jsonl,
12291,102.425,base_link,BODY,False,False,False,body_contacts.jsonl,
12292,102.43333333333334,base_link,BODY,False,False,False,body_contacts.jsonl,
12293,102.44166666666666,base_link,BODY,False,False,False,body_contacts.jsonl,
12294,102.45,base_link,BODY,False,False,False,body_contacts.jsonl,
12295,102.45833333333333,base_link,BODY,False,False,False,body_contacts.jsonl,
12296,102.46666666666667,base_link,BODY,False,False,False,body_contacts.jsonl,
12297,102.475,base_link,BODY,False,False,False,body_contacts.jsonl,
12298,102.48333333333333,base_link,BODY,False,False,False,body_contacts.jsonl,
12299,102.49166666666666,base_link,BODY,False,False,False,body_contacts.jsonl,
12300,102.5,base_link,BODY,False,False,False,body_contacts.jsonl,
12301,102.50833333333333,base_link,BODY,False,False,False,body_contacts.jsonl,
12302,102.51666666666667,base_link,BODY,False,False,False,body_contacts.jsonl,
12303,102.52499999999999,base_link,BODY,False,False,False,body_contacts.jsonl,
12304,102.53333333333333,base_link,BODY,False,False,False,body_contacts.jsonl,
12305,102.54166666666667,base_link,BODY,False,False,False,body_contacts.jsonl,
12306,102.55,base_link,BODY,False,False,False,body_contacts.jsonl,
12307,102.55833333333334,base_link,BODY,False,False,False,body_contacts.jsonl,
12308,102.56666666666666,base_link,BODY,False,False,False,body_contacts.jsonl,
12309,102.575,base_link,BODY,False,False,False,body_contacts.jsonl,
12310,102.58333333333333,base_link,BODY,False,False,False,body_contacts.jsonl,
12311,102.59166666666667,base_link,BODY,False,False,False,body_contacts.jsonl,
12312,102.6,base_link,BODY,False,False,False,body_contacts.jsonl,
12313,102.60833333333333,base_link,BODY,False,False,False,body_contacts.jsonl,
12314,102.61666666666666,base_link,BODY,False,False,False,body_contacts.jsonl,
12315,102.625,base_link,BODY,False,False,False,body_contacts.jsonl,
12316,102.63333333333333,base_link,BODY,False,False,False,body_contacts.jsonl,
12317,102.64166666666667,base_link,BODY,False,False,False,body_contacts.jsonl,
12318,102.64999999999999,base_link,BODY,False,False,False,body_contacts.jsonl,
12319,102.65833333333333,base_link,BODY,False,False,False,body_contacts.jsonl,
12320,102.66666666666667,base_link,BODY,False,False,False,body_contacts.jsonl,
12321,102.675,base_link,BODY,False,False,False,body_contacts.jsonl,
12322,102.68333333333334,base_link,BODY,False,False,False,body_contacts.jsonl,
12323,102.69166666666666,base_link,BODY,False,False,False,body_contacts.jsonl,
12324,102.7,base_link,BODY,False,False,False,body_contacts.jsonl,
12325,102.70833333333333,base_link,BODY,False,False,False,body_contacts.jsonl,
12326,102.71666666666667,base_link,BODY,False,False,False,body_contacts.jsonl,
12327,102.725,base_link,BODY,False,False,False,body_contacts.jsonl,
12328,102.73333333333333,base_link,BODY,False,False,False,body_contacts.jsonl,
12329,102.74166666666666,base_link,BODY,False,False,False,body_contacts.jsonl,
12330,102.75,base_link,BODY,False,False,False,body_contacts.jsonl,
12331,102.75833333333333,base_link,BODY,False,False,False,body_contacts.jsonl,
12332,102.76666666666667,base_link,BODY,False,False,False,body_contacts.jsonl,
12333,102.77499999999999,base_link,BODY,False,False,False,body_contacts.jsonl,
12334,102.78333333333333,base_link,BODY,False,False,False,body_contacts.jsonl,
12335,102.79166666666667,base_link,BODY,False,False,False,body_contacts.jsonl,
12336,102.8,base_link,BODY,False,False,False,body_contacts.jsonl,
12337,102.80833333333334,base_link,BODY,False,False,False,body_contacts.jsonl,
12338,102.81666666666666,base_link,BODY,False,False,False,body_contacts.jsonl,
12339,102.825,base_link,BODY,False,False,False,body_contacts.jsonl,
12340,102.83333333333333,base_link,BODY,False,False,False,body_contacts.jsonl,
12341,102.84166666666667,base_link,BODY,False,False,False,body_contacts.jsonl,
12342,102.85,base_link,BODY,False,False,False,body_contacts.jsonl,
12343,102.85833333333333,base_link,BODY,False,False,False,body_contacts.jsonl,
12344,102.86666666666666,base_link,BODY,False,False,False,body_contacts.jsonl,
12345,102.875,base_link,BODY,False,False,False,body_contacts.jsonl,
12346,102.88333333333333,base_link,BODY,False,False,False,body_contacts.jsonl,
12347,102.89166666666667,base_link,BODY,False,False,False,body_contacts.jsonl,
12348,102.89999999999999,base_link,BODY,False,False,False,body_contacts.jsonl,
12349,102.90833333333333,base_link,BODY,False,False,False,body_contacts.jsonl,
12350,102.91666666666667,base_link,BODY,False,False,False,body_contacts.jsonl,
12351,102.925,base_link,BODY,False,False,False,body_contacts.jsonl,
12352,102.93333333333334,base_link,BODY,False,False,False,body_contacts.jsonl,
12353,102.94166666666666,base_link,BODY,False,False,False,body_contacts.jsonl,
12354,102.95,base_link,BODY,False,False,False,body_contacts.jsonl,
12355,102.95833333333333,base_link,BODY,False,False,False,body_contacts.jsonl,
12356,102.96666666666667,base_link,BODY,False,False,False,body_contacts.jsonl,
12357,102.975,base_link,BODY,False,False,False,body_contacts.jsonl,
12358,102.98333333333333,base_link,BODY,False,False,False,body_contacts.jsonl,
12359,102.99166666666666,base_link,BODY,False,False,False,body_contacts.jsonl,
12360,103.0,base_link,BODY,False,False,False,body_contacts.jsonl,
12361,103.00833333333333,base_link,BODY,False,False,False,body_contacts.jsonl,
12362,103.01666666666667,base_link,BODY,False,False,False,body_contacts.jsonl,
12363,103.02499999999999,base_link,BODY,False,False,False,body_contacts.jsonl,
12364,103.03333333333333,base_link,BODY,False,False,False,body_contacts.jsonl,
12365,103.04166666666667,base_link,BODY,False,False,False,body_contacts.jsonl,
12366,103.05,base_link,BODY,False,False,False,body_contacts.jsonl,
12367,103.05833333333334,base_link,BODY,False,False,False,body_contacts.jsonl,
12368,103.06666666666666,base_link,BODY,False,False,False,body_contacts.jsonl,
12369,103.075,base_link,BODY,False,False,False,body_contacts.jsonl,
12370,103.08333333333333,base_link,BODY,False,False,False,body_contacts.jsonl,
12371,103.09166666666667,base_link,BODY,False,False,False,body_contacts.jsonl,
12372,103.1,base_link,BODY,False,False,False,body_contacts.jsonl,
12373,103.10833333333333,base_link,BODY,False,False,False,body_contacts.jsonl,
12374,103.11666666666666,base_link,BODY,False,False,False,body_contacts.jsonl,
12375,103.125,base_link,BODY,False,False,False,body_contacts.jsonl,
12376,103.13333333333333,base_link,BODY,False,False,False,body_contacts.jsonl,
12377,103.14166666666667,base_link,BODY,False,False,False,body_contacts.jsonl,
12378,103.14999999999999,base_link,BODY,False,False,False,body_contacts.jsonl,
12379,103.15833333333333,base_link,BODY,False,False,False,body_contacts.jsonl,
12380,103.16666666666667,base_link,BODY,False,False,False,body_contacts.jsonl,
12381,103.175,base_link,BODY,False,False,False,body_contacts.jsonl,
12382,103.18333333333334,base_link,BODY,False,False,False,body_contacts.jsonl,
12383,103.19166666666666,base_link,BODY,False,False,False,body_contacts.jsonl,
12384,103.2,base_link,BODY,False,False,False,body_contacts.jsonl,
12385,103.20833333333333,base_link,BODY,False,False,False,body_contacts.jsonl,
12386,103.21666666666667,base_link,BODY,False,False,False,body_contacts.jsonl,
12387,103.225,base_link,BODY,False,False,False,body_contacts.jsonl,
12388,103.23333333333333,base_link,BODY,False,False,False,body_contacts.jsonl,
12389,103.24166666666666,base_link,BODY,False,False,False,body_contacts.jsonl,
12390,103.25,base_link,BODY,False,False,False,body_contacts.jsonl,
12391,103.25833333333333,base_link,BODY,False,False,False,body_contacts.jsonl,
12392,103.26666666666667,base_link,BODY,False,False,False,body_contacts.jsonl,
12393,103.27499999999999,base_link,BODY,False,False,False,body_contacts.jsonl,
12394,103.28333333333333,base_link,BODY,False,False,False,body_contacts.jsonl,
12395,103.29166666666667,base_link,BODY,False,False,False,body_contacts.jsonl,
12396,103.3,base_link,BODY,False,False,False,body_contacts.jsonl,
12397,103.30833333333334,base_link,BODY,False,False,False,body_contacts.jsonl,
12398,103.31666666666666,base_link,BODY,False,False,False,body_contacts.jsonl,
12399,103.325,base_link,BODY,False,False,False,body_contacts.jsonl,
12400,103.33333333333333,base_link,BODY,False,False,False,body_contacts.jsonl,
12401,103.34166666666667,base_link,BODY,False,False,False,body_contacts.jsonl,
12402,103.35,base_link,BODY,False,False,False,body_contacts.jsonl,
12403,103.35833333333333,base_link,BODY,False,False,False,body_contacts.jsonl,
12404,103.36666666666666,base_link,BODY,False,False,False,body_contacts.jsonl,
12405,103.375,base_link,BODY,False,False,False,body_contacts.jsonl,
12406,103.38333333333333,base_link,BODY,False,False,False,body_contacts.jsonl,
12407,103.39166666666667,base_link,BODY,False,False,False,body_contacts.jsonl,
12408,103.39999999999999,base_link,BODY,False,False,False,body_contacts.jsonl,
12409,103.40833333333333,base_link,BODY,False,False,False,body_contacts.jsonl,
12410,103.41666666666667,base_link,BODY,False,False,False,body_contacts.jsonl,
12411,103.425,base_link,BODY,False,False,False,body_contacts.jsonl,
12412,103.43333333333334,base_link,BODY,False,False,False,body_contacts.jsonl,
12413,103.44166666666666,base_link,BODY,False,False,False,body_contacts.jsonl,
12414,103.45,base_link,BODY,False,False,False,body_contacts.jsonl,
12415,103.45833333333333,base_link,BODY,False,False,False,body_contacts.jsonl,
12416,103.46666666666667,base_link,BODY,False,False,False,body_contacts.jsonl,
12417,103.475,base_link,BODY,False,False,False,body_contacts.jsonl,
12418,103.48333333333333,base_link,BODY,False,False,False,body_contacts.jsonl,
12419,103.49166666666666,base_link,BODY,False,False,False,body_contacts.jsonl,
12420,103.5,base_link,BODY,False,False,False,body_contacts.jsonl,
12421,103.50833333333333,base_link,BODY,False,False,False,body_contacts.jsonl,
12422,103.51666666666667,base_link,BODY,False,False,False,body_contacts.jsonl,
12423,103.52499999999999,base_link,BODY,False,False,False,body_contacts.jsonl,
12424,103.53333333333333,base_link,BODY,False,False,False,body_contacts.jsonl,
12425,103.54166666666667,base_link,BODY,False,False,False,body_contacts.jsonl,
12426,103.55,base_link,BODY,False,False,False,body_contacts.jsonl,
12427,103.55833333333334,base_link,BODY,False,False,False,body_contacts.jsonl,
12428,103.56666666666666,base_link,BODY,False,False,False,body_contacts.jsonl,
12429,103.575,base_link,BODY,False,False,False,body_contacts.jsonl,
12430,103.58333333333333,base_link,BODY,False,False,False,body_contacts.jsonl,
12431,103.59166666666667,base_link,BODY,False,False,False,body_contacts.jsonl,
12432,103.6,base_link,BODY,False,False,False,body_contacts.jsonl,
12433,103.60833333333333,base_link,BODY,False,False,False,body_contacts.jsonl,
12434,103.61666666666666,base_link,BODY,False,False,False,body_contacts.jsonl,
12435,103.625,base_link,BODY,False,False,False,body_contacts.jsonl,
12436,103.63333333333333,base_link,BODY,False,False,False,body_contacts.jsonl,
12437,103.64166666666667,base_link,BODY,False,False,False,body_contacts.jsonl,
12438,103.64999999999999,base_link,BODY,False,False,False,body_contacts.jsonl,
12439,103.65833333333333,base_link,BODY,False,False,False,body_contacts.jsonl,
12440,103.66666666666667,base_link,BODY,False,False,False,body_contacts.jsonl,
12441,103.675,base_link,BODY,False,False,False,body_contacts.jsonl,
12442,103.68333333333334,base_link,BODY,False,False,False,body_contacts.jsonl,
12443,103.69166666666666,base_link,BODY,False,False,False,body_contacts.jsonl,
12444,103.7,base_link,BODY,False,False,False,body_contacts.jsonl,
12445,103.70833333333333,base_link,BODY,False,False,False,body_contacts.jsonl,
12446,103.71666666666667,base_link,BODY,False,False,False,body_contacts.jsonl,
12447,103.725,base_link,BODY,False,False,False,body_contacts.jsonl,
12448,103.73333333333333,base_link,BODY,False,False,False,body_contacts.jsonl,
12449,103.74166666666666,base_link,BODY,False,False,False,body_contacts.jsonl,
12450,103.75,base_link,BODY,False,False,False,body_contacts.jsonl,
12451,103.75833333333333,base_link,BODY,False,False,False,body_contacts.jsonl,
12452,103.76666666666667,base_link,BODY,False,False,False,body_contacts.jsonl,
12453,103.77499999999999,base_link,BODY,False,False,False,body_contacts.jsonl,
12454,103.78333333333333,base_link,BODY,False,False,False,body_contacts.jsonl,
12455,103.79166666666667,base_link,BODY,False,False,False,body_contacts.jsonl,
12456,103.8,base_link,BODY,False,False,False,body_contacts.jsonl,
12457,103.80833333333334,base_link,BODY,False,False,False,body_contacts.jsonl,
12458,103.81666666666666,base_link,BODY,False,False,False,body_contacts.jsonl,
12459,103.825,base_link,BODY,False,False,False,body_contacts.jsonl,
12460,103.83333333333333,base_link,BODY,False,False,False,body_contacts.jsonl,
12461,103.84166666666667,base_link,BODY,False,False,False,body_contacts.jsonl,
12462,103.85,base_link,BODY,False,False,False,body_contacts.jsonl,
12463,103.85833333333333,base_link,BODY,False,False,False,body_contacts.jsonl,
12464,103.86666666666666,base_link,BODY,False,False,False,body_contacts.jsonl,
12465,103.875,base_link,BODY,False,False,False,body_contacts.jsonl,
12466,103.88333333333333,base_link,BODY,False,False,False,body_contacts.jsonl,
12467,103.89166666666667,base_link,BODY,False,False,False,body_contacts.jsonl,
12468,103.89999999999999,base_link,BODY,False,False,False,body_contacts.jsonl,
12469,103.90833333333333,base_link,BODY,False,False,False,body_contacts.jsonl,
12470,103.91666666666667,base_link,BODY,False,False,False,body_contacts.jsonl,
12471,103.925,base_link,BODY,False,False,False,body_contacts.jsonl,
12472,103.93333333333334,base_link,BODY,False,False,False,body_contacts.jsonl,
12473,103.94166666666666,base_link,BODY,False,False,False,body_contacts.jsonl,
12474,103.95,base_link,BODY,False,False,False,body_contacts.jsonl,
12475,103.95833333333333,base_link,BODY,False,False,False,body_contacts.jsonl,
12476,103.96666666666667,base_link,BODY,False,False,False,body_contacts.jsonl,
12477,103.975,base_link,BODY,False,False,False,body_contacts.jsonl,
12478,103.98333333333333,base_link,BODY,False,False,False,body_contacts.jsonl,
12479,103.99166666666666,base_link,BODY,False,False,False,body_contacts.jsonl,
12480,104.0,base_link,BODY,False,False,False,body_contacts.jsonl,
12481,104.00833333333333,base_link,BODY,False,False,False,body_contacts.jsonl,
12482,104.01666666666667,base_link,BODY,False,False,False,body_contacts.jsonl,
12483,104.02499999999999,base_link,BODY,False,False,False,body_contacts.jsonl,
12484,104.03333333333333,base_link,BODY,False,False,False,body_contacts.jsonl,
12485,104.04166666666667,base_link,BODY,False,False,False,body_contacts.jsonl,
12486,104.05,base_link,BODY,False,False,False,body_contacts.jsonl,
12487,104.05833333333334,base_link,BODY,False,False,False,body_contacts.jsonl,
12488,104.06666666666666,base_link,BODY,False,False,False,body_contacts.jsonl,
12489,104.075,base_link,BODY,False,False,False,body_contacts.jsonl,
12490,104.08333333333333,base_link,BODY,False,False,False,body_contacts.jsonl,
12491,104.09166666666667,base_link,BODY,False,False,False,body_contacts.jsonl,
12492,104.1,base_link,BODY,False,False,False,body_contacts.jsonl,
12493,104.10833333333333,base_link,BODY,False,False,False,body_contacts.jsonl,
12494,104.11666666666666,base_link,BODY,False,False,False,body_contacts.jsonl,
12495,104.125,base_link,BODY,False,False,False,body_contacts.jsonl,
12496,104.13333333333333,base_link,BODY,False,False,False,body_contacts.jsonl,
12497,104.14166666666667,base_link,BODY,False,False,False,body_contacts.jsonl,
12498,104.14999999999999,base_link,BODY,False,False,False,body_contacts.jsonl,
12499,104.15833333333333,base_link,BODY,False,False,False,body_contacts.jsonl,
12500,104.16666666666667,base_link,BODY,False,False,False,body_contacts.jsonl,
12501,104.175,base_link,BODY,False,False,False,body_contacts.jsonl,
12502,104.18333333333334,base_link,BODY,False,False,False,body_contacts.jsonl,
12503,104.19166666666666,base_link,BODY,False,False,False,body_contacts.jsonl,
12504,104.2,base_link,BODY,False,False,False,body_contacts.jsonl,
12505,104.20833333333333,base_link,BODY,False,False,False,body_contacts.jsonl,
12506,104.21666666666667,base_link,BODY,False,False,False,body_contacts.jsonl,
12507,104.225,base_link,BODY,False,False,False,body_contacts.jsonl,
12508,104.23333333333333,base_link,BODY,False,False,False,body_contacts.jsonl,
12509,104.24166666666666,base_link,BODY,False,False,False,body_contacts.jsonl,
12510,104.25,base_link,BODY,False,False,False,body_contacts.jsonl,
12511,104.25833333333333,base_link,BODY,False,False,False,body_contacts.jsonl,
12512,104.26666666666667,base_link,BODY,False,False,False,body_contacts.jsonl,
12513,104.27499999999999,base_link,BODY,False,False,False,body_contacts.jsonl,
12514,104.28333333333333,base_link,BODY,False,False,False,body_contacts.jsonl,
12515,104.29166666666667,base_link,BODY,False,False,False,body_contacts.jsonl,
12516,104.3,base_link,BODY,False,False,False,body_contacts.jsonl,
12517,104.30833333333334,base_link,BODY,False,False,False,body_contacts.jsonl,
12518,104.31666666666666,base_link,BODY,False,False,False,body_contacts.jsonl,
12519,104.325,base_link,BODY,False,False,False,body_contacts.jsonl,
12520,104.33333333333333,base_link,BODY,False,False,False,body_contacts.jsonl,
12521,104.34166666666667,base_link,BODY,False,False,False,body_contacts.jsonl,
12522,104.35,base_link,BODY,False,False,False,body_contacts.jsonl,
12523,104.35833333333333,base_link,BODY,False,False,False,body_contacts.jsonl,
12524,104.36666666666666,base_link,BODY,False,False,False,body_contacts.jsonl,
12525,104.375,base_link,BODY,False,False,False,body_contacts.jsonl,
12526,104.38333333333333,base_link,BODY,False,False,False,body_contacts.jsonl,
12527,104.39166666666667,base_link,BODY,False,False,False,body_contacts.jsonl,
12528,104.39999999999999,base_link,BODY,False,False,False,body_contacts.jsonl,
12529,104.40833333333333,base_link,BODY,False,False,False,body_contacts.jsonl,
12530,104.41666666666667,base_link,BODY,False,False,False,body_contacts.jsonl,
12531,104.425,base_link,BODY,False,False,False,body_contacts.jsonl,
12532,104.43333333333334,base_link,BODY,False,False,False,body_contacts.jsonl,
12533,104.44166666666666,base_link,BODY,False,False,False,body_contacts.jsonl,
12534,104.45,base_link,BODY,False,False,False,body_contacts.jsonl,
12535,104.45833333333333,base_link,BODY,False,False,False,body_contacts.jsonl,
12536,104.46666666666667,base_link,BODY,False,False,False,body_contacts.jsonl,
12537,104.475,base_link,BODY,False,False,False,body_contacts.jsonl,
12538,104.48333333333333,base_link,BODY,False,False,False,body_contacts.jsonl,
12539,104.49166666666666,base_link,BODY,False,False,False,body_contacts.jsonl,
12540,104.5,base_link,BODY,False,False,False,body_contacts.jsonl,
12541,104.50833333333333,base_link,BODY,False,False,False,body_contacts.jsonl,
12542,104.51666666666667,base_link,BODY,False,False,False,body_contacts.jsonl,
12543,104.52499999999999,base_link,BODY,False,False,False,body_contacts.jsonl,
12544,104.53333333333333,base_link,BODY,False,False,False,body_contacts.jsonl,
12545,104.54166666666667,base_link,BODY,False,False,False,body_contacts.jsonl,
12546,104.55,base_link,BODY,False,False,False,body_contacts.jsonl,
12547,104.55833333333334,base_link,BODY,False,False,False,body_contacts.jsonl,
12548,104.56666666666666,base_link,BODY,False,False,False,body_contacts.jsonl,
12549,104.575,base_link,BODY,False,False,False,body_contacts.jsonl,
12550,104.58333333333333,base_link,BODY,False,False,False,body_contacts.jsonl,
12551,104.59166666666667,base_link,BODY,False,False,False,body_contacts.jsonl,
12552,104.6,base_link,BODY,False,False,False,body_contacts.jsonl,
12553,104.60833333333333,base_link,BODY,False,False,False,body_contacts.jsonl,
12554,104.61666666666666,base_link,BODY,False,False,False,body_contacts.jsonl,
12555,104.625,base_link,BODY,False,False,False,body_contacts.jsonl,
12556,104.63333333333333,base_link,BODY,False,False,False,body_contacts.jsonl,
12557,104.64166666666667,base_link,BODY,False,False,False,body_contacts.jsonl,
12558,104.64999999999999,base_link,BODY,False,False,False,body_contacts.jsonl,
12559,104.65833333333333,base_link,BODY,False,False,False,body_contacts.jsonl,
12560,104.66666666666667,base_link,BODY,False,False,False,body_contacts.jsonl,
12561,104.675,base_link,BODY,False,False,False,body_contacts.jsonl,
12562,104.68333333333334,base_link,BODY,False,False,False,body_contacts.jsonl,
12563,104.69166666666666,base_link,BODY,False,False,False,body_contacts.jsonl,
12564,104.7,base_link,BODY,False,False,False,body_contacts.jsonl,
12565,104.70833333333333,base_link,BODY,False,False,False,body_contacts.jsonl,
12566,104.71666666666667,base_link,BODY,False,False,False,body_contacts.jsonl,
12567,104.725,base_link,BODY,False,False,False,body_contacts.jsonl,
12568,104.73333333333333,base_link,BODY,False,False,False,body_contacts.jsonl,
12569,104.74166666666666,base_link,BODY,False,False,False,body_contacts.jsonl,
12570,104.75,base_link,BODY,False,False,False,body_contacts.jsonl,
12571,104.75833333333333,base_link,BODY,False,False,False,body_contacts.jsonl,
12572,104.76666666666667,base_link,BODY,False,False,False,body_contacts.jsonl,
12573,104.77499999999999,base_link,BODY,False,False,False,body_contacts.jsonl,
12574,104.78333333333333,base_link,BODY,False,False,False,body_contacts.jsonl,
12575,104.79166666666667,base_link,BODY,False,False,False,body_contacts.jsonl,
12576,104.8,base_link,BODY,False,False,False,body_contacts.jsonl,
12577,104.80833333333334,base_link,BODY,False,False,False,body_contacts.jsonl,
12578,104.81666666666666,base_link,BODY,False,False,False,body_contacts.jsonl,
12579,104.825,base_link,BODY,False,False,False,body_contacts.jsonl,
12580,104.83333333333333,base_link,BODY,False,False,False,body_contacts.jsonl,
12581,104.84166666666667,base_link,BODY,False,False,False,body_contacts.jsonl,
12582,104.85,base_link,BODY,False,False,False,body_contacts.jsonl,
12583,104.85833333333333,base_link,BODY,False,False,False,body_contacts.jsonl,
12584,104.86666666666666,base_link,BODY,False,False,False,body_contacts.jsonl,
12585,104.875,base_link,BODY,False,False,False,body_contacts.jsonl,
12586,104.88333333333333,base_link,BODY,False,False,False,body_contacts.jsonl,
12587,104.89166666666667,base_link,BODY,False,False,False,body_contacts.jsonl,
12588,104.89999999999999,base_link,BODY,False,False,False,body_contacts.jsonl,
12589,104.90833333333333,base_link,BODY,False,False,False,body_contacts.jsonl,
12590,104.91666666666667,base_link,BODY,False,False,False,body_contacts.jsonl,
12591,104.925,base_link,BODY,False,False,False,body_contacts.jsonl,
12592,104.93333333333334,base_link,BODY,False,False,False,body_contacts.jsonl,
12593,104.94166666666666,base_link,BODY,False,False,False,body_contacts.jsonl,
12594,104.95,base_link,BODY,False,False,False,body_contacts.jsonl,
12595,104.95833333333333,base_link,BODY,False,False,False,body_contacts.jsonl,
12596,104.96666666666667,base_link,BODY,False,False,False,body_contacts.jsonl,
12597,104.975,base_link,BODY,False,False,False,body_contacts.jsonl,
12598,104.98333333333333,base_link,BODY,False,False,False,body_contacts.jsonl,
12599,104.99166666666666,base_link,BODY,False,False,False,body_contacts.jsonl,
12600,105.0,base_link,BODY,False,False,False,body_contacts.jsonl,
12601,105.00833333333333,base_link,BODY,False,False,False,body_contacts.jsonl,
12602,105.01666666666667,base_link,BODY,False,False,False,body_contacts.jsonl,
12603,105.02499999999999,base_link,BODY,False,False,False,body_contacts.jsonl,
12604,105.03333333333333,base_link,BODY,False,False,False,body_contacts.jsonl,
12605,105.04166666666667,base_link,BODY,False,False,False,body_contacts.jsonl,
12606,105.05,base_link,BODY,False,False,False,body_contacts.jsonl,
12607,105.05833333333334,base_link,BODY,False,False,False,body_contacts.jsonl,
12608,105.06666666666666,base_link,BODY,False,False,False,body_contacts.jsonl,
12609,105.075,base_link,BODY,False,False,False,body_contacts.jsonl,
12610,105.08333333333333,base_link,BODY,False,False,False,body_contacts.jsonl,
12611,105.09166666666667,base_link,BODY,False,False,False,body_contacts.jsonl,
12612,105.1,base_link,BODY,False,False,False,body_contacts.jsonl,
12613,105.10833333333333,base_link,BODY,False,False,False,body_contacts.jsonl,
12614,105.11666666666666,base_link,BODY,False,False,False,body_contacts.jsonl,
12615,105.125,base_link,BODY,False,False,False,body_contacts.jsonl,
12616,105.13333333333333,base_link,BODY,False,False,False,body_contacts.jsonl,
12617,105.14166666666667,base_link,BODY,False,False,False,body_contacts.jsonl,
12618,105.14999999999999,base_link,BODY,False,False,False,body_contacts.jsonl,
12619,105.15833333333333,base_link,BODY,False,False,False,body_contacts.jsonl,
12620,105.16666666666667,base_link,BODY,False,False,False,body_contacts.jsonl,
12621,105.175,base_link,BODY,False,False,False,body_contacts.jsonl,
12622,105.18333333333334,base_link,BODY,False,False,False,body_contacts.jsonl,
12623,105.19166666666666,base_link,BODY,False,False,False,body_contacts.jsonl,
12624,105.2,base_link,BODY,False,False,False,body_contacts.jsonl,
12625,105.20833333333333,base_link,BODY,False,False,False,body_contacts.jsonl,
12626,105.21666666666667,base_link,BODY,False,False,False,body_contacts.jsonl,
12627,105.225,base_link,BODY,False,False,False,body_contacts.jsonl,
12628,105.23333333333333,base_link,BODY,False,False,False,body_contacts.jsonl,
12629,105.24166666666666,base_link,BODY,False,False,False,body_contacts.jsonl,
12630,105.25,base_link,BODY,False,False,False,body_contacts.jsonl,
12631,105.25833333333333,base_link,BODY,False,False,False,body_contacts.jsonl,
12632,105.26666666666667,base_link,BODY,False,False,False,body_contacts.jsonl,
12633,105.27499999999999,base_link,BODY,False,False,False,body_contacts.jsonl,
12634,105.28333333333333,base_link,BODY,False,False,False,body_contacts.jsonl,
12635,105.29166666666667,base_link,BODY,False,False,False,body_contacts.jsonl,
12636,105.3,base_link,BODY,False,False,False,body_contacts.jsonl,
12637,105.30833333333334,base_link,BODY,False,False,False,body_contacts.jsonl,
12638,105.31666666666666,base_link,BODY,False,False,False,body_contacts.jsonl,
12639,105.325,base_link,BODY,False,False,False,body_contacts.jsonl,
12640,105.33333333333333,base_link,BODY,False,False,False,body_contacts.jsonl,
12641,105.34166666666667,base_link,BODY,False,False,False,body_contacts.jsonl,
12642,105.35,base_link,BODY,False,False,False,body_contacts.jsonl,
12643,105.35833333333333,base_link,BODY,False,False,False,body_contacts.jsonl,
12644,105.36666666666666,base_link,BODY,False,False,False,body_contacts.jsonl,
12645,105.375,base_link,BODY,False,False,False,body_contacts.jsonl,
12646,105.38333333333333,base_link,BODY,False,False,False,body_contacts.jsonl,
12647,105.39166666666667,base_link,BODY,False,False,False,body_contacts.jsonl,
12648,105.39999999999999,base_link,BODY,False,False,False,body_contacts.jsonl,
12649,105.40833333333333,base_link,BODY,False,False,False,body_contacts.jsonl,
12650,105.41666666666667,base_link,BODY,False,False,False,body_contacts.jsonl,
12651,105.425,base_link,BODY,False,False,False,body_contacts.jsonl,
12652,105.43333333333334,base_link,BODY,False,False,False,body_contacts.jsonl,
12653,105.44166666666666,base_link,BODY,False,False,False,body_contacts.jsonl,
12654,105.45,base_link,BODY,False,False,False,body_contacts.jsonl,
12655,105.45833333333333,base_link,BODY,False,False,False,body_contacts.jsonl,
12656,105.46666666666667,base_link,BODY,False,False,False,body_contacts.jsonl,
12657,105.475,base_link,BODY,False,False,False,body_contacts.jsonl,
12658,105.48333333333333,base_link,BODY,False,False,False,body_contacts.jsonl,
12659,105.49166666666666,base_link,BODY,False,False,False,body_contacts.jsonl,
12660,105.5,base_link,BODY,False,False,False,body_contacts.jsonl,
12661,105.50833333333333,base_link,BODY,False,False,False,body_contacts.jsonl,
12662,105.51666666666667,base_link,BODY,False,False,False,body_contacts.jsonl,
12663,105.52499999999999,base_link,BODY,False,False,False,body_contacts.jsonl,
12664,105.53333333333333,base_link,BODY,False,False,False,body_contacts.jsonl,
12665,105.54166666666667,base_link,BODY,False,False,False,body_contacts.jsonl,
12666,105.55,base_link,BODY,False,False,False,body_contacts.jsonl,
12667,105.55833333333334,base_link,BODY,False,False,False,body_contacts.jsonl,
12668,105.56666666666666,base_link,BODY,False,False,False,body_contacts.jsonl,
12669,105.575,base_link,BODY,False,False,False,body_contacts.jsonl,
12670,105.58333333333333,base_link,BODY,False,False,False,body_contacts.jsonl,
12671,105.59166666666667,base_link,BODY,False,False,False,body_contacts.jsonl,
12672,105.6,base_link,BODY,False,False,False,body_contacts.jsonl,
12673,105.60833333333333,base_link,BODY,False,False,False,body_contacts.jsonl,
12674,105.61666666666666,base_link,BODY,False,False,False,body_contacts.jsonl,
12675,105.625,base_link,BODY,False,False,False,body_contacts.jsonl,
12676,105.63333333333333,base_link,BODY,False,False,False,body_contacts.jsonl,
12677,105.64166666666667,base_link,BODY,False,False,False,body_contacts.jsonl,
12678,105.64999999999999,base_link,BODY,False,False,False,body_contacts.jsonl,
12679,105.65833333333333,base_link,BODY,False,False,False,body_contacts.jsonl,
12680,105.66666666666667,base_link,BODY,False,False,False,body_contacts.jsonl,
12681,105.675,base_link,BODY,False,False,False,body_contacts.jsonl,
12682,105.68333333333334,base_link,BODY,False,False,False,body_contacts.jsonl,
12683,105.69166666666666,base_link,BODY,False,False,False,body_contacts.jsonl,
12684,105.7,base_link,BODY,False,False,False,body_contacts.jsonl,
12685,105.70833333333333,base_link,BODY,False,False,False,body_contacts.jsonl,
12686,105.71666666666667,base_link,BODY,False,False,False,body_contacts.jsonl,
12687,105.725,base_link,BODY,False,False,False,body_contacts.jsonl,
12688,105.73333333333333,base_link,BODY,False,False,False,body_contacts.jsonl,
12689,105.74166666666666,base_link,BODY,False,False,False,body_contacts.jsonl,
12690,105.75,base_link,BODY,False,False,False,body_contacts.jsonl,
12691,105.75833333333333,base_link,BODY,False,False,False,body_contacts.jsonl,
12692,105.76666666666667,base_link,BODY,False,False,False,body_contacts.jsonl,
12693,105.77499999999999,base_link,BODY,False,False,False,body_contacts.jsonl,
12694,105.78333333333333,base_link,BODY,False,False,False,body_contacts.jsonl,
12695,105.79166666666667,base_link,BODY,False,False,False,body_contacts.jsonl,
12696,105.8,base_link,BODY,False,False,False,body_contacts.jsonl,
12697,105.80833333333334,base_link,BODY,False,False,False,body_contacts.jsonl,
12698,105.81666666666666,base_link,BODY,False,False,False,body_contacts.jsonl,
12699,105.825,base_link,BODY,False,False,False,body_contacts.jsonl,
12700,105.83333333333333,base_link,BODY,False,False,False,body_contacts.jsonl,
12701,105.84166666666667,base_link,BODY,False,False,False,body_contacts.jsonl,
12702,105.85,base_link,BODY,False,False,False,body_contacts.jsonl,
12703,105.85833333333333,base_link,BODY,False,False,False,body_contacts.jsonl,
12704,105.86666666666666,base_link,BODY,False,False,False,body_contacts.jsonl,
12705,105.875,base_link,BODY,False,False,False,body_contacts.jsonl,
12706,105.88333333333333,base_link,BODY,False,False,False,body_contacts.jsonl,
12707,105.89166666666667,base_link,BODY,False,False,False,body_contacts.jsonl,
12708,105.89999999999999,base_link,BODY,False,False,False,body_contacts.jsonl,
12709,105.90833333333333,base_link,BODY,False,False,False,body_contacts.jsonl,
12710,105.91666666666667,base_link,BODY,False,False,False,body_contacts.jsonl,
12711,105.925,base_link,BODY,False,False,False,body_contacts.jsonl,
12712,105.93333333333334,base_link,BODY,False,False,False,body_contacts.jsonl,
12713,105.94166666666666,base_link,BODY,False,False,False,body_contacts.jsonl,
12714,105.95,base_link,BODY,False,False,False,body_contacts.jsonl,
12715,105.95833333333333,base_link,BODY,False,False,False,body_contacts.jsonl,
12716,105.96666666666667,base_link,BODY,False,False,False,body_contacts.jsonl,
12717,105.975,base_link,BODY,False,False,False,body_contacts.jsonl,
12718,105.98333333333333,base_link,BODY,False,False,False,body_contacts.jsonl,
12719,105.99166666666666,base_link,BODY,False,False,False,body_contacts.jsonl,
12720,106.0,base_link,BODY,False,False,False,body_contacts.jsonl,
12721,106.00833333333333,base_link,BODY,False,False,False,body_contacts.jsonl,
12722,106.01666666666667,base_link,BODY,False,False,False,body_contacts.jsonl,
12723,106.02499999999999,base_link,BODY,False,False,False,body_contacts.jsonl,
12724,106.03333333333333,base_link,BODY,False,False,False,body_contacts.jsonl,
12725,106.04166666666667,base_link,BODY,False,False,False,body_contacts.jsonl,
12726,106.05,base_link,BODY,False,False,False,body_contacts.jsonl,
12727,106.05833333333334,base_link,BODY,False,False,False,body_contacts.jsonl,
12728,106.06666666666666,base_link,BODY,False,False,False,body_contacts.jsonl,
12729,106.075,base_link,BODY,False,False,False,body_contacts.jsonl,
12730,106.08333333333333,base_link,BODY,False,False,False,body_contacts.jsonl,
12731,106.09166666666667,base_link,BODY,False,False,False,body_contacts.jsonl,
12732,106.1,base_link,BODY,False,False,False,body_contacts.jsonl,
12733,106.10833333333333,base_link,BODY,False,False,False,body_contacts.jsonl,
12734,106.11666666666666,base_link,BODY,False,False,False,body_contacts.jsonl,
12735,106.125,base_link,BODY,False,False,False,body_contacts.jsonl,
12736,106.13333333333333,base_link,BODY,False,False,False,body_contacts.jsonl,
12737,106.14166666666667,base_link,BODY,False,False,False,body_contacts.jsonl,
12738,106.14999999999999,base_link,BODY,False,False,False,body_contacts.jsonl,
12739,106.15833333333333,base_link,BODY,False,False,False,body_contacts.jsonl,
12740,106.16666666666667,base_link,BODY,False,False,False,body_contacts.jsonl,
12741,106.175,base_link,BODY,False,False,False,body_contacts.jsonl,
12742,106.18333333333334,base_link,BODY,False,False,False,body_contacts.jsonl,
12743,106.19166666666666,base_link,BODY,False,False,False,body_contacts.jsonl,
12744,106.2,base_link,BODY,False,False,False,body_contacts.jsonl,
12745,106.20833333333333,base_link,BODY,False,False,False,body_contacts.jsonl,
12746,106.21666666666667,base_link,BODY,False,False,False,body_contacts.jsonl,
12747,106.225,base_link,BODY,False,False,False,body_contacts.jsonl,
12748,106.23333333333333,base_link,BODY,False,False,False,body_contacts.jsonl,
12749,106.24166666666666,base_link,BODY,False,False,False,body_contacts.jsonl,
12750,106.25,base_link,BODY,False,False,False,body_contacts.jsonl,
12751,106.25833333333333,base_link,BODY,False,False,False,body_contacts.jsonl,
12752,106.26666666666667,base_link,BODY,False,False,False,body_contacts.jsonl,
12753,106.27499999999999,base_link,BODY,False,False,False,body_contacts.jsonl,
12754,106.28333333333333,base_link,BODY,False,False,False,body_contacts.jsonl,
12755,106.29166666666667,base_link,BODY,False,False,False,body_contacts.jsonl,
12756,106.3,base_link,BODY,False,False,False,body_contacts.jsonl,
12757,106.30833333333334,base_link,BODY,False,False,False,body_contacts.jsonl,
12758,106.31666666666666,base_link,BODY,False,False,False,body_contacts.jsonl,
12759,106.325,base_link,BODY,False,False,False,body_contacts.jsonl,
12760,106.33333333333333,base_link,BODY,False,False,False,body_contacts.jsonl,
12761,106.34166666666667,base_link,BODY,False,False,False,body_contacts.jsonl,
12762,106.35,base_link,BODY,False,False,False,body_contacts.jsonl,
12763,106.35833333333333,base_link,BODY,False,False,False,body_contacts.jsonl,
12764,106.36666666666666,base_link,BODY,False,False,False,body_contacts.jsonl,
12765,106.375,base_link,BODY,False,False,False,body_contacts.jsonl,
12766,106.38333333333333,base_link,BODY,False,False,False,body_contacts.jsonl,
12767,106.39166666666667,base_link,BODY,False,False,False,body_contacts.jsonl,
12768,106.39999999999999,base_link,BODY,False,False,False,body_contacts.jsonl,
12769,106.40833333333333,base_link,BODY,False,False,False,body_contacts.jsonl,
12770,106.41666666666667,base_link,BODY,False,False,False,body_contacts.jsonl,
12771,106.425,base_link,BODY,False,False,False,body_contacts.jsonl,
12772,106.43333333333334,base_link,BODY,False,False,False,body_contacts.jsonl,
12773,106.44166666666666,base_link,BODY,False,False,False,body_contacts.jsonl,
12774,106.45,base_link,BODY,False,False,False,body_contacts.jsonl,
12775,106.45833333333333,base_link,BODY,False,False,False,body_contacts.jsonl,
12776,106.46666666666667,base_link,BODY,False,False,False,body_contacts.jsonl,
12777,106.475,base_link,BODY,False,False,False,body_contacts.jsonl,
12778,106.48333333333333,base_link,BODY,False,False,False,body_contacts.jsonl,
12779,106.49166666666666,base_link,BODY,False,False,False,body_contacts.jsonl,
12780,106.5,base_link,BODY,False,False,False,body_contacts.jsonl,
12781,106.50833333333333,base_link,BODY,False,False,False,body_contacts.jsonl,
12782,106.51666666666667,base_link,BODY,False,False,False,body_contacts.jsonl,
12783,106.52499999999999,base_link,BODY,False,False,False,body_contacts.jsonl,
12784,106.53333333333333,base_link,BODY,False,False,False,body_contacts.jsonl,
12785,106.54166666666667,base_link,BODY,False,False,False,body_contacts.jsonl,
12786,106.55,base_link,BODY,False,False,False,body_contacts.jsonl,
12787,106.55833333333334,base_link,BODY,False,False,False,body_contacts.jsonl,
12788,106.56666666666666,base_link,BODY,False,False,False,body_contacts.jsonl,
12789,106.575,base_link,BODY,False,False,False,body_contacts.jsonl,
12790,106.58333333333333,base_link,BODY,False,False,False,body_contacts.jsonl,
12791,106.59166666666667,base_link,BODY,False,False,False,body_contacts.jsonl,
12792,106.6,base_link,BODY,False,False,False,body_contacts.jsonl,
12793,106.60833333333333,base_link,BODY,False,False,False,body_contacts.jsonl,
12794,106.61666666666666,base_link,BODY,False,False,False,body_contacts.jsonl,
12795,106.625,base_link,BODY,False,False,False,body_contacts.jsonl,
12796,106.63333333333333,base_link,BODY,False,False,False,body_contacts.jsonl,
12797,106.64166666666667,base_link,BODY,False,False,False,body_contacts.jsonl,
12798,106.64999999999999,base_link,BODY,False,False,False,body_contacts.jsonl,
12799,106.65833333333333,base_link,BODY,False,False,False,body_contacts.jsonl,
12800,106.66666666666667,base_link,BODY,False,False,False,body_contacts.jsonl,
12801,106.675,base_link,BODY,False,False,False,body_contacts.jsonl,
12802,106.68333333333334,base_link,BODY,False,False,False,body_contacts.jsonl,
12803,106.69166666666666,base_link,BODY,False,False,False,body_contacts.jsonl,
12804,106.7,base_link,BODY,False,False,False,body_contacts.jsonl,
12805,106.70833333333333,base_link,BODY,False,False,False,body_contacts.jsonl,
12806,106.71666666666667,base_link,BODY,False,False,False,body_contacts.jsonl,
12807,106.725,base_link,BODY,False,False,False,body_contacts.jsonl,
12808,106.73333333333333,base_link,BODY,False,False,False,body_contacts.jsonl,
12809,106.74166666666666,base_link,BODY,False,False,False,body_contacts.jsonl,
12810,106.75,base_link,BODY,False,False,False,body_contacts.jsonl,
12811,106.75833333333333,base_link,BODY,False,False,False,body_contacts.jsonl,
12812,106.76666666666667,base_link,BODY,False,False,False,body_contacts.jsonl,
12813,106.77499999999999,base_link,BODY,False,False,False,body_contacts.jsonl,
12814,106.78333333333333,base_link,BODY,False,False,False,body_contacts.jsonl,
12815,106.79166666666667,base_link,BODY,False,False,False,body_contacts.jsonl,
12816,106.8,base_link,BODY,False,False,False,body_contacts.jsonl,
12817,106.80833333333334,base_link,BODY,False,False,False,body_contacts.jsonl,
12818,106.81666666666666,base_link,BODY,False,False,False,body_contacts.jsonl,
12819,106.825,base_link,BODY,False,False,False,body_contacts.jsonl,
12820,106.83333333333333,base_link,BODY,False,False,False,body_contacts.jsonl,
12821,106.84166666666667,base_link,BODY,False,False,False,body_contacts.jsonl,
12822,106.85,base_link,BODY,False,False,False,body_contacts.jsonl,
12823,106.85833333333333,base_link,BODY,False,False,False,body_contacts.jsonl,
12824,106.86666666666666,base_link,BODY,False,False,False,body_contacts.jsonl,
12825,106.875,base_link,BODY,False,False,False,body_contacts.jsonl,
12826,106.88333333333333,base_link,BODY,False,False,False,body_contacts.jsonl,
12827,106.89166666666667,base_link,BODY,False,False,False,body_contacts.jsonl,
12828,106.89999999999999,base_link,BODY,False,False,False,body_contacts.jsonl,
12829,106.90833333333333,base_link,BODY,False,False,False,body_contacts.jsonl,
12830,106.91666666666667,base_link,BODY,False,False,False,body_contacts.jsonl,
12831,106.925,base_link,BODY,False,False,False,body_contacts.jsonl,
12832,106.93333333333334,base_link,BODY,False,False,False,body_contacts.jsonl,
12833,106.94166666666666,base_link,BODY,False,False,False,body_contacts.jsonl,
12834,106.95,base_link,BODY,False,False,False,body_contacts.jsonl,
12835,106.95833333333333,base_link,BODY,False,False,False,body_contacts.jsonl,
12836,106.96666666666667,base_link,BODY,False,False,False,body_contacts.jsonl,
12837,106.975,base_link,BODY,False,False,False,body_contacts.jsonl,
12838,106.98333333333333,base_link,BODY,False,False,False,body_contacts.jsonl,
12839,106.99166666666666,base_link,BODY,False,False,False,body_contacts.jsonl,
12840,107.0,base_link,BODY,False,False,False,body_contacts.jsonl,
12841,107.00833333333333,base_link,BODY,False,False,False,body_contacts.jsonl,
12842,107.01666666666667,base_link,BODY,False,False,False,body_contacts.jsonl,
12843,107.02499999999999,base_link,BODY,False,False,False,body_contacts.jsonl,
12844,107.03333333333333,base_link,BODY,False,False,False,body_contacts.jsonl,
12845,107.04166666666667,base_link,BODY,False,False,False,body_contacts.jsonl,
12846,107.05,base_link,BODY,False,False,False,body_contacts.jsonl,
12847,107.05833333333334,base_link,BODY,False,False,False,body_contacts.jsonl,
12848,107.06666666666666,base_link,BODY,False,False,False,body_contacts.jsonl,
12849,107.075,base_link,BODY,False,False,False,body_contacts.jsonl,
12850,107.08333333333333,base_link,BODY,False,False,False,body_contacts.jsonl,
12851,107.09166666666667,base_link,BODY,False,False,False,body_contacts.jsonl,
12852,107.1,base_link,BODY,False,False,False,body_contacts.jsonl,
12853,107.10833333333333,base_link,BODY,False,False,False,body_contacts.jsonl,
12854,107.11666666666666,base_link,BODY,False,False,False,body_contacts.jsonl,
12855,107.125,base_link,BODY,False,False,False,body_contacts.jsonl,
12856,107.13333333333333,base_link,BODY,False,False,False,body_contacts.jsonl,
12857,107.14166666666667,base_link,BODY,False,False,False,body_contacts.jsonl,
12858,107.14999999999999,base_link,BODY,False,False,False,body_contacts.jsonl,
12859,107.15833333333333,base_link,BODY,False,False,False,body_contacts.jsonl,
12860,107.16666666666667,base_link,BODY,False,False,False,body_contacts.jsonl,
12861,107.175,base_link,BODY,False,False,False,body_contacts.jsonl,
12862,107.18333333333334,base_link,BODY,False,False,False,body_contacts.jsonl,
12863,107.19166666666666,base_link,BODY,False,False,False,body_contacts.jsonl,
12864,107.2,base_link,BODY,False,False,False,body_contacts.jsonl,
12865,107.20833333333333,base_link,BODY,False,False,False,body_contacts.jsonl,
12866,107.21666666666667,base_link,BODY,False,False,False,body_contacts.jsonl,
12867,107.225,base_link,BODY,False,False,False,body_contacts.jsonl,
12868,107.23333333333333,base_link,BODY,False,False,False,body_contacts.jsonl,
12869,107.24166666666666,base_link,BODY,False,False,False,body_contacts.jsonl,
12870,107.25,base_link,BODY,False,False,False,body_contacts.jsonl,
12871,107.25833333333333,base_link,BODY,False,False,False,body_contacts.jsonl,
12872,107.26666666666667,base_link,BODY,False,False,False,body_contacts.jsonl,
12873,107.27499999999999,base_link,BODY,False,False,False,body_contacts.jsonl,
12874,107.28333333333333,base_link,BODY,False,False,False,body_contacts.jsonl,
12875,107.29166666666667,base_link,BODY,False,False,False,body_contacts.jsonl,
12876,107.3,base_link,BODY,False,False,False,body_contacts.jsonl,
12877,107.30833333333334,base_link,BODY,False,False,False,body_contacts.jsonl,
12878,107.31666666666666,base_link,BODY,False,False,False,body_contacts.jsonl,
12879,107.325,base_link,BODY,False,False,False,body_contacts.jsonl,
12880,107.33333333333333,base_link,BODY,False,False,False,body_contacts.jsonl,
12881,107.34166666666667,base_link,BODY,False,False,False,body_contacts.jsonl,
12882,107.35,base_link,BODY,False,False,False,body_contacts.jsonl,
12883,107.35833333333333,base_link,BODY,False,False,False,body_contacts.jsonl,
12884,107.36666666666666,base_link,BODY,False,False,False,body_contacts.jsonl,
12885,107.375,base_link,BODY,False,False,False,body_contacts.jsonl,
12886,107.38333333333333,base_link,BODY,False,False,False,body_contacts.jsonl,
12887,107.39166666666667,base_link,BODY,False,False,False,body_contacts.jsonl,
12888,107.39999999999999,base_link,BODY,False,False,False,body_contacts.jsonl,
12889,107.40833333333333,base_link,BODY,False,False,False,body_contacts.jsonl,
12890,107.41666666666667,base_link,BODY,False,False,False,body_contacts.jsonl,
12891,107.425,base_link,BODY,False,False,False,body_contacts.jsonl,
12892,107.43333333333334,base_link,BODY,False,False,False,body_contacts.jsonl,
12893,107.44166666666666,base_link,BODY,False,False,False,body_contacts.jsonl,
12894,107.45,base_link,BODY,False,False,False,body_contacts.jsonl,
12895,107.45833333333333,base_link,BODY,False,False,False,body_contacts.jsonl,
12896,107.46666666666667,base_link,BODY,False,False,False,body_contacts.jsonl,
12897,107.475,base_link,BODY,False,False,False,body_contacts.jsonl,
12898,107.48333333333333,base_link,BODY,False,False,False,body_contacts.jsonl,
12899,107.49166666666666,base_link,BODY,False,False,False,body_contacts.jsonl,
12900,107.5,base_link,BODY,False,False,False,body_contacts.jsonl,
12901,107.50833333333333,base_link,BODY,False,False,False,body_contacts.jsonl,
12902,107.51666666666667,base_link,BODY,False,False,False,body_contacts.jsonl,
12903,107.52499999999999,base_link,BODY,False,False,False,body_contacts.jsonl,
12904,107.53333333333333,base_link,BODY,False,False,False,body_contacts.jsonl,
12905,107.54166666666667,base_link,BODY,False,False,False,body_contacts.jsonl,
12906,107.55,base_link,BODY,False,False,False,body_contacts.jsonl,
12907,107.55833333333334,base_link,BODY,False,False,False,body_contacts.jsonl,
12908,107.56666666666666,base_link,BODY,False,False,False,body_contacts.jsonl,
12909,107.575,base_link,BODY,False,False,False,body_contacts.jsonl,
12910,107.58333333333333,base_link,BODY,False,False,False,body_contacts.jsonl,
12911,107.59166666666667,base_link,BODY,False,False,False,body_contacts.jsonl,
12912,107.6,base_link,BODY,False,False,False,body_contacts.jsonl,
12913,107.60833333333333,base_link,BODY,False,False,False,body_contacts.jsonl,
12914,107.61666666666666,base_link,BODY,False,False,False,body_contacts.jsonl,
12915,107.625,base_link,BODY,False,False,False,body_contacts.jsonl,
12916,107.63333333333333,base_link,BODY,False,False,False,body_contacts.jsonl,
12917,107.64166666666667,base_link,BODY,False,False,False,body_contacts.jsonl,
12918,107.64999999999999,base_link,BODY,False,False,False,body_contacts.jsonl,
12919,107.65833333333333,base_link,BODY,False,False,False,body_contacts.jsonl,
12920,107.66666666666667,base_link,BODY,False,False,False,body_contacts.jsonl,
12921,107.675,base_link,BODY,False,False,False,body_contacts.jsonl,
12922,107.68333333333334,base_link,BODY,False,False,False,body_contacts.jsonl,
12923,107.69166666666666,base_link,BODY,False,False,False,body_contacts.jsonl,
12924,107.7,base_link,BODY,False,False,False,body_contacts.jsonl,
12925,107.70833333333333,base_link,BODY,False,False,False,body_contacts.jsonl,
12926,107.71666666666667,base_link,BODY,False,False,False,body_contacts.jsonl,
12927,107.725,base_link,BODY,False,False,False,body_contacts.jsonl,
12928,107.73333333333333,base_link,BODY,False,False,False,body_contacts.jsonl,
12929,107.74166666666666,base_link,BODY,False,False,False,body_contacts.jsonl,
12930,107.75,base_link,BODY,False,False,False,body_contacts.jsonl,
12931,107.75833333333333,base_link,BODY,False,False,False,body_contacts.jsonl,
12932,107.76666666666667,base_link,BODY,False,False,False,body_contacts.jsonl,
12933,107.77499999999999,base_link,BODY,False,False,False,body_contacts.jsonl,
12934,107.78333333333333,base_link,BODY,False,False,False,body_contacts.jsonl,
12935,107.79166666666667,base_link,BODY,False,False,False,body_contacts.jsonl,
12936,107.8,base_link,BODY,False,False,False,body_contacts.jsonl,
12937,107.80833333333334,base_link,BODY,False,False,False,body_contacts.jsonl,
12938,107.81666666666666,base_link,BODY,False,False,False,body_contacts.jsonl,
12939,107.825,base_link,BODY,False,False,False,body_contacts.jsonl,
12940,107.83333333333333,base_link,BODY,False,False,False,body_contacts.jsonl,
12941,107.84166666666667,base_link,BODY,False,False,False,body_contacts.jsonl,
12942,107.85,base_link,BODY,False,False,False,body_contacts.jsonl,
12943,107.85833333333333,base_link,BODY,False,False,False,body_contacts.jsonl,
12944,107.86666666666666,base_link,BODY,False,False,False,body_contacts.jsonl,
12945,107.875,base_link,BODY,False,False,False,body_contacts.jsonl,
12946,107.88333333333333,base_link,BODY,False,False,False,body_contacts.jsonl,
12947,107.89166666666667,base_link,BODY,False,False,False,body_contacts.jsonl,
12948,107.89999999999999,base_link,BODY,False,False,False,body_contacts.jsonl,
12949,107.90833333333333,base_link,BODY,False,False,False,body_contacts.jsonl,
12950,107.91666666666667,base_link,BODY,False,False,False,body_contacts.jsonl,
12951,107.925,base_link,BODY,False,False,False,body_contacts.jsonl,
12952,107.93333333333334,base_link,BODY,False,False,False,body_contacts.jsonl,
12953,107.94166666666666,base_link,BODY,False,False,False,body_contacts.jsonl,
12954,107.95,base_link,BODY,False,False,False,body_contacts.jsonl,
12955,107.95833333333333,base_link,BODY,False,False,False,body_contacts.jsonl,
12956,107.96666666666667,base_link,BODY,False,False,False,body_contacts.jsonl,
12957,107.975,base_link,BODY,False,False,False,body_contacts.jsonl,
12958,107.98333333333333,base_link,BODY,False,False,False,body_contacts.jsonl,
12959,107.99166666666666,base_link,BODY,False,False,False,body_contacts.jsonl,
12960,108.0,base_link,BODY,False,False,False,body_contacts.jsonl,
12961,108.00833333333333,base_link,BODY,False,False,False,body_contacts.jsonl,
12962,108.01666666666667,base_link,BODY,False,False,False,body_contacts.jsonl,
12963,108.02499999999999,base_link,BODY,False,False,False,body_contacts.jsonl,
12964,108.03333333333333,base_link,BODY,False,False,False,body_contacts.jsonl,
12965,108.04166666666667,base_link,BODY,False,False,False,body_contacts.jsonl,
12966,108.05,base_link,BODY,False,False,False,body_contacts.jsonl,
12967,108.05833333333334,base_link,BODY,False,False,False,body_contacts.jsonl,
12968,108.06666666666666,base_link,BODY,False,False,False,body_contacts.jsonl,
12969,108.075,base_link,BODY,False,False,False,body_contacts.jsonl,
12970,108.08333333333333,base_link,BODY,False,False,False,body_contacts.jsonl,
12971,108.09166666666667,base_link,BODY,False,False,False,body_contacts.jsonl,
12972,108.1,base_link,BODY,False,False,False,body_contacts.jsonl,
12973,108.10833333333333,base_link,BODY,False,False,False,body_contacts.jsonl,
12974,108.11666666666666,base_link,BODY,False,False,False,body_contacts.jsonl,
12975,108.125,base_link,BODY,False,False,False,body_contacts.jsonl,
12976,108.13333333333333,base_link,BODY,False,False,False,body_contacts.jsonl,
